"rid","fromnode","tonode"
1,1,2
2,3,4
3,5,6
4,6,7
5,8,5
6,9,8
7,10,9
8,11,10
9,12,11
10,13,14
11,15,12
12,14,16
13,16,15
14,17,13
15,18,17
16,19,18
17,20,19
18,21,20
19,22,21
20,23,24
21,25,26
22,27,22
23,24,27
24,26,23
25,28,5
26,29,28
27,30,29
28,31,32
29,32,30
30,33,34
31,35,31
32,34,35
33,36,33
34,37,36
35,38,37
36,39,40
37,41,39
38,42,41
39,43,42
40,44,43
41,45,44
42,46,47
43,47,45
44,48,46
45,49,48
46,50,51
47,51,52
48,52,49
49,53,50
50,54,55
51,55,53
52,56,54
53,57,56
54,58,57
55,7,59
56,59,60
57,60,58
58,61,7
59,62,61
60,63,62
61,64,63
62,65,64
63,66,65
64,67,66
65,68,67
66,69,68
67,70,69
68,71,72
69,73,70
70,72,73
71,74,71
72,75,74
73,76,75
74,77,76
75,78,77
76,79,78
77,80,79
78,81,80
79,82,83
80,84,85
81,85,82
82,86,84
83,87,88
84,88,86
85,89,87
86,90,89
87,91,90
88,92,91
89,93,92
90,94,82
91,95,94
92,96,97
93,98,96
94,97,95
95,99,98
96,100,101
97,101,102
98,102,99
99,103,104
100,105,103
101,106,105
102,107,108
103,109,106
104,108,109
105,110,111
106,112,113
107,114,112
108,115,114
109,116,115
110,117,116
111,118,117
112,119,118
113,120,119
114,121,120
115,122,121
116,123,122
117,124,123
118,125,124
119,126,125
120,127,126
121,128,127
122,129,128
123,130,129
124,131,130
125,132,131
126,133,132
127,134,133
128,135,134
129,136,135
130,137,136
131,138,137
132,139,138
133,140,139
134,141,140
135,142,141
136,143,142
137,144,145
138,146,144
139,147,146
140,148,146
141,149,148
142,150,149
143,151,150
144,152,151
145,153,152
146,154,153
147,155,154
148,156,155
149,157,156
150,158,152
151,159,158
152,160,159
153,161,160
154,162,161
155,163,162
156,164,163
157,165,164
158,166,165
159,167,168
160,169,170
161,171,166
162,168,169
163,170,172
164,172,171
165,173,124
166,174,173
167,175,174
168,176,175
169,177,176
170,178,177
171,179,178
172,180,179
173,181,180
174,182,181
175,183,182
176,184,185
177,185,186
178,186,183
179,187,188
180,189,187
181,190,189
182,191,190
183,192,191
184,193,192
185,194,195
186,196,194
187,197,196
188,198,197
189,199,198
190,200,199
191,201,200
192,202,201
193,203,202
194,204,205
195,205,106
196,206,204
197,207,206
198,208,207
199,209,208
200,210,209
201,211,210
202,212,211
203,213,214
204,214,103
205,215,213
206,216,215
207,217,216
208,218,217
209,219,218
210,220,219
211,221,220
212,222,221
213,223,222
214,224,223
215,225,224
216,226,225
217,227,226
218,228,227
219,229,228
220,230,229
221,231,232
222,233,218
223,234,233
224,235,234
225,236,235
226,237,236
227,238,239
228,239,74
229,240,238
230,241,240
231,242,241
232,243,242
233,244,243
234,245,244
235,246,245
236,247,246
237,248,247
238,249,248
239,250,249
240,251,252
241,252,253
242,253,72
243,254,164
244,255,254
245,256,257
246,257,70
247,258,256
248,259,31
249,260,259
250,261,28
251,262,223
252,263,264
253,265,266
254,267,265
255,268,267
256,269,268
257,270,269
258,271,270
259,272,271
260,273,160
261,274,273
262,275,274
263,276,275
264,277,278
265,278,63
266,279,277
267,280,279
268,281,280
269,282,281
270,283,12
271,284,283
272,285,284
273,286,285
274,287,286
275,288,287
276,289,161
277,290,13
278,291,290
279,292,293
280,294,292
281,295,294
282,296,295
283,297,219
284,298,297
285,299,298
286,300,299
287,301,20
288,302,301
289,303,304
290,305,68
291,304,305
292,306,303
293,307,306
294,308,307
295,309,116
296,310,309
297,311,312
298,312,313
299,313,314
300,315,311
301,316,315
302,317,316
303,318,317
304,319,318
305,320,209
306,321,158
307,322,321
308,323,216
309,324,325
310,325,45
311,326,324
312,327,326
313,328,327
314,329,330
315,331,329
316,332,331
317,333,332
318,334,333
319,335,334
320,336,335
321,337,199
322,338,337
323,339,340
324,341,166
325,342,343
326,343,95
327,344,342
328,345,344
329,346,345
330,347,346
331,348,349
332,350,348
333,351,352
334,352,57
335,353,351
336,354,353
337,355,354
338,356,357
339,357,358
340,358,61
341,359,356
342,360,359
343,361,360
344,362,240
345,363,364
346,365,363
347,366,365
348,367,366
349,368,367
350,369,368
351,370,369
352,371,370
353,372,373
354,373,65
355,374,372
356,375,374
357,376,375
358,377,376
359,378,377
360,379,378
361,380,379
362,381,382
363,382,54
364,383,381
365,384,383
366,385,384
367,386,385
368,387,386
369,388,387
370,389,390
371,391,389
372,392,391
373,393,394
374,394,43
375,395,393
376,396,395
377,397,396
378,398,399
379,399,400
380,401,397
381,400,401
382,402,398
383,403,402
384,404,405
385,406,407
386,408,409
387,410,411
388,412,413
389,413,41
390,414,412
391,415,414
392,416,412
393,417,395
394,418,417
395,419,397
396,420,419
397,421,420
398,422,421
399,423,398
400,424,423
401,425,396
402,426,425
403,427,426
404,428,427
405,429,428
406,430,429
407,431,427
408,432,431
409,433,426
410,434,425
411,435,434
412,436,393
413,437,436
414,438,437
415,439,436
416,440,441
417,441,44
418,442,443
419,444,47
420,443,444
421,445,446
422,446,46
423,447,445
424,448,447
425,449,445
426,450,451
427,451,48
428,452,450
429,453,452
430,454,450
431,455,454
432,456,452
433,457,458
434,458,52
435,459,460
436,460,55
437,461,383
438,462,384
439,463,464
440,464,462
441,465,463
442,466,465
443,467,385
444,468,386
445,469,468
446,470,469
447,471,470
448,472,387
449,473,472
450,474,472
451,475,476
452,477,475
453,478,475
454,479,391
455,480,389
456,481,480
457,482,381
458,483,482
459,484,483
460,485,484
461,486,485
462,487,486
463,488,487
464,489,488
465,490,489
466,491,490
467,492,482
468,493,483
469,494,484
470,495,494
471,496,494
472,497,496
473,498,486
474,499,487
475,500,499
476,501,488
477,502,501
478,503,502
479,504,505
480,506,489
481,505,506
482,507,490
483,508,485
484,509,351
485,510,353
486,511,510
487,512,354
488,513,514
489,514,58
490,515,59
491,516,515
492,517,359
493,518,517
494,519,360
495,520,519
496,521,356
497,522,521
498,523,524
499,524,62
500,525,526
501,527,64
502,526,527
503,528,525
504,529,528
505,530,525
506,531,528
507,532,374
508,533,375
509,534,376
510,535,534
511,536,535
512,537,534
513,538,537
514,539,535
515,540,377
516,541,540
517,542,541
518,543,544
519,545,542
520,544,545
521,546,543
522,547,546
523,548,547
524,549,540
525,550,549
526,551,379
527,552,551
528,553,552
529,554,551
530,555,556
531,557,555
532,558,559
533,560,378
534,561,560
535,562,372
536,563,562
537,564,565
538,566,564
539,565,69
540,567,568
541,568,73
542,569,570
543,571,569
544,572,367
545,573,572
546,574,575
547,576,366
548,575,576
549,577,578
550,579,577
551,580,579
552,581,580
553,582,581
554,583,584
555,584,582
556,585,586
557,587,585
558,588,243
559,589,588
560,590,589
561,591,588
562,592,591
563,593,244
564,594,593
565,595,246
566,596,595
567,597,596
568,598,597
569,599,598
570,600,599
571,601,595
572,602,601
573,603,598
574,604,247
575,605,604
576,606,248
577,607,606
578,608,607
579,609,608
580,610,245
581,611,610
582,612,611
583,613,610
584,614,242
585,615,614
586,616,241
587,617,618
588,618,616
589,619,617
590,620,619
591,621,620
592,622,621
593,623,622
594,624,625
595,626,623
596,625,626
597,627,624
598,628,238
599,629,628
600,630,629
601,631,630
602,632,629
603,633,632
604,634,628
605,635,634
606,636,637
607,637,75
608,638,636
609,639,638
610,640,641
611,642,643
612,641,642
613,643,639
614,644,640
615,645,646
616,646,77
617,647,645
618,648,647
619,649,648
620,650,651
621,651,79
622,652,650
623,653,652
624,654,653
625,655,656
626,656,83
627,657,655
628,658,657
629,659,658
630,660,659
631,661,660
632,662,661
633,663,662
634,664,655
635,665,664
636,666,665
637,667,666
638,668,657
639,669,668
640,670,658
641,671,670
642,672,671
643,673,672
644,674,672
645,675,660
646,676,675
647,677,661
648,678,677
649,679,678
650,680,679
651,681,678
652,682,681
653,683,677
654,684,683
655,685,659
656,686,685
657,687,688
658,688,94
659,689,687
660,690,687
661,691,690
662,692,342
663,693,692
664,694,693
665,695,694
666,696,345
667,697,696
668,698,348
669,699,347
670,700,699
671,701,349
672,702,701
673,703,346
674,704,703
675,705,344
676,706,707
677,707,98
678,708,706
679,709,708
680,710,709
681,711,317
682,712,318
683,713,714
684,715,713
685,716,316
686,717,311
687,718,719
688,719,720
689,721,718
690,722,213
691,723,215
692,724,224
693,725,724
694,726,724
695,727,225
696,728,729
697,730,728
698,731,728
699,732,229
700,733,228
701,734,733
702,735,733
703,736,227
704,737,226
705,738,739
706,740,222
707,739,740
708,741,221
709,742,741
710,743,742
711,744,220
712,745,299
713,746,298
714,747,297
715,748,234
716,749,748
717,750,235
718,751,750
719,752,751
720,753,752
721,754,753
722,755,754
723,756,236
724,757,756
725,758,233
726,759,217
727,760,761
728,761,105
729,762,760
730,763,760
731,764,763
732,765,764
733,766,763
734,767,766
735,768,767
736,769,767
737,770,766
738,771,210
739,772,208
740,773,207
741,774,206
742,775,204
743,776,775
744,777,776
745,778,777
746,779,778
747,780,776
748,781,778
749,782,777
750,783,775
751,784,785
752,786,784
753,787,784
754,788,789
755,790,791
756,789,790
757,792,788
758,793,788
759,794,196
760,795,200
761,796,202
762,797,201
763,798,337
764,799,198
765,800,197
766,801,194
767,802,294
768,803,292
769,804,805
770,806,807
771,808,804
772,807,808
773,809,267
774,810,265
775,811,812
776,813,814
777,815,813
778,816,815
779,817,818
780,819,817
781,820,817
782,821,112
783,822,823
784,823,824
785,825,128
786,826,135
787,827,137
788,828,827
789,829,827
790,830,142
791,831,830
792,832,831
793,833,154
794,834,833
795,835,156
796,836,155
797,837,153
798,838,163
799,839,165
800,840,839
801,841,162
802,842,841
803,843,841
804,844,273
805,845,846
806,846,159
807,847,151
808,848,148
809,849,850
810,850,848
811,851,849
812,852,849
813,853,848
814,854,855
815,855,853
816,856,857
817,857,144
818,858,145
819,859,860
820,860,138
821,861,136
822,862,861
823,863,861
824,824,125
825,864,175
826,865,178
827,866,180
828,867,182
829,868,181
830,869,179
831,870,869
832,871,869
833,872,177
834,873,176
835,874,174
836,875,173
837,876,190
838,877,191
839,878,877
840,879,878
841,880,878
842,881,877
843,882,192
844,883,189
845,884,883
846,885,883
847,886,187
848,887,886
849,888,886
850,188,122
851,889,309
852,890,115
853,891,114
854,892,893
855,894,892
856,895,894
857,896,897
858,898,895
859,897,898
860,899,895
861,900,901
862,901,899
863,902,894
864,903,892
865,904,905
866,906,904
867,907,906
868,908,907
869,909,904
870,910,906
871,911,912
872,913,914
873,915,911
874,914,915
875,916,917
876,917,918
877,918,104
878,919,920
879,921,916
880,920,921
881,922,916
882,923,924
883,925,923
884,924,926
885,926,927
886,928,929
887,929,930
888,930,100
889,931,928
890,932,928
891,933,934
892,935,933
893,936,937
894,937,938
895,938,102
896,939,940
897,941,939
898,940,99
899,942,84
900,943,90
901,944,91
902,945,944
903,946,89
904,947,87
905,948,947
906,949,948
907,950,86
908,951,952
909,952,80
910,953,951
911,954,951
912,955,956
913,956,78
914,957,955
915,958,959
916,959,76
917,960,961
918,962,960
919,961,71
920,963,964
921,964,962
922,965,963
923,966,967
924,968,966
925,967,962
926,969,256
927,970,969
928,971,67
929,972,973
930,973,971
931,974,972
932,975,972
933,976,975
934,977,978
935,979,66
936,978,979
937,980,977
938,981,980
939,982,981
940,983,982
941,984,983
942,985,984
943,986,983
944,987,986
945,988,982
946,989,988
947,990,981
948,991,980
949,992,991
950,993,992
951,994,993
952,995,992
953,996,991
954,997,977
955,998,999
956,999,281
957,1000,280
958,1001,1000
959,1002,279
960,1003,1002
961,1004,277
962,1005,1004
963,1006,288
964,1007,1006
965,1008,287
966,1009,1008
967,1010,19
968,1011,1012
969,1013,1014
970,1015,1016
971,1016,22
972,1017,301
973,1018,1017
974,1019,290
975,1020,1019
976,1021,11
977,1022,9
978,1023,1022
979,1024,8
980,1025,1024
981,1026,36
982,1027,33
983,1028,1027
984,1029,1028
985,1030,1027
986,1031,1030
987,1032,30
988,1033,1032
989,1034,29
990,1035,1036
991,1036,60
992,1037,1038
993,1038,1039
994,1039,56
995,1040,1037
996,1041,1040
997,1042,1043
998,1043,1041
999,1044,1042
1000,1045,1044
1001,1046,1040
1002,1047,1037
1003,1048,1049
1004,1049,53
1005,1050,1051
1006,1051,50
1007,1052,1050
1008,1053,1050
1009,1054,1055
1010,1055,51
1011,1056,1057
1012,1057,49
1013,1058,1056
1014,1059,1056
1015,1060,1059
1016,1061,324
1017,1062,1063
1018,1063,1061
1019,1064,1062
1020,1065,1064
1021,1066,1065
1022,1067,1066
1023,1068,1067
1024,1069,1066
1025,1070,1069
1026,1071,1072
1027,1072,326
1028,1073,1071
1029,1074,1073
1030,1075,1076
1031,1077,1074
1032,1076,1078
1033,1078,1077
1034,1079,1075
1035,1080,1079
1036,1081,1075
1037,1082,1081
1038,1083,1084
1039,1084,1074
1040,1085,330
1041,1086,1087
1042,1087,1088
1043,1088,1085
1044,1089,1086
1045,1090,1089
1046,1091,1090
1047,1092,333
1048,1093,1092
1049,1094,1093
1050,1095,334
1051,1096,1095
1052,1097,332
1053,1098,1097
1054,1099,1098
1055,1100,1097
1056,1101,1100
1057,1102,331
1058,1103,1102
1059,1104,1103
1060,1105,1102
1061,1106,1105
1062,1107,1108
1063,1108,329
1064,1109,1107
1065,1110,1111
1066,1111,1112
1067,1112,42
1068,1113,1114
1069,1115,40
1070,1114,1115
1071,1116,1113
1072,1117,1116
1073,1118,1113
1074,1119,1118
1075,1120,1121
1076,1121,1122
1077,1123,1120
1078,1124,1125
1079,1125,315
1080,1126,1124
1081,1127,1126
1082,1128,1127
1083,1129,1130
1084,1131,1132
1085,1133,1134
1086,1135,1133
1087,1136,1135
1088,1137,1136
1089,1138,1137
1090,1139,1133
1091,1140,1094
1092,1141,1094
1093,83,81
1094,1132,1134
1095,1134,1142
1096,1130,1132
1097,1143,463
1098,405,853
1099,1144,720
1100,1145,1146
1101,1146,1147
1102,1148,1149
1103,1149,927
1104,927,314
1105,40,1150
1106,1150,1122
1107,714,712
1108,314,100
1109,1147,1148
1110,720,1145
1111,104,1144
1112,145,1151
1113,1152,143
1114,1153,1152
1115,1151,1154
1116,1154,1153
1117,1155,405
1118,1156,1157
1119,1158,1143
1120,1159,1160
1121,1161,143
1122,1122,1162
1123,1142,1163
1124,1164,1165
1125,1166,1164
1126,330,411
1127,1167,328
1128,1165,1167
1129,1168,1166
1130,411,1168
1131,409,410
1132,407,408
1133,293,1169
1134,1170,1171
1135,1172,1170
1136,1157,1170
1137,1173,1174
1138,1175,1173
1139,814,1173
1140,1176,1175
1141,905,1175
1142,264,1174
1143,805,1172
1144,818,1176
1145,111,1176
1146,785,1177
1147,1178,1177
1148,791,1178
1149,1169,1178
1150,195,1169
1151,1179,107
1152,340,1179
1153,1180,1179
1154,1171,1180
1155,912,1180
1156,1177,1171
1157,1174,1172
1158,113,1181
1159,1181,110
1160,893,1181
1161,1182,230
1162,232,1182
1163,729,1182
1164,1183,263
1165,812,1183
1166,266,1183
1167,570,1184
1168,364,1184
1169,1184,362
1170,1185,388
1171,476,1185
1172,390,1185
1173,559,1186
1174,556,1186
1175,1186,380
1176,1187,574
1177,578,1187
1178,586,1187
1179,1188,932
1180,934,1188
1181,1160,1188
1182,1012,1189
1183,1189,1010
1184,1014,1189
1185,1163,401
1186,1190,1191
1187,1192,1193
1188,1194,1192
1189,1193,1190
1190,1195,1194
1191,1196,1197
1192,1197,1198
1193,1198,1199
1194,1200,1201
1195,1201,1202
1196,1202,1196
1197,1203,1204
1198,1204,1205
1199,1206,1203
1200,1207,1208
1201,1209,1207
1202,1210,1211
1203,1211,1212
1204,1212,1209
1205,1213,1210
1206,1214,1213
1207,1215,1214
1208,1216,1215
1209,1217,1216
1210,1218,1217
1211,1219,1218
1212,1220,1219
1213,1221,1220
1214,1222,1221
1215,1223,1222
1216,1224,1223
1217,1225,1224
1218,1226,1225
1219,1227,1226
1220,1228,1227
1221,1229,1228
1222,1230,1231
1223,1231,1229
1224,1232,1230
1225,1233,1220
1226,1234,1233
1227,1235,1234
1228,1236,1235
1229,1237,1236
1230,1238,1237
1231,1239,1238
1232,1240,1239
1233,1241,1213
1234,1242,1241
1235,1243,1244
1236,1244,1242
1237,1245,1246
1238,1246,1247
1239,1248,1245
1240,1249,1248
1241,1250,1249
1242,1251,1250
1243,1252,1251
1244,1253,1252
1245,1254,1253
1246,1255,1254
1247,1256,1255
1248,1257,1256
1249,1258,1257
1250,1259,1258
1251,1260,1259
1252,1261,1260
1253,1262,1261
1254,1263,1262
1255,1264,1265
1256,1266,1264
1257,1265,1199
1258,1267,1266
1259,1268,1267
1260,1269,1268
1261,1270,1269
1262,1271,1270
1263,1272,1271
1264,1273,1272
1265,1274,1273
1266,1275,1274
1267,1276,1275
1268,1277,1276
1269,1278,1277
1270,1279,1278
1271,1280,1279
1272,1281,1280
1273,1282,1281
1274,1283,1282
1275,1284,1283
1276,1285,1284
1277,1286,1285
1278,1287,1286
1279,1288,1287
1280,1289,1290
1281,1291,1292
1282,1293,1291
1283,1294,1293
1284,1295,1294
1285,1296,1295
1286,1297,1296
1287,1298,1297
1288,1299,1298
1289,1300,1299
1290,1301,1300
1291,1302,1295
1292,1303,1302
1293,1304,1303
1294,1305,1306
1295,1307,1304
1296,1306,1307
1297,1308,1294
1298,1309,1308
1299,1310,1309
1300,1311,1310
1301,1312,1291
1302,1313,1312
1303,1314,1313
1304,1315,1314
1305,1316,1317
1306,1318,1269
1307,1319,1318
1308,1320,1319
1309,1321,1320
1310,1322,1321
1311,1323,1324
1312,1324,1325
1313,1325,1195
1314,1326,1323
1315,1327,1326
1316,1328,1327
1317,1329,1328
1318,1330,1329
1319,1331,1332
1320,1333,1334
1321,1334,1331
1322,1335,1333
1323,1336,1335
1324,1337,1336
1325,1338,1337
1326,1339,1338
1327,1340,1339
1328,1341,1340
1329,1342,1259
1330,1343,1342
1331,1344,1343
1332,1345,1346
1333,1347,1345
1334,1348,1308
1335,1349,1350
1336,1351,1248
1337,1350,1351
1338,1352,1312
1339,1353,1354
1340,1354,1281
1341,1355,1326
1342,1356,1357
1343,1358,1194
1344,1357,1358
1345,1359,1356
1346,1360,1361
1347,1362,1206
1348,1363,1364
1349,1365,1366
1350,1367,1365
1351,1366,1362
1352,1364,1367
1353,1368,1302
1354,1369,1208
1355,1370,1371
1356,1371,1369
1357,1372,1373
1358,1374,1375
1359,1376,1377
1360,1377,1374
1361,1375,1258
1362,1378,1372
1363,1373,1379
1364,1379,1376
1365,1380,1236
1366,1381,1380
1367,1382,1381
1368,1383,1382
1369,1384,1385
1370,1385,1243
1371,1386,1215
1372,1387,1388
1373,1388,1200
1374,1389,1387
1375,1390,1389
1376,1391,1390
1377,1392,1391
1378,1393,1394
1379,1394,1392
1380,1395,1393
1381,1396,1395
1382,1397,1396
1383,1398,1397
1384,1399,1293
1385,1400,1401
1386,1402,1400
1387,1403,1402
1388,1404,1403
1389,1405,1404
1390,1406,1405
1391,1407,1408
1392,1409,1410
1393,1411,1412
1394,1413,1332
1395,1414,1337
1396,1415,1339
1397,1416,1338
1398,1417,1336
1399,1418,1335
1400,1419,1333
1401,1420,1331
1402,1421,1422
1403,1423,1421
1404,1422,1193
1405,1424,1425
1406,1425,1426
1407,1426,1192
1408,1427,1328
1409,1428,1327
1410,1429,1323
1411,1430,1276
1412,1431,1277
1413,1432,1433
1414,1433,1434
1415,1435,1432
1416,1434,1431
1417,1436,1437
1418,1438,1436
1419,1439,1436
1420,1440,1439
1421,1441,1442
1422,1443,1441
1423,1444,1443
1424,1445,1444
1425,1446,1443
1426,1447,1446
1427,1448,1446
1428,1449,1441
1429,1450,1298
1430,1451,1303
1431,1452,1310
1432,1453,1309
1433,1454,1314
1434,1455,1313
1435,1456,1457
1436,1458,1459
1437,1459,1460
1438,1461,1460
1439,1462,1403
1440,1463,1405
1441,1464,1404
1442,1465,1402
1443,1466,1285
1444,1467,1284
1445,1468,1280
1446,1469,1273
1447,1470,1469
1448,1471,1470
1449,1472,1470
1450,1473,1472
1451,1474,1473
1452,1475,1469
1453,1476,1272
1454,1477,1320
1455,1478,1321
1456,1479,1319
1457,1480,1318
1458,1481,1266
1459,1482,1483
1460,1483,1484
1461,1484,1201
1462,1485,1486
1463,1487,1488
1464,1488,1485
1465,1486,1489
1466,1490,1207
1467,1491,1490
1468,1492,1214
1469,1493,1492
1470,1494,1216
1471,1495,1219
1472,1496,1495
1473,1497,1495
1474,1498,1497
1475,1499,1221
1476,1500,1501
1477,1502,1503
1478,1504,1502
1479,1505,1223
1480,1506,1505
1481,1507,1506
1482,1508,1224
1483,1509,1510
1484,1510,1511
1485,1511,1508
1486,1512,1509
1487,1513,1226
1488,1514,1515
1489,1516,1228
1490,1517,1516
1491,1515,1517
1492,1518,1514
1493,1519,1518
1494,1520,1519
1495,1521,1227
1496,1522,1521
1497,1523,1522
1498,1524,1521
1499,1525,1526
1500,1526,1527
1501,1527,1524
1502,1528,1525
1503,1529,1225
1504,1530,1529
1505,1531,1222
1506,1532,1531
1507,1533,1239
1508,1534,1533
1509,1535,1238
1510,1536,1535
1511,1537,1536
1512,1538,1539
1513,1540,1535
1514,1539,1540
1515,1541,1538
1516,1542,1237
1517,1543,1381
1518,1544,1543
1519,1545,1544
1520,1546,1545
1521,1547,1380
1522,1548,1547
1523,1549,1235
1524,1550,1549
1525,1551,1218
1526,1552,1551
1527,1553,1217
1528,1554,1553
1529,1555,1245
1530,1556,1555
1531,1557,1249
1532,1558,1557
1533,1559,1558
1534,1560,1559
1535,1561,1560
1536,1562,1561
1537,1563,1251
1538,1564,1563
1539,1565,1262
1540,1566,1257
1541,1567,1566
1542,1568,1569
1543,1570,1250
1544,1569,1570
1545,1571,1568
1546,1572,1573
1547,1573,1247
1548,1574,1572
1549,1575,1576
1550,1576,1242
1551,1577,1575
1552,1578,1210
1553,1579,1578
1554,1580,1369
1555,1581,1580
1556,1582,1583
1557,1583,1362
1558,1584,1585
1559,1585,1203
1560,1586,1587
1561,1587,1205
1562,1588,1586
1563,1589,1387
1564,1590,1389
1565,1591,1390
1566,1592,1392
1567,1593,1391
1568,1594,1595
1569,1595,1202
1570,1596,1356
1571,1597,1598
1572,1599,1190
1573,1598,1599
1574,1600,1597
1575,1601,1597
1576,1408,1602
1577,1199,1603
1578,1603,1604
1579,1605,1195
1580,1604,1605
1581,1602,1410
1582,1412,1240
1583,1489,1200
1584,1401,1287
1585,1191,81
1586,1205,1489
1587,1606,1206
1588,1208,1606
1589,1332,1607
1590,1607,1191
1591,1460,1401
1592,1608,1412
1593,1410,1240
1594,1609,1610
1595,1610,1611
1596,1611,1603
1597,1612,1606
1598,1613,1612
1599,1614,1243
1600,1247,1614
1601,1615,1409
1602,1616,1411
1603,1617,1618
1604,1619,1340
1605,1618,1620
1606,1620,1619
1607,1292,1621
1608,1457,1622
1609,1622,1288
1610,1623,1622
1611,1361,1624
1612,1625,1623
1613,1624,1623
1614,1626,1624
1615,1627,1626
1616,1346,1627
1617,1621,1627
1618,1442,1626
1619,1437,1625
1620,1317,1625
1621,1290,1621
1622,1503,1628
1623,1501,1628
1624,1628,1499
1625,1629,1630
1626,1630,1162
1627,1631,1632
1628,1632,1633
1629,1633,1629
1630,1634,1635
1631,1635,1631
1632,1636,1637
1633,1638,1634
1634,1639,1640
1635,1637,1641
1636,1642,1638
1637,1643,1636
1638,1640,1643
1639,1641,1642
1640,1644,1639
1641,1645,1646
1642,1647,1648
1643,1646,1647
1644,1648,1644
1645,1649,1645
1646,1650,1649
1647,1651,1650
1648,1652,1653
1649,1654,1652
1650,1653,1655
1651,1656,1657
1652,1658,1656
1653,1659,1658
1654,1660,1659
1655,1661,1660
1656,1662,1663
1657,1664,1661
1658,1663,1665
1659,1666,1662
1660,1665,1664
1661,1667,1668
1662,1669,1670
1663,1670,1666
1664,1668,1671
1665,1671,1669
1666,1672,1667
1667,1673,1672
1668,1674,1673
1669,1675,1674
1670,1676,1675
1671,1677,1676
1672,1678,1677
1673,1679,1678
1674,1680,1679
1675,1681,1680
1676,1682,1681
1677,1683,1684
1678,1685,1683
1679,1686,1685
1680,1687,1686
1681,1688,1687
1682,1689,1688
1683,1690,1689
1684,1691,1677
1685,1692,1691
1686,1693,1692
1687,1694,1693
1688,1695,1694
1689,1696,1695
1690,1697,1696
1691,1698,1699
1692,1700,1698
1693,1701,1700
1694,1702,1701
1695,1703,1702
1696,1704,1703
1697,1705,1704
1698,1706,1705
1699,1707,1706
1700,1708,1709
1701,1710,1711
1702,1711,1666
1703,1712,1710
1704,1709,1712
1705,1713,1708
1706,1714,1713
1707,1715,1714
1708,1716,1717
1709,1718,1719
1710,1717,1718
1711,1720,1716
1712,1721,1720
1713,1722,1721
1714,1723,1722
1715,1724,1723
1716,1725,1724
1717,1726,1725
1718,1727,1728
1719,1729,1727
1720,1728,1726
1721,1730,1729
1722,1731,1730
1723,1732,1731
1724,1733,1732
1725,1734,1661
1726,1735,1734
1727,1736,1737
1728,1738,1736
1729,1739,1738
1730,1740,1739
1731,1741,1740
1732,1742,1741
1733,1743,1742
1734,1744,1743
1735,1745,1744
1736,1746,1745
1737,1747,1746
1738,1748,1747
1739,1749,1748
1740,1750,1749
1741,1751,1680
1742,1752,1751
1743,1753,1752
1744,1754,1753
1745,1755,1754
1746,1756,1651
1747,1757,1756
1748,1758,1757
1749,1759,1758
1750,1760,1761
1751,1761,1762
1752,1762,1759
1753,1763,1760
1754,1764,1765
1755,1766,1763
1756,1765,1766
1757,1767,1738
1758,1768,1767
1759,1769,1768
1760,1770,1771
1761,1772,1769
1762,1773,1770
1763,1771,1772
1764,1774,1773
1765,1775,1774
1766,1776,1676
1767,1777,1776
1768,1778,1777
1769,1779,1778
1770,1780,1779
1771,1781,1780
1772,1782,1781
1773,1783,1782
1774,1784,1783
1775,1785,1784
1776,1786,1721
1777,1787,1786
1778,1788,1789
1779,1789,1787
1780,1790,1684
1781,1791,1790
1782,1792,1791
1783,1793,1675
1784,1794,1793
1785,1795,1794
1786,1796,1700
1787,1797,1796
1788,1798,1797
1789,1799,1798
1790,1800,1799
1791,1801,1800
1792,1802,1686
1793,1803,1723
1794,1804,1740
1795,1805,1806
1796,1807,1805
1797,1806,1804
1798,1808,1722
1799,1809,1808
1800,1810,1809
1801,1811,1695
1802,1812,1811
1803,1813,1812
1804,1814,1813
1805,1815,1816
1806,1817,1815
1807,1818,1817
1808,1819,1639
1809,1820,1821
1810,1821,1822
1811,1822,1819
1812,1823,1820
1813,1824,1823
1814,1825,1742
1815,1826,1825
1816,1827,1826
1817,1828,1827
1818,1829,1656
1819,1830,1831
1820,1831,1829
1821,1832,1830
1822,1833,1834
1823,1834,1835
1824,1836,1837
1825,1835,1836
1826,1838,1839
1827,1840,1838
1828,1841,1842
1829,1843,1841
1830,1842,1844
1831,1845,1846
1832,1847,1848
1833,1848,1631
1834,1849,1847
1835,1850,1849
1836,1851,1634
1837,1852,1853
1838,1854,1852
1839,1853,1855
1840,1855,1642
1841,1856,1857
1842,1857,1858
1843,1858,1648
1844,1859,1860
1845,1861,1859
1846,1860,1647
1847,1862,1650
1848,1863,1862
1849,1864,1865
1850,1865,1654
1851,1866,1864
1852,1867,1866
1853,1868,1867
1854,1869,1868
1855,1870,1866
1856,1871,1867
1857,1872,1873
1858,1873,1864
1859,1874,1660
1860,1875,1874
1861,1876,1877
1862,1877,1875
1863,1878,1876
1864,1879,1878
1865,1880,1879
1866,1881,1876
1867,1882,1881
1868,1883,1882
1869,1884,1881
1870,1885,1884
1871,1886,1708
1872,1887,1888
1873,1888,1886
1874,1889,1890
1875,1891,1889
1876,1892,1891
1877,1893,1889
1878,1894,1893
1879,1895,1894
1880,1896,1895
1881,1897,1893
1882,1898,1897
1883,1899,1894
1884,1900,1899
1885,1901,1716
1886,1902,1901
1887,1903,1720
1888,1904,1903
1889,1905,1904
1890,1906,1905
1891,1907,1787
1892,1908,1907
1893,1909,1786
1894,1910,1909
1895,1911,1910
1896,1912,1911
1897,1913,1912
1898,1914,1913
1899,1915,1808
1900,1916,1915
1901,1917,1725
1902,1918,1917
1903,1919,1726
1904,1920,1919
1905,1921,1920
1906,1922,1921
1907,1923,1920
1908,1924,1923
1909,1925,1921
1910,1926,1919
1911,1927,1926
1912,1928,1927
1913,1929,1928
1914,1930,1929
1915,1931,1926
1916,1932,1933
1917,1934,1932
1918,1933,1931
1919,1935,1936
1920,1936,1937
1921,1937,1729
1922,1938,1935
1923,1939,1940
1924,1940,1941
1925,1942,1731
1926,1941,1943
1927,1943,1942
1928,1944,1945
1929,1946,1944
1930,1947,1946
1931,1948,1949
1932,1950,1948
1933,1951,1732
1934,1952,1951
1935,1953,1730
1936,1954,1953
1937,1955,1956
1938,1956,1724
1939,1957,1955
1940,1958,1957
1941,1959,1955
1942,1960,1959
1943,1961,1714
1944,1962,1963
1945,1964,1713
1946,1963,1964
1947,1965,1962
1948,1966,1672
1949,1967,1968
1950,1968,1966
1951,1969,1673
1952,1970,1674
1953,1971,1970
1954,1972,1971
1955,1973,1970
1956,1974,1973
1957,1975,1793
1958,1976,1975
1959,1977,1976
1960,1978,1976
1961,1979,1975
1962,1980,1779
1963,1981,1982
1964,1982,1980
1965,1983,1981
1966,1984,1983
1967,1985,1981
1968,1986,1987
1969,1987,1781
1970,1988,1784
1971,1989,1988
1972,1990,1783
1973,1991,1782
1974,1992,1780
1975,1993,1994
1976,1994,1992
1977,1995,1993
1978,1996,1778
1979,1997,1754
1980,1998,1753
1981,1999,1752
1982,2000,1999
1983,2001,2000
1984,2002,1999
1985,2003,2002
1986,2004,1751
1987,2005,2004
1988,2006,1682
1989,2007,2006
1990,2008,2007
1991,2009,2008
1992,2010,2009
1993,2011,2010
1994,2012,2013
1995,2014,2008
1996,2015,2014
1997,2016,2015
1998,2017,2014
1999,2018,2017
2000,2019,2018
2001,2020,2017
2002,2021,2009
2003,2022,2011
2004,2023,2022
2005,2024,2007
2006,2025,2006
2007,2026,1683
2008,2027,2026
2009,2028,1685
2010,2029,2028
2011,2030,2031
2012,2032,2029
2013,2033,2030
2014,2031,2032
2015,2034,1688
2016,2035,1687
2017,2036,2035
2018,2037,2036
2019,2038,2037
2020,2039,2038
2021,2040,2038
2022,2041,2040
2023,2042,2035
2024,2043,2042
2025,2044,1790
2026,2045,1681
2027,2046,2045
2028,2047,1679
2029,2048,2047
2030,2049,1678
2031,2050,2049
2032,2051,2049
2033,2052,1693
2034,2053,1694
2035,2054,1699
2036,2055,2054
2037,2056,2055
2038,2057,2056
2039,2058,2057
2040,2059,1796
2041,2060,2059
2042,2061,1798
2043,2062,2061
2044,2063,2062
2045,2064,1800
2046,2065,2064
2047,2066,1799
2048,2067,2066
2049,2068,1797
2050,2069,2068
2051,2070,1701
2052,2071,2070
2053,2072,2071
2054,2073,1703
2055,2074,1704
2056,2075,1702
2057,2076,2075
2058,2077,2076
2059,2078,2075
2060,2079,2076
2061,2080,1698
2062,2081,2080
2063,2082,2081
2064,2083,2080
2065,2084,2083
2066,2085,2084
2067,2086,1812
2068,2087,2086
2069,2088,1813
2070,2089,2090
2071,2091,2089
2072,2092,2091
2073,2093,2092
2074,2094,2093
2075,2095,2093
2076,2096,2092
2077,2097,1811
2078,2098,1692
2079,2099,1691
2080,2100,2099
2081,2101,2100
2082,2102,2099
2083,2103,2102
2084,2104,1667
2085,2105,2104
2086,2106,2105
2087,2107,2104
2088,2108,2107
2089,2109,2108
2090,2110,2109
2091,2111,2110
2092,2112,2111
2093,2113,2112
2094,2114,2111
2095,2115,2114
2096,2116,2117
2097,2117,2118
2098,2118,2119
2099,2119,1665
2100,2120,2121
2101,2121,2122
2102,2123,2120
2103,2124,2125
2104,2126,2124
2105,2127,2128
2106,2129,2127
2107,2130,2131
2108,2132,2130
2109,2133,2132
2110,2134,2133
2111,2135,2136
2112,2136,2132
2113,2137,2130
2114,2138,2137
2115,2139,2140
2116,2140,2138
2117,2141,2142
2118,2143,2141
2119,2144,2145
2120,2146,2144
2121,2147,2148
2122,2149,2147
2123,2150,1741
2124,2151,2150
2125,2152,1743
2126,2153,2152
2127,2154,1744
2128,2155,2154
2129,2156,2155
2130,2157,2156
2131,2158,2157
2132,2159,2158
2133,2160,2159
2134,2161,2154
2135,2162,2163
2136,2163,2157
2137,2164,2158
2138,2165,2164
2139,2166,2156
2140,2167,2166
2141,2168,2169
2142,2169,2167
2143,2170,2155
2144,2171,2172
2145,2173,1746
2146,2174,2175
2147,2172,2176
2148,2176,2174
2149,2175,2173
2150,2177,1747
2151,2178,2177
2152,2179,1748
2153,2180,2179
2154,2181,1745
2155,2182,2183
2156,2183,2184
2157,2184,2181
2158,2185,2182
2159,2186,1826
2160,2187,2186
2161,2188,2189
2162,2189,2186
2163,2190,1825
2164,2191,2190
2165,2192,2190
2166,2193,2192
2167,2194,2195
2168,2195,1739
2169,2196,2194
2170,2197,1768
2171,2198,2197
2172,2199,1767
2173,2200,2199
2174,2201,1736
2175,2202,2201
2176,2203,2202
2177,2204,2203
2178,2205,2201
2179,2206,2205
2180,2207,2206
2181,2208,2207
2182,2209,2208
2183,2210,2207
2184,2211,2210
2185,2212,2211
2186,2213,2212
2187,2214,2213
2188,2215,2214
2189,2216,2217
2190,2218,2216
2191,2219,2211
2192,2220,2219
2193,2221,2222
2194,2223,2224
2195,2225,2220
2196,2224,2221
2197,2222,2225
2198,2226,2219
2199,2227,2226
2200,2228,2227
2201,2229,2220
2202,2230,2213
2203,2231,2214
2204,2232,2231
2205,2233,2234
2206,2235,2233
2207,2236,2212
2208,2237,2236
2209,2238,2237
2210,2239,2238
2211,2240,2241
2212,2241,2210
2213,2242,2206
2214,2243,2242
2215,2244,2243
2216,2245,2246
2217,2247,2248
2218,2249,2247
2219,2250,2249
2220,2251,2250
2221,2252,2243
2222,2253,2252
2223,2254,2253
2224,2255,2254
2225,2256,2257
2226,2258,2256
2227,2259,2258
2228,2260,2261
2229,2261,2259
2230,2262,2260
2231,2263,2252
2232,2264,2263
2233,2265,2266
2234,2266,2253
2235,2267,2268
2236,2269,2267
2237,2270,2256
2238,2271,2270
2239,2272,2273
2240,2273,2271
2241,2274,2272
2242,2275,2276
2243,2276,2259
2244,2277,2278
2245,2278,2275
2246,2279,2275
2247,2280,2279
2248,2281,2254
2249,2282,2281
2250,2283,2284
2251,2285,2283
2252,2286,2287
2253,2288,2286
2254,2289,2242
2255,2290,2289
2256,2291,2205
2257,2292,2291
2258,2293,2294
2259,2295,2296
2260,2297,2295
2261,2298,2299
2262,2299,2297
2263,2300,2301
2264,2302,2303
2265,2304,2302
2266,2305,2304
2267,2306,2307
2268,2308,2306
2269,2309,2305
2270,2307,2309
2271,2310,2311
2272,2312,2310
2273,2313,2314
2274,2315,2302
2275,2316,2315
2276,2314,2316
2277,2317,2313
2278,2318,2319
2279,2320,2321
2280,2319,2322
2281,2321,2318
2282,2323,2320
2283,2324,2325
2284,2326,2324
2285,2327,2328
2286,2329,2327
2287,2330,2324
2288,2331,2332
2289,2333,2331
2290,2334,2333
2291,2335,2336
2292,2336,2334
2293,2337,2331
2294,2338,2337
2295,2339,2340
2296,2341,2339
2297,2342,2343
2298,2344,2342
2299,2345,2346
2300,2347,2344
2301,2346,2347
2302,2348,2345
2303,2349,2348
2304,2350,2349
2305,2351,2352
2306,2353,2351
2307,2354,2355
2308,2355,2356
2309,2356,2353
2310,2357,2358
2311,2359,2357
2312,2360,2359
2313,2361,2360
2314,2362,2363
2315,2364,2365
2316,2363,2364
2317,2366,2362
2318,2367,2368
2319,2369,2367
2320,2370,2371
2321,2372,2370
2322,2373,2372
2323,2374,2373
2324,2375,1734
2325,2376,2375
2326,2377,2378
2327,2379,2377
2328,2378,2380
2329,2381,2382
2330,2383,2384
2331,2384,2385
2332,2382,1655
2333,2385,2386
2334,2386,2381
2335,2387,1759
2336,2388,2387
2337,2389,1760
2338,2390,1844
2339,1844,1763
2340,2391,1764
2341,2392,2391
2342,2393,1764
2343,2394,2393
2344,2395,1758
2345,2396,1757
2346,2397,2396
2347,2398,2399
2348,2399,1756
2349,2400,2401
2350,2401,1645
2351,2402,2403
2352,2404,2402
2353,2405,2404
2354,2406,2405
2355,2407,2406
2356,2408,2407
2357,2409,2410
2358,2411,2409
2359,2412,2411
2360,2413,2412
2361,2414,2415
2362,2416,1682
2363,2417,2418
2364,2419,2417
2365,1655,2419
2366,2418,2420
2367,2421,2422
2368,1846,1847
2369,1657,2379
2370,2423,2424
2371,2420,2421
2372,2425,1651
2373,2422,2425
2374,2380,1654
2375,1684,2416
2376,2426,2424
2377,2415,1836
2378,2427,1846
2379,2328,2326
2380,2428,2330
2381,1699,1697
2382,2429,1697
2383,2430,2429
2384,2013,2011
2385,2431,2416
2386,1719,2432
2387,2432,1715
2388,1890,2432
2389,2433,1735
2390,2371,2434
2391,2122,2435
2392,2358,2436
2393,2436,2437
2394,2437,2438
2395,2125,2439
2396,2365,2440
2397,2438,2439
2398,2441,2440
2399,2368,2441
2400,2439,2435
2401,2442,2443
2402,2294,2444
2403,2303,2442
2404,2443,2445
2405,2142,2445
2406,2445,2446
2407,2325,2446
2408,2446,2447
2409,2131,2447
2410,2148,2448
2411,2440,2438
2412,2444,2442
2413,1737,2444
2414,2447,2449
2415,2332,2449
2416,2449,2450
2417,2340,2451
2418,2451,2450
2419,2450,2436
2420,2352,2451
2421,2128,2437
2422,2435,2434
2423,2434,2433
2424,2452,1814
2425,2090,2452
2426,1816,2452
2427,2453,1939
2428,2454,2453
2429,1945,2454
2430,1949,2454
2431,2234,2455
2432,2217,2455
2433,2455,2215
2434,2284,2456
2435,2246,2456
2436,2456,2244
2437,2457,2245
2438,2248,2457
2439,2287,2457
2440,2458,2255
2441,2257,2458
2442,2268,2458
2443,2459,2293
2444,2301,2459
2445,2296,2459
2446,2460,2308
2447,2322,2460
2448,2311,2460
2449,2448,2443
2450,2145,2448
2451,2343,2341
2452,2461,2341
2453,2462,2461
2454,2410,2462
2455,2463,2338
2456,2403,2463
2457,2424,1837
2458,1837,2464
2459,2464,2453
2460,1839,2465
2461,2465,2344
2462,2466,2467
2463,2468,2466
2464,2469,2470
2465,2471,2468
2466,2470,2471
2467,2472,2469
2468,2473,2474
2469,2474,2475
2470,2475,2472
2471,2476,2477
2472,2478,2473
2473,2477,2478
2474,2479,2476
2475,2480,2479
2476,2481,2480
2477,2482,2481
2478,2483,2482
2479,2484,2483
2480,2485,2484
2481,2486,2485
2482,2487,2486
2483,2488,2487
2484,2489,2488
2485,2490,2489
2486,2491,2490
2487,2492,2491
2488,2493,2492
2489,2494,2493
2490,2495,2494
2491,2496,2495
2492,2497,2496
2493,2498,2497
2494,2499,2498
2495,2500,2499
2496,2501,2500
2497,2502,2501
2498,2503,2502
2499,2504,2503
2500,2505,2504
2501,2506,2505
2502,2507,2506
2503,2508,2507
2504,2509,2510
2505,2511,2512
2506,2510,2511
2507,2513,2509
2508,2514,2513
2509,2515,2516
2510,2517,2515
2511,2518,2517
2512,2519,2518
2513,2520,2521
2514,2521,2519
2515,2522,2523
2516,2523,2520
2517,2524,2522
2518,2525,2524
2519,2526,2525
2520,2527,2526
2521,2528,2529
2522,2529,2530
2523,2530,2531
2524,2531,2527
2525,2532,2528
2526,2533,2534
2527,2534,2535
2528,2535,2532
2529,2536,2537
2530,2537,2533
2531,2538,2539
2532,2539,2536
2533,2540,2538
2534,2541,2542
2535,2543,2541
2536,2544,2543
2537,2545,2544
2538,2546,2545
2539,2547,2546
2540,2548,2547
2541,2549,2548
2542,2550,2549
2543,2551,2550
2544,2552,2551
2545,2553,2552
2546,2554,2553
2547,2555,2554
2548,2556,2555
2549,2557,2556
2550,2558,2557
2551,2559,2558
2552,2560,2559
2553,2561,2560
2554,2562,2561
2555,2563,2562
2556,2564,2563
2557,2565,2564
2558,2566,2565
2559,2567,2566
2560,2568,2567
2561,2569,2568
2562,2570,2569
2563,2571,2570
2564,2572,2571
2565,2573,2572
2566,2574,2573
2567,2575,2574
2568,2576,2575
2569,2577,2576
2570,2578,2579
2571,2580,2581
2572,2581,2582
2573,2582,2578
2574,2583,2580
2575,2584,2583
2576,2585,2586
2577,2587,2585
2578,2588,2587
2579,2589,2569
2580,2590,2589
2581,2591,2590
2582,2592,2591
2583,2593,2592
2584,2594,2595
2585,2596,2594
2586,2597,2596
2587,2598,2597
2588,2599,2598
2589,2600,2599
2590,2601,2600
2591,2602,2601
2592,2603,2602
2593,2604,2603
2594,2605,2604
2595,2606,2605
2596,2607,2606
2597,2608,2607
2598,2609,2608
2599,2610,2609
2600,2611,2610
2601,2612,2611
2602,2613,2612
2603,2614,2615
2604,2616,2614
2605,2617,2616
2606,2618,2617
2607,2619,2618
2608,2620,2619
2609,2621,2620
2610,2622,2621
2611,2623,2622
2612,2624,2623
2613,2625,2626
2614,2626,2624
2615,2627,2628
2616,2629,2627
2617,2630,2629
2618,2631,2630
2619,2632,2631
2620,2633,2632
2621,2634,2633
2622,2635,2634
2623,2636,2635
2624,2637,2630
2625,2638,2637
2626,2639,2638
2627,2640,2639
2628,2641,2640
2629,2642,2643
2630,2644,2645
2631,2646,2641
2632,2645,2646
2633,2643,2644
2634,2647,2614
2635,2648,2647
2636,2649,2650
2637,2651,2648
2638,2650,2651
2639,2652,2653
2640,2654,2652
2641,2655,2654
2642,2656,2655
2643,2657,2656
2644,2658,2657
2645,2659,2658
2646,2660,2659
2647,2661,2662
2648,2663,2647
2649,2664,2663
2650,2665,2666
2651,2666,2661
2652,2667,2664
2653,2662,2667
2654,2668,2665
2655,2669,2668
2656,2670,2669
2657,2671,2670
2658,2672,2533
2659,2673,2672
2660,2674,2673
2661,2675,2674
2662,2676,2675
2663,2677,2678
2664,2678,2679
2665,2680,2677
2666,2679,2681
2667,2682,2683
2668,2683,2680
2669,2684,2682
2670,2685,2684
2671,2686,2685
2672,2687,2686
2673,2688,2687
2674,2689,2690
2675,2691,2689
2676,2692,2691
2677,2693,2692
2678,2694,2693
2679,2695,2694
2680,2696,2695
2681,2697,2698
2682,2699,2697
2683,2700,2699
2684,2701,2700
2685,2702,2701
2686,2703,2704
2687,2705,2702
2688,2706,2705
2689,2704,2706
2690,2707,2703
2691,2708,2707
2692,2709,2708
2693,2710,2709
2694,2711,2710
2695,2712,2711
2696,2713,2701
2697,2714,2713
2698,2715,2699
2699,2716,2717
2700,2718,2715
2701,2717,2718
2702,2719,2716
2703,2720,2719
2704,2721,2720
2705,2722,2723
2706,2724,2722
2707,2725,2724
2708,2726,2725
2709,2727,2726
2710,2728,2727
2711,2729,2730
2712,2731,2728
2713,2730,2731
2714,2732,2729
2715,2733,2695
2716,2734,2735
2717,2736,2733
2718,2735,2736
2719,2737,2738
2720,2739,2737
2721,2740,2741
2722,2742,2743
2723,2744,2745
2724,2746,2744
2725,2747,2746
2726,2748,2747
2727,2749,2680
2728,2750,2749
2729,2751,2750
2730,2752,2751
2731,2753,2752
2732,2754,2753
2733,2755,2756
2734,2756,2757
2735,2757,2758
2736,2759,2760
2737,2760,2761
2738,2762,2759
2739,2763,2762
2740,2764,2763
2741,2765,2764
2742,2766,2765
2743,2767,2766
2744,2768,2769
2745,2770,2771
2746,2771,2758
2747,2772,2770
2748,2773,2772
2749,2774,2775
2750,2776,2774
2751,2775,2773
2752,2777,2778
2753,2779,2777
2754,2780,2779
2755,2781,2780
2756,2782,2781
2757,2783,2782
2758,2784,2783
2759,2785,2786
2760,2787,2784
2761,2786,2788
2762,2788,2787
2763,2789,2790
2764,2790,2773
2765,2791,2792
2766,2792,2793
2767,2794,2791
2768,2795,2794
2769,2796,2795
2770,2797,2796
2771,2798,2797
2772,2799,2798
2773,2800,2799
2774,2801,2800
2775,2802,2801
2776,2803,2802
2777,2804,2803
2778,2805,2804
2779,2806,2805
2780,2807,2808
2781,2809,2807
2782,2810,2809
2783,2811,2810
2784,2812,2811
2785,2813,2812
2786,2814,2813
2787,2815,2814
2788,2816,2815
2789,2817,2816
2790,2818,2819
2791,2819,2817
2792,2820,2821
2793,2821,2526
2794,2822,2820
2795,2823,2822
2796,2824,2823
2797,2825,2824
2798,2826,2825
2799,2827,2826
2800,2828,2827
2801,2829,2828
2802,2830,2829
2803,2831,2832
2804,2832,2833
2805,2833,2522
2806,2834,2831
2807,2835,2836
2808,2836,2834
2809,2837,2838
2810,2838,2835
2811,2839,2837
2812,2840,2839
2813,2841,2842
2814,2843,2841
2815,2844,2843
2816,2845,2844
2817,2846,2845
2818,2847,2843
2819,2848,2847
2820,2849,2848
2821,2850,2849
2822,2851,2850
2823,2852,2851
2824,2853,2854
2825,2854,2852
2826,2855,2853
2827,2856,2855
2828,2857,2856
2829,2858,2859
2830,2860,2858
2831,2859,2861
2832,2861,2862
2833,2863,2860
2834,2864,2863
2835,2865,2864
2836,2866,2867
2837,2867,2865
2838,2868,2866
2839,2869,2868
2840,2870,2871
2841,2872,2873
2842,2874,2872
2843,2875,2876
2844,2877,2874
2845,2878,2877
2846,2876,2878
2847,2879,2875
2848,2880,2879
2849,2881,2880
2850,2882,2881
2851,2883,2884
2852,2885,2882
2853,2884,2886
2854,2886,2885
2855,2887,2860
2856,2888,2887
2857,2889,2888
2858,2890,2889
2859,2891,2890
2860,2892,2891
2861,2893,2892
2862,2894,2893
2863,2895,2896
2864,2897,2894
2865,2896,2897
2866,2898,2895
2867,2899,2898
2868,2900,2899
2869,2901,2900
2870,2902,2901
2871,2903,2902
2872,2904,2903
2873,2905,2904
2874,2906,2905
2875,2907,2906
2876,2908,2907
2877,2909,2908
2878,2910,2909
2879,2911,2910
2880,2912,2911
2881,2913,2912
2882,2914,2913
2883,2915,2914
2884,2916,2917
2885,2918,2919
2886,2920,2918
2887,2919,2467
2888,2921,2922
2889,2923,2924
2890,2922,2923
2891,2924,2920
2892,2925,2926
2893,2926,2927
2894,2928,2929
2895,2930,2925
2896,2929,2931
2897,2931,2930
2898,2932,2933
2899,2934,2932
2900,2935,2934
2901,2936,2935
2902,2937,2936
2903,2938,2937
2904,2939,2938
2905,2940,2939
2906,2941,2940
2907,2942,2941
2908,2943,2942
2909,2944,2943
2910,2945,2944
2911,2946,2945
2912,2947,2948
2913,2949,2947
2914,2950,2949
2915,2951,2950
2916,2952,2951
2917,2953,2952
2918,2954,2955
2919,2956,2954
2920,2957,2956
2921,2958,2491
2922,2959,2958
2923,2960,2959
2924,2961,2960
2925,2962,2961
2926,2963,2962
2927,2964,2963
2928,2965,2964
2929,2966,2965
2930,2967,2968
2931,2968,2966
2932,2969,2500
2933,2970,2971
2934,2971,2969
2935,2972,2973
2936,2974,2972
2937,2973,2469
2938,2975,2974
2939,2976,2715
2940,2977,2689
2941,2978,2977
2942,2979,2978
2943,2980,2979
2944,2981,2603
2945,2982,2981
2946,2983,2982
2947,2984,2985
2948,2985,2983
2949,2986,2984
2950,2987,2986
2951,2988,2987
2952,2989,2988
2953,2990,2991
2954,2992,2990
2955,2993,2992
2956,2994,2995
2957,2995,2637
2958,2996,2997
2959,2998,2996
2960,2999,2998
2961,2997,2751
2962,3000,2999
2963,3001,3000
2964,3002,3001
2965,3003,3004
2966,3005,2722
2967,3004,3005
2968,3006,3007
2969,3007,2753
2970,3008,3006
2971,3009,3008
2972,3010,3009
2973,3011,3012
2974,3013,3011
2975,3014,3013
2976,3015,3014
2977,3016,3015
2978,3017,3016
2979,3018,3017
2980,3019,2739
2981,3020,3019
2982,3021,2583
2983,3022,3021
2984,3023,3024
2985,3024,3022
2986,3025,3023
2987,3026,2622
2988,3027,3026
2989,3028,3027
2990,3029,3028
2991,3030,3031
2992,3031,3032
2993,3032,2519
2994,3033,3030
2995,3034,3033
2996,3035,3034
2997,3036,3035
2998,3037,3036
2999,3038,3037
3000,3039,2907
3001,3040,3039
3002,3041,3040
3003,3042,3041
3004,3043,3042
3005,3044,3043
3006,3045,3046
3007,3046,2676
3008,3047,3045
3009,3048,2934
3010,3049,3048
3011,3050,3049
3012,3051,3050
3013,3052,3053
3014,3053,3051
3015,3054,3052
3016,3055,3056
3017,3057,3055
3018,3058,3057
3019,3059,3058
3020,3060,3059
3021,3061,3062
3022,3063,3060
3023,3064,3061
3024,3062,3063
3025,3065,2532
3026,3066,3065
3027,3067,3048
3028,3068,3067
3029,3069,3070
3030,3070,3068
3031,3071,3069
3032,3072,3071
3033,3073,3072
3034,3074,3073
3035,3075,3074
3036,3076,3075
3037,3077,3078
3038,3078,3076
3039,3079,3080
3040,3081,2754
3041,3080,3081
3042,3082,3079
3043,3083,3082
3044,3084,2938
3045,3085,3086
3046,3087,3085
3047,3088,3087
3048,3089,3088
3049,3090,2925
3050,3091,3090
3051,3092,3091
3052,3093,3092
3053,3094,3093
3054,3095,2914
3055,3096,3097
3056,3097,3095
3057,3098,3099
3058,3099,2509
3059,3100,3098
3060,3101,3100
3061,3102,3101
3062,3103,3102
3063,3104,3105
3064,3106,3107
3065,3105,3106
3066,3108,3104
3067,3109,3108
3068,3110,3109
3069,3111,3112
3070,3113,3114
3071,3114,3115
3072,3116,3117
3073,3117,3118
3074,3119,3120
3075,3121,3119
3076,3122,3123
3077,3124,3125
3078,3125,3126
3079,3126,2933
3080,3127,3128
3081,3128,3129
3082,3130,3131
3083,3132,3055
3084,3133,3132
3085,3134,3058
3086,3135,3057
3087,3136,3137
3088,3138,3135
3089,3137,3138
3090,3139,3056
3091,3140,3141
3092,3142,3140
3093,3143,2947
3094,3144,3143
3095,3145,3144
3096,3146,3145
3097,3147,3146
3098,3148,3149
3099,3149,3147
3100,3150,3148
3101,3151,3150
3102,3152,3151
3103,3153,3152
3104,3154,3153
3105,3155,3154
3106,3156,3155
3107,3157,3156
3108,3158,3157
3109,3159,3158
3110,3160,3161
3111,3161,3159
3112,3162,3160
3113,3163,3162
3114,3164,3163
3115,3165,3143
3116,3166,3167
3117,3167,3168
3118,3168,3165
3119,3169,3170
3120,3171,3145
3121,3172,3169
3122,3173,3174
3123,3174,3175
3124,3170,3173
3125,3175,3171
3126,3176,3177
3127,3178,3146
3128,3177,3179
3129,3180,3178
3130,3181,3180
3131,3179,3181
3132,3182,3183
3133,3183,3148
3134,3184,3150
3135,3185,3184
3136,3186,3153
3137,3187,3186
3138,3188,3186
3139,3189,3155
3140,3190,3189
3141,3191,3156
3142,3192,3193
3143,3194,3195
3144,3196,3197
3145,3198,3196
3146,3193,3199
3147,3195,3198
3148,3199,3194
3149,3200,3197
3150,3201,3200
3151,3202,3191
3152,3203,3204
3153,3204,3205
3154,3205,3159
3155,3206,3203
3156,3207,3206
3157,3208,3203
3158,3209,3208
3159,3210,3162
3160,3211,3210
3161,3212,3211
3162,3213,3214
3163,3215,3213
3164,3216,3215
3165,3217,3216
3166,3218,3211
3167,3219,3218
3168,3220,3210
3169,3221,3220
3170,3222,3160
3171,3223,3222
3172,3224,3225
3173,3225,3226
3174,3227,3223
3175,3228,3227
3176,3226,3228
3177,3229,3157
3178,3230,3231
3179,3231,3154
3180,3232,3152
3181,3233,3232
3182,3234,3235
3183,3236,3151
3184,3235,3237
3185,3237,3236
3186,3238,3234
3187,3239,3238
3188,3240,3144
3189,3241,3242
3190,3242,2949
3191,3243,2950
3192,3244,3243
3193,3245,3244
3194,3246,3245
3195,3247,3244
3196,3248,3243
3197,3249,3248
3198,3250,3249
3199,3251,3250
3200,3252,3251
3201,3253,3250
3202,3254,3253
3203,3255,3254
3204,3256,3253
3205,3257,3256
3206,3258,3259
3207,3260,3261
3208,3261,3262
3209,3262,3263
3210,3259,3260
3211,3264,3265
3212,3266,3264
3213,3267,3265
3214,3268,3267
3215,3269,3268
3216,3270,3267
3217,3271,2953
3218,3272,3271
3219,3273,3272
3220,3274,3273
3221,3275,3276
3222,3276,3274
3223,3277,3271
3224,3278,3277
3225,3279,3272
3226,3280,3279
3227,3281,3273
3228,3282,3281
3229,3283,3284
3230,3284,3274
3231,3285,3090
3232,3286,3287
3233,3287,3285
3234,3288,3285
3235,3289,3288
3236,3290,2928
3237,3291,3290
3238,3292,2932
3239,3293,3292
3240,3294,3293
3241,3295,3296
3242,3296,3292
3243,3297,3298
3244,3298,2935
3245,3299,2936
3246,3300,3299
3247,3301,3302
3248,3302,3300
3249,3303,2937
3250,3304,3303
3251,3305,3304
3252,3306,3303
3253,3307,3306
3254,3308,2939
3255,3309,3310
3256,3310,3308
3257,3311,3308
3258,3312,3313
3259,3314,3311
3260,3315,3314
3261,3313,3315
3262,3316,3312
3263,3317,3316
3264,3318,3317
3265,3319,3311
3266,3320,3319
3267,3321,3322
3268,3322,2942
3269,3323,2944
3270,3324,3325
3271,3326,3324
3272,3325,3323
3273,3327,2945
3274,3328,3327
3275,3329,3328
3276,3330,3329
3277,3331,3330
3278,3332,3327
3279,3333,3328
3280,3334,3335
3281,3336,3333
3282,3335,3336
3283,3337,3334
3284,3338,2946
3285,3339,3338
3286,3340,3341
3287,3341,3339
3288,3342,3338
3289,3343,3344
3290,3345,3342
3291,3344,3345
3292,3346,3343
3293,3347,3348
3294,3349,3346
3295,3348,3349
3296,3350,3347
3297,3351,3350
3298,3352,3351
3299,3353,3354
3300,3354,3352
3301,3355,3353
3302,3356,3342
3303,3357,3356
3304,3358,3339
3305,3359,3358
3306,3360,3361
3307,3361,3359
3308,3362,3358
3309,3363,3362
3310,3364,3365
3311,3365,3359
3312,3366,2946
3313,3367,3366
3314,3368,3367
3315,3369,3368
3316,3370,3369
3317,3371,3367
3318,3372,3371
3319,3373,3368
3320,3374,2943
3321,3375,3376
3322,3376,3374
3323,3377,3374
3324,3378,3379
3325,3380,3378
3326,3381,3067
3327,3382,3381
3328,3379,3382
3329,3383,3073
3330,3384,3383
3331,3385,3075
3332,3386,3385
3333,3387,3385
3334,3388,3389
3335,3389,3076
3336,3390,3074
3337,3391,3390
3338,3392,3072
3339,3393,3068
3340,3394,3393
3341,3395,3394
3342,3396,3395
3343,3397,3398
3344,3398,3396
3345,3399,3397
3346,3400,3393
3347,3401,3400
3348,3402,3401
3349,3403,3402
3350,3404,3396
3351,3405,3406
3352,3406,3407
3353,3408,3404
3354,3407,3408
3355,3409,3049
3356,3410,3409
3357,3411,3412
3358,3412,3051
3359,3413,3411
3360,3414,3415
3361,3416,3417
3362,3418,3416
3363,3415,3419
3364,3419,2920
3365,3417,3414
3366,3420,3418
3367,3421,3420
3368,3422,3421
3369,3423,3422
3370,3424,3423
3371,3425,3424
3372,3426,3418
3373,3427,3428
3374,3428,3426
3375,3429,3427
3376,3430,3429
3377,3431,3432
3378,3432,3430
3379,3433,3431
3380,3434,3420
3381,3435,3421
3382,3436,3435
3383,3437,3422
3384,3438,3437
3385,3439,3423
3386,3440,3439
3387,3441,3442
3388,3442,3443
3389,3443,2468
3390,3444,3441
3391,3445,3444
3392,3446,3445
3393,3447,3448
3394,3448,3446
3395,3449,2864
3396,3450,2874
3397,3451,3450
3398,3452,2879
3399,3453,3454
3400,3454,2882
3401,3455,3453
3402,3456,2881
3403,3457,3456
3404,3458,3457
3405,3459,2872
3406,3460,3459
3407,3461,3459
3408,3462,3463
3409,3464,3465
3410,3466,3464
3411,3467,2863
3412,3468,3469
3413,3469,3467
3414,3470,3468
3415,3471,3470
3416,3472,3471
3417,3473,3472
3418,3474,3475
3419,3476,3477
3420,3477,3473
3421,3475,3476
3422,3478,2890
3423,3479,3478
3424,3480,3481
3425,3481,3479
3426,3482,3479
3427,3483,3482
3428,3484,3478
3429,3485,3484
3430,3486,3487
3431,3487,3485
3432,3488,3489
3433,3489,3485
3434,3490,3484
3435,3491,3490
3436,3492,3491
3437,3493,3494
3438,3494,3492
3439,3495,2892
3440,3496,3495
3441,3497,2893
3442,3498,3497
3443,3499,3500
3444,3500,2894
3445,3501,2895
3446,3502,2900
3447,3503,3502
3448,3504,3503
3449,3505,3506
3450,3506,2902
3451,3507,2913
3452,3508,3507
3453,3509,3510
3454,3511,3512
3455,3512,3513
3456,3514,3515
3457,3516,3514
3458,3517,3518
3459,3519,3517
3460,3520,3519
3461,3521,3520
3462,3522,3521
3463,3523,3520
3464,3524,3523
3465,3525,3095
3466,3526,3525
3467,3527,3039
3468,3528,3527
3469,3529,3530
3470,3530,3040
3471,3531,3041
3472,3532,3531
3473,3533,3532
3474,3534,3531
3475,3535,3534
3476,3536,3042
3477,3537,3536
3478,3538,3539
3479,3539,3540
3480,3540,3541
3481,3541,3537
3482,3542,3536
3483,3543,3542
3484,3544,2906
3485,3545,3544
3486,3546,3545
3487,3547,3546
3488,3548,2903
3489,3549,3548
3490,3550,2899
3491,3551,3550
3492,3552,3553
3493,3553,2891
3494,3554,2889
3495,3555,3554
3496,3556,2888
3497,3557,3556
3498,3558,2887
3499,3559,3560
3500,3560,3558
3501,3561,3562
3502,3563,3558
3503,3562,3564
3504,3564,3563
3505,3565,3566
3506,3567,3565
3507,3566,2512
3508,3568,3569
3509,3569,2511
3510,3570,3098
3511,3571,3570
3512,3572,3571
3513,3573,3572
3514,3574,3101
3515,3575,3102
3516,3576,3575
3517,3577,3100
3518,3578,3579
3519,3579,2513
3520,3580,3578
3521,3581,3580
3522,3582,3580
3523,3583,3582
3524,3584,3578
3525,3585,3584
3526,3586,3587
3527,3587,2514
3528,3588,3589
3529,3590,3586
3530,3591,3590
3531,3589,3591
3532,3592,3588
3533,3593,3594
3534,3594,2516
3535,3595,3593
3536,3596,3593
3537,3597,3596
3538,3598,3599
3539,3599,3597
3540,3600,3601
3541,3602,3603
3542,3604,3598
3543,3601,3602
3544,3603,3604
3545,3605,3606
3546,3607,3596
3547,3608,3607
3548,3609,3610
3549,3611,3612
3550,3612,3609
3551,3613,3611
3552,3614,3598
3553,3615,3614
3554,3616,3615
3555,3617,3616
3556,3618,3619
3557,3619,3620
3558,3621,2518
3559,3620,3621
3560,3622,3618
3561,3623,3622
3562,3624,3623
3563,3625,3624
3564,3626,3625
3565,3627,3626
3566,3628,3627
3567,3629,3628
3568,3630,3629
3569,3631,3630
3570,3131,3628
3571,3632,3633
3572,3634,3633
3573,3635,3629
3574,3636,3625
3575,3637,3638
3576,3638,3030
3577,3639,3637
3578,3640,3641
3579,3642,3033
3580,3643,3642
3581,3641,3643
3582,3644,3035
3583,3645,3644
3584,3646,3034
3585,3647,3646
3586,3648,3647
3587,3649,3650
3588,3650,2521
3589,3651,3652
3590,3652,2523
3591,3653,2839
3592,3654,3655
3593,3656,3657
3594,3657,3654
3595,3658,2841
3596,3659,3658
3597,3660,3661
3598,3662,2845
3599,3661,3662
3600,3663,2844
3601,3664,3663
3602,3665,2847
3603,3666,2851
3604,3667,2848
3605,3668,3667
3606,3669,2831
3607,3670,2820
3608,3671,3670
3609,3672,2824
3610,3673,3674
3611,3674,3672
3612,3675,3672
3613,3676,2825
3614,3677,3678
3615,3679,3676
3616,3678,3679
3617,3680,2826
3618,3681,3680
3619,3682,3681
3620,3683,2827
3621,3684,3683
3622,3685,3684
3623,3686,3684
3624,3687,3688
3625,3689,3690
3626,3691,3689
3627,3692,2822
3628,3693,3694
3629,3694,3692
3630,3695,3696
3631,3696,2527
3632,3697,3695
3633,3698,3697
3634,3699,3695
3635,3700,3699
3636,3701,3700
3637,3702,3697
3638,3703,3704
3639,3704,2531
3640,3705,3706
3641,3706,3707
3642,3708,2535
3643,3707,3708
3644,3709,3710
3645,3711,3709
3646,3710,2534
3647,3712,3713
3648,3714,3712
3649,3713,2672
3650,3715,3716
3651,3716,2673
3652,3717,3045
3653,3718,3719
3654,3719,2679
3655,3720,2749
3656,3721,3722
3657,3722,3720
3658,3723,3721
3659,3724,3082
3660,3725,3079
3661,3726,3725
3662,3727,3726
3663,3728,3104
3664,3729,3728
3665,3730,3729
3666,3731,3732
3667,3733,3731
3668,3734,3731
3669,3732,3730
3670,3735,2791
3671,3736,2795
3672,3737,3736
3673,3738,2801
3674,3739,2802
3675,3740,3739
3676,3741,3740
3677,3742,2803
3678,3743,3742
3679,3744,3745
3680,3746,3742
3681,3745,3747
3682,3748,3744
3683,3747,3746
3684,3749,2804
3685,3750,3749
3686,3751,3750
3687,3752,3751
3688,3753,3754
3689,3754,3755
3690,3756,3755
3691,3757,3749
3692,3758,3088
3693,3759,3089
3694,3760,3759
3695,3761,3759
3696,3762,3761
3697,3763,3762
3698,3764,3761
3699,3765,3766
3700,3766,2885
3701,3767,3089
3702,3768,3767
3703,3769,3768
3704,3770,3087
3705,3771,3085
3706,3772,3771
3707,3773,2810
3708,3774,3773
3709,3775,3774
3710,3776,3775
3711,3777,3776
3712,3778,3775
3713,3779,3778
3714,3780,2816
3715,3781,3780
3716,3782,3781
3717,3783,3780
3718,3784,2817
3719,3785,3784
3720,3786,3787
3721,3787,2815
3722,3788,3789
3723,3789,2814
3724,3790,2811
3725,3791,3790
3726,3792,3790
3727,3793,3792
3728,3794,2809
3729,3795,3794
3730,3796,3797
3731,3798,3796
3732,3799,3797
3733,3800,3799
3734,3801,3799
3735,3797,2807
3736,3802,3803
3737,3803,3804
3738,3805,3806
3739,3807,3805
3740,3808,2805
3741,3809,3808
3742,3810,3811
3743,3811,3808
3744,3812,3813
3745,3814,3812
3746,3813,2799
3747,3815,2796
3748,3816,3815
3749,3817,3815
3750,3818,3817
3751,3819,2794
3752,3820,2770
3753,3821,3822
3754,3822,3820
3755,3823,3821
3756,3824,3823
3757,3825,3824
3758,3826,3825
3759,3827,3825
3760,3828,3829
3761,3829,3821
3762,3830,3831
3763,3832,3830
3764,3831,2789
3765,3833,3834
3766,3835,3836
3767,3834,3835
3768,3837,3838
3769,3838,2790
3770,3839,2777
3771,3840,3839
3772,3841,2778
3773,3842,3841
3774,3843,3842
3775,3844,3841
3776,3845,3844
3777,3846,2990
3778,3847,3846
3779,3848,3849
3780,3850,3848
3781,3851,3852
3782,3853,3851
3783,3854,3853
3784,3855,3854
3785,3856,3857
3786,3857,3858
3787,3858,2772
3788,3859,3860
3789,3860,3856
3790,3861,3856
3791,3862,3863
3792,3863,2771
3793,3864,2755
3794,3865,3866
3795,3867,2762
3796,3866,3867
3797,3868,3865
3798,3869,2764
3799,3870,3869
3800,3871,2767
3801,3872,3871
3802,3873,2763
3803,3874,3873
3804,3875,3874
3805,3876,3875
3806,3877,3878
3807,3879,2759
3808,3878,3879
3809,3880,3877
3810,3881,3882
3811,3882,3883
3812,3883,3884
3813,3884,3885
3814,3886,3006
3815,3887,3888
3816,3889,3887
3817,3888,3886
3818,3890,3891
3819,3891,3886
3820,3892,3008
3821,3893,3892
3822,3894,3893
3823,3895,3896
3824,3897,3895
3825,3896,3898
3826,3899,3012
3827,3900,3899
3828,3901,3014
3829,3902,3901
3830,3903,3010
3831,3904,3903
3832,3905,3009
3833,3906,3905
3834,3907,3905
3835,3908,3909
3836,3909,2752
3837,3910,3908
3838,3911,3912
3839,3912,3913
3840,3914,3910
3841,3913,3914
3842,3915,2999
3843,3916,3917
3844,3917,3915
3845,3918,3916
3846,3919,3000
3847,3920,3921
3848,3922,3920
3849,3921,3919
3850,3923,3924
3851,3924,2750
3852,3925,3923
3853,3926,3927
3854,3927,2688
3855,3928,3929
3856,3929,3930
3857,3931,3926
3858,3930,3931
3859,3932,3928
3860,3933,3932
3861,3934,3933
3862,3935,3934
3863,3936,3926
3864,3937,3936
3865,3938,3928
3866,3939,3938
3867,3940,3941
3868,3942,3943
3869,3944,3945
3870,3945,3942
3871,3946,3947
3872,3948,3946
3873,3949,3948
3874,3950,3949
3875,3951,3950
3876,3952,2977
3877,3953,3952
3878,3954,3953
3879,3955,3954
3880,3956,3957
3881,3958,2979
3882,3957,3958
3883,3959,3956
3884,3960,2980
3885,3961,3960
3886,3962,2978
3887,3963,3964
3888,3965,3963
3889,3966,3967
3890,3968,3965
3891,3967,3969
3892,3969,3968
3893,3970,3966
3894,3971,3972
3895,3973,3974
3896,3975,3976
3897,3977,3970
3898,3974,3978
3899,3972,3975
3900,3976,3973
3901,3978,3977
3902,3979,3971
3903,3980,3981
3904,3982,3980
3905,3983,3982
3906,3984,3983
3907,3985,2726
3908,3986,3985
3909,3987,3986
3910,3988,3987
3911,3989,2703
3912,3990,3989
3913,3991,3990
3914,3992,3991
3915,3993,2707
3916,3994,3993
3917,3995,3994
3918,3996,3995
3919,3997,3996
3920,3998,3997
3921,3999,2708
3922,4000,3999
3923,4001,4002
3924,4002,4003
3925,4004,4000
3926,4003,4004
3927,4005,4001
3928,4006,2702
3929,4007,4008
3930,4008,4006
3931,4009,2713
3932,4010,4009
3933,4011,2700
3934,4012,4011
3935,4013,4014
3936,4015,2720
3937,4014,4016
3938,4017,4013
3939,4016,4015
3940,4018,4019
3941,4020,4021
3942,4022,4020
3943,4023,4022
3944,4024,4020
3945,4025,4026
3946,4027,4028
3947,4029,4027
3948,4030,4031
3949,4032,2719
3950,4033,4030
3951,4031,4032
3952,4034,2716
3953,4035,4034
3954,4036,4034
3955,4037,2697
3956,4038,4037
3957,4039,4040
3958,4041,4042
3959,4043,4039
3960,4042,4043
3961,4044,4041
3962,4045,4044
3963,4046,4041
3964,4047,4046
3965,4048,4039
3966,4049,4048
3967,4050,4051
3968,4052,4053
3969,4051,4052
3970,4054,4050
3971,4055,4056
3972,4057,4058
3973,4058,4059
3974,4059,4060
3975,4060,4055
3976,4061,4057
3977,4062,4061
3978,4063,4062
3979,4064,4065
3980,4066,4063
3981,4065,4066
3982,4067,4064
3983,4068,4069
3984,4070,4071
3985,4072,4070
3986,4073,4074
3987,4075,4076
3988,4074,4077
3989,4078,4073
3990,4079,4075
3991,4077,4079
3992,4080,4081
3993,4082,4080
3994,4083,4084
3995,4085,4083
3996,4086,4085
3997,4087,4088
3998,4089,4087
3999,4088,4086
4000,4090,4091
4001,4092,4093
4002,4094,4092
4003,4095,4094
4004,4096,4095
4005,4097,4098
4006,4099,4097
4007,4100,2744
4008,4101,2746
4009,4102,4101
4010,4103,4104
4011,4105,4106
4012,4106,4103
4013,4107,4105
4014,2741,2737
4015,4108,2691
4016,4109,4110
4017,4111,4109
4018,4112,4113
4019,4114,2686
4020,4113,4114
4021,4115,2685
4022,4116,4115
4023,4117,2678
4024,4118,4117
4025,4119,2681
4026,4120,4119
4027,4121,4120
4028,4122,4121
4029,4123,4122
4030,4124,4123
4031,4125,4126
4032,4127,4128
4033,4129,4124
4034,4130,4131
4035,4131,4132
4036,4132,4125
4037,4133,4130
4038,4128,4133
4039,4126,4129
4040,4134,4127
4041,4135,4120
4042,4136,4135
4043,4137,4121
4044,4138,4122
4045,4139,4140
4046,4141,4139
4047,4142,4141
4048,4143,4142
4049,4144,4143
4050,4145,4143
4051,4146,4145
4052,4147,4146
4053,4148,4149
4054,4150,4151
4055,4152,4142
4056,4153,4152
4057,4140,4138
4058,4154,4155
4059,4155,2674
4060,4156,4154
4061,4157,4158
4062,4158,4156
4063,4159,2544
4064,4160,4159
4065,4161,4160
4066,4162,2560
4067,4163,4162
4068,4164,4163
4069,4165,2564
4070,4166,4165
4071,4167,2570
4072,4168,4167
4073,4169,4168
4074,4170,4167
4075,4171,4170
4076,4172,4173
4077,4173,2571
4078,4174,2573
4079,4175,4174
4080,4176,4177
4081,4177,2577
4082,4178,2588
4083,4179,4178
4084,4180,4179
4085,4181,2587
4086,4182,4181
4087,4183,2585
4088,4184,4185
4089,4185,4186
4090,4186,4187
4091,4188,4189
4092,4189,4183
4093,4187,4188
4094,4190,2586
4095,4191,4192
4096,4193,2584
4097,4194,4193
4098,4195,4194
4099,4196,4197
4100,4198,4193
4101,4199,4196
4102,4200,4198
4103,4197,4200
4104,4201,3021
4105,4202,2580
4106,4203,4204
4107,4205,4206
4108,4206,4207
4109,4208,4205
4110,4209,2572
4111,4210,2591
4112,4211,4210
4113,4212,4213
4114,4214,4212
4115,4215,4214
4116,4213,4216
4117,4216,4217
4118,4217,4218
4119,4219,4218
4120,4218,4211
4121,4220,4221
4122,4222,4220
4123,4221,2594
4124,4223,4224
4125,4224,2598
4126,4225,4223
4127,4226,2609
4128,4227,2610
4129,4228,4227
4130,4229,4228
4131,4230,4229
4132,4231,4230
4133,4232,2612
4134,4233,4232
4135,4234,4233
4136,4235,4236
4137,4237,4235
4138,4238,4239
4139,4240,4238
4140,4241,4242
4141,4243,4244
4142,4245,4241
4143,4244,4245
4144,4246,4243
4145,4247,2616
4146,4248,4247
4147,4249,4248
4148,4250,4247
4149,4251,4252
4150,4253,4254
4151,4252,4253
4152,4254,4255
4153,4255,4250
4154,4256,4251
4155,4257,2617
4156,4258,4257
4157,4259,2620
4158,4260,4259
4159,4261,2621
4160,4262,4261
4161,4263,3027
4162,4264,3026
4163,4265,4266
4164,4267,4268
4165,4269,4270
4166,4270,2635
4167,4271,2639
4168,4272,4273
4169,4274,4271
4170,4273,4274
4171,4275,4271
4172,4276,4275
4173,4277,2638
4174,4278,4277
4175,4279,4278
4176,4280,4281
4177,4282,4280
4178,4283,4284
4179,4285,4286
4180,4287,2654
4181,4288,4285
4182,4286,4287
4183,4289,2652
4184,4290,4289
4185,4291,4290
4186,4292,4291
4187,4293,2669
4188,4294,4293
4189,4295,4294
4190,4296,4295
4191,4297,2611
4192,4298,4299
4193,4299,2606
4194,4300,4298
4195,4301,2989
4196,4302,4301
4197,4303,4302
4198,4304,2988
4199,4305,4304
4200,4306,2987
4201,4307,2981
4202,4308,4307
4203,4309,2599
4204,4310,4309
4205,4311,2597
4206,4312,4313
4207,4313,4311
4208,4314,2595
4209,4315,4314
4210,4316,2559
4211,4317,4316
4212,4318,4316
4213,4319,4318
4214,4320,4321
4215,4322,4320
4216,4323,4322
4217,4324,4323
4218,4325,4324
4219,4326,4325
4220,4327,4322
4221,4328,4327
4222,4329,4328
4223,4330,4327
4224,4331,4330
4225,4332,4333
4226,4333,4334
4227,4334,4331
4228,4321,2553
4229,4335,3129
4230,4336,4335
4231,3129,2538
4232,4337,4338
4233,4338,4336
4234,4339,4340
4235,4340,4337
4236,4341,4339
4237,4342,4341
4238,4343,4344
4239,4345,4343
4240,4346,4345
4241,4347,4341
4242,4348,4347
4243,4349,4350
4244,4350,4336
4245,4351,4352
4246,4352,4353
4247,4353,2536
4248,4354,4351
4249,4355,4354
4250,4356,4355
4251,4357,4356
4252,4358,4357
4253,4359,4357
4254,4360,4359
4255,4361,4360
4256,4362,4360
4257,4363,4362
4258,4364,4359
4259,4365,4364
4260,4366,4354
4261,4367,4366
4262,4368,4366
4263,4369,4368
4264,4370,4351
4265,4371,4372
4266,4372,4370
4267,4373,4374
4268,4374,4370
4269,4375,4376
4270,4376,4377
4271,4377,2528
4272,4378,4375
4273,4379,4380
4274,4380,4378
4275,4381,4382
4276,4382,2525
4277,4383,4381
4278,4384,4383
4279,4385,4386
4280,4387,4385
4281,4388,4389
4282,4390,4388
4283,4391,4392
4284,4393,4391
4285,4394,4395
4286,4395,4393
4287,4396,4394
4288,4397,4394
4289,4398,4391
4290,4399,4400
4291,4401,4398
4292,4400,4401
4293,4402,4403
4294,4403,4404
4295,4404,2524
4296,4405,4402
4297,4406,4407
4298,4407,2520
4299,4408,4406
4300,4409,4408
4301,4410,4406
4302,4411,4412
4303,4412,2517
4304,4413,4411
4305,4414,4415
4306,4415,2515
4307,4416,4417
4308,4417,2510
4309,4418,2479
4310,4419,4418
4311,4420,2480
4312,4421,2481
4313,4422,2482
4314,4423,2483
4315,4424,4425
4316,4426,2486
4317,4425,4426
4318,4427,2489
4319,4428,4427
4320,4429,2490
4321,4430,2492
4322,4431,4432
4323,4433,4430
4324,4432,4433
4325,4434,4431
4326,4435,4434
4327,4436,2494
4328,4437,2495
4329,4438,4437
4330,4439,4438
4331,4440,4439
4332,4441,4442
4333,4442,4440
4334,4443,4437
4335,4444,2498
4336,4445,4444
4337,4446,4445
4338,4447,2502
4339,4448,4447
4340,4449,2503
4341,4450,4451
4342,4451,4449
4343,4452,2504
4344,4453,2505
4345,4454,2501
4346,4455,2969
4347,4456,4455
4348,4457,2499
4349,4458,2497
4350,4459,4458
4351,4460,4458
4352,4461,2496
4353,4462,2493
4354,4463,4462
4355,4464,4463
4356,4465,2960
4357,4466,2961
4358,4467,2962
4359,4468,2959
4360,4469,2958
4361,4470,2476
4362,4471,2974
4363,4472,4473
4364,4473,4474
4365,4474,3432
4366,4475,4472
4367,4476,4475
4368,4477,4472
4369,4478,4479
4370,4480,4478
4371,4481,4482
4372,4482,4478
4373,4483,2957
4374,3265,4483
4375,2586,4484
4376,4484,4485
4377,4486,4487
4378,4488,3743
4379,4489,4490
4380,4490,4491
4381,2467,4492
4382,4493,4494
4383,4495,3571
4384,4496,4495
4385,4485,2577
4386,4497,4498
4387,4499,4500
4388,4500,4209
4389,2595,4501
4390,4502,3941
4391,4503,2761
4392,2758,2793
4393,3107,3885
4394,4504,4505
4395,4506,4507
4396,4507,4508
4397,4509,4508
4398,4510,4509
4399,4511,2514
4400,2512,2862
4401,3120,4512
4402,4494,2767
4403,4513,4496
4404,2862,2473
4405,4508,4511
4406,2516,4506
4407,4514,4485
4408,4501,2593
4409,3941,2688
4410,3885,2754
4411,2793,3107
4412,2769,4493
4413,4505,4515
4414,4516,3120
4415,4517,4516
4416,4498,4209
4417,4518,4519
4418,4519,4520
4419,4520,3257
4420,4521,4513
4421,4522,4510
4422,3755,4523
4423,4523,3750
4424,2761,2755
4425,4524,2556
4426,2991,4525
4427,2778,4526
4428,4526,2991
4429,2542,4527
4430,4528,2540
4431,4527,4528
4432,4529,4530
4433,4530,4527
4434,4487,4531
4435,4531,4532
4436,4533,4159
4437,4532,4533
4438,3898,4534
4439,4534,3010
4440,3012,4535
4441,4535,4536
4442,4536,3898
4443,4537,4538
4444,4539,4505
4445,4538,4540
4446,4540,4539
4447,4515,3111
4448,3056,4541
4449,4542,4543
4450,4541,4542
4451,4543,4492
4452,2955,4544
4453,4544,3263
4454,4545,4546
4455,4547,2953
4456,4546,4547
4457,3263,4545
4458,4512,3122
4459,3123,4548
4460,4548,3255
4461,1162,3836
4462,3836,2789
4463,2615,4549
4464,4242,4549
4465,4549,2613
4466,4266,4550
4467,4551,2625
4468,4550,4551
4469,4552,4550
4470,4281,4551
4471,4268,4552
4472,2628,4552
4473,4553,2649
4474,4284,4553
4475,2653,4553
4476,4110,4554
4477,3947,4555
4478,4555,4556
4479,4554,4555
4480,2690,4554
4481,4556,4557
4482,4557,4502
4483,3943,4557
4484,4558,2696
4485,4559,4558
4486,4056,4558
4487,2723,4559
4488,4560,4559
4489,4561,4560
4490,4053,4560
4491,2698,4561
4492,4040,4561
4493,4562,2734
4494,4069,4562
4495,2738,4562
4496,2743,4563
4497,4076,4564
4498,4564,2740
4499,4563,4564
4500,4081,4565
4501,4565,4563
4502,4084,4565
4503,4566,2742
4504,4567,4566
4505,4104,4566
4506,4091,4567
4507,2745,4567
4508,4568,2776
4509,3852,4568
4510,4569,4568
4511,3849,4569
4512,4525,4569
4513,2808,4570
4514,3804,4570
4515,4570,4571
4516,4571,4572
4517,3806,4572
4518,4572,4573
4519,3086,4573
4520,4573,2806
4521,2842,4574
4522,3655,4574
4523,4574,2840
4524,2871,4575
4525,4575,2869
4526,3465,4575
4527,3463,4576
4528,2873,4577
4529,4577,4576
4530,4576,2870
4531,4578,4579
4532,4579,2915
4533,2917,4579
4534,2927,4580
4535,3141,4581
4536,4581,2921
4537,2948,4580
4538,4580,4581
4539,3214,4582
4540,4582,4583
4541,4583,3212
4542,4584,2916
4543,3513,4584
4544,4585,4584
4545,3515,4585
4546,3510,4585
4547,3606,4586
4548,4586,3600
4549,3610,4586
4550,3690,4587
4551,3688,4587
4552,4587,2830
4553,4588,3962
4554,3981,4588
4555,3964,4588
4556,4028,4589
4557,4019,4589
4558,4589,2721
4559,4026,4590
4560,4590,4018
4561,4021,4590
4562,4071,4591
4563,4591,4068
4564,4592,4090
4565,4098,4592
4566,4093,4592
4567,4149,4593
4568,4151,4594
4569,4594,4147
4570,4593,4594
4571,4595,4234
4572,4239,4595
4573,4236,4595
4574,4596,4342
4575,4344,4596
4576,4597,4384
4577,4598,4597
4578,4392,4597
4579,4386,4598
4580,4389,4598
4581,4599,4514
4582,4600,4599
4583,4601,4600
4584,2579,4601
4585,4192,4601
4586,4204,4600
4587,4207,4599
4588,3112,4602
4589,4602,4603
4590,4603,4488
4591,3115,4602
4592,4604,4605
4593,4605,4479
4594,4606,3491
4595,4479,4606
4596,3518,4578
4597,4607,4578
4598,4608,4607
4599,3118,4608
4600,4609,2675
4601,4610,4611
4602,4611,4609
4603,4612,3795
4604,4492,4613
4605,4613,4491
4606,4614,4615
4607,4616,4614
4608,4617,4616
4609,4618,4615
4610,4619,4620
4611,4621,4619
4612,4622,4621
4613,4623,4622
4614,4624,4623
4615,4625,4624
4616,4626,4625
4617,4627,4626
4618,4628,4627
4619,4629,4628
4620,4630,4629
4621,4631,4632
4622,4633,4631
4623,4634,4633
4624,4635,4636
4625,4637,4635
4626,4638,4637
4627,4639,4640
4628,4641,4639
4629,4642,4643
4630,4643,4644
4631,4645,4642
4632,4646,4645
4633,4647,4648
4634,4648,4649
4635,4649,4646
4636,4650,4647
4637,4651,4650
4638,4652,4651
4639,4653,4654
4640,4655,4653
4641,4656,4655
4642,4657,4656
4643,4658,4657
4644,4659,4660
4645,4660,4646
4646,4661,4659
4647,4662,4663
4648,4663,4661
4649,4664,4665
4650,4666,4664
4651,4667,4668
4652,4668,4669
4653,4670,4667
4654,4671,4672
4655,4672,4670
4656,4673,4671
4657,4674,4673
4658,4675,4676
4659,4676,4674
4660,4677,4675
4661,4678,4677
4662,4679,4678
4663,4680,4679
4664,4681,4680
4665,4682,4681
4666,4683,4682
4667,4684,4683
4668,4685,4684
4669,4686,4687
4670,4687,4688
4671,4689,4686
4672,4690,4689
4673,4691,4690
4674,4692,4691
4675,4693,4692
4676,4694,4693
4677,4695,4694
4678,4696,4670
4679,4697,4698
4680,4698,4699
4681,4700,4697
4682,4701,4700
4683,4702,4701
4684,4703,4702
4685,4704,4703
4686,4705,4704
4687,4706,4705
4688,4707,4708
4689,4709,4706
4690,4710,4709
4691,4711,4712
4692,4712,4710
4693,4708,4711
4694,4713,4707
4695,4714,4713
4696,4715,4714
4697,4716,4715
4698,4717,4718
4699,4719,4720
4700,4721,4722
4701,4723,4721
4702,4722,4719
4703,4724,4723
4704,4725,4724
4705,4726,4725
4706,4727,4726
4707,4728,4729
4708,4729,4727
4709,4730,4728
4710,4731,4732
4711,4733,4734
4712,4734,4731
4713,4735,4733
4714,4736,4735
4715,4737,4736
4716,4738,4737
4717,4739,4738
4718,4740,4739
4719,4741,4740
4720,4742,4741
4721,4743,4744
4722,4744,4742
4723,4745,4743
4724,4746,4745
4725,4747,4748
4726,4749,4747
4727,4748,4746
4728,4750,4749
4729,4751,4752
4730,4752,4750
4731,4753,4751
4732,4754,4753
4733,4755,4746
4734,4756,4757
4735,4758,4756
4736,4759,4758
4737,4760,4759
4738,4761,4760
4739,4762,4763
4740,4763,4761
4741,4764,4762
4742,4765,4766
4743,4766,4764
4744,4767,4765
4745,4768,4758
4746,4769,4768
4747,4770,4769
4748,4771,4770
4749,4772,4771
4750,4773,4772
4751,4774,4773
4752,4775,4774
4753,4776,4775
4754,4777,4776
4755,4778,4745
4756,4779,4778
4757,4780,4779
4758,4781,4782
4759,4783,4780
4760,4782,4784
4761,4784,4783
4762,4785,4781
4763,4786,4785
4764,4787,4730
4765,4788,4787
4766,4789,4790
4767,4790,4788
4768,4791,4792
4769,4792,4789
4770,4793,4791
4771,4794,4793
4772,4795,4794
4773,4796,4797
4774,4798,4799
4775,4799,4795
4776,4797,4798
4777,4800,4796
4778,4801,4800
4779,4802,4801
4780,4803,4802
4781,4804,4803
4782,4805,4806
4783,4806,4804
4784,4807,4805
4785,4808,4807
4786,4809,4808
4787,4810,4809
4788,4811,4812
4789,4812,4810
4790,4813,4811
4791,4814,4813
4792,4815,4814
4793,4816,4815
4794,4817,4816
4795,4818,4817
4796,4819,4818
4797,4820,4821
4798,4822,4820
4799,4823,4822
4800,4824,4823
4801,4825,4826
4802,4827,4825
4803,4828,4827
4804,4829,4828
4805,4830,4831
4806,4832,4833
4807,4834,4832
4808,4835,4834
4809,4836,4825
4810,4837,4836
4811,4838,4837
4812,4839,4838
4813,4840,4820
4814,4841,4840
4815,4842,4843
4816,4844,4842
4817,4845,4846
4818,4847,4848
4819,4849,4845
4820,4848,4849
4821,4850,4847
4822,4851,4850
4823,4852,4851
4824,4853,4852
4825,4854,4855
4826,4856,4855
4827,4857,4858
4828,4858,4859
4829,4859,4808
4830,4860,4857
4831,4861,4860
4832,4862,4861
4833,4863,4862
4834,4864,4863
4835,4865,4866
4836,4866,4864
4837,4867,4865
4838,4868,4867
4839,4869,4805
4840,4870,4869
4841,4871,4870
4842,4872,4871
4843,4873,4872
4844,4874,4873
4845,4875,4874
4846,4876,4875
4847,4877,4876
4848,4878,4795
4849,4879,4880
4850,4880,4878
4851,4881,4882
4852,4883,4881
4853,4882,4662
4854,4884,4883
4855,4885,4884
4856,4886,4885
4857,4887,4886
4858,4888,4887
4859,4889,4888
4860,4890,4889
4861,4891,4892
4862,4893,4891
4863,4894,4893
4864,4895,4894
4865,4896,4895
4866,4897,4896
4867,4898,4897
4868,4899,4898
4869,4900,4899
4870,4901,4900
4871,4902,4901
4872,4903,4902
4873,4904,4903
4874,4905,4904
4875,4906,4905
4876,4907,4906
4877,4908,4907
4878,4909,4908
4879,4910,4909
4880,4911,4910
4881,4912,4913
4882,4914,4911
4883,4913,4914
4884,4915,4912
4885,4916,4917
4886,4917,4918
4887,4918,4642
4888,4919,4916
4889,4920,4919
4890,4921,4920
4891,4922,4921
4892,4923,4924
4893,4925,4922
4894,4924,4925
4895,4926,4732
4896,4927,4926
4897,4928,4927
4898,4929,4928
4899,4930,4929
4900,4931,4932
4901,4933,4934
4902,4935,4933
4903,4936,4935
4904,4937,4938
4905,4938,4939
4906,4940,4941
4907,4941,4791
4908,4942,4940
4909,4943,4942
4910,4944,4943
4911,4945,4944
4912,4946,4947
4913,4947,4948
4914,4948,4666
4915,4949,4946
4916,4950,4949
4917,4951,4950
4918,4952,4951
4919,4953,4954
4920,4954,4664
4921,4955,4953
4922,4956,4955
4923,4957,4958
4924,4958,4959
4925,4959,4960
4926,4961,4957
4927,4962,4961
4928,4963,4964
4929,4964,4965
4930,4965,4659
4931,4966,4963
4932,4967,4966
4933,4968,4967
4934,4969,4968
4935,4970,4971
4936,4971,4969
4937,4972,4970
4938,4973,4972
4939,4974,4975
4940,4975,4718
4941,4976,4974
4942,4977,4976
4943,4978,4700
4944,4979,4978
4945,4980,4981
4946,4982,4979
4947,4983,4982
4948,4984,4983
4949,4981,4984
4950,4985,4986
4951,4987,4988
4952,4986,4987
4953,4989,4990
4954,4990,4991
4955,4992,4639
4956,4991,4992
4957,4993,4989
4958,4994,4993
4959,4995,4994
4960,4996,4735
4961,4997,4998
4962,4998,4999
4963,4999,4996
4964,5000,4997
4965,5001,5000
4966,5002,5003
4967,5004,5001
4968,5003,5004
4969,5005,5002
4970,5006,5007
4971,5007,4665
4972,5008,5006
4973,5009,5008
4974,5010,5011
4975,5011,5009
4976,5012,4654
4977,5013,5014
4978,5014,5012
4979,5015,5016
4980,5017,5015
4981,5018,5017
4982,5019,5018
4983,5020,5019
4984,5021,5022
4985,5022,4728
4986,5023,5021
4987,5024,4618
4988,5025,5024
4989,5026,5025
4990,5027,5026
4991,5028,5027
4992,5029,5028
4993,5030,5029
4994,5031,5030
4995,5032,5033
4996,5033,4880
4997,5034,4840
4998,5035,5036
4999,5037,4801
5000,5038,5039
5001,5039,5037
5002,5040,5038
5003,5041,5040
5004,5042,5043
5005,5043,5044
5006,5044,5041
5007,5045,5042
5008,5046,5047
5009,5047,4788
5010,5048,5046
5011,5049,5048
5012,5050,5049
5013,5051,5052
5014,5052,5053
5015,5053,4644
5016,5054,5051
5017,5055,5054
5018,5056,5055
5019,5057,5058
5020,5058,5056
5021,5059,4885
5022,5060,5059
5023,5061,5062
5024,5062,4667
5025,5063,5061
5026,5064,5063
5027,5065,5064
5028,5066,5065
5029,5067,5068
5030,5069,5067
5031,5070,5066
5032,5068,5070
5033,5071,4886
5034,5072,5071
5035,5073,5072
5036,5074,5073
5037,5075,5074
5038,5076,5075
5039,5077,4903
5040,5078,5077
5041,5079,5080
5042,5081,5079
5043,5082,5081
5044,5083,5084
5045,5084,4696
5046,5085,5083
5047,5086,5085
5048,5087,5088
5049,5088,5089
5050,5090,5091
5051,5092,5090
5052,5091,4894
5053,5093,5094
5054,5094,5092
5055,5095,5096
5056,5096,5097
5057,5098,4640
5058,5097,5098
5059,5099,5095
5060,5100,5099
5061,5101,5100
5062,5102,5101
5063,5103,5102
5064,5104,5103
5065,5105,5106
5066,5106,4723
5067,5107,5105
5068,5108,5107
5069,5109,5108
5070,5110,5109
5071,5111,4906
5072,5112,5113
5073,5113,4721
5074,5114,4726
5075,5115,5114
5076,5116,5115
5077,5117,5116
5078,5118,5119
5079,5120,5121
5080,5119,5120
5081,5121,4661
5082,5122,5118
5083,5123,5122
5084,5124,5125
5085,5125,5126
5086,5126,4641
5087,5127,5124
5088,5128,5129
5089,5129,5127
5090,5130,5128
5091,5131,4900
5092,5132,5131
5093,5133,5134
5094,5135,5136
5095,5134,5137
5096,5138,5139
5097,5139,5140
5098,5140,5135
5099,5137,5138
5100,5141,5133
5101,5142,5141
5102,5143,5142
5103,5144,5143
5104,5145,5146
5105,5147,5145
5106,5148,5149
5107,5150,5148
5108,5151,5152
5109,5153,5154
5110,5155,5156
5111,5157,5155
5112,5158,5159
5113,5160,5161
5114,5162,5160
5115,5163,5164
5116,5165,5166
5117,5166,5167
5118,5168,5169
5119,5169,5170
5120,5171,5172
5121,5173,5174
5122,5175,5173
5123,5176,5177
5124,5178,5179
5125,5180,4744
5126,5181,5182
5127,5182,5183
5128,5183,4741
5129,5184,5185
5130,5186,5187
5131,5188,5189
5132,5189,5190
5133,5191,5192
5134,5193,5194
5135,5195,5196
5136,5197,5198
5137,5198,5199
5138,5199,5200
5139,5201,5197
5140,5202,5201
5141,5203,5201
5142,5204,5197
5143,5205,5206
5144,5206,5207
5145,5207,4638
5146,5208,5205
5147,5209,5208
5148,5210,5208
5149,5211,5205
5150,5212,5099
5151,5213,5103
5152,5214,5102
5153,5215,5101
5154,5216,5100
5155,5217,5095
5156,5218,5128
5157,5219,5127
5158,5220,5219
5159,5221,5124
5160,5222,5223
5161,5224,5222
5162,5223,5225
5163,5225,5226
5164,5227,5055
5165,5228,5227
5166,5229,5230
5167,5230,5231
5168,5231,5228
5169,5232,5056
5170,5233,5232
5171,5234,5233
5172,5235,5054
5173,5236,5051
5174,5237,5238
5175,5238,5239
5176,5239,4645
5177,5240,5118
5178,5241,5122
5179,5242,5241
5180,5243,4892
5181,5244,5243
5182,5245,5243
5183,5246,4891
5184,5247,5092
5185,5248,4897
5186,5249,4898
5187,5250,5249
5188,5251,5249
5189,5252,5253
5190,5254,5252
5191,5255,5079
5192,5256,5255
5193,5257,5077
5194,5258,5257
5195,5259,5257
5196,5260,4904
5197,5261,5260
5198,5262,4908
5199,5263,5262
5200,5264,5262
5201,5265,5266
5202,5267,4910
5203,5266,5268
5204,5268,5267
5205,5269,4911
5206,5270,4912
5207,5271,4907
5208,5272,5271
5209,5273,5271
5210,5274,4905
5211,5275,5274
5212,5276,5275
5213,5277,5274
5214,5278,5277
5215,5279,5131
5216,5280,4899
5217,5281,5280
5218,5282,4893
5219,5283,4890
5220,5284,5283
5221,5285,5283
5222,5286,4889
5223,5287,5071
5224,5288,5287
5225,5289,5073
5226,5290,5074
5227,5291,5290
5228,5292,5072
5229,5293,5292
5230,5294,5059
5231,5295,4884
5232,5296,4883
5233,5297,5296
5234,5298,5296
5235,5299,5300
5236,5301,5302
5237,5300,5301
5238,5303,5133
5239,5304,5143
5240,5305,5144
5241,5306,5305
5242,5307,5144
5243,5308,5307
5244,5309,5308
5245,5310,5309
5246,5311,5310
5247,5312,5313
5248,5314,5307
5249,5313,5314
5250,5315,5142
5251,5316,5141
5252,5317,5318
5253,5318,5319
5254,5320,5321
5255,5321,5064
5256,5322,5066
5257,5323,5065
5258,5324,5083
5259,5325,5326
5260,5326,4720
5261,5327,5325
5262,5328,5329
5263,5329,5330
5264,5331,5327
5265,5330,5331
5266,5332,5333
5267,5334,5325
5268,5335,5332
5269,5333,5334
5270,5336,5335
5271,5337,5336
5272,5338,5337
5273,5339,5338
5274,5340,5339
5275,5341,5338
5276,5342,5343
5277,5343,5341
5278,5344,5345
5279,5346,5344
5280,5347,5339
5281,5345,5347
5282,5348,5335
5283,5349,5350
5284,5351,5348
5285,5352,5349
5286,5350,5351
5287,5353,5348
5288,5354,5353
5289,5355,5354
5290,5356,5355
5291,5357,5354
5292,5358,5355
5293,5359,5360
5294,5360,5353
5295,5361,5359
5296,5362,5361
5297,5363,5362
5298,5364,5363
5299,5365,5364
5300,5366,5363
5301,5367,5366
5302,5368,5327
5303,5369,5370
5304,5370,4722
5305,5371,5105
5306,5372,5371
5307,5373,5372
5308,5374,5110
5309,5375,5374
5310,5376,5377
5311,5378,5379
5312,5380,5381
5313,5382,5374
5314,5383,5110
5315,5384,5385
5316,5386,5109
5317,5385,5386
5318,5387,5107
5319,5388,5387
5320,5389,5388
5321,5390,5388
5322,5391,5387
5323,5392,5393
5324,5393,4724
5325,5394,5116
5326,5395,5115
5327,5396,5397
5328,5397,5398
5329,5398,4787
5330,5399,5048
5331,5400,5399
5332,5401,5049
5333,5402,5401
5334,5403,5046
5335,5404,5403
5336,5405,5403
5337,5406,5405
5338,5407,5408
5339,5408,4790
5340,5409,5410
5341,5411,4789
5342,5410,5411
5343,5412,5409
5344,5413,5414
5345,5414,4793
5346,5415,5413
5347,5416,5417
5348,5417,5418
5349,5418,4794
5350,5419,5420
5351,5420,5421
5352,5421,4878
5353,5422,5419
5354,5423,5422
5355,5424,5423
5356,5425,5426
5357,5427,5423
5358,5426,5427
5359,5428,5425
5360,5429,5428
5361,5430,5422
5362,5431,5419
5363,5432,5431
5364,5433,5434
5365,5434,4879
5366,5435,5433
5367,5436,5437
5368,5437,5438
5369,5438,5435
5370,5439,5433
5371,5440,4803
5372,5441,5440
5373,5442,5441
5374,5443,5442
5375,5444,5443
5376,5445,5440
5377,5446,4811
5378,5447,4814
5379,5448,4823
5380,5449,5448
5381,5450,5448
5382,5451,5450
5383,5452,5450
5384,5453,5452
5385,5454,4827
5386,5455,4831
5387,5456,5457
5388,5457,5458
5389,5459,4832
5390,5460,5459
5391,5461,5460
5392,5462,5460
5393,5463,5462
5394,5464,4829
5395,5465,5464
5396,5466,5464
5397,5467,4828
5398,5468,5469
5399,5469,4837
5400,5470,4836
5401,5471,5470
5402,5472,5471
5403,5473,5474
5404,5475,5470
5405,5476,5477
5406,5478,5476
5407,5479,5471
5408,5480,4826
5409,5481,5480
5410,5482,5483
5411,5483,5484
5412,5484,5485
5413,5485,5486
5414,5487,5488
5415,5489,5487
5416,5486,5480
5417,5490,5491
5418,5492,4822
5419,5493,5492
5420,5494,5495
5421,5496,4842
5422,5497,5496
5423,5498,5497
5424,5499,5500
5425,5501,5499
5426,5502,5503
5427,5503,5501
5428,5504,5505
5429,5505,5501
5430,5506,5504
5431,5507,4845
5432,5508,5509
5433,5509,5507
5434,5510,5511
5435,5511,5507
5436,5512,4851
5437,5513,5512
5438,5514,5515
5439,5516,5514
5440,5517,5516
5441,5518,5517
5442,5519,5518
5443,5520,5517
5444,5521,5520
5445,5522,5520
5446,5523,5036
5447,5524,5034
5448,5525,5526
5449,5527,5525
5450,5528,5525
5451,5529,5528
5452,5530,5529
5453,5531,5528
5454,5532,4818
5455,5533,4810
5456,5534,5533
5457,5535,4861
5458,5536,4867
5459,5537,5536
5460,5538,4860
5461,5539,5538
5462,5540,4807
5463,5541,5540
5464,5542,5543
5465,5543,5540
5466,5544,4869
5467,5545,4871
5468,5546,4875
5469,5547,4872
5470,5548,5549
5471,5549,4804
5472,5550,5551
5473,5551,5548
5474,5552,5553
5475,5554,4802
5476,5553,5555
5477,5555,5556
5478,5556,5554
5479,5557,4943
5480,5558,5559
5481,5560,4792
5482,5559,5560
5483,5561,4731
5484,5562,5563
5485,5564,5565
5486,5566,5567
5487,5568,5564
5488,5565,5569
5489,5567,5562
5490,5563,4736
5491,5569,5566
5492,5570,5571
5493,5572,5573
5494,5571,5572
5495,5574,5575
5496,5576,4737
5497,5577,4738
5498,5578,4739
5499,5579,5580
5500,5580,4740
5501,5581,4742
5502,5582,4743
5503,5583,4749
5504,5584,5583
5505,5585,5584
5506,5586,5587
5507,5588,5589
5508,5587,5588
5509,5589,5590
5510,5590,4768
5511,5591,5586
5512,5592,5591
5513,5593,5586
5514,5594,5593
5515,5595,5596
5516,5597,5598
5517,5599,5594
5518,5600,5601
5519,5601,5602
5520,5596,5600
5521,5598,5599
5522,5602,5597
5523,5603,5595
5524,5604,4776
5525,5605,5604
5526,5606,5607
5527,5607,4762
5528,5608,5606
5529,5609,5610
5530,5610,5608
5531,5611,5609
5532,5612,5611
5533,5613,5614
5534,5615,5613
5535,5614,4764
5536,5616,5617
5537,5618,5619
5538,5619,4760
5539,5620,5618
5540,5617,5620
5541,5621,5616
5542,5622,5616
5543,5623,5622
5544,5624,4756
5545,5625,5626
5546,5627,4778
5547,5628,4780
5548,5629,4779
5549,5630,5629
5550,5631,5001
5551,5632,5631
5552,5633,4929
5553,5634,5635
5554,5636,5634
5555,5635,5633
5556,5637,5636
5557,5638,5639
5558,5640,5638
5559,5641,5640
5560,5642,5641
5561,5643,5644
5562,5645,5646
5563,5647,5645
5564,5644,5648
5565,5648,5647
5566,5649,5643
5567,5650,5642
5568,5646,4928
5569,5651,4926
5570,5652,5021
5571,5653,5654
5572,5655,5652
5573,5654,5656
5574,5656,5655
5575,5657,5652
5576,5658,5659
5577,5659,5660
5578,5660,5657
5579,5661,5023
5580,5662,5661
5581,5663,4725
5582,5664,5663
5583,5665,5664
5584,5666,5665
5585,5667,5664
5586,5668,5669
5587,5669,5670
5588,5670,5665
5589,5671,4974
5590,5672,5673
5591,5673,5674
5592,5674,4705
5593,5675,4715
5594,5676,5677
5595,5677,5678
5596,5679,5675
5597,5680,5676
5598,5678,5679
5599,5681,5675
5600,5682,4707
5601,5683,4702
5602,5684,5683
5603,5685,5684
5604,5686,5684
5605,5687,5686
5606,5688,5689
5607,5689,4701
5608,5690,4979
5609,5691,4697
5610,5692,4673
5611,5693,4678
5612,5694,4679
5613,5695,4681
5614,5696,4683
5615,5697,4684
5616,5698,4988
5617,5699,4689
5618,5700,5699
5619,5701,4692
5620,5702,5701
5621,5703,5701
5622,5704,5705
5623,5705,4695
5624,5706,5704
5625,5707,5708
5626,5709,5707
5627,5710,5711
5628,5712,5710
5629,5713,5712
5630,5714,5713
5631,5715,5714
5632,5716,5715
5633,5717,5716
5634,5718,4691
5635,5719,4690
5636,5720,5719
5637,5721,5720
5638,5722,5721
5639,5723,5721
5640,5724,5725
5641,5726,5727
5642,5725,5728
5643,5728,5726
5644,5729,5730
5645,5727,5731
5646,5730,5724
5647,5732,5733
5648,5734,5732
5649,5735,5734
5650,5736,5735
5651,5737,5720
5652,5738,5719
5653,5739,5738
5654,5740,5741
5655,5742,4685
5656,5743,5744
5657,5744,5745
5658,5746,5742
5659,5747,5743
5660,5745,5746
5661,5748,5749
5662,5749,5747
5663,5750,4682
5664,5751,5752
5665,5752,4680
5666,5753,4677
5667,5754,5753
5668,5755,4675
5669,5756,5755
5670,5757,4674
5671,5758,4671
5672,5759,5760
5673,5760,5761
5674,5762,4950
5675,5763,4951
5676,5764,4949
5677,5765,4946
5678,5766,4953
5679,5767,5768
5680,5769,5766
5681,5768,5769
5682,5770,4955
5683,5771,5772
5684,5772,5006
5685,5773,5771
5686,5774,5008
5687,5775,5774
5688,5776,5777
5689,5777,5778
5690,5779,5780
5691,5781,5782
5692,5780,5783
5693,5784,5785
5694,5782,5784
5695,5785,5779
5696,5786,5787
5697,5788,5789
5698,5787,5788
5699,5790,5791
5700,5791,4963
5701,5792,5790
5702,5793,5794
5703,5795,5796
5704,5794,4968
5705,5796,5793
5706,5797,4972
5707,5798,4970
5708,5799,4647
5709,5800,4650
5710,5801,4651
5711,5802,5012
5712,5803,4652
5713,5804,4656
5714,5805,5804
5715,5806,5805
5716,5807,5806
5717,5808,5806
5718,5809,5805
5719,5810,4655
5720,5811,4653
5721,5812,4921
5722,5813,5814
5723,5815,5812
5724,5814,5815
5725,5816,5817
5726,5818,5816
5727,5819,4919
5728,5820,5819
5729,5821,5819
5730,5822,4916
5731,5823,5824
5732,5824,5825
5733,5825,4643
5734,5826,5823
5735,5827,5826
5736,5828,5827
5737,5829,5826
5738,5830,5829
5739,5831,5823
5740,5832,4994
5741,5833,4993
5742,5834,4989
5743,5835,5836
5744,5836,5837
5745,5837,5838
5746,5839,4957
5747,5840,4961
5748,5841,5840
5749,5842,5840
5750,5843,4635
5751,5844,5843
5752,5845,5019
5753,5846,5015
5754,5847,4614
5755,5848,4616
5756,5849,4627
5757,5850,5849
5758,5851,5850
5759,5852,5849
5760,5853,4629
5761,5854,5855
5762,5856,5854
5763,5857,5854
5764,5858,5857
5765,5859,4628
5766,5860,4626
5767,5861,5860
5768,5862,4625
5769,5863,4619
5770,5864,5863
5771,5865,5866
5772,5866,5863
5773,5867,5865
5774,5868,5867
5775,5869,5867
5776,5870,5869
5777,5871,5865
5778,5872,4620
5779,5873,5872
5780,5874,5875
5781,5875,5873
5782,5876,5030
5783,5877,5027
5784,5878,5879
5785,5879,5880
5786,5149,5881
5787,5882,5132
5788,5883,5132
5789,5884,5885
5790,5885,5459
5791,5886,5149
5792,5887,5888
5793,4720,4717
5794,5889,5317
5795,5890,5891
5796,5892,4909
5797,5891,5892
5798,5893,5890
5799,5894,4920
5800,5817,5895
5801,5896,5897
5802,5898,5899
5803,5900,5898
5804,5897,5165
5805,5154,5901
5806,5902,5194
5807,5903,5904
5808,4988,4688
5809,4718,5905
5810,5906,4696
5811,4669,5907
5812,5907,5761
5813,5778,5908
5814,5908,5909
5815,5909,5319
5816,5136,5789
5817,5302,4662
5818,5910,5911
5819,5911,5237
5820,4644,5226
5821,4640,5838
5822,5912,5200
5823,5913,5912
5824,4615,5016
5825,5200,5914
5826,5789,5915
5827,5915,5302
5828,5089,4669
5829,5319,4939
5830,4939,5916
5831,5916,5783
5832,5783,5136
5833,4620,4618
5834,5917,5912
5835,4636,5917
5836,5838,4960
5837,5226,4641
5838,4665,5778
5839,5761,4666
5840,4699,5906
5841,5905,4699
5842,5918,5914
5843,5016,5918
5844,4688,4685
5845,5919,5896
5846,5920,5899
5847,5921,5920
5848,5922,5154
5849,5194,5903
5850,5923,5924
5851,5924,5925
5852,5925,5913
5853,5926,5237
5854,5927,4857
5855,5928,5927
5856,5929,5928
5857,5895,5894
5858,5930,5890
5859,5931,5932
5860,5932,5933
5861,4826,5934
5862,5935,5931
5863,5934,5935
5864,5936,5937
5865,5938,5939
5866,5937,5023
5867,5939,5936
5868,5940,5938
5869,5941,5937
5870,5942,5932
5871,4855,4853
5872,5943,5168
5873,5899,5167
5874,5944,5945
5875,5946,5897
5876,5947,5944
5877,5945,5946
5878,5948,5949
5879,5950,5896
5880,5949,5950
5881,5951,5948
5882,5159,5922
5883,5881,5151
5884,4831,5170
5885,5170,4829
5886,5952,5953
5887,5954,5952
5888,4732,5955
5889,5955,5954
5890,5953,5956
5891,5956,4730
5892,5957,5887
5893,5888,5884
5894,5174,5176
5895,5156,5958
5896,5959,5903
5897,5960,5959
5898,5961,5960
5899,5904,5962
5900,5963,5193
5901,5964,5902
5902,5965,5191
5903,5192,5961
5904,5966,5195
5905,5196,5184
5906,5185,5186
5907,5187,5188
5908,5741,5190
5909,5190,4686
5910,5855,5967
5911,5967,4630
5912,4632,5967
5913,4757,5968
5914,5969,4755
5915,5626,5969
5916,5968,5969
5917,5526,5970
5918,5970,4819
5919,4821,5970
5920,5971,4824
5921,5491,5971
5922,5933,5971
5923,5458,5972
5924,4833,5972
5925,5972,4830
5926,5973,4841
5927,5495,5973
5928,5974,5973
5929,4843,5974
5930,5515,5974
5931,5500,5975
5932,5975,4844
5933,4846,5975
5934,5639,5976
5935,5976,4930
5936,4932,5976
5937,5977,5978
5938,4934,5977
5939,5978,4931
5940,5253,5979
5941,5979,5078
5942,5080,5979
5943,5377,5980
5944,5980,5981
5945,5981,5375
5946,5381,5981
5947,5379,5980
5948,5474,5982
5949,5477,5982
5950,5982,5472
5951,5983,5482
5952,5488,5983
5953,5984,5983
5954,5985,5568
5955,5575,5985
5956,5573,5985
5957,5708,5986
5958,5711,5986
5959,5986,5706
5960,5733,5987
5961,5731,5987
5962,5987,5723
5963,5988,5163
5964,5152,5988
5965,5901,5988
5966,5164,5590
5967,5989,5175
5968,5172,5989
5969,5177,5990
5970,5179,5990
5971,5990,5991
5972,5161,5958
5973,5992,5724
5974,5993,5992
5975,5994,5993
5976,5958,5994
5977,5995,5108
5978,5996,5995
5979,5997,5996
5980,5998,5997
5981,5999,5998
5982,6000,5999
5983,5880,6000
5984,5991,5714
5985,5962,5736
5986,6001,4783
5987,6002,6001
5988,5146,6002
5989,4491,6003
5990,6004,6005
5991,6005,4879
5992,6003,6004
5993,6006,6007
5994,6007,6005
5995,6008,6009
5996,6010,6011
5997,6009,4717
5998,6011,6008
5999,6012,6010
6000,6013,6012
6001,6014,6013
6002,6015,6014
6003,6016,6017
6004,6017,6015
6005,6018,6016
6006,6019,6020
6007,6021,6022
6008,6023,6024
6009,6025,6019
6010,6022,6023
6011,6024,6025
6012,6026,6027
6013,6028,6026
6014,6027,6021
6015,6029,6030
6016,6030,6028
6017,6031,6029
6018,6032,6031
6019,6033,6034
6020,6035,6033
6021,6036,6035
6022,6037,6036
6023,6038,6037
6024,6039,6038
6025,6040,6041
6026,6041,6039
6027,6042,6040
6028,6043,6044
6029,6045,6042
6030,6044,6045
6031,6046,6047
6032,6048,6043
6033,6049,6048
6034,6047,6050
6035,6050,6049
6036,6051,6052
6037,6052,6053
6038,6054,6046
6039,6053,6054
6040,6055,6056
6041,6056,6028
6042,6057,6055
6043,6058,6059
6044,6059,6057
6045,6060,6061
6046,6062,6058
6047,6061,6062
6048,6063,6060
6049,6064,6063
6050,6065,6064
6051,6066,6067
6052,6067,6065
6053,6068,6069
6054,6069,6066
6055,6070,6068
6056,6071,6072
6057,6072,6070
6058,6073,6071
6059,6074,6073
6060,6075,6074
6061,6076,6077
6062,6078,6079
6063,6077,6075
6064,6080,6078
6065,6081,6076
6066,6079,6081
6067,6082,6080
6068,6083,6084
6069,6085,6086
6070,6087,6083
6071,6084,6082
6072,6086,6087
6073,6088,6085
6074,6089,6088
6075,6090,6089
6076,6091,6092
6077,6093,6091
6078,6092,6094
6079,6095,6090
6080,6094,6095
6081,6096,6097
6082,6097,6098
6083,6098,6093
6084,6099,6100
6085,6100,6096
6086,6101,6102
6087,6103,6099
6088,6102,6103
6089,6104,6105
6090,6106,6104
6091,6107,6106
6092,6108,6107
6093,6109,6108
6094,6110,6109
6095,6111,6110
6096,6112,6111
6097,6113,6112
6098,6114,6113
6099,6115,6114
6100,6116,6115
6101,6117,6116
6102,6118,6117
6103,6119,6118
6104,6120,6119
6105,6121,6122
6106,6123,6121
6107,6124,6123
6108,6125,6124
6109,6126,6125
6110,6127,6110
6111,6128,6127
6112,6129,6128
6113,6130,6129
6114,6131,6132
6115,6132,6130
6116,6133,6134
6117,6135,6133
6118,6136,6135
6119,6137,6136
6120,6138,6137
6121,6139,6138
6122,6140,6139
6123,6141,6140
6124,6142,6141
6125,6143,6142
6126,6144,6143
6127,6145,6144
6128,6146,6145
6129,6147,6146
6130,6148,6147
6131,6149,6150
6132,6150,6148
6133,6151,6152
6134,6153,6151
6135,6154,6153
6136,6155,6154
6137,6156,6157
6138,6158,6155
6139,6159,6158
6140,6157,6160
6141,6160,6159
6142,6161,6156
6143,6162,6161
6144,6163,6164
6145,6165,6166
6146,6164,6165
6147,6166,6167
6148,6168,6163
6149,6169,6168
6150,6170,6171
6151,6172,6173
6152,6171,6172
6153,6174,6170
6154,6175,6174
6155,6176,6175
6156,6177,6176
6157,6178,6177
6158,6179,6178
6159,6180,6179
6160,6181,6182
6161,6182,6183
6162,6184,6181
6163,6185,6184
6164,6186,6185
6165,6187,6186
6166,6188,6187
6167,6189,6188
6168,6190,6191
6169,6191,6013
6170,6192,6190
6171,6193,6192
6172,6194,6195
6173,6195,6193
6174,6196,6194
6175,6197,6196
6176,6198,6197
6177,6199,6198
6178,6200,6201
6179,6201,6199
6180,6202,6203
6181,6203,6019
6182,6204,6202
6183,6205,6204
6184,6206,6205
6185,6207,6206
6186,6208,6209
6187,6210,6208
6188,6211,6210
6189,6212,6211
6190,6213,6161
6191,6214,6213
6192,6215,6214
6193,6216,6215
6194,6217,6216
6195,6218,6217
6196,6219,6218
6197,6220,6219
6198,6221,6222
6199,6222,6220
6200,6223,6224
6201,6224,6063
6202,6225,6226
6203,6226,6223
6204,6227,6225
6205,6228,6229
6206,6229,6230
6207,6231,6228
6208,6232,6231
6209,6233,6232
6210,6234,6233
6211,6235,6236
6212,6236,6234
6213,6237,6238
6214,6238,6064
6215,6239,6237
6216,6240,6215
6217,6241,6242
6218,6242,6014
6219,6243,6244
6220,6244,6241
6221,6245,6156
6222,6246,6247
6223,6247,6245
6224,6248,6249
6225,6249,6015
6226,6250,6251
6227,6252,6253
6228,6254,6250
6229,6255,6248
6230,6253,6255
6231,6251,6252
6232,6256,6257
6233,6258,6256
6234,6257,6067
6235,6259,6138
6236,6260,6073
6237,6261,6260
6238,6262,6261
6239,6263,6264
6240,6264,6265
6241,6265,6262
6242,6266,6267
6243,6267,6089
6244,6268,6266
6245,6269,6268
6246,6270,6269
6247,6271,6272
6248,6272,6021
6249,6273,6271
6250,6274,6273
6251,6275,6274
6252,6276,6275
6253,6277,6276
6254,6278,6277
6255,6279,6278
6256,6280,6279
6257,6281,6280
6258,6282,6281
6259,6283,6282
6260,6284,6283
6261,6285,6284
6262,6286,6197
6263,6287,6286
6264,6288,6289
6265,6289,6287
6266,6290,6291
6267,6291,6055
6268,6292,6290
6269,6293,6292
6270,6294,6293
6271,6295,6294
6272,6296,6295
6273,6297,6296
6274,6298,6297
6275,6299,6298
6276,6300,6299
6277,6301,6300
6278,6302,6301
6279,6303,6302
6280,6304,6303
6281,6305,6304
6282,6306,6307
6283,6307,6308
6284,6308,6058
6285,6309,6306
6286,6310,6309
6287,6311,6033
6288,6312,6311
6289,6313,6314
6290,6315,6313
6291,6314,6312
6292,6316,6196
6293,6317,6318
6294,6318,6316
6295,6319,6320
6296,6321,6319
6297,6320,6322
6298,6322,6068
6299,6323,6321
6300,6324,6323
6301,6325,6324
6302,6326,6325
6303,6327,6326
6304,6328,6327
6305,6329,6328
6306,6330,6331
6307,6331,6329
6308,6332,6330
6309,6333,6334
6310,6335,6332
6311,6336,6335
6312,6334,6336
6313,6337,6333
6314,6338,6337
6315,6339,6338
6316,6340,6341
6317,6342,6343
6318,6343,6340
6319,6344,6342
6320,6345,6344
6321,6346,6347
6322,6347,6345
6323,6348,6214
6324,6349,6350
6325,6351,6348
6326,6350,6351
6327,6352,6349
6328,6353,6352
6329,6354,6353
6330,6355,6354
6331,6356,6357
6332,6357,6358
6333,6358,6010
6334,6359,6356
6335,6360,6359
6336,6361,6360
6337,6362,6361
6338,6363,6362
6339,6364,6363
6340,6365,6364
6341,6366,6365
6342,6367,6366
6343,6368,6031
6344,6369,6368
6345,6370,6369
6346,6371,6370
6347,6372,6371
6348,6373,6372
6349,6374,6373
6350,6375,6065
6351,6376,6375
6352,6377,6376
6353,6378,6377
6354,6379,6380
6355,6381,6382
6356,6383,6384
6357,6385,6383
6358,6386,6385
6359,6387,6386
6360,6388,6387
6361,6389,6390
6362,6390,6093
6363,6391,6389
6364,6392,6391
6365,6393,6392
6366,6394,6395
6367,6395,6393
6368,6396,6397
6369,6398,6399
6370,6397,6016
6371,6399,6396
6372,6400,6398
6373,6401,6400
6374,6402,6401
6375,6403,6402
6376,6404,6405
6377,6406,6404
6378,6407,6406
6379,6408,6409
6380,6410,6407
6381,6409,6410
6382,6411,6412
6383,6413,6414
6384,6414,6415
6385,6416,6417
6386,6418,6419
6387,6420,6421
6388,6422,6420
6389,6423,6424
6390,6425,6423
6391,6426,6427
6392,6428,6429
6393,6430,6428
6394,6431,6432
6395,6433,6359
6396,6432,6434
6397,6434,6433
6398,6435,6363
6399,6436,6365
6400,6437,6436
6401,6438,6439
6402,6439,6362
6403,6440,6361
6404,6441,6440
6405,6442,6443
6406,6443,6441
6407,6444,6441
6408,6445,6446
6409,6447,6444
6410,6446,6447
6411,6448,6444
6412,6449,6450
6413,6450,6440
6414,6451,6452
6415,6452,6360
6416,6453,6356
6417,6454,6453
6418,6455,6454
6419,6456,6457
6420,6457,6453
6421,6458,6316
6422,6459,6460
6423,6460,6458
6424,6461,6458
6425,6462,6463
6426,6463,6461
6427,6464,6461
6428,6465,6466
6429,6466,6464
6430,6467,6198
6431,6468,6467
6432,6469,6468
6433,6470,6469
6434,6471,6470
6435,6472,6471
6436,6473,6474
6437,6474,6468
6438,6475,6476
6439,6476,6470
6440,6477,6469
6441,6478,6477
6442,6479,6467
6443,6480,6479
6444,6481,6286
6445,6482,6483
6446,6483,6481
6447,6484,6481
6448,6485,6484
6449,6486,6287
6450,6487,6488
6451,6488,6486
6452,6489,6490
6453,6490,6486
6454,6491,6492
6455,6492,6493
6456,6494,6493
6457,6495,6192
6458,6496,6495
6459,6497,6496
6460,6498,6497
6461,6499,6498
6462,6500,6499
6463,6501,6502
6464,6502,6500
6465,6503,6501
6466,6504,6505
6467,6506,6503
6468,6507,6508
6469,6505,6507
6470,6508,6506
6471,6509,6495
6472,6510,6509
6473,6511,6510
6474,6512,6513
6475,6514,6512
6476,6513,6515
6477,6515,6511
6478,6516,6517
6479,6518,6519
6480,6517,6520
6481,6521,6514
6482,6520,6522
6483,6519,6523
6484,6522,6524
6485,6525,6516
6486,6524,6521
6487,6523,6525
6488,6526,6514
6489,6527,6526
6490,6528,6527
6491,6529,6499
6492,6530,6529
6493,6531,6530
6494,6532,6531
6495,6533,6532
6496,6534,6535
6497,6536,6534
6498,6535,6533
6499,6537,6532
6500,6538,6537
6501,6539,6538
6502,6540,6539
6503,6541,6540
6504,6542,6538
6505,6543,6542
6506,6544,6539
6507,6545,6544
6508,6546,6545
6509,6547,6544
6510,6548,6549
6511,6549,6500
6512,6550,6503
6513,6551,6501
6514,6552,6551
6515,6553,6551
6516,6554,6498
6517,6555,6554
6518,6556,6557
6519,6557,6555
6520,6558,6556
6521,6559,6558
6522,6560,6559
6523,6561,6560
6524,6562,6560
6525,6563,6559
6526,6564,6558
6527,6565,6564
6528,6566,6567
6529,6567,6555
6530,6568,6566
6531,6569,6554
6532,6570,6569
6533,6571,6572
6534,6572,6497
6535,6573,6574
6536,6574,6496
6537,6575,6190
6538,6576,6248
6539,6577,6576
6540,6578,6579
6541,6580,6581
6542,6581,6582
6543,6579,6018
6544,6582,6578
6545,6583,6584
6546,6584,6585
6547,6585,6586
6548,6587,6588
6549,6588,6020
6550,6589,6587
6551,6590,6589
6552,6591,6590
6553,6592,6593
6554,6593,6591
6555,6594,6587
6556,6595,6594
6557,6596,6590
6558,6597,6596
6559,6598,6591
6560,6599,6598
6561,6600,6601
6562,6601,6589
6563,6602,6603
6564,6603,6275
6565,6604,6277
6566,6605,6604
6567,6606,6605
6568,6607,6604
6569,6608,6605
6570,6609,6283
6571,6610,6609
6572,6611,6610
6573,6612,6609
6574,6613,6610
6575,6614,6284
6576,6615,6614
6577,6616,6282
6578,6617,6281
6579,6618,6280
6580,6619,6279
6581,6620,6278
6582,6621,6622
6583,6623,6621
6584,6622,6026
6585,6624,6290
6586,6625,6624
6587,6626,6624
6588,6627,6292
6589,6628,6296
6590,6629,6299
6591,6630,6300
6592,6631,6630
6593,6632,6630
6594,6633,6303
6595,6634,6304
6596,6635,6636
6597,6637,6638
6598,6638,6635
6599,6636,6057
6600,6639,6640
6601,6640,6060
6602,6641,6639
6603,6642,6641
6604,6643,6644
6605,6644,6642
6606,6645,6643
6607,6646,6645
6608,6647,6646
6609,6648,6647
6610,6649,6648
6611,6650,6649
6612,6651,6650
6613,6652,6651
6614,6653,6652
6615,6654,6653
6616,6655,6654
6617,6656,6639
6618,6657,6656
6619,6658,6656
6620,6659,6643
6621,6660,6645
6622,6661,6662
6623,6662,6660
6624,6663,6646
6625,6664,6663
6626,6665,6663
6627,6666,6647
6628,6667,6666
6629,6668,6667
6630,6669,6654
6631,6670,6237
6632,6671,6670
6633,6672,6671
6634,6673,6239
6635,6674,6673
6636,6675,6674
6637,6676,6675
6638,6677,6674
6639,6678,6677
6640,6679,6678
6641,6680,6681
6642,6682,6673
6643,6683,6682
6644,6684,6239
6645,6685,6684
6646,6686,6685
6647,6687,6686
6648,6688,6689
6649,6689,6687
6650,6690,6688
6651,6691,6690
6652,6692,6684
6653,6693,6692
6654,6694,6685
6655,6695,6690
6656,6696,6688
6657,6697,6686
6658,6698,6699
6659,6699,6066
6660,6700,6698
6661,6701,6700
6662,6702,6698
6663,6703,6704
6664,6705,6702
6665,6706,6703
6666,6704,6705
6667,6707,6702
6668,6708,6709
6669,6709,6069
6670,6710,6711
6671,6711,6070
6672,6712,6710
6673,6713,6710
6674,6714,6713
6675,6715,6714
6676,6716,6071
6677,6717,6260
6678,6718,6717
6679,6719,6718
6680,6720,6721
6681,6721,6719
6682,6722,6717
6683,6723,6718
6684,6724,6261
6685,6725,6726
6686,6726,6075
6687,6727,6725
6688,6728,6727
6689,6729,6728
6690,6730,6731
6691,6731,6729
6692,6732,6725
6693,6733,6732
6694,6734,6733
6695,6735,6732
6696,6736,6735
6697,6737,6727
6698,6738,6739
6699,6740,6738
6700,6739,6737
6701,6741,6729
6702,6742,6741
6703,6743,6728
6704,6744,6745
6705,6745,6746
6706,6746,6081
6707,6747,6748
6708,6748,6088
6709,6749,6747
6710,6750,6266
6711,6751,6750
6712,6752,6268
6713,6753,6752
6714,6754,6755
6715,6755,6392
6716,6756,6757
6717,6757,6393
6718,6758,6759
6719,6759,6099
6720,6760,6758
6721,6762,6760
6722,6763,6762
6723,6764,6762
6724,6765,6764
6725,6766,6767
6726,6767,6765
6727,6768,6769
6728,6769,6770
6729,6771,6103
6730,6770,6771
6731,6772,6773
6732,6774,6772
6733,6775,6774
6734,6776,6775
6735,6777,6776
6736,6778,6772
6737,6779,6778
6738,6780,6779
6739,6781,6780
6740,6782,6781
6741,6783,6782
6742,6784,6779
6743,6785,6784
6744,6786,6781
6745,6787,6786
6746,6788,6780
6747,6789,6778
6748,6790,6789
6749,6791,6790
6750,6792,6789
6751,6793,6792
6752,6794,6775
6753,6795,6794
6754,6796,6797
6755,6798,6796
6756,6799,6798
6757,6800,6799
6758,6801,6800
6759,6802,6801
6760,6803,6802
6761,6804,6805
6762,6805,6794
6763,6806,6800
6764,6807,6806
6765,6808,6807
6766,6809,6808
6767,6810,6811
6768,6811,6806
6769,6812,6807
6770,6813,6812
6771,6814,6801
6772,6815,6814
6773,6816,6815
6774,6817,6816
6775,6818,6815
6776,6819,6818
6777,6820,6819
6778,6821,6822
6779,6822,6818
6780,6823,6814
6781,6824,6823
6782,6825,6799
6783,6826,6825
6784,6827,6798
6785,6828,6827
6786,6829,6796
6787,6830,6829
6788,6831,6830
6789,6832,6831
6790,6833,6832
6791,6834,6833
6792,6835,6836
6793,6836,6829
6794,6837,6838
6795,6838,6830
6796,6839,6831
6797,6840,6839
6798,6841,6832
6799,6842,6841
6800,6843,6844
6801,6844,6842
6802,6845,6846
6803,6847,6845
6804,6848,6774
6805,6849,6848
6806,6850,6851
6807,6852,6850
6808,6853,6854
6809,6855,6853
6810,6856,6855
6811,6857,6856
6812,6858,6855
6813,6859,6858
6814,6860,6861
6815,6861,6853
6816,6862,6863
6817,6863,6864
6818,6865,6866
6819,6866,6151
6820,6868,6869
6821,6869,6154
6822,6870,6871
6823,6871,6155
6824,6872,6873
6825,6874,6872
6826,6875,6876
6827,6876,6877
6828,6877,6174
6829,6878,6879
6830,6879,6176
6831,6880,6185
6832,6881,6880
6833,6882,6883
6834,6883,6881
6835,6884,6178
6836,6885,6884
6837,6886,6177
6838,6887,6886
6839,6888,6175
6840,6889,6888
6841,6890,6889
6842,6891,6890
6843,6892,6891
6844,6893,6894
6845,6894,6888
6846,6895,6170
6847,6896,6895
6848,6897,6898
6849,6899,6900
6850,6901,6902
6851,6902,6163
6852,6903,6904
6853,6905,6903
6854,6906,6907
6855,6908,6216
6856,6909,6908
6857,6910,6909
6858,6911,6908
6859,6912,6911
6860,6913,6914
6861,6915,6218
6862,6916,6915
6863,6914,6916
6864,6917,6913
6865,6918,6220
6866,6919,6918
6867,6920,6921
6868,6921,6219
6869,6922,6923
6870,6923,6217
6871,6924,6349
6872,6925,6924
6873,6926,6927
6874,6927,6352
6875,6928,6353
6876,6929,6928
6877,6930,6931
6878,6931,6354
6879,6932,6355
6880,6933,6932
6881,6934,6933
6882,6935,6348
6883,6936,6935
6884,6937,6213
6885,6938,6937
6886,6939,6938
6887,6940,6941
6888,6941,6937
6889,6942,6245
6890,6943,6942
6891,6944,6943
6892,6945,6944
6893,6946,6153
6894,6947,6948
6895,6948,6946
6896,6949,6106
6897,6950,6108
6898,6951,6950
6899,6952,6953
6900,6953,6109
6901,6954,6111
6902,6955,6112
6903,6956,6955
6904,6957,6114
6905,6958,6957
6906,6959,6115
6907,6960,6959
6908,6961,6962
6909,6962,6960
6910,6963,6116
6911,6964,6963
6912,6965,6117
6913,6966,6965
6914,6967,6121
6915,6968,6967
6916,6969,6123
6917,6970,6969
6918,6971,6972
6919,6972,6124
6920,6973,6119
6921,6974,6973
6922,6975,6976
6923,6976,6118
6924,6977,6978
6925,6978,6113
6926,6979,6127
6927,6980,6981
6928,6981,6130
6929,6982,6980
6930,6983,6982
6931,6984,6983
6932,6985,6986
6933,6987,6985
6934,6988,6987
6935,6989,6988
6936,6990,6989
6937,6991,6992
6938,6992,6993
6939,6993,6990
6940,6994,6995
6941,6995,6985
6942,6996,6989
6943,6997,6998
6944,6999,6996
6945,6998,7000
6946,7000,6999
6947,7001,6997
6948,7002,7003
6949,7003,7004
6950,7005,6996
6951,7004,7005
6952,7006,6133
6953,7007,7006
6954,7008,6148
6955,7009,7008
6956,7010,7009
6957,7011,7010
6958,7012,7013
6959,7013,6147
6960,7014,6146
6961,7015,7014
6962,7016,7015
6963,7017,7016
6964,7018,7017
6965,7019,7018
6966,7020,7019
6967,7021,7014
6968,7022,7021
6969,7023,7024
6970,7024,7017
6971,7025,7018
6972,7026,7027
6973,7027,7025
6974,7028,7029
6975,7029,7025
6976,7030,6143
6977,7031,6141
6978,7032,7031
6979,7033,6137
6980,7034,6136
6981,7035,7034
6982,7036,7034
6983,7037,7036
6984,7038,6407
6985,7039,7038
6986,7040,7039
6987,7041,7040
6988,7042,7038
6989,7043,7042
6990,7044,7045
6991,7045,7039
6992,7046,7047
6993,7047,7048
6994,7049,7050
6995,7051,7049
6996,7052,7051
6997,7053,7054
6998,7055,7053
6999,7056,7057
7000,7058,7049
7001,7057,7058
7002,7059,7060
7003,7060,7061
7004,7062,7063
7005,7063,7064
7006,7065,7066
7007,7067,7065
7008,7068,7069
7009,7070,7071
7010,7071,7068
7011,7072,7068
7012,7073,7074
7013,7074,7075
7014,7076,7077
7015,7078,6128
7016,7079,7078
7017,7080,6107
7018,7081,7080
7019,7082,7081
7020,7083,7084
7021,7084,7085
7022,7086,7083
7023,7087,7086
7024,7085,7080
7025,7088,6104
7026,7089,7088
7027,7090,7091
7028,7091,7092
7029,7093,7094
7030,7095,7093
7031,7096,7097
7032,7098,7099
7033,7099,7100
7034,7100,7101
7035,7101,6100
7036,7102,7103
7037,7103,7104
7038,7104,6090
7039,7105,7102
7040,7106,7107
7041,7108,7106
7042,7107,6087
7043,7109,7110
7044,7110,6082
7045,7111,7109
7046,7112,7111
7047,7113,7114
7048,7115,7116
7049,7117,7112
7050,7118,7113
7051,7119,7117
7052,7116,7118
7053,7114,7119
7054,7120,7115
7055,7121,7109
7056,7122,7121
7057,7123,7124
7058,7124,7111
7059,7125,7112
7060,7126,7125
7061,7127,7126
7062,7128,7129
7063,7129,7125
7064,7130,6323
7065,7131,6324
7066,7132,6327
7067,7133,6328
7068,7134,6329
7069,7135,7134
7070,7136,7135
7071,7137,7134
7072,7138,7137
7073,7139,7140
7074,7140,7141
7075,7142,6326
7076,7141,7142
7077,7143,7144
7078,7144,6325
7079,7145,6321
7080,7146,7145
7081,7147,7145
7082,7148,6377
7083,7149,7148
7084,7150,6223
7085,7151,7150
7086,7152,7153
7087,7154,7152
7088,7155,7154
7089,7153,6061
7090,7156,7157
7091,7157,7158
7092,7159,7160
7093,7160,6059
7094,7158,7159
7095,7161,7162
7096,7162,7163
7097,7163,6056
7098,7164,6029
7099,7165,6342
7100,7166,7165
7101,7167,7168
7102,7169,7167
7103,7168,7170
7104,7170,7166
7105,7171,7165
7106,7172,7171
7107,7173,6345
7108,7174,7173
7109,7175,6344
7110,7176,7175
7111,7177,7178
7112,7179,7180
7113,7181,7182
7114,7182,6386
7115,7183,7184
7116,7185,7186
7117,7186,7183
7118,7187,7183
7119,7188,7187
7120,7189,7190
7121,7190,7191
7122,7192,7193
7123,7194,7195
7124,7195,6036
7125,7196,7197
7126,7198,6038
7127,7197,7199
7128,7199,7198
7129,7200,7196
7130,7201,7200
7131,7202,7201
7132,7203,7202
7133,7204,6040
7134,7205,6043
7135,7206,7205
7136,7207,7208
7137,7209,6046
7138,7208,7209
7139,7210,6037
7140,7211,7210
7141,7212,7210
7142,7213,7212
7143,7214,7213
7144,7215,7212
7145,7216,7215
7146,7217,6035
7147,7218,7219
7148,7220,7217
7149,7219,7220
7150,7221,6311
7151,7222,7221
7152,7223,7222
7153,7224,7223
7154,7225,7222
7155,7226,7225
7156,7227,7221
7157,7228,7229
7158,7229,6372
7159,7230,7231
7160,7232,7230
7161,7231,6027
7162,7233,6211
7163,7234,7235
7164,7236,7237
7165,7235,7238
7166,7239,7233
7167,7237,7239
7168,7238,7236
7169,7240,6204
7170,7241,7240
7171,7242,7241
7172,7243,7242
7173,7244,7243
7174,7245,7244
7175,7246,7245
7176,7247,7248
7177,7249,7246
7178,7248,7249
7179,7250,7243
7180,7251,7250
7181,7252,7251
7182,7253,7254
7183,7254,7255
7184,7255,7252
7185,7256,7257
7186,7257,7251
7187,7258,7259
7188,7259,7250
7189,7260,7261
7190,7261,7242
7191,7262,7263
7192,7263,7241
7193,7264,7240
7194,7265,7264
7195,7266,6202
7196,7267,7266
7197,7268,7267
7198,7269,7266
7199,7270,7269
7200,7271,7272
7201,7272,7267
7202,7273,6234
7203,7274,7273
7204,7275,7276
7205,7276,7277
7206,7277,7278
7207,7279,7280
7208,7280,6400
7209,7281,7282
7210,7282,6401
7211,7283,6398
7212,7284,7283
7213,7285,7284
7214,7286,7285
7215,7287,7288
7216,7288,7286
7217,7289,7283
7218,7290,7289
7219,7291,7292
7220,7292,7293
7221,7293,6017
7222,7294,6241
7223,7295,7294
7224,7296,7297
7225,7297,6012
7226,7298,7296
7227,7299,7298
7228,7300,7299
7229,7301,7296
7230,7302,7301
7231,7303,7304
7232,7304,7302
7233,7305,7303
7234,7306,7305
7235,7307,7301
7236,7308,7307
7237,7309,7298
7238,7310,7309
7239,7311,7312
7240,7312,7313
7241,7313,6008
7242,7314,7315
7243,6681,7314
7244,6419,6416
7245,6020,6230
7246,6421,6418
7247,7316,6419
7248,7278,7317
7249,7318,6018
7250,6230,7278
7251,7319,7318
7252,6586,7319
7253,7317,6586
7254,6122,6120
7255,7320,6416
7256,7321,7320
7257,6493,7322
7258,7323,6194
7259,7324,7323
7260,7322,7324
7261,7315,6679
7262,7325,6427
7263,6427,7326
7264,6417,7327
7265,7328,7316
7266,6209,6207
7267,6034,7329
7268,7330,6032
7269,6341,7330
7270,7331,7330
7271,6380,7331
7272,7329,7331
7273,6864,7332
7274,6851,7333
7275,6105,7334
7276,7335,7332
7277,7336,7337
7278,7338,6101
7279,7339,7338
7280,7097,7338
7281,7333,7339
7282,7337,7339
7283,7094,7337
7284,7092,7335
7285,7334,7335
7286,6152,7334
7287,6854,7336
7288,6773,7333
7289,7332,7336
7290,7340,7341
7291,7075,7340
7292,7069,7342
7293,7342,7340
7294,7343,7342
7295,6405,7343
7296,7344,7343
7297,6986,7344
7298,6134,7344
7299,7077,7341
7300,7341,6131
7301,6907,7345
7302,7346,6162
7303,7345,7346
7304,7347,7345
7305,6873,7346
7306,6904,7347
7307,6167,7347
7308,6898,7348
7309,7349,6169
7310,7348,7349
7311,6900,7349
7312,6173,7348
7313,7350,6379
7314,7178,7351
7315,7351,7350
7316,7352,7350
7317,7180,7351
7318,6382,7352
7319,7193,7352
7320,7353,6381
7321,6384,7353
7322,7355,7353
7323,7184,7355
7324,7191,7355
7325,7356,6408
7326,6412,7356
7327,7048,7356
7328,7357,6795
7329,6797,7357
7330,6846,7357
7331,7358,6411
7332,7054,7358
7333,7359,7358
7334,7066,7359
7335,7050,7359
7336,7061,7360
7337,7360,7056
7338,7064,7360
7339,7327,6182
7340,7326,7361
7341,7361,6644
7342,6415,7362
7343,7362,7363
7344,7363,6180
7345,6183,6180
7346,6424,7364
7347,7364,7067
7348,6429,6062
7349,7365,7366
7350,7366,6943
7351,7367,7368
7352,7368,7369
7353,7370,7367
7354,7371,7372
7355,7372,7373
7356,7373,7370
7357,7374,7371
7358,7375,7374
7359,7376,7375
7360,7377,7376
7361,7378,7377
7362,7379,7378
7363,7380,7379
7364,7381,7382
7365,7382,7383
7366,7384,7381
7367,7385,7386
7368,7387,7388
7369,7388,7385
7370,7389,7390
7371,7391,7387
7372,7392,7391
7373,7390,7393
7374,7393,7392
7375,7394,7395
7376,7395,7396
7377,7396,7389
7378,7397,7394
7379,7398,7397
7380,7399,7400
7381,7401,7399
7382,7402,7403
7383,7404,7401
7384,7403,7404
7385,7405,7402
7386,7406,7405
7387,7407,7406
7388,7408,7407
7389,7409,7408
7390,7410,7409
7391,7411,7410
7392,7412,7411
7393,7413,7412
7394,7414,7413
7395,7415,7414
7396,7416,7417
7397,7418,7416
7398,7419,7418
7399,7420,7419
7400,7421,7420
7401,7422,7421
7402,7423,7422
7403,7424,7423
7404,7425,7424
7405,7426,7411
7406,7427,7426
7407,7428,7427
7408,7429,7428
7409,7430,7429
7410,7431,7430
7411,7432,7431
7412,7433,7434
7413,7435,7401
7414,7436,7435
7415,7437,7436
7416,7438,7437
7417,7439,7438
7418,7440,7439
7419,7441,7440
7420,7442,7441
7421,7443,7442
7422,7444,7443
7423,7445,7444
7424,7446,7445
7425,7447,7446
7426,7448,7447
7427,7449,7448
7428,7450,7449
7429,7451,7452
7430,7453,7454
7431,7455,7456
7432,7457,7458
7433,7452,7459
7434,7459,7457
7435,7456,7453
7436,7454,7451
7437,7460,7461
7438,7461,7369
7439,7462,7460
7440,7463,7464
7441,7465,7463
7442,7466,7465
7443,7467,7466
7444,7468,7467
7445,7469,7468
7446,7470,7469
7447,7471,7470
7448,7472,7471
7449,7473,7472
7450,7474,7473
7451,7475,7474
7452,7476,7475
7453,7477,7476
7454,7478,7477
7455,7479,7478
7456,7480,7479
7457,7481,7480
7458,7482,7481
7459,7483,7482
7460,7484,7485
7461,7485,7483
7462,7486,7484
7463,7487,7486
7464,7488,7487
7465,7489,7488
7466,7490,7489
7467,7491,7490
7468,7492,7491
7469,7493,7492
7470,7494,7493
7471,7495,7494
7472,7496,7495
7473,7497,7496
7474,7498,7497
7475,7499,7498
7476,7500,7499
7477,7501,7500
7478,7502,7501
7479,7503,7502
7480,7504,7503
7481,7505,7504
7482,7506,7505
7483,7507,7506
7484,7508,7507
7485,7509,7508
7486,7510,7509
7487,7511,7510
7488,7512,7511
7489,7513,7512
7490,7514,7513
7491,7515,7516
7492,7517,7376
7493,7518,7517
7494,7519,7518
7495,7520,7519
7496,7521,7520
7497,7522,7521
7498,7523,7383
7499,7524,7523
7500,7525,7526
7501,7527,7525
7502,7528,7527
7503,7529,7528
7504,7530,7529
7505,7531,7530
7506,7532,7531
7507,7533,7532
7508,7534,7440
7509,7535,7536
7510,7536,7537
7511,7537,7534
7512,7538,7535
7513,7539,7416
7514,7540,7539
7515,7541,7540
7516,7542,7541
7517,7543,7542
7518,7544,7472
7519,7545,7488
7520,7546,7545
7521,7547,7546
7522,7548,7547
7523,7549,7548
7524,7550,7549
7525,7551,7550
7526,7552,7477
7527,7553,7470
7528,7554,7553
7529,7555,7554
7530,7556,7557
7531,7557,7555
7532,7558,7559
7533,7559,7556
7534,7560,7561
7535,7562,7563
7536,7564,7565
7537,7566,7567
7538,7568,7569
7539,7569,7460
7540,7570,7571
7541,7571,7462
7542,7572,7570
7543,7573,7570
7544,7574,7573
7545,7575,7573
7546,7576,7464
7547,7577,7466
7548,7578,7471
7549,7579,7479
7550,7580,7480
7551,7581,7483
7552,7561,7546
7553,7582,7547
7554,7583,7550
7555,7584,7549
7556,7585,7548
7557,7586,7545
7558,7587,7586
7559,7588,7587
7560,7589,7588
7561,7590,7490
7562,7591,7492
7563,7592,7494
7564,7593,7592
7565,7594,7592
7566,7595,7507
7567,7596,7512
7568,7597,7596
7569,7598,7597
7570,7599,7598
7571,7600,7598
7572,7601,7516
7573,7602,7603
7574,7603,7601
7575,7604,7601
7576,7605,7514
7577,7606,7513
7578,7607,7511
7579,7608,7607
7580,7609,7608
7581,7610,7609
7582,7611,7610
7583,7612,7611
7584,7613,7608
7585,7614,7610
7586,7615,7614
7587,7616,7614
7588,7617,7616
7589,7618,7616
7590,7619,7611
7591,7620,7609
7592,7621,7620
7593,7622,7607
7594,7623,7622
7595,7624,7506
7596,7625,7624
7597,7626,7503
7598,7627,7626
7599,7628,7629
7600,7629,7626
7601,7630,7493
7602,7631,7491
7603,7632,7631
7604,7633,7631
7605,7634,7489
7606,7635,7634
7607,7636,7635
7608,7637,7636
7609,7638,7637
7610,7639,7638
7611,7640,7639
7612,7641,7640
7613,7642,7641
7614,7643,7642
7615,7644,7643
7616,7645,7644
7617,7646,7647
7618,7648,7649
7619,7649,7646
7620,7650,7651
7621,7652,7650
7622,7653,7646
7623,7654,7655
7624,7656,7644
7625,7657,7656
7626,7658,7657
7627,7659,7660
7628,7660,7658
7629,7661,7658
7630,7662,7661
7631,7663,7661
7632,7664,7663
7633,7665,7666
7634,7666,7664
7635,7667,7663
7636,7668,7657
7637,7669,7656
7638,7670,7669
7639,7671,7643
7640,7672,7642
7641,7673,7674
7642,7675,7673
7643,7676,7675
7644,7677,7673
7645,7674,7640
7646,7678,7637
7647,7679,7678
7648,7680,7678
7649,7681,7680
7650,7682,7683
7651,7683,7634
7652,7684,7484
7653,7685,7478
7654,7686,7687
7655,7688,7474
7656,7689,7554
7657,7690,7555
7658,7691,7692
7659,7693,7694
7660,7695,7696
7661,7692,7695
7662,7694,7691
7663,7697,7693
7664,7698,7697
7665,7699,7693
7666,7700,7697
7667,7701,7556
7668,7702,7703
7669,7703,7701
7670,7704,7468
7671,7705,7467
7672,7706,7707
7673,7707,7708
7674,7709,7710
7675,7710,7711
7676,7712,7709
7677,7713,7712
7678,7714,7713
7679,7715,7714
7680,7716,7715
7681,7717,7714
7682,7718,7717
7683,7719,7717
7684,7720,7715
7685,7721,7720
7686,7722,7721
7687,7723,7722
7688,7724,7720
7689,7725,7713
7690,7726,7725
7691,7727,7728
7692,7728,7729
7693,7730,7731
7694,7732,7730
7695,7733,7732
7696,7731,7734
7697,7735,7736
7698,7734,7735
7699,7737,7733
7700,7738,7733
7701,7739,7740
7702,7740,7382
7703,7741,7739
7704,7742,7743
7705,7743,7744
7706,7744,7745
7707,7746,7747
7708,7565,7746
7709,7747,7748
7710,7749,7750
7711,7751,7752
7712,7752,7389
7713,7753,7754
7714,7755,7402
7715,7756,7407
7716,7757,7756
7717,7758,7756
7718,7759,7758
7719,7760,7758
7720,7761,7412
7721,7762,7413
7722,7763,7539
7723,7764,7540
7724,7765,7541
7725,7766,7542
7726,7767,7419
7727,7768,7420
7728,7769,7421
7729,7770,7771
7730,7772,7773
7731,7774,7422
7732,7775,7774
7733,7567,7776
7734,7777,7775
7735,7776,7777
7736,7778,7418
7737,7779,7778
7738,7780,7779
7739,7781,7779
7740,7782,7781
7741,7783,7782
7742,7784,7781
7743,7785,7778
7744,7786,7787
7745,7788,7789
7746,7789,7790
7747,7790,7786
7748,7791,7414
7749,7792,7791
7750,7793,7791
7751,7794,7426
7752,7795,7428
7753,7796,7429
7754,7797,7433
7755,7798,7799
7756,7799,7797
7757,7800,7431
7758,7801,7427
7759,7802,7410
7760,7803,7409
7761,7804,7803
7762,7805,7804
7763,7806,7803
7764,7807,7806
7765,7808,7408
7766,7809,7436
7767,7810,7441
7768,7811,7449
7769,7812,7813
7770,7814,7812
7771,7815,7446
7772,7816,7443
7773,7817,7442
7774,7818,7819
7775,7819,7437
7776,7400,7820
7777,7821,7820
7778,7822,7821
7779,7823,7822
7780,7824,7823
7781,7825,7824
7782,7826,7823
7783,7827,7824
7784,7828,7397
7785,7820,7394
7786,7829,7830
7787,7831,7392
7788,7830,7831
7789,7832,7833
7790,7834,7391
7791,7833,7834
7792,7835,7836
7793,7836,7388
7794,7837,7384
7795,7838,7837
7796,7839,7838
7797,7840,7838
7798,7841,7840
7799,7842,7841
7800,7843,7841
7801,7844,7843
7802,7845,7844
7803,7846,7843
7804,7847,7844
7805,7848,7840
7806,7849,7848
7807,7850,7848
7808,7851,7850
7809,7852,7853
7810,7853,7854
7811,7854,7851
7812,7855,7852
7813,7856,7850
7814,7857,7852
7815,7858,7857
7816,7859,7857
7817,7860,7851
7818,7861,7860
7819,7862,7863
7820,7863,7861
7821,7864,7862
7822,7865,7864
7823,7866,7865
7824,7867,7862
7825,7868,7869
7826,7870,7871
7827,7872,7860
7828,7873,7872
7829,7874,7873
7830,7875,7874
7831,7876,7872
7832,7877,7873
7833,7878,7879
7834,7879,7381
7835,7880,7878
7836,7881,7880
7837,7882,7881
7838,7883,7881
7839,7884,7531
7840,7885,7884
7841,7886,7884
7842,7887,7532
7843,7888,7530
7844,7889,7529
7845,7890,7528
7846,7891,7892
7847,7893,7894
7848,7895,7896
7849,7894,7895
7850,7897,7371
7851,7898,7374
7852,7899,7518
7853,7900,7519
7854,7901,7521
7855,7902,7520
7856,7903,7902
7857,7904,7903
7858,7905,7902
7859,7906,7903
7860,7907,7517
7861,7908,7377
7862,7909,7378
7863,7910,7379
7864,7911,7375
7865,7912,7911
7866,7913,7914
7867,7914,7915
7868,7916,7913
7869,7915,7367
7870,7917,7918
7871,7918,7368
7872,7687,7919
7873,7920,7899
7874,7921,7922
7875,7922,7612
7876,7923,7899
7877,7924,7612
7878,7925,7772
7879,7926,7514
7880,7927,7926
7881,7928,7927
7882,7516,7929
7883,7386,7384
7884,7708,7462
7885,7711,7370
7886,7930,7931
7887,7696,7932
7888,7932,7930
7889,7896,7729
7890,7563,7896
7891,7729,7711
7892,7748,7386
7893,7933,7934
7894,7745,7748
7895,7935,7936
7896,5914,7935
7897,7936,7937
7898,7937,7745
7899,7464,7938
7900,7938,7708
7901,7929,7928
7902,7939,7772
7903,7919,7688
7904,7931,7690
7905,7940,7941
7906,7941,7387
7907,7750,7940
7908,7942,7769
7909,7943,7769
7910,7944,7945
7911,7946,7567
7912,7947,7948
7913,7948,7949
7914,7383,7736
7915,7736,7563
7916,7950,7561
7917,7951,7952
7918,7952,7953
7919,7954,7955
7920,7956,7954
7921,7955,7430
7922,7957,7956
7923,7958,7957
7924,7417,7959
7925,7787,7959
7926,7959,7415
7927,7773,7960
7928,7934,7960
7929,7960,7961
7930,7961,7962
7931,7771,7961
7932,7962,7425
7933,7945,7962
7934,7963,7432
7935,7949,7963
7936,7434,7963
7937,7964,7450
7938,7813,7964
7939,7458,7964
7940,7526,7965
7941,7892,7965
7942,7965,7524
7943,7647,7966
7944,7655,7966
7945,7967,7645
7946,7651,7967
7947,7966,7967
7948,7871,7968
7949,7968,7867
7950,7869,7968
7951,7754,7969
7952,7969,7749
7953,7953,7969
7954,7970,7971
7955,7972,7973
7956,7973,7970
7957,7974,7972
7958,7975,7974
7959,7976,7977
7960,7978,7979
7961,7979,7980
7962,7980,7976
7963,7981,7978
7964,7982,7981
7965,7983,7982
7966,7984,7983
7967,7985,7984
7968,7986,7987
7969,7987,7988
7970,7988,7989
7971,7989,7985
7972,7990,7986
7973,7991,7990
7974,7992,7991
7975,7993,7992
7976,7994,7995
7977,7996,7997
7978,7997,7998
7979,7998,7994
7980,7999,8000
7981,8001,8002
7982,8003,8001
7983,8002,7999
7984,8004,8003
7985,8005,8006
7986,8006,8004
7987,8007,8005
7988,8008,8007
7989,8009,8010
7990,8010,8011
7991,8011,8008
7992,8012,8009
7993,8013,8014
7994,8015,8013
7995,8016,8015
7996,8017,8016
7997,8018,8017
7998,8019,8018
7999,8020,8019
8000,8021,8020
8001,8022,8021
8002,8023,8022
8003,8024,8023
8004,8025,8024
8005,8026,8025
8006,8027,8026
8007,8028,8029
8008,8029,8030
8009,8030,8027
8010,8031,8028
8011,8032,8031
8012,8033,8034
8013,8035,8032
8014,8034,8035
8015,8036,8004
8016,8037,8038
8017,8039,8037
8018,8040,8041
8019,8042,8040
8020,8041,8043
8021,8044,8042
8022,8045,8046
8023,8046,8044
8024,8047,8045
8025,8048,8039
8026,8049,8048
8027,8050,8051
8028,8052,8049
8029,8053,8052
8030,8051,8054
8031,8054,8053
8032,8055,8050
8033,8056,8057
8034,8058,8055
8035,8057,8059
8036,8060,8056
8037,8061,8062
8038,8062,8060
8039,8059,8058
8040,8063,8061
8041,8064,8063
8042,8065,8066
8043,8066,8064
8044,8067,8065
8045,8068,8067
8046,8069,8068
8047,8070,8071
8048,8071,8069
8049,8072,8073
8050,8074,8070
8051,8073,8075
8052,8075,8074
8053,8076,8077
8054,8078,8072
8055,8079,8078
8056,8077,8079
8057,8080,8049
8058,8081,8082
8059,8083,8084
8060,8082,8083
8061,8085,8086
8062,8086,8081
8063,8087,8088
8064,8089,8087
8065,8088,8085
8066,8090,8091
8067,8092,8090
8068,8093,8094
8069,8094,8095
8070,8095,8084
8071,8096,8093
8072,8097,8098
8073,8098,8096
8074,8099,8097
8075,8100,8101
8076,8101,8102
8077,8103,8100
8078,8104,8105
8079,8106,8104
8080,8107,8106
8081,8108,8107
8082,8109,8108
8083,8110,8109
8084,8111,8110
8085,8112,8111
8086,8113,8114
8087,8115,8113
8088,8116,8115
8089,8117,8116
8090,8118,8117
8091,8119,8120
8092,8121,8119
8093,8122,8121
8094,8123,8122
8095,8124,8123
8096,8125,8124
8097,8126,8125
8098,8127,8126
8099,8128,8129
8100,8130,8128
8101,8131,8132
8102,8133,8131
8103,8132,8130
8104,8134,8135
8105,8136,8134
8106,8137,8136
8107,8138,8137
8108,8139,8140
8109,8141,8139
8110,8142,8141
8111,8143,8142
8112,8144,8143
8113,8145,8144
8114,8146,8145
8115,8147,8146
8116,8148,8147
8117,8149,8148
8118,8150,8149
8119,8151,8150
8120,8152,8151
8121,8153,8154
8122,8155,8153
8123,8156,8157
8124,8158,8156
8125,8159,8160
8126,8161,8159
8127,8162,8161
8128,8163,8164
8129,8165,8163
8130,8166,8165
8131,8167,8166
8132,8168,8169
8133,8169,8170
8134,8170,8171
8135,8172,8002
8136,8171,8172
8137,8173,8174
8138,8174,8175
8139,8176,8173
8140,8177,8176
8141,8178,8177
8142,8179,8178
8143,8180,8179
8144,8181,8180
8145,8182,8181
8146,8183,8182
8147,8184,8185
8148,8185,8183
8149,8186,8184
8150,8187,8186
8151,8188,8187
8152,8189,8188
8153,8190,8189
8154,8191,8192
8155,8193,8190
8156,8192,8193
8157,8194,8195
8158,8195,8196
8159,8196,7999
8160,8197,8194
8161,8198,8197
8162,8199,8198
8163,8200,8199
8164,8201,8200
8165,8202,8201
8166,8203,8202
8167,8204,8203
8168,8205,8206
8169,8207,8205
8170,8208,8207
8171,8209,8210
8172,8210,8211
8173,8211,8208
8174,8212,8209
8175,8213,8212
8176,8214,8213
8177,8215,8216
8178,8217,8215
8179,8218,8219
8180,8219,8000
8181,8220,8218
8182,8221,8220
8183,8222,8221
8184,8223,8222
8185,8224,8223
8186,8225,8224
8187,8226,8225
8188,8227,8226
8189,8228,8227
8190,8229,8230
8191,8231,8228
8192,8232,8231
8193,8230,8232
8194,8233,8229
8195,8234,8233
8196,8235,8236
8197,8236,8234
8198,8237,8238
8199,8238,8235
8200,8239,8240
8201,8240,8241
8202,8242,8239
8203,8243,8242
8204,8244,8243
8205,8245,8244
8206,8246,8245
8207,8247,8246
8208,8248,8247
8209,8249,8248
8210,8250,8249
8211,8251,8250
8212,8252,8251
8213,8253,8252
8214,8254,8253
8215,8255,8254
8216,8256,8255
8217,8257,8256
8218,8258,8257
8219,8259,8258
8220,8260,8047
8221,8261,8260
8222,8262,8261
8223,8263,8262
8224,8264,8263
8225,8265,8264
8226,8266,8265
8227,8267,8268
8228,8269,8267
8229,8270,8269
8230,8271,8272
8231,8273,8270
8232,8272,8273
8233,8274,8275
8234,8276,8271
8235,8275,8277
8236,8277,8276
8237,8278,8274
8238,8279,8280
8239,8280,8278
8240,8281,8279
8241,8282,8047
8242,8283,8284
8243,8284,8285
8244,8285,8282
8245,8286,8287
8246,8288,8283
8247,8289,8290
8248,8291,8292
8249,8287,8291
8250,8292,8293
8251,8293,8288
8252,8290,8286
8253,8294,8289
8254,8295,8294
8255,8296,8295
8256,8297,8296
8257,8298,8297
8258,8299,8298
8259,8300,8299
8260,8301,8300
8261,8302,8301
8262,8303,8302
8263,8304,8303
8264,8305,8306
8265,8307,8018
8266,8308,8309
8267,8310,8307
8268,8309,8310
8269,8311,8308
8270,8312,8311
8271,8313,8312
8272,8314,8315
8273,8316,8314
8274,8317,8318
8275,8319,8317
8276,8320,8319
8277,8321,8320
8278,8322,8151
8279,8323,8322
8280,8324,8323
8281,8325,8324
8282,8326,8325
8283,8327,8326
8284,8328,8327
8285,8329,8330
8286,8331,8328
8287,8330,8331
8288,8332,8329
8289,8333,8332
8290,8334,8104
8291,8335,8334
8292,8336,8335
8293,8337,8338
8294,8338,8102
8295,8339,8337
8296,8340,8137
8297,8341,8340
8298,8342,8341
8299,8343,8342
8300,8344,8343
8301,8345,8148
8302,8346,8345
8303,8347,8346
8304,8348,8349
8305,8350,8194
8306,8349,8350
8307,8351,8352
8308,8352,8353
8309,8354,8351
8310,8353,8171
8311,8355,8245
8312,8356,8355
8313,8357,8356
8314,8358,8357
8315,8359,8360
8316,8360,8361
8317,8361,8358
8318,8362,8139
8319,8363,8364
8320,8364,8365
8321,8366,8367
8322,8368,8369
8323,8370,8369
8324,8371,8372
8325,8373,8374
8326,8375,8373
8327,8376,8373
8328,8377,8378
8329,8379,8380
8330,8381,8382
8331,8383,8384
8332,8385,8386
8333,8386,8387
8334,8387,8383
8335,8384,8388
8336,8389,8385
8337,8390,8389
8338,8391,8385
8339,8392,8389
8340,8393,8392
8341,8394,8395
8342,8395,8396
8343,8397,8239
8344,8398,8242
8345,8399,8243
8346,8400,8244
8347,8401,8402
8348,8402,8403
8349,8403,8400
8350,8404,8401
8351,8405,8401
8352,8406,8405
8353,8407,8246
8354,8408,8247
8355,8409,8248
8356,8410,8251
8357,8411,8252
8358,8412,8254
8359,8413,8412
8360,8414,8413
8361,8415,8412
8362,8416,8256
8363,8417,8416
8364,8418,8417
8365,8419,8420
8366,8421,8418
8367,8420,8421
8368,8422,8419
8369,8423,8422
8370,8424,8423
8371,8425,8416
8372,8426,8417
8373,8427,8426
8374,8428,8427
8375,8429,8422
8376,8430,8419
8377,8431,8418
8378,8432,8258
8379,8433,8434
8380,8434,8435
8381,8436,8257
8382,8437,8433
8383,8435,8436
8384,8438,8255
8385,8439,8253
8386,8440,8441
8387,8442,8439
8388,8441,8442
8389,8443,8250
8390,8444,8249
8391,8445,8446
8392,8447,8357
8393,8446,8447
8394,8448,8356
8395,8449,8448
8396,8450,8449
8397,8451,8449
8398,8452,8448
8399,8453,8355
8400,8454,8455
8401,8455,8453
8402,8456,8454
8403,8457,8453
8404,8458,8457
8405,8459,8454
8406,8460,8218
8407,8461,8462
8408,8463,8220
8409,8464,8461
8410,8465,8466
8411,8466,8464
8412,8467,8468
8413,8462,8467
8414,8468,8463
8415,8469,8470
8416,8470,8224
8417,8471,8472
8418,8472,8473
8419,8474,8475
8420,8476,8225
8421,8475,8477
8422,8473,8474
8423,8477,8476
8424,8478,8229
8425,8479,8235
8426,8480,8481
8427,8481,8482
8428,8482,8483
8429,8483,8479
8430,8484,8485
8431,8486,8480
8432,8485,8487
8433,8487,8486
8434,8488,8484
8435,8489,8480
8436,8490,8489
8437,8491,8492
8438,8492,8493
8439,8493,8234
8440,8494,8228
8441,8495,8496
8442,8497,8498
8443,8498,8494
8444,8496,8497
8445,8499,8227
8446,8500,8499
8447,8501,8500
8448,8502,8499
8449,8503,8502
8450,8504,8502
8451,8505,8226
8452,8506,8505
8453,8507,8223
8454,8508,8222
8455,8509,8508
8456,8510,8508
8457,8511,8221
8458,8512,8198
8459,8513,8201
8460,8514,8202
8461,8515,8514
8462,8516,8203
8463,8517,8209
8464,8518,8212
8465,8519,8518
8466,8520,8519
8467,8521,8213
8468,8522,8521
8469,8523,8522
8470,8524,8521
8471,8525,8524
8472,8526,8527
8473,8527,8214
8474,8528,8529
8475,8530,8528
8476,8531,8528
8477,8532,8531
8478,8533,8532
8479,8534,8535
8480,8536,8533
8481,8535,8536
8482,8537,8538
8483,8538,8533
8484,8539,8215
8485,8540,8216
8486,8541,8540
8487,8542,8543
8488,8544,8197
8489,8545,8546
8490,8546,8169
8491,8547,8548
8492,8549,8550
8493,8548,8551
8494,8551,8549
8495,8550,8552
8496,8552,8168
8497,8553,8173
8498,8554,8553
8499,8555,8554
8500,8556,8555
8501,8557,8176
8502,8558,8559
8503,8559,8557
8504,8560,8561
8505,8562,8560
8506,8561,8557
8507,8563,8178
8508,8564,8181
8509,8565,8566
8510,8566,8182
8511,8567,8565
8512,8568,8567
8513,8569,8565
8514,8570,8187
8515,8571,8570
8516,8572,8571
8517,8573,8570
8518,8574,8190
8519,8575,8189
8520,8576,8188
8521,8577,8578
8522,8579,8580
8523,8580,8577
8524,8578,8186
8525,8581,8184
8526,8582,8583
8527,8583,8581
8528,8584,8183
8529,8585,8180
8530,8586,8179
8531,8587,8177
8532,8588,8589
8533,8589,8590
8534,8590,8591
8535,8592,8593
8536,8593,8594
8537,8594,8170
8538,8595,8165
8539,8596,8595
8540,8597,8166
8541,8598,8599
8542,8599,8094
8543,8600,8601
8544,8601,8096
8545,8602,8600
8546,8603,8602
8547,8604,8603
8548,8605,8604
8549,8606,8605
8550,8607,8606
8551,8608,8607
8552,8609,8600
8553,8610,8609
8554,8611,8602
8555,8612,8611
8556,8613,8603
8557,8614,8606
8558,8615,8614
8559,8616,8615
8560,8617,8616
8561,8618,8614
8562,8619,8618
8563,8620,8619
8564,8621,8620
8565,8622,8621
8566,8623,8622
8567,8624,8618
8568,8625,8624
8569,8626,8624
8570,8627,8621
8571,8628,8627
8572,8629,8628
8573,8630,8627
8574,8631,8620
8575,8632,8631
8576,8633,8634
8577,8635,8633
8578,8636,8619
8579,8634,8636
8580,8637,8615
8581,8638,8637
8582,8639,8605
8583,8640,8641
8584,8641,8639
8585,8642,8604
8586,8643,8644
8587,8645,8643
8588,8646,8645
8589,8647,8648
8590,8648,8646
8591,8649,8647
8592,8650,8646
8593,8651,8647
8594,8652,8645
8595,8653,8652
8596,8654,8653
8597,8655,8653
8598,8656,8657
8599,8657,8658
8600,8658,8655
8601,8659,8655
8602,8660,8661
8603,8661,8652
8604,8662,8337
8605,8663,8146
8606,8664,8663
8607,8665,8149
8608,8666,8150
8609,8667,8323
8610,8668,8667
8611,8669,8668
8612,8670,8671
8613,8672,8670
8614,8673,8672
8615,8674,8673
8616,8675,8674
8617,8676,8677
8618,8678,8679
8619,8679,8680
8620,8681,8332
8621,8682,8681
8622,8683,8681
8623,8684,8329
8624,8685,8684
8625,8686,8687
8626,8688,8689
8627,8690,8688
8628,8691,8688
8629,8692,8693
8630,8694,8695
8631,8696,8695
8632,8697,8327
8633,8698,8699
8634,8700,8701
8635,8378,8700
8636,8702,8703
8637,8704,8702
8638,8705,8706
8639,8707,8705
8640,8708,8325
8641,8709,8708
8642,8710,8711
8643,8712,8713
8644,8714,8712
8645,8715,8716
8646,8716,8714
8647,8717,8715
8648,8718,8717
8649,8719,8718
8650,8720,8721
8651,8722,8723
8652,8724,8725
8653,8726,8719
8654,8721,8722
8655,8727,8726
8656,8723,8724
8657,8725,8727
8658,8728,8720
8659,8729,8730
8660,8731,8732
8661,8730,8731
8662,8732,8714
8663,8733,8734
8664,8734,8735
8665,8735,8719
8666,8736,8733
8667,8737,8736
8668,8738,8739
8669,8740,8738
8670,8739,8733
8671,8741,8742
8672,8743,8744
8673,8745,8746
8674,8747,8156
8675,8748,8749
8676,8750,8751
8677,8752,8750
8678,8753,8754
8679,8754,8752
8680,8755,8750
8681,8756,8755
8682,8757,8755
8683,8758,8759
8684,8759,8752
8685,8760,8161
8686,8761,8762
8687,8763,8764
8688,8765,8766
8689,8766,8763
8690,8767,8153
8691,8768,8767
8692,8769,8770
8693,8770,8768
8694,8771,8772
8695,8772,8768
8696,8773,8774
8697,8775,8345
8698,8776,8147
8699,8777,8778
8700,8779,8776
8701,8778,8779
8702,8780,8781
8703,8781,8776
8704,8782,8780
8705,8783,8145
8706,8784,8783
8707,8785,8784
8708,8786,8784
8709,8787,8788
8710,8788,8783
8711,8365,8141
8712,8789,8106
8713,8790,8110
8714,8791,8790
8715,8792,8791
8716,8793,8792
8717,8794,8793
8718,8795,8791
8719,8796,8793
8720,8797,8796
8721,8798,8797
8722,8799,8798
8723,8800,8799
8724,8801,8800
8725,8802,8796
8726,8803,8799
8727,8804,8805
8728,8806,8804
8729,8807,8803
8730,8805,8808
8731,8808,8807
8732,8809,8806
8733,8810,8811
8734,8812,8809
8735,8811,8813
8736,8813,8814
8737,8814,8815
8738,8816,8812
8739,8815,8816
8740,8817,8798
8741,8818,8819
8742,8820,8817
8743,8821,8820
8744,8822,8823
8745,8824,8825
8746,8826,8827
8747,8823,8828
8748,8829,8830
8749,8828,8831
8750,8830,8821
8751,8831,8824
8752,8825,8826
8753,8827,8829
8754,8832,8797
8755,8833,8834
8756,8835,8833
8757,8836,8835
8758,8837,8836
8759,8838,8839
8760,8839,8837
8761,8840,8838
8762,8841,8842
8763,8843,8844
8764,8845,8843
8765,8846,8838
8766,8847,8848
8767,8849,8846
8768,8848,8849
8769,8850,8851
8770,8852,8853
8771,8854,8852
8772,8855,8843
8773,8856,8857
8774,8857,8837
8775,8858,8859
8776,8860,8856
8777,8861,8860
8778,8859,8861
8779,8862,8858
8780,8863,8864
8781,8865,8863
8782,8866,8867
8783,8867,8865
8784,8868,8869
8785,8870,8868
8786,8871,8872
8787,8873,8874
8788,8875,8873
8789,8874,8871
8790,8876,8877
8791,8878,8879
8792,8880,8878
8793,8881,8880
8794,8882,8881
8795,8883,8884
8796,8885,8882
8797,8884,8885
8798,8886,8887
8799,8888,8889
8800,8890,8888
8801,8891,8890
8802,8892,8893
8803,8894,8892
8804,8893,8891
8805,8889,8886
8806,8895,8896
8807,8897,8898
8808,8899,8900
8809,8898,8894
8810,8896,8899
8811,8900,8897
8812,8901,8902
8813,8902,8894
8814,8903,8881
8815,8904,8903
8816,8905,8904
8817,8906,8905
8818,8907,8906
8819,8908,8907
8820,8909,8908
8821,8910,8909
8822,8911,8883
8823,8912,8913
8824,8914,8915
8825,8916,8917
8826,8918,8919
8827,8915,8916
8828,8920,8921
8829,8921,8914
8830,8919,8920
8831,8922,8868
8832,8923,8790
8833,8924,8923
8834,8925,8924
8835,8926,8925
8836,8927,8926
8837,8928,8924
8838,8929,8926
8839,8930,8929
8840,8931,8925
8841,8932,8923
8842,8933,8113
8843,8934,8933
8844,8935,8934
8845,8936,8935
8846,8937,8933
8847,8938,8937
8848,8939,8937
8849,8120,8118
8850,8940,8343
8851,8941,8136
8852,8942,8943
8853,8943,8941
8854,8944,8134
8855,8945,8946
8856,8947,8948
8857,8949,8947
8858,8950,8949
8859,8951,8950
8860,8952,8116
8861,8953,8952
8862,8954,8955
8863,8955,8956
8864,8957,8954
8865,8958,8959
8866,8959,8960
8867,8960,8957
8868,8961,8962
8869,8963,8957
8870,8962,8963
8871,8964,8956
8872,8965,8964
8873,8966,8965
8874,8967,8966
8875,8968,8953
8876,8969,8970
8877,8971,8969
8878,8972,8969
8879,8973,8974
8880,8975,8973
8881,8976,8973
8882,8977,8109
8883,8978,8108
8884,8979,8978
8885,8980,8978
8886,8981,8107
8887,8982,8983
8888,8983,8103
8889,8984,8985
8890,8986,8984
8891,8987,8986
8892,8985,8100
8893,8988,8989
8894,8990,8991
8895,8989,8101
8896,8991,8988
8897,8992,8993
8898,8993,8994
8899,8995,8097
8900,8994,8995
8901,8996,8997
8902,8997,8992
8903,8998,8992
8904,8999,8998
8905,9000,9001
8906,9002,9000
8907,9003,9002
8908,9001,9004
8909,9005,9003
8910,9004,8093
8911,9006,9005
8912,9007,9008
8913,9008,9009
8914,9009,9006
8915,9010,9005
8916,9011,8081
8917,9012,9011
8918,9013,9012
8919,9014,9015
8920,9015,9013
8921,9016,9013
8922,9017,9016
8923,9018,9019
8924,9020,9021
8925,9019,9022
8926,9022,9020
8927,9023,8090
8928,9024,9023
8929,9025,8063
8930,9026,9025
8931,9027,8072
8932,9028,9027
8933,9029,9030
8934,9030,9031
8935,9031,9028
8936,9032,9029
8937,9033,9032
8938,9034,9029
8939,9035,9034
8940,9036,9027
8941,9037,8068
8942,9038,9037
8943,9039,9040
8944,9041,8061
8945,9042,9041
8946,9043,9044
8947,9044,9042
8948,9040,9043
8949,9045,9046
8950,9046,8048
8951,9047,9048
8952,9049,9047
8953,9048,9045
8954,9050,9051
8955,9052,9053
8956,9054,9055
8957,9053,9049
8958,9051,9054
8959,9055,9052
8960,9056,9057
8961,9058,9056
8962,9059,9058
8963,9060,9059
8964,9061,9060
8965,9062,9061
8966,9063,9062
8967,9064,9063
8968,9065,9066
8969,9067,9068
8970,9069,9067
8971,9068,9045
8972,9066,9069
8973,9070,9065
8974,9071,9070
8975,9072,9071
8976,9073,9074
8977,9075,9073
8978,9076,9075
8979,9077,9078
8980,9078,9049
8981,9079,9077
8982,9080,9079
8983,9081,9082
8984,9083,9080
8985,9082,9083
8986,9084,9081
8987,9085,9084
8988,9086,9085
8989,9087,9088
8990,9089,9090
8991,9090,9087
8992,9091,9089
8993,9088,9092
8994,9092,9086
8995,9093,9094
8996,9095,9093
8997,9096,9095
8998,9097,9096
8999,9098,9099
9000,9100,9098
9001,9101,9097
9002,9099,9101
9003,9102,9103
9004,9103,9104
9005,9105,9102
9006,9104,8043
9007,9106,9107
9008,9107,8040
9009,9108,9109
9010,9109,8042
9011,9110,9108
9012,9111,8263
9013,9112,9113
9014,9114,9112
9015,9115,9112
9016,9116,9115
9017,9117,9118
9018,9118,9113
9019,9119,9120
9020,9121,9119
9021,9120,8270
9022,9122,8279
9023,9123,9124
9024,9124,9125
9025,9125,9122
9026,9126,9123
9027,9127,9126
9028,9128,9123
9029,9129,9130
9030,9131,8274
9031,9132,9129
9032,9130,9131
9033,9133,9134
9034,9135,8268
9035,9136,9137
9036,9137,9133
9037,9134,9138
9038,9138,9135
9039,9139,9136
9040,9140,9139
9041,9141,9140
9042,9142,9143
9043,9144,8260
9044,9145,9146
9045,9147,9148
9046,9149,9150
9047,9151,9152
9048,9153,9154
9049,9155,9149
9050,9150,9145
9051,9148,9156
9052,9157,9158
9053,9146,9144
9054,9159,9160
9055,9161,9162
9056,9152,9155
9057,9160,9153
9058,9158,9147
9059,9162,9163
9060,9164,9161
9061,9154,9151
9062,9163,9142
9063,9165,9157
9064,9143,9166
9065,9156,9167
9066,9167,9164
9067,9166,9159
9068,9168,8294
9069,9169,9168
9070,9170,9171
9071,9171,9169
9072,9172,9170
9073,9173,9174
9074,9175,8298
9075,9176,9175
9076,9177,8289
9077,9178,8283
9078,9179,8045
9079,9180,9179
9080,9181,9182
9081,9182,8044
9082,9183,9181
9083,9184,9183
9084,9185,9186
9085,9186,9184
9086,9187,9185
9087,9188,9189
9088,9189,8041
9089,9190,9191
9090,9192,9193
9091,9191,9192
9092,9194,9195
9093,9195,8038
9094,9196,9197
9095,9197,9194
9096,9198,9199
9097,9200,9201
9098,9202,9198
9099,9201,9202
9100,9203,9204
9101,9205,9206
9102,9207,9208
9103,9209,9205
9104,9206,9207
9105,9210,9211
9106,9211,9209
9107,9212,9210
9108,9213,9212
9109,9214,9215
9110,9216,9214
9111,9217,9216
9112,9218,9214
9113,9219,9220
9114,9221,9222
9115,9223,9209
9116,9224,9225
9117,9226,9219
9118,9225,9227
9119,9228,9224
9120,9220,9229
9121,9230,9221
9122,9227,9223
9123,9229,9228
9124,9222,9226
9125,9231,9232
9126,9233,9231
9127,9234,9235
9128,9235,9233
9129,9236,9234
9130,9237,9236
9131,9238,9237
9132,9239,9238
9133,9240,9239
9134,9241,9242
9135,9243,9244
9136,9245,9246
9137,9247,9243
9138,9248,9245
9139,9242,9233
9140,9246,9241
9141,9244,9248
9142,9249,9250
9143,9251,9249
9144,9252,9249
9145,9253,9254
9146,9254,9194
9147,9255,9253
9148,9256,9253
9149,9257,9258
9150,9259,9257
9151,9260,9261
9152,9261,9262
9153,9263,9264
9154,9264,9260
9155,9265,9260
9156,9266,8009
9157,9267,9266
9158,9268,9269
9159,9270,8311
9160,9271,9270
9161,9272,8314
9162,9273,9272
9163,9274,8308
9164,9275,9274
9165,9276,8021
9166,9277,9276
9167,9278,9279
9168,9280,9281
9169,9282,9283
9170,9284,9278
9171,9281,8027
9172,9279,9285
9173,9285,9280
9174,9283,9284
9175,9286,9282
9176,9287,9288
9177,9288,9286
9178,9289,9287
9179,9290,9289
9180,9291,9282
9181,9292,9291
9182,9293,9287
9183,9294,9293
9184,9295,8028
9185,9296,9297
9186,9298,9295
9187,9297,9298
9188,9299,9296
9189,9300,8031
9190,9301,9300
9191,9302,8032
9192,9303,9302
9193,9304,9305
9194,9306,8023
9195,9305,9307
9196,9307,9306
9197,9308,8022
9198,9309,8020
9199,9310,9311
9200,9312,8019
9201,9313,9314
9202,9315,9312
9203,9311,9315
9204,9314,9310
9205,9316,9313
9206,9317,9313
9207,9318,9319
9208,9320,9318
9209,9319,9317
9210,9321,8017
9211,9322,8320
9212,9323,9324
9213,9324,9322
9214,9325,9326
9215,9327,8003
9216,9326,9327
9217,9328,9325
9218,9329,9328
9219,9330,9329
9220,9331,9325
9221,9332,9331
9222,9333,9334
9223,9334,9335
9224,9336,9337
9225,9335,9336
9226,9338,9339
9227,9339,9340
9228,9341,9337
9229,9340,9341
9230,9342,9334
9231,9343,9342
9232,9337,9344
9233,9344,9345
9234,9346,9347
9235,9348,9346
9236,9349,9348
9237,9350,9351
9238,9352,9349
9239,9351,9352
9240,9353,9350
9241,9354,9353
9242,9355,9349
9243,9356,9350
9244,9357,9358
9245,9359,9360
9246,9361,9359
9247,9362,9357
9248,9360,9362
9249,9363,9358
9250,9364,9363
9251,9365,9364
9252,9366,9363
9253,9367,9366
9254,9368,9369
9255,9369,9370
9256,9371,9372
9257,9372,7976
9258,9373,7978
9259,9374,9375
9260,9376,9373
9261,9377,9378
9262,9378,9376
9263,9375,9377
9264,9379,9374
9265,9380,9379
9266,9381,9374
9267,9382,7982
9268,9383,7984
9269,9384,9385
9270,9385,9383
9271,9386,9387
9272,9388,9389
9273,9390,9386
9274,9391,9388
9275,9389,9390
9276,9392,9393
9277,9394,7990
9278,9395,9394
9279,9396,9397
9280,9397,9395
9281,9398,9399
9282,9399,9395
9283,9400,7986
9284,9401,9402
9285,9402,9403
9286,9403,9400
9287,9404,9401
9288,9405,7985
9289,9406,7983
9290,9407,7981
9291,9408,9409
9292,9409,7977
9293,9410,9408
9294,9411,7975
9295,9412,9411
9296,9413,9412
9297,9414,9415
9298,9415,9416
9299,9417,9418
9300,9418,9419
9301,9420,9421
9302,9421,9422
9303,9423,9424
9304,9425,9420
9305,9424,9425
9306,9426,9423
9307,9427,9426
9308,9428,9427
9309,9429,9428
9310,9430,9426
9311,9431,9430
9312,9432,9427
9313,9433,9432
9314,9434,9435
9315,9436,9434
9316,9437,9438
9317,9439,9440
9318,9438,9436
9319,9440,9437
9320,9441,9439
9321,9442,9441
9322,9443,9444
9323,9444,9436
9324,9445,9439
9325,9446,9447
9326,9448,9449
9327,9450,9451
9328,9452,8138
9329,9453,8138
9330,9454,9453
9331,8164,9455
9332,9456,9457
9333,9455,9456
9334,9457,8080
9335,9458,8424
9336,9459,9458
9337,9460,9446
9338,9461,9462
9339,9463,9464
9340,9465,9466
9341,9467,9468
9342,9469,9470
9343,9471,9472
9344,9470,9473
9345,9474,9446
9346,9466,9450
9347,9475,9466
9348,9476,9473
9349,9472,9476
9350,9477,9478
9351,9479,9480
9352,9480,7973
9353,9481,9343
9354,8367,9482
9355,9482,9345
9356,9483,8382
9357,8382,9484
9358,8687,9485
9359,9486,8371
9360,8974,9487
9361,9488,8376
9362,9464,9462
9363,9462,9450
9364,9489,9451
9365,9490,9470
9366,9094,9193
9367,9491,8039
9368,9193,9491
9369,9262,8036
9370,9492,9493
9371,9358,9494
9372,7977,9495
9373,9496,8379
9374,8372,9497
9375,9449,9460
9376,8268,9498
9377,9468,9453
9378,8241,9499
9379,9494,9500
9380,8084,8080
9381,9501,8103
9382,9502,9492
9383,9503,9502
9384,9504,9503
9385,9493,9481
9386,9495,7975
9387,8000,8241
9388,8038,8036
9389,8043,9094
9390,8644,8099
9391,9505,8099
9392,8102,9505
9393,7369,8644
9394,8529,9506
9395,9506,8214
9396,9507,8529
9397,8216,9507
9398,9487,8111
9399,9508,8974
9400,9509,9510
9401,9510,8736
9402,9511,8371
9403,9484,9496
9404,9512,9484
9405,9513,8376
9406,9514,8666
9407,9515,8666
9408,9516,9515
9409,8671,9517
9410,9518,8678
9411,8695,8687
9412,9519,8700
9413,9520,9521
9414,9522,8708
9415,9523,8159
9416,9524,8817
9417,8819,9525
9418,9525,9524
9419,9526,9527
9420,9528,8792
9421,9529,9528
9422,9527,9529
9423,9530,8883
9424,9531,8929
9425,9451,8949
9426,8956,8953
9427,9532,8266
9428,9258,9533
9429,9533,9262
9430,9534,9535
9431,9535,8367
9432,9347,9534
9433,9500,9347
9434,9473,9468
9435,9536,9499
9436,9345,9536
9437,9370,9537
9438,9538,9539
9439,9537,9538
9440,9540,9541
9441,9541,9370
9442,9542,9543
9443,9543,9539
9444,9539,9544
9445,9544,9536
9446,8591,8168
9447,8175,8591
9448,9113,9545
9449,9546,9547
9450,9545,9546
9451,9547,9532
9452,9498,9548
9453,9549,8266
9454,9548,9549
9455,9550,9551
9456,9552,9553
9457,9554,9555
9458,9556,8803
9459,9557,9558
9460,9559,9560
9461,9561,9556
9462,9562,9552
9463,9563,9554
9464,9560,9550
9465,9555,9562
9466,9553,9561
9467,9551,9563
9468,9558,9559
9469,9564,8820
9470,9565,9566
9471,9567,9568
9472,9569,9570
9473,9568,9565
9474,9570,9567
9475,9566,9564
9476,9571,9572
9477,9573,9574
9478,9575,8856
9479,9576,9575
9480,9574,9571
9481,9577,9573
9482,9572,9576
9483,9578,9489
9484,9579,9464
9485,9580,9581
9486,9582,9580
9487,9581,9579
9488,9583,8675
9489,9584,9585
9490,9585,9583
9491,9586,9587
9492,9588,9586
9493,8380,9589
9494,9590,9469
9495,7971,8388
9496,8388,9422
9497,8396,7971
9498,9591,8326
9499,8680,9591
9500,9592,7974
9501,9416,9592
9502,8369,9593
9503,9593,9416
9504,8014,9594
9505,9595,7972
9506,9419,9595
9507,9596,9597
9508,9597,9598
9509,9598,9419
9510,9422,9599
9511,9600,9601
9512,7995,9600
9513,9393,9601
9514,9601,7993
9515,9387,9600
9516,9602,8012
9517,9594,9603
9518,8318,9604
9519,9604,9602
9520,9603,9602
9521,9269,9603
9522,9605,8089
9523,8091,9605
9524,9021,9605
9525,8970,9606
9526,9606,8112
9527,8114,9606
9528,8948,9607
9529,9607,8127
9530,8129,9607
9531,9608,8133
9532,8946,9608
9533,8135,9608
9534,9609,8152
9535,8711,9609
9536,9610,9609
9537,8774,9610
9538,8154,9610
9539,8157,9611
9540,8742,9612
9541,8713,9612
9542,9613,9614
9543,9612,9615
9544,9615,8155
9545,9611,9613
9546,8746,9611
9547,8744,9613
9548,9614,9615
9549,8764,9614
9550,9616,8158
9551,8762,9616
9552,9617,9616
9553,8749,9617
9554,9618,9617
9555,8160,9618
9556,8751,9618
9557,8543,9619
9558,8206,9619
9559,9619,8204
9560,9174,9620
9561,9620,8304
9562,8306,9620
9563,9621,8669
9564,8677,9621
9565,9622,9621
9566,9517,9622
9567,9623,8685
9568,9485,9623
9569,8701,9624
9570,8699,9624
9571,8703,9625
9572,9625,8697
9573,9624,9625
9574,8706,9626
9575,9626,8704
9576,9521,9626
9577,8864,9627
9578,8869,9627
9579,9627,9628
9580,8834,9628
9581,9628,9526
9582,8851,9629
9583,9629,8840
9584,8842,9629
9585,8844,9630
9586,8853,9630
9587,9630,8841
9588,8877,9631
9589,8872,9631
9590,9631,8870
9591,8879,9632
9592,8913,9633
9593,8917,9634
9594,9632,9633
9595,8887,9632
9596,9633,9634
9597,9634,8876
9598,9057,9635
9599,9074,9635
9600,9635,9050
9601,9199,9636
9602,9636,9196
9603,9250,9637
9604,9204,9637
9605,9637,9636
9606,9638,9203
9607,9215,9639
9608,9232,9638
9609,9639,9638
9610,9208,9639
9611,8140,9640
9612,9640,9501
9613,8105,9640
9614,9641,8686
9615,8315,9642
9616,8689,9641
9617,9642,8313
9618,8693,9641
9619,9499,8396
9620,9497,9514
9621,9478,9622
9622,9447,9477
9623,9435,9643
9624,9643,8299
9625,8374,8927
9626,9589,9588
9627,9587,8698
9628,9644,9487
9629,9645,9646
9630,9647,9645
9631,9648,9645
9632,9649,9646
9633,9650,9649
9634,9651,9650
9635,9652,9651
9636,9653,9649
9637,9654,9651
9638,9655,9650
9639,9646,9656
9640,9656,9599
9641,9657,9658
9642,9659,9660
9643,9661,9662
9644,9663,9661
9645,9664,9665
9646,9666,9664
9647,9667,9666
9648,9668,9667
9649,9669,9668
9650,9670,9669
9651,9671,9670
9652,9672,9671
9653,9673,9672
9654,9674,9673
9655,9675,9674
9656,9676,9675
9657,9677,9676
9658,9678,9677
9659,9679,9678
9660,9680,9679
9661,9681,9680
9662,9682,9681
9663,9683,9684
9664,9685,9686
9665,9687,9657
9666,9688,9689
9667,9690,9688
9668,9691,9692
9669,9693,9688
9670,9694,9661
9671,9695,9663
9672,9696,9697
9673,9698,9671
9674,9699,9698
9675,9697,9699
9676,9700,9674
9677,9701,9700
9678,9702,9700
9679,9703,9681
9680,9704,9676
9681,9705,9675
9682,9706,9673
9683,9707,9672
9684,9708,9707
9685,9709,9708
9686,9710,9670
9687,9711,9667
9688,9662,9712
9689,9712,9683
9690,9713,9683
9691,9660,9712
9692,9658,9659
9693,9665,9686
9694,9686,9663
9695,9714,9715
9696,9716,9685
9697,9684,9717
9698,9715,9717
9699,9717,9718
9700,9599,9718
9701,9719,9687
9702,9692,9719
9703,9689,9719
9704,9720,9721
9705,9722,9720
9706,9721,9723
9707,9724,9725
9708,9725,9726
9709,9726,9722
9710,9727,9724
9711,9723,8037
9712,9728,9729
9713,9729,9727
9714,9730,9728
9715,9731,9730
9716,9732,9731
9717,9733,9732
9718,9734,9733
9719,9735,9734
9720,9736,9735
9721,9737,9738
9722,9739,9737
9723,9740,9739
9724,9741,9740
9725,9742,9741
9726,9743,9742
9727,9744,9743
9728,9745,9744
9729,9746,9745
9730,9747,9746
9731,9748,9747
9732,9749,9750
9733,9750,9727
9734,9751,9749
9735,9752,9753
9736,9753,9751
9737,9754,9755
9738,9755,9752
9739,9756,9754
9740,9757,9756
9741,9758,9757
9742,9759,9758
9743,9760,9759
9744,9761,9760
9745,9762,9761
9746,9763,9762
9747,9764,9765
9748,9765,9763
9749,9766,9767
9750,9767,9764
9751,9768,9766
9752,9769,9768
9753,9770,9769
9754,9771,9770
9755,9772,9771
9756,9773,9772
9757,9774,9773
9758,9775,9774
9759,9776,9775
9760,9777,9776
9761,9778,9777
9762,9779,9780
9763,9781,9779
9764,9782,9781
9765,9783,9782
9766,9784,9783
9767,9785,9784
9768,9786,9785
9769,9787,9786
9770,9788,9787
9771,9789,9788
9772,9790,9789
9773,9791,9790
9774,9792,9791
9775,9793,9792
9776,9794,9793
9777,9795,9794
9778,9796,9795
9779,9797,9796
9780,9798,9797
9781,9799,9798
9782,9800,9799
9783,9801,9800
9784,9802,9801
9785,9803,9802
9786,9804,9785
9787,9805,9804
9788,9806,9805
9789,9807,9806
9790,9808,9807
9791,9809,9808
9792,9810,9809
9793,9811,9810
9794,9812,9811
9795,9813,9812
9796,9814,9813
9797,9815,9814
9798,9816,9815
9799,9817,9816
9800,9818,9819
9801,9820,9818
9802,9821,9822
9803,9823,9824
9804,9825,9826
9805,9827,9825
9806,9828,9827
9807,9829,9828
9808,9830,9829
9809,9831,9830
9810,9832,9831
9811,9833,9834
9812,9835,9836
9813,9837,9835
9814,9838,9833
9815,9836,9764
9816,9834,9837
9817,9839,9838
9818,9840,9839
9819,9841,9840
9820,9842,9841
9821,9843,9842
9822,9844,9845
9823,9845,9843
9824,9846,9847
9825,9847,9844
9826,9848,9846
9827,9849,9848
9828,9850,9849
9829,9852,9853
9830,9853,9854
9831,9855,9852
9832,9854,9850
9833,9856,9855
9834,9857,9856
9835,9858,9857
9836,9859,9858
9837,9860,9859
9838,9861,9860
9839,9862,9861
9840,9863,9862
9841,9864,9863
9842,9865,9864
9843,9866,9865
9844,9867,9866
9845,9868,9867
9846,9869,9868
9847,9870,9869
9848,9871,9870
9849,9872,9871
9850,9873,9872
9851,9874,9873
9852,9875,9850
9853,9876,9877
9854,9877,9875
9855,9878,9876
9856,9879,9878
9857,9880,9881
9858,9882,9883
9859,9884,9880
9860,9883,9884
9861,9881,9879
9862,9885,9882
9863,9886,9887
9864,9887,9885
9865,9888,9889
9866,9889,9886
9867,9890,9888
9868,9891,9892
9869,9892,9890
9870,9893,9891
9871,9894,9893
9872,9895,9896
9873,9896,9894
9874,9897,9898
9875,9898,9895
9876,9899,9897
9877,9900,9899
9878,9901,9900
9879,9902,9901
9880,9903,9904
9881,9904,9905
9882,9905,9902
9883,9906,9903
9884,9907,9908
9885,9908,9906
9886,9909,9910
9887,9911,9909
9888,9912,9911
9889,9913,9912
9890,9914,9913
9891,9915,9914
9892,9916,9915
9893,9917,9916
9894,9918,9917
9895,9919,9918
9896,9920,9919
9897,9921,9920
9898,9922,9921
9899,9923,9924
9900,9924,9922
9901,9925,9923
9902,9926,9925
9903,9927,9926
9904,9928,9927
9905,9929,9930
9906,9930,9928
9907,9931,9929
9908,9932,9931
9909,9933,9902
9910,9934,9933
9911,9935,9934
9912,9936,9937
9913,9937,9935
9914,9938,9936
9915,9939,9940
9916,9940,9941
9917,9942,9938
9918,9943,9939
9919,9944,9943
9920,9941,9942
9921,9945,9946
9922,9947,9945
9923,9948,9947
9924,9949,9948
9925,9950,9949
9926,9951,9950
9927,9952,9951
9928,9953,9952
9929,9954,9953
9930,9955,9954
9931,9956,9955
9932,9957,9956
9933,9958,9957
9934,9959,9958
9935,9960,9959
9936,9961,9960
9937,9962,9961
9938,9963,9964
9939,9964,9962
9940,9965,9966
9941,9967,9965
9942,9968,9967
9943,9969,9968
9944,9970,9969
9945,9971,9970
9946,9972,9971
9947,9973,9972
9948,9974,9973
9949,9975,9974
9950,9976,9975
9951,9977,9976
9952,9978,9977
9953,9979,9978
9954,9980,9979
9955,9981,9980
9956,9982,9981
9957,9983,9982
9958,9984,9983
9959,9985,9984
9960,9986,9985
9961,9987,9947
9962,9988,9987
9963,9989,9988
9964,9990,9989
9965,9991,9992
9966,9993,9991
9967,9994,9993
9968,9995,9996
9969,9997,9995
9970,9998,9997
9971,9999,9998
9972,10000,9999
9973,10001,10000
9974,10002,10001
9975,10003,10002
9976,10004,10003
9977,10005,10004
9978,10006,10005
9979,10007,10006
9980,10008,10007
9981,10009,10008
9982,10010,10011
9983,10011,9900
9984,10012,10010
9985,10013,10012
9986,10014,10013
9987,10015,10014
9988,10016,10015
9989,10017,10018
9990,10019,10017
9991,10020,10019
9992,10021,10020
9993,10022,10021
9994,10023,10022
9995,10024,10023
9996,10025,10024
9997,10026,10027
9998,10027,10025
9999,10028,10026
10000,10029,10028
10001,10030,10017
10002,10031,10030
10003,10032,10031
10004,10033,10032
10005,10034,10033
10006,10035,10036
10007,10037,10034
10008,10036,10038
10009,10038,10037
10010,10039,10035
10011,10040,10039
10012,10041,10040
10013,10042,10041
10014,10043,10042
10015,10044,10043
10016,10045,10044
10017,10046,10045
10018,10047,10048
10019,10048,10046
10020,10049,10050
10021,10051,9840
10022,10050,10051
10023,10052,10049
10024,10053,10052
10025,10054,10053
10026,10055,10054
10027,10056,10055
10028,10057,10056
10029,10058,10057
10030,10059,10058
10031,10060,10059
10032,10061,10060
10033,10062,10061
10034,10063,10062
10035,10064,10063
10036,10065,10064
10037,10066,10065
10038,10067,10066
10039,10068,10067
10040,10069,10068
10041,10070,10069
10042,10071,10072
10043,10073,9894
10044,10072,10073
10045,10074,10071
10046,10075,10076
10047,10077,10075
10048,10078,10077
10049,10079,10080
10050,10081,10079
10051,10082,10083
10052,10083,9897
10053,10084,10082
10054,10085,10084
10055,10086,10085
10056,10087,10086
10057,10088,10089
10058,10089,9891
10059,10090,10088
10060,10091,10090
10061,10092,10091
10062,10093,10092
10063,10094,10093
10064,10095,10096
10065,10097,10098
10066,10098,10095
10067,10099,10060
10068,10100,10099
10069,10101,9870
10070,10102,10101
10071,10103,10056
10072,10104,10105
10073,10106,10103
10074,10105,10107
10075,10107,10106
10076,10108,10013
10077,10109,10108
10078,10110,10109
10079,10111,10110
10080,10112,10111
10081,10113,10114
10082,10114,10112
10083,10115,9965
10084,10116,10117
10085,10117,10115
10086,10118,10116
10087,10119,10118
10088,10120,10119
10089,10121,10122
10090,10122,9760
10091,10123,10121
10092,10124,10125
10093,10126,10124
10094,10127,9917
10095,10128,10127
10096,10129,10128
10097,10130,10131
10098,10132,9886
10099,10131,10132
10100,10133,10130
10101,10134,10133
10102,10135,10134
10103,10136,10135
10104,10137,10136
10105,10138,10137
10106,10139,9828
10107,10140,10139
10108,10141,10140
10109,10142,10141
10110,10143,9788
10111,10144,10143
10112,10145,10144
10113,10146,10147
10114,10148,10145
10115,10147,10149
10116,10150,10146
10117,10149,10148
10118,10151,9958
10119,10152,10151
10120,10153,9858
10121,10154,10153
10122,10155,10154
10123,10156,10155
10124,10157,9962
10125,10158,10159
10126,10159,10160
10127,10160,10157
10128,10161,10162
10129,10162,10163
10130,10163,9901
10131,10164,10161
10132,10165,10164
10133,10166,9868
10134,10167,10166
10135,10168,10167
10136,10169,9819
10137,10170,10169
10138,10171,10170
10139,10172,10171
10140,10173,10172
10141,10174,10173
10142,10175,10174
10143,10176,10175
10144,10177,10178
10145,10178,9749
10146,10179,10177
10147,10180,10179
10148,10181,10180
10149,10182,10033
10150,10183,10182
10151,10184,10183
10152,10185,10184
10153,10186,10185
10154,10187,10188
10155,10188,10186
10156,10189,10190
10157,10190,9944
10158,10191,10189
10159,10192,10191
10160,10193,10192
10161,10194,10193
10162,10195,10194
10163,10196,10195
10164,10197,10196
10165,10198,10039
10166,10199,10198
10167,10200,10199
10168,10201,10200
10169,10202,10203
10170,10203,10201
10171,10204,9804
10172,10205,10204
10173,10206,10207
10174,10208,9843
10175,10207,10208
10176,10209,10206
10177,10210,10209
10178,10211,10210
10179,10212,10213
10180,10213,9882
10181,10214,10212
10182,10215,10214
10183,10216,10215
10184,10217,10216
10185,10218,10217
10186,10219,10218
10187,10220,10219
10188,10221,10220
10189,10222,10221
10190,10223,10222
10191,10224,10223
10192,10225,10224
10193,10226,10225
10194,10227,10226
10195,10228,9976
10196,10229,10228
10197,10230,9977
10198,10231,10232
10199,10232,9844
10200,10233,10231
10201,10234,10233
10202,10235,10234
10203,10236,10235
10204,10237,10236
10205,10238,10237
10206,10239,10238
10207,10240,10241
10208,10241,9938
10209,10242,10240
10210,10243,10242
10211,10244,9980
10212,10245,10244
10213,10246,10247
10214,10248,10249
10215,10249,10246
10216,10250,9992
10217,10251,10250
10218,10252,10251
10219,10253,10252
10220,10254,10253
10221,10255,10254
10222,10256,10255
10223,10257,10258
10224,10258,10256
10225,10259,9919
10226,10260,10259
10227,10261,10260
10228,10262,9798
10229,10263,10262
10230,10264,10263
10231,10265,10015
10232,10266,10267
10233,10268,10265
10234,10267,10268
10235,10269,10270
10236,10270,10266
10237,10271,10272
10238,10273,10271
10239,10274,10273
10240,10275,10274
10241,10276,10277
10242,10277,9948
10243,10278,10279
10244,10280,9913
10245,10281,10280
10246,10282,10281
10247,10283,10282
10248,10284,10285
10249,10285,10283
10250,10286,10284
10251,10287,10286
10252,10288,10287
10253,10289,10290
10254,10290,10291
10255,10291,9758
10256,10292,10289
10257,10293,9770
10258,10294,10293
10259,10295,10294
10260,10296,10295
10261,10297,10296
10262,10298,10297
10263,10299,10298
10264,10300,10299
10265,10301,10300
10266,10302,10301
10267,10303,10302
10268,10304,10303
10269,10305,10304
10270,10306,10305
10271,10307,10306
10272,10308,10307
10273,10309,10308
10274,10310,10309
10275,10311,10310
10276,10312,10311
10277,10313,10312
10278,10314,10315
10279,10316,10314
10280,10317,10316
10281,10318,10317
10282,10319,10318
10283,10320,10321
10284,10322,10320
10285,10323,9987
10286,10324,10323
10287,10325,10326
10288,10326,9842
10289,10327,9920
10290,10328,10327
10291,10329,10328
10292,10330,10329
10293,10331,9805
10294,10332,10331
10295,10333,10332
10296,10334,10333
10297,10335,10334
10298,10336,10335
10299,10337,10336
10300,10338,10337
10301,10339,10338
10302,10340,10339
10303,10341,10340
10304,10342,10341
10305,10343,10342
10306,10344,10343
10307,10345,10344
10308,10346,10345
10309,10347,10346
10310,10348,10349
10311,10350,9762
10312,10349,10350
10313,10351,10348
10314,10352,10351
10315,10353,9815
10316,10354,10353
10317,10355,10354
10318,10356,10355
10319,10357,10358
10320,10358,10356
10321,10359,10357
10322,10360,10359
10323,10361,10360
10324,10362,10361
10325,10363,10362
10326,10364,10363
10327,10365,10364
10328,10366,10365
10329,10367,10366
10330,10368,10367
10331,10369,10370
10332,10371,9763
10333,10370,10371
10334,10372,10369
10335,10373,10372
10336,10374,10373
10337,10375,10374
10338,10376,10375
10339,10377,10376
10340,10378,10377
10341,10379,10378
10342,10380,10379
10343,10381,9903
10344,10382,10381
10345,10383,10382
10346,10384,10383
10347,10385,10384
10348,10386,10385
10349,10387,10388
10350,10388,9849
10351,10389,10387
10352,10390,10391
10353,10392,10393
10354,10394,10390
10355,10395,10394
10356,10391,9757
10357,10396,10395
10358,10393,10396
10359,10397,10392
10360,10398,10397
10361,10399,10398
10362,10400,10401
10363,10402,10400
10364,10401,9934
10365,10403,10402
10366,10404,10403
10367,10405,10404
10368,10406,10405
10369,10407,10406
10370,10408,10407
10371,10409,10408
10372,10410,10409
10373,10411,10412
10374,10412,10413
10375,10414,10410
10376,10413,10415
10377,10415,10414
10378,10416,10417
10379,10418,10416
10380,10419,10418
10381,10420,10421
10382,10421,10419
10383,10422,10420
10384,10423,10422
10385,10424,10423
10386,10425,10424
10387,10426,10425
10388,10427,10005
10389,10428,10427
10390,10429,10428
10391,10430,10429
10392,10431,10430
10393,10432,10431
10394,10433,10432
10395,10434,10435
10396,10436,10434
10397,10437,10438
10398,10439,10440
10399,10441,10442
10400,10443,9721
10401,10444,10443
10402,10445,10446
10403,10446,9724
10404,10447,10179
10405,10448,10447
10406,10449,10177
10407,10450,10451
10408,10451,9753
10409,10452,10453
10410,10454,9752
10411,10455,10452
10412,10453,10454
10413,10456,10457
10414,10457,10392
10415,10458,10121
10416,10459,10458
10417,10460,10351
10418,10461,10348
10419,10462,10461
10420,10463,10461
10421,10464,10373
10422,10465,10464
10423,10466,10376
10424,10467,10377
10425,10468,10467
10426,10469,10379
10427,10470,10378
10428,10471,10372
10429,10472,10471
10430,10473,10471
10431,10474,10369
10432,10475,10476
10433,10476,9765
10434,10477,10478
10435,10478,9838
10436,10479,10480
10437,10481,10479
10438,10482,10481
10439,10483,10482
10440,10484,10483
10441,10485,10484
10442,10486,10485
10443,10487,10486
10444,10488,10487
10445,10489,10488
10446,10490,10491
10447,10492,10490
10448,10493,10492
10449,10494,10490
10450,10495,10496
10451,10497,10495
10452,10498,10495
10453,10499,10484
10454,10500,10501
10455,10501,10499
10456,10502,10500
10457,10503,10502
10458,10504,10503
10459,10505,10504
10460,10506,10503
10461,10507,10504
10462,10508,10486
10463,10509,10508
10464,10510,10511
10465,10512,10509
10466,10511,10512
10467,10513,10510
10468,10514,10508
10469,10515,10514
10470,10516,10510
10471,10517,10516
10472,10518,10487
10473,10519,10518
10474,10520,10488
10475,10521,10485
10476,10522,10521
10477,10523,10522
10478,10524,10523
10479,10525,10521
10480,10526,10525
10481,10527,10523
10482,10528,10527
10483,10529,10522
10484,10530,10483
10485,10531,10530
10486,10532,10530
10487,10533,10479
10488,10534,10533
10489,10535,10533
10490,10536,10049
10491,10537,10054
10492,10538,10057
10493,10539,10059
10494,10540,10062
10495,10541,10066
10496,10542,10065
10497,10543,10542
10498,10544,10543
10499,10545,10542
10500,10546,10545
10501,10547,10064
10502,10548,10063
10503,10549,10548
10504,10550,10549
10505,10551,10548
10506,10552,10551
10507,10553,10061
10508,10554,10553
10509,10555,10554
10510,10556,10555
10511,10557,10556
10512,10558,10557
10513,10559,10554
10514,10560,10559
10515,10561,10555
10516,10562,10556
10517,10563,10557
10518,10564,10563
10519,10565,10553
10520,10566,10565
10521,10567,10099
10522,10568,10567
10523,10569,10058
10524,10570,10103
10525,10571,10570
10526,10572,10573
10527,10573,10571
10528,10574,10572
10529,10575,10570
10530,10576,10575
10531,10577,10055
10532,10578,10577
10533,10579,10580
10534,10581,10053
10535,10582,10583
10536,10583,10579
10537,10580,10581
10538,10584,10052
10539,10585,10586
10540,10586,9845
10541,10587,10233
10542,10588,10235
10543,10589,10590
10544,10591,10237
10545,10590,10592
10546,10593,10589
10547,10592,10591
10548,10594,10236
10549,10595,10234
10550,10596,10231
10551,10597,10598
10552,10599,9875
10553,10600,10597
10554,10598,10599
10555,10601,10602
10556,10603,10601
10557,10602,9876
10558,10604,10605
10559,10605,10606
10560,10606,9878
10561,10607,10604
10562,10608,10607
10563,10609,10604
10564,10610,10611
10565,10612,9885
10566,10611,10612
10567,10613,10610
10568,10614,10610
10569,10615,10616
10570,10616,9887
10571,10617,10133
10572,10618,10617
10573,10619,10134
10574,10620,10621
10575,10621,10619
10576,10622,10136
10577,10623,10135
10578,10624,10130
10579,10625,10624
10580,10626,10627
10581,10627,9889
10582,10628,10629
10583,10629,9888
10584,10630,10631
10585,10632,10630
10586,10631,9892
10587,10633,10634
10588,10634,9893
10589,10635,10633
10590,10636,10633
10591,10637,10075
10592,10638,10078
10593,10639,10638
10594,10640,10079
10595,10641,10080
10596,10642,10641
10597,10643,10644
10598,10645,10641
10599,10646,10645
10600,10647,10643
10601,10644,10646
10602,10648,10077
10603,10649,10650
10604,10651,10071
10605,10652,10653
10606,10654,10655
10607,10653,10654
10608,10655,9895
10609,10656,10657
10610,10657,9898
10611,10658,10085
10612,10659,10086
10613,10660,10661
10614,10661,9899
10615,10662,10660
10616,10663,10662
10617,10664,10660
10618,10665,10666
10619,10666,10662
10620,10667,10668
10621,10669,10667
10622,10668,10665
10623,10670,10669
10624,10671,10672
10625,10672,10665
10626,10673,10669
10627,10674,10265
10628,10675,10674
10629,10676,10675
10630,10677,10674
10631,10678,10679
10632,10679,10677
10633,10680,10681
10634,10681,10266
10635,10682,10683
10636,10684,10685
10637,10686,10684
10638,10687,10317
10639,10688,10687
10640,10689,10318
10641,10690,10689
10642,10321,10319
10643,10691,10692
10644,10692,10316
10645,10693,10314
10646,10694,10693
10647,10695,10696
10648,10696,10693
10649,10697,10698
10650,10699,10697
10651,10700,10701
10652,10701,10702
10653,10703,10704
10654,10705,10703
10655,10706,10020
10656,10707,10022
10657,10708,10707
10658,10709,10023
10659,10710,10024
10660,10711,10710
10661,10712,10713
10662,10713,10711
10663,10714,10710
10664,10715,10714
10665,10716,10717
10666,10717,10026
10667,10718,10716
10668,10719,10716
10669,10720,10025
10670,10721,10722
10671,10722,10723
10672,10723,10720
10673,10724,10720
10674,10725,10021
10675,10726,10725
10676,10727,10726
10677,10728,10727
10678,10729,10728
10679,10730,10731
10680,10731,10729
10681,10732,10730
10682,10733,10734
10683,10734,10727
10684,10735,10728
10685,10736,10730
10686,10737,10738
10687,10738,10739
10688,10739,10736
10689,10740,10741
10690,10742,10743
10691,10743,10740
10692,10741,10736
10693,10744,10729
10694,10745,10746
10695,10746,10747
10696,10747,10744
10697,10748,10726
10698,10749,10750
10699,10750,10748
10700,10751,10752
10701,10752,10748
10702,10753,10725
10703,10754,10753
10704,10755,10756
10705,10756,10030
10706,10757,10755
10707,10758,10032
10708,10759,10760
10709,10760,10758
10710,10761,10762
10711,10762,10182
10712,10763,10184
10713,10764,10763
10714,10765,10766
10715,10766,10186
10716,10767,10768
10717,10768,10185
10718,10769,10183
10719,10770,10769
10720,10771,10034
10721,10772,10773
10722,10773,10771
10723,10774,10775
10724,10775,10035
10725,10776,10774
10726,10777,10776
10727,10778,10774
10728,10779,10778
10729,10780,10781
10730,10782,10780
10731,10781,10040
10732,10783,10043
10733,10784,10785
10734,10785,10783
10735,10786,10045
10736,10787,10786
10737,10788,10789
10738,10789,10787
10739,10790,10791
10740,10791,10787
10741,10792,10786
10742,10793,10792
10743,10794,10046
10744,10795,10794
10745,10796,10797
10746,10797,10795
10747,10798,10799
10748,10799,10044
10749,10800,10801
10750,10802,10800
10751,10803,10201
10752,10801,10803
10753,10804,10200
10754,10805,10806
10755,10807,10805
10756,10808,10805
10757,10809,10808
10758,10806,10804
10759,10810,10811
10760,10812,10031
10761,10811,10812
10762,10813,10814
10763,10814,10815
10764,10816,10817
10765,10817,10818
10766,10819,10820
10767,10820,10110
10768,10821,10111
10769,10822,10821
10770,10823,10112
10771,10824,10825
10772,10825,10823
10773,10826,10827
10774,10827,10823
10775,10828,10109
10776,10829,10830
10777,10830,10828
10778,10831,10828
10779,10832,10831
10780,10833,10012
10781,10834,10010
10782,10835,10836
10783,10836,9933
10784,10837,10835
10785,10838,10837
10786,10839,10838
10787,10840,10838
10788,10841,10842
10789,10843,10844
10790,10844,10841
10791,10842,10402
10792,10845,10846
10793,10846,10847
10794,10848,10849
10795,10850,10848
10796,10849,10843
10797,10851,10852
10798,10852,10847
10799,10853,10406
10800,10854,10853
10801,10855,10854
10802,10856,10853
10803,10857,10856
10804,10858,10408
10805,10859,10858
10806,10860,10859
10807,10861,10862
10808,10862,10858
10809,10863,10864
10810,10864,10409
10811,10865,10410
10812,10866,10865
10813,10867,10407
10814,10868,10867
10815,10869,10404
10816,10870,10871
10817,10871,9936
10818,10872,10192
10819,10873,10193
10820,10874,10875
10821,10875,10873
10822,10876,10873
10823,10877,10194
10824,10878,10877
10825,10879,10196
10826,10880,10195
10827,10881,10880
10828,10882,9951
10829,10883,10882
10830,10884,10885
10831,10886,9955
10832,10885,10886
10833,10887,10151
10834,10888,9966
10835,10889,9970
10836,10890,10891
10837,10892,9974
10838,10891,10893
10839,10893,10892
10840,10894,9983
10841,10895,10896
10842,10896,10894
10843,10897,10895
10844,10898,10897
10845,10899,9984
10846,10900,10899
10847,10901,9982
10848,10902,10903
10849,10903,10901
10850,10904,10902
10851,10905,10904
10852,10906,10904
10853,10907,10902
10854,10908,9981
10855,10909,10244
10856,10910,10911
10857,10912,10913
10858,10913,10910
10859,10914,10912
10860,10915,10912
10861,10916,10917
10862,10917,10918
10863,10918,10915
10864,10919,10246
10865,10920,10921
10866,10921,9978
10867,10922,10920
10868,10923,10922
10869,10924,10923
10870,10925,10924
10871,10926,10925
10872,10927,10928
10873,10928,10926
10874,10929,10930
10875,10930,10923
10876,10931,10932
10877,10933,10924
10878,10932,10933
10879,10934,10935
10880,10936,10934
10881,10935,9975
10882,10937,10936
10883,10938,9971
10884,10939,9969
10885,10940,10941
10886,10942,10943
10887,10943,10940
10888,10941,9968
10889,10944,10118
10890,10945,10944
10891,10946,10945
10892,10947,10948
10893,10948,10945
10894,10949,10950
10895,10950,10944
10896,10951,10116
10897,10952,10951
10898,10953,10954
10899,10954,9963
10900,10955,10956
10901,10956,9960
10902,10957,9956
10903,10958,9952
10904,10959,10958
10905,10960,9988
10906,10961,10252
10907,10962,10254
10908,10963,10255
10909,10964,10965
10910,10965,10963
10911,10966,10964
10912,10967,10966
10913,10968,10964
10914,10969,10256
10915,10970,10253
10916,10971,10970
10917,10972,9991
10918,10973,10972
10919,10974,10975
10920,10975,10972
10921,10976,9993
10922,10977,10976
10923,10978,9995
10924,10979,10978
10925,10980,10979
10926,10981,10979
10927,10982,10978
10928,10983,10982
10929,10984,10002
10930,10985,10984
10931,10442,10985
10932,10986,10442
10933,10987,10986
10934,10988,10987
10935,10989,10988
10936,10990,10984
10937,10991,10990
10938,10992,10991
10939,10993,10992
10940,10994,10995
10941,10995,10993
10942,10996,10985
10943,10997,10996
10944,10998,10997
10945,10999,10998
10946,11000,10999
10947,11001,11000
10948,11002,11000
10949,11003,11002
10950,11004,10999
10951,11005,11004
10952,11006,11005
10953,11007,11006
10954,11008,11007
10955,11009,11008
10956,11010,11009
10957,11011,11010
10958,11012,11013
10959,11013,11004
10960,11014,11005
10961,11015,10998
10962,11016,10997
10963,11017,11016
10964,11018,10996
10965,11019,10986
10966,11020,11019
10967,11021,11020
10968,11022,11021
10969,11023,11022
10970,11024,11020
10971,11025,11024
10972,11026,11019
10973,11027,11026
10974,11028,11027
10975,11029,11026
10976,11030,11029
10977,11031,11030
10978,11032,11029
10979,11033,10427
10980,11034,11033
10981,11035,11034
10982,11036,11035
10983,11037,11036
10984,11038,11037
10985,11039,11038
10986,11040,11033
10987,11041,11042
10988,11042,11036
10989,11043,11037
10990,11044,11043
10991,11045,11046
10992,11047,11038
10993,11046,11047
10994,11048,11045
10995,11049,11048
10996,11050,11049
10997,11051,10429
10998,11052,11051
10999,11053,11052
11000,11054,11052
11001,11055,11056
11002,11056,11051
11003,11057,10428
11004,11058,11059
11005,11059,10004
11006,11060,11061
11007,11061,10003
11008,11062,10001
11009,11063,11062
11010,11064,11065
11011,11065,11063
11012,11066,9990
11013,11067,11068
11014,11069,11067
11015,11070,11067
11016,11071,11070
11017,11072,11071
11018,11073,11074
11019,11074,11070
11020,11068,11066
11021,11075,11076
11022,11076,9989
11023,11077,11078
11024,11079,11080
11025,11078,11079
11026,11081,11082
11027,11083,10240
11028,11084,11085
11029,11085,11083
11030,11086,11087
11031,11087,9937
11032,11088,11089
11033,11089,9935
11034,11090,10381
11035,11091,10383
11036,11092,10384
11037,11093,10382
11038,11094,11095
11039,11096,11097
11040,11098,11099
11041,11100,11098
11042,11101,11102
11043,11102,11100
11044,11103,11098
11045,11104,11100
11046,11105,11104
11047,11106,11107
11048,11108,11109
11049,11109,9911
11050,11107,11108
11051,11110,11106
11052,11111,9912
11053,11112,11113
11054,11113,11114
11055,11114,11111
11056,11115,10280
11057,11116,10282
11058,11117,10287
11059,11118,10286
11060,11119,10283
11061,11120,11119
11062,11121,11120
11063,11122,11121
11064,11123,11122
11065,11124,11123
11066,11125,11124
11067,11126,11125
11068,11127,11120
11069,11128,11127
11070,11129,11128
11071,11130,11128
11072,11131,11130
11073,11132,11127
11074,11133,11132
11075,11134,11121
11076,11135,11134
11077,11136,11135
11078,11137,11138
11079,11138,11134
11080,11139,11140
11081,11140,11124
11082,11141,11123
11083,11142,11122
11084,11143,11119
11085,11144,10281
11086,11145,9915
11087,11146,9916
11088,11147,11146
11089,11148,11146
11090,11149,10329
11091,11150,10328
11092,11151,11152
11093,11153,11150
11094,11152,11153
11095,11154,10327
11096,11155,9922
11097,11156,11155
11098,11157,11156
11099,11158,11155
11100,11159,11156
11101,11160,9928
11102,11161,11160
11103,11162,11161
11104,11163,9927
11105,11164,9926
11106,11165,9925
11107,11166,11165
11108,11167,11166
11109,11168,9921
11110,11169,10259
11111,11170,10260
11112,11171,9918
11113,11172,9914
11114,11173,11172
11115,11174,11173
11116,11175,11176
11117,11176,9896
11118,11177,10088
11119,11178,11179
11120,11180,10090
11121,11179,11180
11122,11181,10091
11123,11182,10093
11124,11183,11184
11125,11185,10092
11126,11186,11185
11127,11187,11188
11128,11188,9890
11129,11189,10215
11130,11190,11189
11131,11191,11189
11132,11192,10217
11133,11193,10218
11134,11194,10221
11135,11195,11194
11136,11196,11194
11137,11197,10226
11138,11198,10222
11139,11199,11198
11140,11200,10216
11141,11201,11200
11142,11202,11203
11143,11204,11205
11144,11206,11200
11145,11205,11202
11146,11203,11206
11147,11207,11208
11148,11208,9880
11149,11209,11210
11150,11210,9881
11151,11211,11212
11152,11212,9879
11153,11213,11211
11154,11214,11211
11155,11215,11216
11156,11216,9877
11157,11217,9857
11158,11218,11219
11159,11220,11217
11160,11219,11220
11161,11221,10155
11162,11222,11221
11163,11223,10154
11164,11224,11223
11165,11225,11223
11166,11226,10153
11167,11227,9861
11168,11228,11227
11169,11229,9863
11170,11230,11229
11171,11231,9866
11172,11232,9867
11173,11233,11232
11174,11234,11233
11175,11235,11234
11176,11236,11232
11177,11237,11233
11178,11238,11234
11179,11239,9873
11180,11240,11241
11181,11241,11239
11182,11242,9872
11183,11243,9871
11184,11244,10101
11185,11245,9869
11186,11246,10166
11187,11247,10167
11188,11248,11249
11189,11250,11251
11190,11252,9864
11191,11253,9862
11192,11254,10387
11193,11255,11256
11194,11257,11258
11195,11256,11257
11196,11258,9848
11197,11259,11255
11198,11260,11255
11199,11261,11262
11200,11262,9846
11201,11263,11264
11202,11264,9847
11203,11265,10206
11204,11266,10209
11205,11267,10210
11206,11268,11269
11207,11269,9841
11208,11270,11271
11209,11271,9834
11210,11272,11273
11211,11273,9835
11212,11274,9766
11213,11275,10293
11214,11276,10300
11215,11277,10302
11216,11278,11277
11217,11279,11277
11218,11280,10303
11219,11281,11280
11220,11282,10304
11221,11283,11282
11222,11284,11283
11223,11285,11284
11224,11286,11284
11225,11287,11286
11226,11288,11286
11227,11289,10306
11228,11290,11289
11229,11291,11290
11230,11292,11290
11231,11293,11292
11232,11294,11289
11233,11295,11294
11234,11296,10309
11235,11297,10312
11236,11298,10311
11237,11299,10310
11238,11300,10308
11239,11301,11300
11240,11302,11301
11241,11303,11300
11242,11304,11303
11243,11305,10307
11244,11306,10305
11245,11307,10301
11246,11308,9779
11247,11309,9783
11248,11310,10143
11249,11311,10145
11250,11312,10144
11251,11313,9791
11252,11314,11313
11253,11315,11316
11254,11316,9796
11255,11317,11315
11256,11318,11315
11257,11319,10263
11258,11320,11321
11259,11321,10262
11260,11322,9799
11261,11323,11322
11262,11324,9800
11263,11325,11324
11264,11326,11325
11265,11327,11324
11266,11328,9801
11267,11329,9797
11268,11330,9793
11269,11331,9792
11270,11332,9790
11271,11333,9789
11272,11334,9787
11273,11335,9786
11274,11336,11335
11275,11337,11336
11276,11338,11335
11277,11339,9808
11278,11340,11341
11279,11342,11343
11280,11343,11344
11281,11344,10353
11282,11341,11342
11283,11345,11340
11284,11346,11347
11285,11347,11345
11286,11348,11346
11287,11349,11340
11288,11350,11349
11289,11351,10361
11290,11352,11351
11291,11353,11351
11292,11354,10364
11293,11355,10365
11294,11356,10367
11295,11357,10366
11296,11358,11357
11297,11359,11357
11298,11360,10363
11299,11361,10362
11300,11362,11361
11301,11363,11361
11302,11364,10360
11303,11365,10124
11304,11366,10420
11305,11367,10422
11306,11368,10423
11307,11369,10425
11308,11370,10424
11309,11371,11372
11310,11373,10141
11311,11374,10140
11312,11375,11374
11313,11376,10139
11314,11377,11378
11315,11378,11376
11316,11379,9829
11317,11380,9831
11318,11381,9830
11319,11382,11381
11320,11383,11381
11321,11384,10169
11322,11385,10170
11323,11386,10171
11324,11387,10172
11325,11388,10173
11326,11389,10175
11327,11390,10174
11328,11391,9816
11329,11392,11391
11330,11393,9812
11331,11394,9806
11332,11395,10331
11333,11396,10332
11334,11397,10336
11335,11398,10339
11336,11399,10340
11337,11400,11399
11338,11401,11399
11339,11402,11401
11340,11403,11401
11341,11404,10341
11342,11405,11404
11343,11406,11404
11344,11407,10345
11345,11408,10346
11346,11409,10344
11347,11410,10343
11348,11411,10342
11349,11412,10338
11350,11413,11412
11351,11414,11413
11352,11415,11414
11353,11416,11412
11354,11417,11414
11355,11418,11417
11356,11419,11413
11357,11420,10337
11358,11421,10335
11359,11422,10204
11360,11423,9784
11361,11424,11423
11362,11425,11424
11363,11426,9782
11364,11427,11426
11365,11428,11426
11366,11429,11430
11367,11431,11428
11368,11430,11431
11369,11432,11429
11370,11433,11428
11371,11434,9778
11372,11435,11434
11373,11436,9780
11374,11437,11436
11375,11438,9774
11376,11439,11438
11377,11440,11439
11378,11441,11440
11379,11442,11440
11380,11443,11439
11381,11444,9771
11382,11445,11444
11383,11446,11447
11384,11447,9761
11385,11448,11449
11386,11449,9759
11387,11450,11448
11388,11451,11450
11389,11452,11451
11390,11453,11448
11391,11454,11453
11392,11455,11451
11393,11456,11450
11394,11457,11456
11395,11458,11457
11396,11459,11457
11397,11460,11456
11398,11461,11460
11399,11462,10289
11400,11463,11464
11401,11464,9756
11402,11465,11463
11403,11466,11463
11404,11467,11468
11405,11468,9754
11406,11469,11470
11407,11470,9755
11408,11471,11472
11409,11472,9751
11410,11473,11474
11411,11474,9750
11412,11475,9728
11413,11476,9730
11414,11477,9731
11415,11478,11477
11416,11479,11477
11417,11480,9735
11418,11481,9736
11419,11482,9738
11420,11483,11482
11421,11484,11483
11422,11485,11482
11423,11486,11485
11424,11487,11483
11425,11488,11487
11426,11489,11490
11427,11490,9739
11428,11491,11492
11429,11493,9741
11430,11492,11493
11431,11494,9743
11432,11495,11494
11433,11496,9744
11434,11497,9745
11435,11498,11497
11436,11499,11498
11437,11500,9746
11438,11501,9742
11439,11502,9737
11440,11503,11504
11441,11504,11502
11442,11505,9734
11443,9946,11506
11444,11506,11507
11445,11508,9944
11446,11080,11508
11447,11507,11080
11448,11509,11510
11449,11511,11512
11450,11512,11513
11451,11249,11251
11452,11514,11513
11453,9738,11481
11454,11515,11516
11455,11516,11517
11456,11518,9963
11457,9966,11515
11458,11517,11518
11459,11519,11520
11460,9992,11519
11461,11520,11521
11462,11521,10960
11463,11510,10229
11464,11522,11523
11465,11523,10843
11466,10847,11522
11467,11513,10137
11468,11524,11016
11469,11525,11526
11470,11526,11524
11471,11251,9865
11472,11527,11525
11473,11528,11518
11474,9819,11529
11475,11529,11530
11476,11530,9817
11477,10125,11530
11478,11531,9820
11479,9822,11531
11480,9824,11532
11481,11532,9821
11482,10417,11532
11483,9826,11533
11484,11372,11533
11485,11533,9823
11486,11534,9907
11487,11095,11534
11488,11535,11534
11489,11536,11535
11490,11097,11535
11491,11099,11536
11492,9910,11536
11493,11537,9994
11494,10272,11537
11495,11538,11537
11496,10279,11538
11497,9996,11538
11498,10815,11539
11499,11539,11540
11500,11541,11539
11501,10315,11542
11502,10685,11542
11503,11542,11543
11504,10683,11544
11505,10698,11543
11506,11543,11545
11507,10702,11545
11508,11544,10016
11509,11546,11544
11510,11545,11546
11511,11540,11547
11512,11547,11546
11513,10818,11547
11514,10704,11540
11515,10018,11541
11516,10650,11548
11517,10076,11548
11518,11548,10074
11519,11549,10094
11520,11184,11549
11521,10096,11549
11522,10247,11550
11523,11550,10245
11524,10911,11550
11525,10480,11551
11526,10496,11551
11527,11551,11552
11528,10491,11552
11529,11552,10477
11530,11553,10441
11531,10438,11553
11532,10440,11553
11533,10435,11554
11534,11554,11106
11535,11082,9942
11536,11555,11556
11537,11556,11557
11538,11558,11559
11539,11559,11560
11540,11561,11562
11541,11563,11564
11542,11565,11566
11543,11567,11568
11544,11569,11570
11545,11571,11572
11546,11573,11574
11547,11575,11576
11548,11577,11557
11549,11574,11577
11550,9718,11574
11551,11578,11576
11552,11557,11578
11553,11576,11579
11554,11579,11560
11555,11560,11562
11556,11562,11580
11557,11581,11582
11558,11582,11583
11559,11584,11583
11560,11583,11566
11561,11566,11568
11562,11568,11585
11563,11586,11585
11564,11585,11570
11565,11570,11572
11566,11572,11587
11567,11587,11588
11568,11589,11590
11569,11590,11591
11570,11591,11592
11571,11593,11594
11572,11594,11595
11573,11595,11596
11574,11596,11597
11575,11597,11598
11576,11598,11599
11577,11600,11601
11578,11599,11600
11579,11601,11602
11580,11603,11601
11581,11592,11593
11582,11604,11605
11583,11605,11606
11584,11602,11607
11585,11607,11604
11586,11608,11594
11587,11609,11599
11588,11610,11580
11589,11611,11590
11590,11612,11600
11591,11613,11577
11592,11614,11579
11593,11615,11616
11594,11617,11618
11595,11619,11617
11596,11620,11619
11597,11621,11620
11598,11622,11623
11599,11624,11625
11600,11623,11624
11601,11626,11622
11602,11627,11626
11603,11628,11627
11604,11629,11628
11605,11630,11631
11606,11632,11633
11607,11633,11630
11608,11634,11635
11609,11635,11636
11610,11637,11638
11611,11639,11640
11612,11641,11642
11613,11643,11641
11614,11644,11643
11615,11645,11644
11616,11646,11647
11617,11648,11646
11618,11649,11648
11619,11650,11649
11620,11651,11650
11621,11652,11651
11622,11653,11652
11623,11654,11653
11624,11655,11654
11625,11656,11655
11626,11657,11656
11627,11658,11657
11628,11659,11658
11629,11660,11659
11630,11661,11660
11631,11662,11661
11632,11663,11662
11633,11664,11663
11634,11665,11664
11635,11666,11665
11636,11667,11666
11637,11668,11667
11638,11669,11668
11639,11670,11669
11640,11671,11640
11641,11672,11671
11642,11673,11672
11643,11674,11673
11644,11675,11674
11645,11676,11675
11646,11677,11676
11647,11678,11677
11648,11679,11678
11649,11680,11679
11650,11681,11680
11651,11682,11681
11652,11683,11682
11653,11684,11683
11654,11685,11684
11655,11686,11685
11656,11687,11686
11657,11688,11689
11658,11690,11687
11659,11689,11691
11660,11691,11692
11661,11692,11690
11662,11693,11694
11663,11695,11688
11664,11696,11695
11665,11694,11696
11666,11697,11693
11667,11698,11697
11668,11699,11700
11669,11701,11699
11670,11702,11701
11671,11703,11702
11672,11704,11703
11673,11705,11704
11674,11706,11705
11675,11707,11683
11676,11708,11707
11677,11709,11708
11678,11710,11709
11679,11711,11710
11680,11712,11711
11681,11713,11714
11682,11714,11715
11683,11716,11713
11684,11717,11716
11685,11718,11717
11686,11719,11718
11687,11720,11721
11688,11722,11720
11689,11723,11724
11690,11721,11723
11691,11724,11719
11692,11725,11722
11693,11726,11725
11694,11727,11726
11695,11728,11727
11696,11729,11728
11697,11730,11729
11698,11731,11730
11699,11732,11731
11700,11733,11732
11701,11734,11733
11702,11735,11734
11703,11736,11722
11704,11737,11736
11705,11738,11737
11706,11739,11738
11707,11740,11739
11708,11741,11740
11709,11742,11741
11710,11743,11742
11711,11744,11743
11712,11745,11744
11713,11746,11745
11714,11747,11746
11715,11748,11747
11716,11749,11748
11717,11750,11749
11718,11751,11750
11719,11752,11751
11720,11753,11752
11721,11754,11753
11722,11755,11754
11723,11756,11755
11724,11757,11756
11725,11758,11748
11726,11759,11758
11727,11760,11759
11728,11761,11760
11729,11762,11761
11730,11763,11762
11731,11764,11763
11732,11765,11719
11733,11766,11767
11734,11767,11768
11735,11769,11766
11736,11770,11769
11737,11771,11770
11738,11772,11771
11739,11773,11774
11740,11775,11773
11741,11776,11775
11742,11777,11776
11743,11778,11777
11744,11779,11778
11745,11780,11781
11746,11781,11782
11747,11782,11783
11748,11783,11625
11749,11784,11785
11750,11786,11787
11751,11788,11786
11752,11789,11788
11753,11790,11789
11754,11791,11790
11755,11792,11791
11756,11793,11792
11757,11794,11795
11758,11795,11796
11759,11797,11794
11760,11798,11799
11761,11800,11798
11762,11801,11800
11763,11802,11803
11764,11804,11805
11765,11806,11802
11766,11807,11806
11767,11808,11807
11768,11809,11804
11769,11805,11808
11770,11803,11713
11771,11810,11811
11772,11811,11809
11773,11812,11810
11774,11813,11812
11775,11814,11813
11776,11815,11814
11777,11816,11815
11778,11817,11816
11779,11818,11817
11780,11819,11820
11781,11821,11822
11782,11823,11819
11783,11820,11818
11784,11824,11821
11785,11822,11823
11786,11825,11740
11787,11826,11825
11788,11827,11828
11789,11828,11826
11790,11829,11775
11791,11830,11829
11792,11831,11832
11793,11833,11831
11794,11834,11833
11795,11835,11834
11796,11836,11835
11797,11837,11737
11798,11838,11837
11799,11839,11838
11800,11840,11839
11801,11841,11842
11802,11843,11841
11803,11844,11729
11804,11845,11844
11805,11846,11845
11806,11847,11846
11807,11848,11847
11808,11849,11848
11809,11850,11656
11810,11851,11850
11811,11852,11851
11812,11853,11852
11813,11854,11853
11814,11855,11854
11815,11856,11855
11816,11857,11856
11817,11858,11857
11818,11859,11858
11819,11860,11859
11820,11861,11860
11821,11862,11673
11822,11863,11862
11823,11864,11863
11824,11865,11864
11825,11866,11707
11826,11867,11866
11827,11868,11867
11828,11869,11868
11829,11870,11869
11830,11871,11870
11831,11872,11871
11832,11873,11872
11833,11874,11873
11834,11875,11874
11835,11876,11877
11836,11877,11778
11837,11878,11876
11838,11879,11666
11839,11880,11879
11840,11881,11882
11841,11882,11883
11842,11884,11881
11843,11885,11884
11844,11886,11885
11845,11887,11648
11846,11888,11887
11847,11889,11888
11848,11890,11889
11849,11891,11892
11850,11893,11894
11851,11892,11890
11852,11894,11891
11853,11895,11651
11854,11896,11897
11855,11898,11899
11856,11897,11898
11857,11900,11896
11858,11901,11900
11859,11902,11901
11860,11903,11904
11861,11905,11902
11862,11904,11905
11863,11906,11903
11864,11907,11908
11865,11908,11909
11866,11909,11906
11867,11910,11907
11868,11911,11910
11869,11912,11731
11870,11913,11912
11871,11914,11913
11872,11915,11914
11873,11916,11915
11874,11917,11916
11875,11918,11917
11876,11919,11759
11877,11920,11919
11878,11921,11920
11879,11922,11921
11880,11923,11922
11881,11924,11925
11882,11926,11924
11883,11927,11926
11884,11928,11929
11885,11930,11931
11886,11931,11932
11887,11933,11934
11888,11934,11616
11889,11935,11936
11890,11937,11933
11891,11936,11938
11892,11938,11939
11893,11939,11940
11894,11941,11619
11895,11942,11941
11896,11943,11942
11897,11944,11941
11898,11945,11942
11899,11946,11620
11900,11947,11617
11901,11948,11949
11902,11950,11951
11903,11949,11952
11904,11952,11950
11905,11953,11954
11906,11954,11955
11907,11956,11957
11908,11957,11958
11909,11959,11960
11910,11961,11786
11911,11962,11789
11912,11963,11791
11913,11964,11788
11914,11965,11964
11915,11966,11964
11916,11787,11967
11917,11967,11968
11918,11969,11569
11919,11970,11969
11920,11971,11970
11921,11972,11971
11922,11973,11969
11923,11974,11970
11924,11975,11974
11925,11976,11974
11926,11977,11971
11927,11978,11979
11928,11980,11981
11929,11982,11983
11930,11981,11982
11931,11984,11985
11932,11985,11986
11933,11986,11567
11934,11987,11988
11935,11989,11990
11936,11991,11992
11937,11990,11991
11938,11993,11989
11939,11994,11995
11940,11995,11996
11941,11996,11997
11942,11998,11988
11943,11999,12000
11944,12001,12002
11945,12000,12001
11946,12003,11999
11947,12004,12003
11948,12005,12004
11949,12006,12003
11950,12007,12008
11951,12009,12007
11952,12010,12011
11953,12012,12013
11954,12014,12012
11955,12013,12010
11956,12015,12014
11957,12016,1
11958,12017,12016
11959,12018,12017
11960,12019,11563
11961,12020,12021
11962,12022,12021
11963,12023,12022
11964,12024,12023
11965,12025,12026
11966,12027,12025
11967,12028,12027
11968,12029,12028
11969,12030,11558
11970,12031,11558
11971,12032,12031
11972,12033,12032
11973,12034,12033
11974,12035,12034
11975,12036,12032
11976,12037,12033
11977,12038,12034
11978,12039,12040
11979,12040,12038
11980,12041,12039
11981,12042,12039
11982,12043,12031
11983,12044,12045
11984,12045,12046
11985,12046,11714
11986,12047,12048
11987,12048,12049
11988,12050,12047
11989,12049,11716
11990,12051,12052
11991,12053,12051
11992,12054,12053
11993,12055,12056
11994,12057,12055
11995,12058,12057
11996,12059,12054
11997,12060,12061
11998,12062,12060
11999,12061,12055
12000,12056,12053
12001,12063,11770
12002,12064,11773
12003,12065,11777
12004,12066,11776
12005,12067,12066
12006,12068,12067
12007,12069,12067
12008,12070,12066
12009,12071,11833
12010,12072,12071
12011,12073,11834
12012,12074,11831
12013,12075,11829
12014,12076,12077
12015,12078,12079
12016,12080,12081
12017,12082,12080
12018,12083,12080
12019,12084,11771
12020,12085,12084
12021,12086,11727
12022,12087,12086
12023,12088,12087
12024,12089,11728
12025,12090,11844
12026,12091,11846
12027,12092,12091
12028,12093,11847
12029,12094,12093
12030,12095,12094
12031,12096,12093
12032,12097,11845
12033,12098,12097
12034,12099,11730
12035,12100,11732
12036,12101,12100
12037,12102,12100
12038,12103,11733
12039,12104,12103
12040,12105,11734
12041,12106,12105
12042,12107,12106
12043,12108,12105
12044,12109,12110
12045,12110,12108
12046,12111,12109
12047,12112,11916
12048,12113,11915
12049,12114,12113
12050,12115,11914
12051,12116,12115
12052,12117,11913
12053,12118,12117
12054,12119,12118
12055,12120,11912
12056,12121,12120
12057,12122,12121
12058,12123,12121
12059,12124,12120
12060,12125,11726
12061,12126,11725
12062,12127,11736
12063,12128,12127
12064,12129,12128
12065,12130,12129
12066,12131,12130
12067,12132,12131
12068,12133,12128
12069,12134,12131
12070,12135,12130
12071,12136,12129
12072,12137,12127
12073,12138,12137
12074,12139,11838
12075,12140,11839
12076,12141,12140
12077,12142,11837
12078,12143,11738
12079,12144,11825
12080,12145,11741
12081,12146,11745
12082,12147,12146
12083,12148,11746
12084,12149,11749
12085,12150,12149
12086,12151,12150
12087,12152,12151
12088,12153,12152
12089,12154,12153
12090,12155,12156
12091,12156,12154
12092,12157,12150
12093,12158,12159
12094,12160,12154
12095,12159,12160
12096,12161,12158
12097,12162,12149
12098,12163,11750
12099,12164,12163
12100,12165,12163
12101,12166,11752
12102,12167,12168
12103,12169,12167
12104,12168,12166
12105,12170,12171
12106,12172,11755
12107,12173,12174
12108,12174,12172
12109,12171,12173
12110,12175,11756
12111,12176,12175
12112,12177,11754
12113,12178,12177
12114,12179,12177
12115,12180,12179
12116,12181,12180
12117,12182,12179
12118,12183,11753
12119,12184,12183
12120,12185,12184
12121,12186,12185
12122,12187,12184
12123,12188,12187
12124,12189,12188
12125,12190,12187
12126,12191,12183
12127,12192,12191
12128,12193,11751
12129,12194,11760
12130,12195,12194
12131,12196,11763
12132,12197,11762
12133,12198,11761
12134,12199,11920
12135,12200,11926
12136,12201,11924
12137,11925,11923
12138,12202,11922
12139,12203,11921
12140,12204,11919
12141,12205,11758
12142,12206,11747
12143,12207,11744
12144,12208,11743
12145,12209,11742
12146,12210,11739
12147,12211,12212
12148,12212,11723
12149,12213,12214
12150,12215,12213
12151,12214,11718
12152,12216,12217
12153,12218,12216
12154,12217,11717
12155,12219,11813
12156,12220,11814
12157,12221,11815
12158,12222,12221
12159,12223,12224
12160,12225,12222
12161,12224,12225
12162,12226,12221
12163,12227,11817
12164,12228,11816
12165,12229,12230
12166,12230,12231
12167,12231,11630
12168,12232,12233
12169,12233,11632
12170,12234,12232
12171,12235,12236
12172,12237,12238
12173,12239,12234
12174,12238,12239
12175,12240,12235
12176,12236,12237
12177,12241,12232
12178,12242,12241
12179,12243,12241
12180,12244,12243
12181,12245,12234
12182,12246,12245
12183,12247,12248
12184,12248,12249
12185,12250,12247
12186,12251,12252
12187,12252,11635
12188,12253,12254
12189,12255,12256
12190,12256,11634
12191,12257,12255
12192,12254,12257
12193,12258,12253
12194,12259,12253
12195,12260,12261
12196,12261,11637
12197,12262,12263
12198,12264,12265
12199,12266,12267
12200,12268,12269
12201,12270,12268
12202,12265,12270
12203,12263,12266
12204,12271,12262
12205,12267,12264
12206,12269,12260
12207,12272,11884
12208,12273,12272
12209,12274,11885
12210,12275,11881
12211,12276,12275
12212,12277,12276
12213,12278,12276
12214,12279,12278
12215,12280,11641
12216,12281,11645
12217,12282,12281
12218,12283,12284
12219,12285,12283
12220,12284,11890
12221,12286,11888
12222,12287,12286
12223,12288,11887
12224,12289,12288
12225,12290,11650
12226,12291,12292
12227,12293,11895
12228,12292,12293
12229,12294,11900
12230,12295,11903
12231,12296,11907
12232,12297,11910
12233,12298,12297
12234,12299,11901
12235,12300,11896
12236,12301,11655
12237,12302,11657
12238,12303,12302
12239,12304,12302
12240,12305,11659
12241,12306,12305
12242,12307,12305
12243,12308,11661
12244,12309,12308
12245,12310,12311
12246,12312,12310
12247,12313,12312
12248,12314,12313
12249,12315,12314
12250,12316,12315
12251,12317,12318
12252,12319,12316
12253,12318,12319
12254,12320,12321
12255,12322,12317
12256,12321,12322
12257,12323,12320
12258,12324,12310
12259,12325,12313
12260,12326,12325
12261,12327,12326
12262,12328,12325
12263,12329,12314
12264,12330,12315
12265,12331,12316
12266,12332,12320
12267,12333,12317
12268,12334,12333
12269,12335,12312
12270,12336,12335
12271,12337,12338
12272,12339,11665
12273,12340,11667
12274,12341,11668
12275,12342,12343
12276,12344,12341
12277,12343,12344
12278,12345,12342
12279,12346,12341
12280,12347,12346
12281,12348,11669
12282,12349,11879
12283,12350,11664
12284,12351,11663
12285,12352,11658
12286,12353,11853
12287,12354,11858
12288,12355,11860
12289,12356,11856
12290,12357,12358
12291,12359,11855
12292,12358,12360
12293,12361,12357
12294,12360,12359
12295,12362,12361
12296,12363,12361
12297,12364,12363
12298,12365,12366
12299,12366,11854
12300,12367,11852
12301,12368,12367
12302,12369,12370
12303,12370,12368
12304,12371,11653
12305,12372,11652
12306,12373,11649
12307,12374,11646
12308,12375,12374
12309,12376,11643
12310,11647,12376
12311,11642,11639
12312,12377,11862
12313,12378,11863
12314,12379,11864
12315,12380,11677
12316,12381,11678
12317,12382,11680
12318,12383,11682
12319,12384,11685
12320,12385,11687
12321,12386,11688
12322,12387,12386
12323,12388,12386
12324,12389,11698
12325,12390,11704
12326,12391,12390
12327,12392,12390
12328,12393,12392
12329,12394,11705
12330,12395,11703
12331,12396,12395
12332,12397,11700
12333,12398,11697
12334,12399,11693
12335,12400,11686
12336,12401,11684
12337,12402,11709
12338,12403,11710
12339,12404,11711
12340,12405,12404
12341,12406,12405
12342,12407,12408
12343,12408,12406
12344,12409,12405
12345,12410,12404
12346,12411,11708
12347,12412,11871
12348,12413,11874
12349,12414,12413
12350,12415,12413
12351,12416,11873
12352,12417,11872
12353,12418,11870
12354,12419,11869
12355,12420,12419
12356,12421,12419
12357,12422,12421
12358,12423,12422
12359,12424,12421
12360,12425,11866
12361,12426,12425
12362,12427,12425
12363,12428,11681
12364,12429,12430
12365,12430,12428
12366,12431,11679
12367,12432,11676
12368,12433,11675
12369,12434,12433
12370,12435,11671
12371,12436,12437
12372,12438,12437
12373,12439,12440
12374,12441,12442
12375,12443,12444
12376,12442,12439
12377,12444,12441
12378,12440,12445
12379,12446,12447
12380,12447,12448
12381,12449,12450
12382,12450,11638
12383,12451,12449
12384,12452,12453
12385,12454,12451
12386,12455,12456
12387,12453,12455
12388,12456,12454
12389,12457,12451
12390,12458,12457
12391,12459,12460
12392,12460,12461
12393,12462,12463
12394,12463,12464
12395,12465,12462
12396,12466,12465
12397,12467,12465
12398,12468,12467
12399,12469,12468
12400,12470,12467
12401,12471,12462
12402,12472,12473
12403,12473,12474
12404,12475,12476
12405,12476,11636
12406,12477,12478
12407,12479,12480
12408,12480,12477
12409,12478,12481
12410,12482,12483
12411,12483,12484
12412,12485,12482
12413,12486,12485
12414,12487,12488
12415,12488,12482
12416,12489,12485
12417,12490,12491
12418,12492,12490
12419,12491,12489
12420,12493,12494
12421,12494,12495
12422,12496,12497
12423,12498,12499
12424,12500,11633
12425,12499,12496
12426,12497,12500
12427,12501,12502
12428,12503,12504
12429,12504,11631
12430,12505,12503
12431,12502,12505
12432,12506,12501
12433,12507,12508
12434,12508,12509
12435,12510,11555
12436,12511,12510
12437,12512,12511
12438,12513,12512
12439,12514,12513
12440,12515,12514
12441,12516,12517
12442,12518,12516
12443,12519,12514
12444,12520,12519
12445,12517,12520
12446,12521,12513
12447,12522,12523
12448,12523,12524
12449,12524,12521
12450,12525,12512
12451,12526,12511
12452,12527,12526
12453,12528,12527
12454,12529,12530
12455,12531,12532
12456,12532,11692
12457,12533,12531
12458,12534,12535
12459,12536,12533
12460,12535,12537
12461,12537,12538
12462,12538,12536
12463,12539,12534
12464,12540,12541
12465,12541,12534
12466,12542,12543
12467,12544,12542
12468,12545,12546
12469,12547,12544
12470,12546,12547
12471,12548,12545
12472,12549,12550
12473,12551,12549
12474,12552,12551
12475,12553,12551
12476,12554,12549
12477,12555,12542
12478,12556,12545
12479,12557,12558
12480,12559,12557
12481,12543,12558
12482,12560,12561
12483,12562,12560
12484,12563,12562
12485,12564,12563
12486,12565,12563
12487,12566,12565
12488,12567,12565
12489,12568,12567
12490,12569,12570
12491,12571,11690
12492,12570,12571
12493,12572,12569
12494,12573,12569
12495,12574,12573
12496,12575,12073
12497,12576,12073
12498,12577,12576
12499,12578,12576
12500,12579,12580
12501,12580,11809
12502,12011,1
12503,12008,12011
12504,12002,12008
12505,11842,12002
12506,12581,11842
12507,12582,12583
12508,12583,11581
12509,12558,11928
12510,12584,12585
12511,11997,11993
12512,12586,11797
12513,12495,11632
12514,12249,12495
12515,12587,12461
12516,12461,12588
12517,11638,12587
12518,12445,11883
12519,12589,12590
12520,12590,11968
12521,11968,12591
12522,12591,12592
12523,12592,12593
12524,12593,12594
12525,11958,12589
12526,12594,12595
12527,11899,11895
12528,11625,11932
12529,11932,12596
12530,12596,11958
12531,11631,12509
12532,12509,12597
12533,12597,11715
12534,11636,12481
12535,12484,12249
12536,12481,12484
12537,12588,12464
12538,11883,12448
12539,12448,11637
12540,12598,12599
12541,12599,12445
12542,11768,11765
12543,11799,12586
12544,12585,12600
12545,12600,12601
12546,12602,11768
12547,12052,12602
12548,12603,12604
12549,12604,12605
12550,12606,12603
12551,12605,12579
12552,12607,11899
12553,12608,12607
12554,12437,12609
12555,12609,12598
12556,11715,11578
12557,12610,11992
12558,11979,12611
12559,12611,12612
12560,12612,11983
12561,11983,11567
12562,12595,12613
12563,12613,12614
12564,12614,12615
12565,12615,12616
12566,12616,12617
12567,12617,11796
12568,11796,12618
12569,12618,12619
12570,12619,12620
12571,12620,12621
12572,12621,11571
12573,11616,12622
12574,12622,11587
12575,12623,12624
12576,12625,12624
12577,12626,12625
12578,12624,12627
12579,12627,12588
12580,12628,12629
12581,12630,12629
12582,12631,12630
12583,12629,12632
12584,12632,12633
12585,12633,11634
12586,12474,12633
12587,12464,12474
12588,11988,12634
12589,12634,12601
12590,12601,12635
12591,12635,12636
12592,12637,12610
12593,12636,12637
12594,11940,11615
12595,11951,11955
12596,11955,12638
12597,11618,11951
12598,12639,11940
12599,12638,12639
12600,11640,12640
12601,12640,12641
12602,12641,12598
12603,12642,12348
12604,11774,12643
12605,12081,12643
12606,12643,11772
12607,12644,11780
12608,11960,12644
12609,11785,12644
12610,11832,12645
12611,12645,11830
12612,12077,12646
12613,12079,12646
12614,12646,12075
12615,12338,12647
12616,12647,12309
12617,12311,12647
12618,12561,12648
12619,12648,12649
12620,12649,11561
12621,12026,12650
12622,12650,11561
12623,12021,11610
12624,11992,11565
12625,12651,11565
12626,12652,12651
12627,12653,12652
12628,11929,12653
12629,12550,12653
12630,12654,12655
12631,12656,12655
12632,12655,12657
12633,12657,12529
12634,12658,12530
12635,12530,11613
12636,12659,12660
12637,12661,12660
12638,12660,11573
12639,12662,11575
12640,12663,12662
12641,12664,12665
12642,12665,11614
12643,12666,12664
12644,12667,12664
12645,12668,11611
12646,12669,12668
12647,12670,12669
12648,12671,12670
12649,12672,12673
12650,12674,12672
12651,12675,12676
12652,12677,12678
12653,12679,12677
12654,12678,12675
12655,12680,12681
12656,12681,12679
12657,12682,12683
12658,12684,12685
12659,12686,12684
12660,12687,12688
12661,12689,12690
12662,12691,12692
12663,12693,12691
12664,12694,12695
12665,12695,12693
12666,12696,12694
12667,12697,12698
12668,12699,12697
12669,12700,12699
12670,12701,12700
12671,12702,12701
12672,12703,12702
12673,12704,12703
12674,12705,12704
12675,12706,12707
12676,12707,12708
12677,12709,12706
12678,12710,12709
12679,12711,12712
12680,12713,12714
12681,12715,12713
12682,12716,12715
12683,12714,12710
12684,12712,12716
12685,12717,12711
12686,12718,12717
12687,12719,12718
12688,12720,12719
12689,12721,12720
12690,12722,12723
12691,12724,12722
12692,12725,12724
12693,12726,12725
12694,12727,12726
12695,12728,12727
12696,12729,12728
12697,12730,12729
12698,12731,12708
12699,12732,12731
12700,12733,12734
12701,12735,12733
12702,12736,12737
12703,12737,12735
12704,12738,12739
12705,12740,12738
12706,12741,12740
12707,12742,12741
12708,12743,12742
12709,12744,12745
12710,12745,12746
12711,12747,12744
12712,12748,12747
12713,12749,12750
12714,12751,12749
12715,12752,12753
12716,12754,12752
12717,12755,12754
12718,12756,12755
12719,12757,12756
12720,12758,12757
12721,12759,12758
12722,12760,12759
12723,12761,12762
12724,12763,12761
12725,12764,12763
12726,12765,12764
12727,12766,12765
12728,12767,12766
12729,12768,12767
12730,12769,12770
12731,12771,12769
12732,12772,12771
12733,12773,12774
12734,12775,12773
12735,12776,12775
12736,12777,12776
12737,12778,12740
12738,12779,12780
12739,12781,12779
12740,12782,12783
12741,12784,12782
12742,12785,12784
12743,12786,12785
12744,12787,12788
12745,12789,12790
12746,12791,12789
12747,12792,12791
12748,12793,12792
12749,12794,12793
12750,12795,12794
12751,12796,12795
12752,12797,12796
12753,12798,12797
12754,12799,12798
12755,12800,12801
12756,12802,12800
12757,12803,12804
12758,12805,12803
12759,12806,12807
12760,12808,12806
12761,12809,12808
12762,12810,12809
12763,12811,12810
12764,12812,12811
12765,12813,12812
12766,12814,12815
12767,12815,12816
12768,12817,12814
12769,12818,12817
12770,12819,12818
12771,12820,12821
12772,12822,12820
12773,12823,12822
12774,12824,12823
12775,12825,12824
12776,12826,12825
12777,12827,12826
12778,12828,12827
12779,12829,12828
12780,12830,12829
12781,12831,12830
12782,12832,12833
12783,12833,12831
12784,12834,12832
12785,12835,12834
12786,12836,12835
12787,12837,12836
12788,12838,12839
12789,12840,12841
12790,12842,12840
12791,12843,12844
12792,12845,12843
12793,12846,12845
12794,12847,12846
12795,12848,12847
12796,12849,12848
12797,12850,12849
12798,12851,12852
12799,12853,12850
12800,12852,12854
12801,12854,12855
12802,12856,12853
12803,12855,12857
12804,12857,12856
12805,12858,12851
12806,12859,12860
12807,12861,12859
12808,12862,12861
12809,12863,12862
12810,12864,12865
12811,12866,12864
12812,12867,12866
12813,12868,12869
12814,12870,12871
12815,12872,12870
12816,12873,12874
12817,12875,12876
12818,12876,12877
12819,12878,12879
12820,12880,12875
12821,12879,12880
12822,12881,12878
12823,12882,12881
12824,12883,12882
12825,12884,12883
12826,12885,12884
12827,12886,12887
12828,12888,12885
12829,12889,12890
12830,12891,12886
12831,12890,12891
12832,12887,12888
12833,12892,12889
12834,12893,12892
12835,12894,12895
12836,12896,12894
12837,12897,12896
12838,12898,12897
12839,12899,12898
12840,12900,12899
12841,12901,12902
12842,12903,12900
12843,12904,12903
12844,12902,12904
12845,12905,12906
12846,12907,12905
12847,12908,12907
12848,12909,12908
12849,12910,12909
12850,12911,12721
12851,12912,12913
12852,12913,12914
12853,12914,12911
12854,12915,12746
12855,12916,12915
12856,12917,12916
12857,12918,12917
12858,12919,12920
12859,12920,12921
12860,12922,12919
12861,12923,12922
12862,12924,12923
12863,12925,12926
12864,12927,12925
12865,12928,12929
12866,12930,12744
12867,12929,12931
12868,12932,12930
12869,12931,12932
12870,12933,12934
12871,12935,12936
12872,12936,12937
12873,12938,12939
12874,12940,12941
12875,12942,12938
12876,12941,12942
12877,12943,12940
12878,12944,12943
12879,12945,12946
12880,12947,12945
12881,12948,12947
12882,12949,12948
12883,12950,12951
12884,12952,12950
12885,12953,12954
12886,12954,12955
12887,12955,12692
12888,12956,12953
12889,12957,12956
12890,12958,12957
12891,12959,12958
12892,12960,12959
12893,12961,12882
12894,12962,12961
12895,12963,12964
12896,12965,12724
12897,12966,12965
12898,12967,12966
12899,12968,12738
12900,12969,12968
12901,12970,12870
12902,12971,12972
12903,12973,12974
12904,12975,12976
12905,12977,12978
12906,12979,12980
12907,12981,12982
12908,12983,12984
12909,12985,12986
12910,12987,12988
12911,12988,12989
12912,12990,12991
12913,12992,12990
12914,12993,12994
12915,12995,12996
12916,12996,12997
12917,12998,12999
12918,12999,12990
12919,13000,12998
12920,13001,13002
12921,13003,13004
12922,13005,13006
12923,13007,13006
12924,13008,13009
12925,13010,13011
12926,13012,13008
12927,13009,13010
12928,13006,13012
12929,13013,13014
12930,13015,13016
12931,13017,13018
12932,13019,13020
12933,13021,13022
12934,13023,13014
12935,13024,13025
12936,13026,13025
12937,13027,13028
12938,13029,13030
12939,13030,13031
12940,13031,13032
12941,13033,13034
12942,13034,13029
12943,13035,13036
12944,13036,13033
12945,13037,13038
12946,13038,13031
12947,13039,13040
12948,13041,13042
12949,13042,13033
12950,13040,13041
12951,13043,13035
12952,13044,13045
12953,13046,13047
12954,13045,13046
12955,13047,13029
12956,13048,13049
12957,13049,13050
12958,13050,13032
12959,13051,13048
12960,13052,13048
12961,13053,13054
12962,13055,13056
12963,13056,13057
12964,13058,13059
12965,13054,13058
12966,13059,13055
12967,13060,13053
12968,13061,13062
12969,13063,13056
12970,13062,13063
12971,13064,13065
12972,13065,13055
12973,13066,13053
12974,13067,13068
12975,13068,13058
12976,13069,13070
12977,13070,13059
12978,13071,13072
12979,13072,13073
12980,13074,13075
12981,13075,13071
12982,13076,13074
12983,13077,13074
12984,13078,13077
12985,13079,13080
12986,13081,13079
12987,13082,13079
12988,13083,13082
12989,13084,13085
12990,13086,13087
12991,13085,13086
12992,13088,13089
12993,13090,13087
12994,13089,13090
12995,13091,13084
12996,13092,13093
12997,13094,13092
12998,13095,13096
12999,13096,13097
13000,13093,13098
13001,13098,13099
13002,13099,13100
13003,13101,13102
13004,13103,13104
13005,13105,13106
13006,13107,13108
13007,13109,13110
13008,13111,13109
13009,13112,13111
13010,13113,13112
13011,13114,13103
13012,13115,13103
13013,13116,13109
13014,13117,13118
13015,13119,13120
13016,13121,13119
13017,13122,13123
13018,13124,13125
13019,13126,13127
13020,13128,13129
13021,13129,13130
13022,13131,13126
13023,13132,13133
13024,13134,13135
13025,13136,13137
13026,13138,13136
13027,13139,13138
13028,13140,13141
13029,13141,13142
13030,13143,13140
13031,13144,13145
13032,13146,13144
13033,13147,13144
13034,13148,13149
13035,13150,13148
13036,13151,13150
13037,13152,13148
13038,13153,13150
13039,13154,13155
13040,13156,13157
13041,13158,13154
13042,13157,13153
13043,13155,13156
13044,13159,13160
13045,13161,13159
13046,13160,13158
13047,13162,13163
13048,13163,13158
13049,13164,13140
13050,13165,13164
13051,13166,13165
13052,13167,13166
13053,13168,13169
13054,13169,13167
13055,13170,13166
13056,13171,13167
13057,13172,13173
13058,13173,12874
13059,13174,13172
13060,13175,13174
13061,13176,13172
13062,13177,13176
13063,13178,13179
13064,13179,13180
13065,13181,13182
13066,13182,12877
13067,13183,13181
13068,13184,13185
13069,13185,12875
13070,13186,13184
13071,13187,13186
13072,13188,13184
13073,13189,13190
13074,13191,13189
13075,13192,13193
13076,13190,13192
13077,13193,13188
13078,13194,12881
13079,13195,12961
13080,13196,13195
13081,13197,13198
13082,13199,13196
13083,13198,13199
13084,13200,13201
13085,13202,13203
13086,13203,13200
13087,13204,12898
13088,13205,12894
13089,13206,13207
13090,13208,12885
13091,13209,12884
13092,13210,13209
13093,13211,13209
13094,13212,13213
13095,13214,12883
13096,13215,13216
13097,13216,13214
13098,13217,13212
13099,13213,13215
13100,13218,12878
13101,13219,13220
13102,13220,13221
13103,13221,12876
13104,13222,13223
13105,13223,13224
13106,13225,13226
13107,13226,13227
13108,13228,13225
13109,13229,13228
13110,13230,13229
13111,13231,13228
13112,13232,13233
13113,13234,13232
13114,13233,13235
13115,13236,13237
13116,13237,13238
13117,13239,13240
13118,13241,13242
13119,13243,13241
13120,13244,13245
13121,13246,13241
13122,13245,13247
13123,13247,13246
13124,13248,13249
13125,13250,13251
13126,13252,13250
13127,13253,13252
13128,13254,13250
13129,13255,13256
13130,13257,13258
13131,13258,13259
13132,13259,13260
13133,13261,13262
13134,13262,12935
13135,13263,13261
13136,13264,13263
13137,13265,13263
13138,13266,13267
13139,13267,13268
13140,13269,13270
13141,13268,13269
13142,13271,12939
13143,13272,13273
13144,13273,13271
13145,13274,13275
13146,13275,12938
13147,13276,13274
13148,13277,13278
13149,13278,13279
13150,13280,13281
13151,13282,13283
13152,13283,13284
13153,13284,13280
13154,13285,13286
13155,13287,13288
13156,13289,13287
13157,13286,13289
13158,13290,13291
13159,13292,13285
13160,13293,13290
13161,13291,13292
13162,13294,13285
13163,13295,13296
13164,13296,13297
13165,13298,13295
13166,13299,13295
13167,13300,13301
13168,13301,13302
13169,13302,13303
13170,13304,13305
13171,13305,12840
13172,13306,13307
13173,13307,13304
13174,13308,13306
13175,13309,13310
13176,13310,13311
13177,13312,13313
13178,13313,13314
13179,13315,13316
13180,13317,13318
13181,13319,13317
13182,13320,13321
13183,13322,13323
13184,13323,13320
13185,13324,13325
13186,13325,13326
13187,13327,13328
13188,13328,13329
13189,13330,13327
13190,13321,13324
13191,13331,13332
13192,13332,12849
13193,13333,13334
13194,13334,12857
13195,13335,12851
13196,13336,13335
13197,13337,12862
13198,13338,13339
13199,13340,12866
13200,13341,13340
13201,13342,13341
13202,13343,13344
13203,13345,13343
13204,13346,13347
13205,13348,13346
13206,13349,12864
13207,13350,13349
13208,13351,13350
13209,13352,13350
13210,13353,13349
13211,13354,13355
13212,13356,13357
13213,13358,13359
13214,13360,13361
13215,13362,13360
13216,13363,13364
13217,13364,13362
13218,13365,13360
13219,13366,13367
13220,13368,12860
13221,13369,13370
13222,13371,13372
13223,13373,13371
13224,13372,12855
13225,13370,13373
13226,13374,13375
13227,13376,12850
13228,13375,13376
13229,13377,13374
13230,13378,13374
13231,13379,13380
13232,13380,12848
13233,13381,13382
13234,13383,13379
13235,13384,13385
13236,13385,13386
13237,13386,12846
13238,13387,13384
13239,13388,13389
13240,13389,13384
13241,13390,13391
13242,13392,13393
13243,13393,12845
13244,13391,13392
13245,13394,13390
13246,13395,13390
13247,13396,13395
13248,13382,13396
13249,13397,13398
13250,13399,13397
13251,13400,13399
13252,13401,13400
13253,13402,13403
13254,13403,12844
13255,13404,13402
13256,13405,13406
13257,13406,13407
13258,13407,13408
13259,13409,13410
13260,13411,13412
13261,13413,13411
13262,13410,13413
13263,13414,13415
13264,13415,13416
13265,13416,12841
13266,13417,13418
13267,13418,13419
13268,13420,13417
13269,13421,13422
13270,13422,13423
13271,13424,13425
13272,13426,13427
13273,13419,13424
13274,12994,13428
13275,13428,13429
13276,13429,13430
13277,13431,13432
13278,13432,13433
13279,13433,13434
13280,13435,11586
13281,13436,13435
13282,13430,13437
13283,13437,13438
13284,13438,13439
13285,13439,13440
13286,13441,13442
13287,13443,13444
13288,13444,13441
13289,13445,13443
13290,13446,13445
13291,13447,13446
13292,13448,13447
13293,13449,13450
13294,13451,13449
13295,13452,13453
13296,13454,13452
13297,13455,13454
13298,13456,13455
13299,13457,13458
13300,13459,13457
13301,13460,13459
13302,13461,13462
13303,13463,13464
13304,13464,13465
13305,13466,13463
13306,13467,13451
13307,13468,13467
13308,13469,13468
13309,13470,13468
13310,13471,13470
13311,13472,13473
13312,13474,13472
13313,13475,13476
13314,13476,13472
13315,13477,12995
13316,13478,13477
13317,13479,13478
13318,13480,13460
13319,13481,13482
13320,13482,13456
13321,13483,13481
13322,13484,13485
13323,13486,13455
13324,13485,13486
13325,13487,13488
13326,13489,13487
13327,13490,13491
13328,13491,13492
13329,13492,13454
13330,13493,13494
13331,13495,13490
13332,13494,13495
13333,13496,13497
13334,13497,13490
13335,13498,13496
13336,13499,13498
13337,13500,13501
13338,13501,13502
13339,13502,13491
13340,13503,13493
13341,13504,13505
13342,13506,13504
13343,13507,13508
13344,13508,13509
13345,13510,13507
13346,13511,13510
13347,13512,13511
13348,13513,13512
13349,13514,13515
13350,13516,13514
13351,13515,13503
13352,13517,13518
13353,13518,13519
13354,13520,13517
13355,13521,13520
13356,13522,13523
13357,13523,13509
13358,13524,13522
13359,13525,13522
13360,13526,13511
13361,13527,13512
13362,13528,13529
13363,13530,13531
13364,13532,13533
13365,13534,13532
13366,13535,13534
13367,13536,13537
13368,13538,13536
13369,13537,13539
13370,13540,13541
13371,13542,13543
13372,13543,13544
13373,13545,13546
13374,13547,13545
13375,13546,13548
13376,13548,13549
13377,13550,13551
13378,13551,13506
13379,13552,13550
13380,13553,13552
13381,13554,13553
13382,13555,13556
13383,13557,13556
13384,13558,13557
13385,13559,13560
13386,13561,13559
13387,13562,13563
13388,13563,13561
13389,13564,13565
13390,13566,13567
13391,13567,13568
13392,13568,13564
13393,13569,13570
13394,13570,13561
13395,13571,13557
13396,13572,13573
13397,13573,13574
13398,13575,13572
13399,13576,13575
13400,13577,13572
13401,13578,11603
13402,13579,13578
13403,13580,12801
13404,13581,13580
13405,13582,13581
13406,13583,13581
13407,13584,13583
13408,13585,13586
13409,13586,12802
13410,13587,13588
13411,13589,13590
13412,13591,13589
13413,13592,13589
13414,13593,13592
13415,13594,13592
13416,13595,13585
13417,13596,13595
13418,13597,13595
13419,13598,13599
13420,13600,13601
13421,13588,13602
13422,13602,13603
13423,13604,13605
13424,13605,13606
13425,13607,13608
13426,13608,13609
13427,13610,13611
13428,13612,13613
13429,13613,13610
13430,13611,13614
13431,13615,13616
13432,13616,13617
13433,13618,13615
13434,13619,13618
13435,13620,13621
13436,13621,13622
13437,13623,13624
13438,13625,13623
13439,13624,12804
13440,13626,13627
13441,13627,12803
13442,13628,13626
13443,13629,13001
13444,13630,13631
13445,13632,13633
13446,13633,13630
13447,13631,13634
13448,13634,13635
13449,13636,13637
13450,13637,13638
13451,13639,12909
13452,13640,12908
13453,13641,12820
13454,13642,12823
13455,13643,13644
13456,13645,13646
13457,13644,13645
13458,13646,13642
13459,13647,12826
13460,13648,13647
13461,13649,13648
13462,13650,13651
13463,13651,13652
13464,13652,13649
13465,13653,13647
13466,13654,12830
13467,13655,12834
13468,13656,13657
13469,13658,13659
13470,13657,13658
13471,13660,13661
13472,13662,13663
13473,13664,13660
13474,13663,13664
13475,13665,12836
13476,13666,12835
13477,13667,12832
13478,13668,13669
13479,13669,12831
13480,13670,12827
13481,13671,12825
13482,13672,12824
13483,13673,12822
13484,13674,12814
13485,13675,13674
13486,13676,13677
13487,13677,13675
13488,13678,13679
13489,13679,13680
13490,13680,12816
13491,13681,13682
13492,13683,13684
13493,13685,13686
13494,13687,13688
13495,13686,13687
13496,13689,12812
13497,13690,13691
13498,13692,13693
13499,13691,13692
13500,13694,13690
13501,13695,13690
13502,13696,13697
13503,13698,12800
13504,13697,13698
13505,13699,13700
13506,13700,13701
13507,13701,13702
13508,13703,13704
13509,13704,13705
13510,13706,13703
13511,13707,13706
13512,13708,13709
13513,13710,13708
13514,13711,13708
13515,13709,13712
13516,13713,13706
13517,13714,13713
13518,13715,13716
13519,13717,13718
13520,13718,13719
13521,13720,13721
13522,13722,13721
13523,13723,13724
13524,13724,13725
13525,13726,13727
13526,13727,13728
13527,13729,13716
13528,13730,13729
13529,13731,13730
13530,13732,13730
13531,13733,13734
13532,13735,13736
13533,13734,13735
13534,13736,13737
13535,13738,13739
13536,13739,13740
13537,13740,13741
13538,13742,13743
13539,13743,13744
13540,13745,13746
13541,13747,13748
13542,13746,13747
13543,13016,13749
13544,13749,13750
13545,13750,13745
13546,13751,13016
13547,13752,13751
13548,13011,13752
13549,13753,13754
13550,13754,13747
13551,13755,13756
13552,13756,13746
13553,13757,13758
13554,13758,13745
13555,13759,13757
13556,13760,13757
13557,13761,13751
13558,13762,13763
13559,13764,13765
13560,13766,13764
13561,13767,13768
13562,13768,13769
13563,13770,13767
13564,13771,13767
13565,13772,13773
13566,13774,13772
13567,13775,13776
13568,13777,13775
13569,13778,13779
13570,13780,13778
13571,13781,13777
13572,13782,13781
13573,13779,13775
13574,13776,13783
13575,13783,13784
13576,13785,13786
13577,13786,13787
13578,13788,13789
13579,13790,13791
13580,13792,13793
13581,13794,13792
13582,13793,13795
13583,13796,13797
13584,13798,13794
13585,13797,13798
13586,13799,13800
13587,13800,13794
13588,13801,13802
13589,13803,13804
13590,13805,13803
13591,13806,13805
13592,13807,13808
13593,13802,13809
13594,13810,13801
13595,13811,13812
13596,13813,13811
13597,13814,13810
13598,13815,13814
13599,13816,13799
13600,13817,13818
13601,13819,13820
13602,13821,13819
13603,13822,13823
13604,13824,13822
13605,13825,13826
13606,13826,13827
13607,13827,13828
13608,13828,13829
13609,13830,13825
13610,13831,13826
13611,13832,13803
13612,13833,13834
13613,13835,13834
13614,13836,13837
13615,13838,13836
13616,13839,13840
13617,13840,13836
13618,13841,13816
13619,13842,13841
13620,13843,13844
13621,13809,13843
13622,13845,13846
13623,13847,13848
13624,13849,13850
13625,13851,13849
13626,13852,13851
13627,13853,13852
13628,13854,13853
13629,13804,13852
13630,13812,13851
13631,13855,13856
13632,13857,13855
13633,13858,13857
13634,13859,13858
13635,13860,13859
13636,13861,13862
13637,13863,13861
13638,13864,13863
13639,13865,13864
13640,13020,13865
13641,13866,13020
13642,13867,13866
13643,13868,13867
13644,13869,13868
13645,13870,13864
13646,13871,13865
13647,13872,13866
13648,13873,13863
13649,13874,13861
13650,13875,13874
13651,13876,13875
13652,13877,13876
13653,13878,13879
13654,13880,13856
13655,13881,13882
13656,13022,13883
13657,13884,13022
13658,13885,13884
13659,13886,13881
13660,13883,13886
13661,13887,13888
13662,13889,13890
13663,13890,12687
13664,13891,13889
13665,13892,13893
13666,13893,13894
13667,13894,13895
13668,13895,13896
13669,13897,13898
13670,13898,13899
13671,13900,13901
13672,13901,13902
13673,13902,13903
13674,13904,13905
13675,13906,13907
13676,13907,13908
13677,13909,13910
13678,13910,12735
13679,13911,13912
13680,13913,13911
13681,13914,13913
13682,13915,13914
13683,13916,13911
13684,13917,12968
13685,13918,12743
13686,13919,12915
13687,13920,12917
13688,13921,13922
13689,12974,12767
13690,13923,13924
13691,13925,12776
13692,13926,12775
13693,13927,12773
13694,13928,13929
13695,13930,13931
13696,13932,12771
13697,13933,13932
13698,13931,13933
13699,13934,12769
13700,13935,13934
13701,13936,13935
13702,13937,13936
13703,13938,13937
13704,13939,13938
13705,13940,13939
13706,13941,13940
13707,13942,13939
13708,13943,12761
13709,13944,13943
13710,13945,12755
13711,13946,13945
13712,13947,13946
13713,13948,13945
13714,13949,12758
13715,13950,12759
13716,13951,12950
13717,13952,13953
13718,13954,12747
13719,13955,13956
13720,13957,13955
13721,13958,13959
13722,13956,12741
13723,13959,13957
13724,13960,13961
13725,13962,13963
13726,13964,12784
13727,13965,13964
13728,13966,13964
13729,13967,13966
13730,13968,12947
13731,13969,12945
13732,13970,12789
13733,13971,12793
13734,13972,12796
13735,13973,12798
13736,13974,12797
13737,13975,13974
13738,13976,13975
13739,13977,13974
13740,13978,13975
13741,13979,13980
13742,13981,12785
13743,13982,12782
13744,13983,13984
13745,13985,13986
13746,13987,13983
13747,13984,13985
13748,13986,13988
13749,13988,12733
13750,13989,13990
13751,13990,12732
13752,13991,13989
13753,13992,13989
13754,13993,13994
13755,13995,12965
13756,13996,12728
13757,13997,13998
13758,13998,13996
13759,13999,12727
13760,14000,12722
13761,14001,12694
13762,14002,12699
13763,14003,12700
13764,14004,12702
13765,14005,12704
13766,14006,12703
13767,14007,12701
13768,14008,12697
13769,14009,14010
13770,14011,14012
13771,14013,14014
13772,14014,14011
13773,14015,14013
13774,14016,14015
13775,14017,14015
13776,14018,12953
13777,14019,12956
13778,14020,14019
13779,14021,12958
13780,14022,12959
13781,14023,12957
13782,14024,14025
13783,14025,14026
13784,14026,14027
13785,14028,14029
13786,14030,14031
13787,14029,14032
13788,14031,14028
13789,14033,14034
13790,14034,14035
13791,14035,14036
13792,14037,14038
13793,14039,14040
13794,14040,14041
13795,14042,14043
13796,14044,14045
13797,14046,14044
13798,14047,14044
13799,14048,14047
13800,14049,14047
13801,14050,14049
13802,14051,14052
13803,14053,14051
13804,14054,14053
13805,14055,14054
13806,14056,14055
13807,14057,14056
13808,14058,14056
13809,12683,14059
13810,14060,14061
13811,13025,14060
13812,14062,14063
13813,14063,12676
13814,14064,14062
13815,14065,14064
13816,14066,14067
13817,14068,14066
13818,14069,14070
13819,14070,14071
13820,14072,14069
13821,14073,14072
13822,14074,14066
13823,14075,14067
13824,14076,14075
13825,14077,14075
13826,14078,14079
13827,14079,12679
13828,14080,14078
13829,14081,14080
13830,14082,14078
13831,14083,14084
13832,14084,14085
13833,14086,14087
13834,14087,12672
13835,14088,14089
13836,14090,14088
13837,14091,14090
13838,14092,14093
13839,14093,14094
13840,14094,14095
13841,14096,14097
13842,14098,14096
13843,14099,14100
13844,14100,14098
13845,14101,14102
13846,14103,14104
13847,14105,14106
13848,14107,14105
13849,14108,14105
13850,14109,14108
13851,14110,14109
13852,14111,14108
13853,14112,14113
13854,14114,14111
13855,14113,14114
13856,14115,12861
13857,14116,14115
13858,14117,14118
13859,14119,14116
13860,14118,14120
13861,14120,14119
13862,14121,14117
13863,14122,14121
13864,14123,14117
13865,14124,14123
13866,14125,14124
13867,14126,14123
13868,14127,14126
13869,14128,14124
13870,14129,14128
13871,14130,14131
13872,14132,14129
13873,14131,14132
13874,14133,14130
13875,14134,14121
13876,14135,14134
13877,14136,14137
13878,14138,14136
13879,14139,14140
13880,14141,14142
13881,14140,14141
13882,14142,12745
13883,14143,14139
13884,14144,14139
13885,14145,13832
13886,14146,14145
13887,14147,14146
13888,13829,14147
13889,13837,13829
13890,14148,14149
13891,13137,14150
13892,14150,14151
13893,14152,14153
13894,14154,14152
13895,14155,14156
13896,14157,14158
13897,14159,13040
13898,14160,14161
13899,14162,13460
13900,14163,14162
13901,14164,13741
13902,14165,14098
13903,14166,14165
13904,14167,12768
13905,12874,13142
13906,14168,14151
13907,13238,14168
13908,14169,12763
13909,12972,14170
13910,13125,14171
13911,14172,13128
13912,12989,13130
13913,12978,12980
13914,12980,13039
13915,14173,13039
13916,13279,13270
13917,13270,12935
13918,13073,13057
13919,14174,12858
13920,14175,12743
13921,14176,14177
13922,14178,13319
13923,13531,14179
13924,13326,14180
13925,13318,14181
13926,14182,14181
13927,14183,14184
13928,14181,14183
13929,14185,12842
13930,14186,14185
13931,14187,13529
13932,14188,14156
13933,13311,13314
13934,13314,13304
13935,13303,14189
13936,14190,14191
13937,14191,13303
13938,14192,14193
13939,14194,14195
13940,14196,13414
13941,13425,12993
13942,14197,13479
13943,12997,13544
13944,13544,14160
13945,13519,14197
13946,14198,13440
13947,13450,14199
13948,14200,13456
13949,12734,14201
13950,14201,14202
13951,14203,14204
13952,13556,14203
13953,14205,13004
13954,14206,14207
13955,14208,13587
13956,14209,12925
13957,14210,13614
13958,13617,14211
13959,14211,14212
13960,14212,14210
13961,14213,13617
13962,13603,12802
13963,14214,13603
13964,14215,12921
13965,12708,14215
13966,14216,14217
13967,14218,13737
13968,13737,14164
13969,14219,14220
13970,14221,13762
13971,13721,14222
13972,14222,14223
13973,13763,13784
13974,13784,13773
13975,13773,14224
13976,14224,13787
13977,13787,13769
13978,13769,14225
13979,12690,14226
13980,14226,14227
13981,14227,12687
13982,13862,14228
13983,13879,14229
13984,14230,13790
13985,13834,14231
13986,12688,14232
13987,14232,14041
13988,14041,14233
13989,14233,14234
13990,14071,14235
13991,14235,12675
13992,14236,14237
13993,14238,13808
13994,14061,14239
13995,14239,12674
13996,14240,14241
13997,14089,14095
13998,14095,14242
13999,14242,14243
14000,14102,14166
14001,13235,13238
14002,13227,12873
14003,13458,14200
14004,13635,14206
14005,13693,14244
14006,14244,14206
14007,12844,13329
14008,14085,14061
14009,12676,14085
14010,14237,14245
14011,14234,14236
14012,12921,14246
14013,14247,14248
14014,14248,13903
14015,14249,14247
14016,13903,12691
14017,14246,14249
14018,14177,12721
14019,14202,13908
14020,13908,12732
14021,14250,14175
14022,12746,14250
14023,14251,14167
14024,14252,14169
14025,13614,13609
14026,13606,14214
14027,13609,14253
14028,14253,13606
14029,12804,13622
14030,14254,14213
14031,13622,14254
14032,14255,14256
14033,14207,14255
14034,14256,12805
14035,14257,13693
14036,12807,14257
14037,13638,14258
14038,14259,13635
14039,14258,13688
14040,13688,14259
14041,12816,13638
14042,14260,14192
14043,14189,14260
14044,13412,14186
14045,13408,13412
14046,14180,13408
14047,13329,14180
14048,14151,14261
14049,14262,13235
14050,13142,14262
14051,13224,13227
14052,12877,13180
14053,13180,13224
14054,12939,14263
14055,14263,13279
14056,14264,13319
14057,14265,14185
14058,14184,14265
14059,14266,14267
14060,14267,13030
14061,13080,14268
14062,14268,13073
14063,14269,14270
14064,14270,14271
14065,14158,14269
14066,14271,14272
14067,14273,14274
14068,13130,14273
14069,14275,14276
14070,14276,14168
14071,14277,14275
14072,14278,12972
14073,14279,14280
14074,14280,14278
14075,14156,13311
14076,14281,13368
14077,12860,12858
14078,14195,13426
14079,13423,14196
14080,13427,12993
14081,14282,14190
14082,12841,14282
14083,13440,14283
14084,14283,13450
14085,14284,14198
14086,14285,14163
14087,13462,14285
14088,13509,13521
14089,13529,14179
14090,14286,13531
14091,14204,13554
14092,13590,14208
14093,14287,12805
14094,14288,14287
14095,13002,14288
14096,13004,13001
14097,13719,14289
14098,14220,13744
14099,13744,13719
14100,14290,14220
14101,14223,14290
14102,14217,14291
14103,14291,14219
14104,13765,14292
14105,14292,14293
14106,14293,14221
14107,14231,13880
14108,13808,13854
14109,14294,13860
14110,14229,14294
14111,14228,13879
14112,14295,14209
14113,14067,14296
14114,14296,14071
14115,14241,14297
14116,14298,14299
14117,14300,14089
14118,14299,14301
14119,14301,14300
14120,14302,14303
14121,14303,14304
14122,14304,11564
14123,13032,14305
14124,11564,14305
14125,14306,13260
14126,13260,12937
14127,12937,13100
14128,13100,13097
14129,13097,14272
14130,14272,14307
14131,14307,14308
14132,13297,14309
14133,13087,14309
14134,14305,14310
14135,14310,11581
14136,14311,14310
14137,14309,14311
14138,14312,14311
14139,13057,14312
14140,14153,11582
14141,14193,11584
14142,13434,13436
14143,11588,14313
14144,14313,14314
14145,14314,11589
14146,14199,14315
14147,14315,13453
14148,13453,11592
14149,13505,13516
14150,13574,11598
14151,12801,13702
14152,13702,11603
14153,12685,12682
14154,14316,14317
14155,14318,14316
14156,13850,14319
14157,14319,14318
14158,14320,13705
14159,13712,14320
14160,13705,11607
14161,12986,14264
14162,14321,13017
14163,14322,14323
14164,14323,13762
14165,14324,14325
14166,14326,14327
14167,14325,14328
14168,14329,14322
14169,14328,14326
14170,14327,14329
14171,14330,14218
14172,14331,14330
14173,14332,14333
14174,13725,14331
14175,14333,13725
14176,13549,14334
14177,14335,14336
14178,14334,14335
14179,14336,13506
14180,14337,14218
14181,13728,14337
14182,13716,14338
14183,14339,13728
14184,14338,14339
14185,13896,14340
14186,14341,12689
14187,14340,14341
14188,14036,14342
14189,13899,13896
14190,14032,14036
14191,12692,14027
14192,14342,13899
14193,14027,14032
14194,14343,14344
14195,13856,14345
14196,14345,14343
14197,14346,14347
14198,14344,14348
14199,14348,14346
14200,12991,14349
14201,14350,11597
14202,14351,12696
14203,14012,14351
14204,12698,14352
14205,14010,14352
14206,14353,14176
14207,14354,14353
14208,13994,14354
14209,12723,14354
14210,14355,12736
14211,13912,14355
14212,12739,14355
14213,14356,12748
14214,12762,14356
14215,14357,14356
14216,12750,14357
14217,14358,12751
14218,14359,14358
14219,13953,14358
14220,12753,14359
14221,12951,14359
14222,12770,14360
14223,14360,14252
14224,13924,14360
14225,14361,12772
14226,12774,14361
14227,13929,14361
14228,12780,14362
14229,14362,12778
14230,13961,14362
14231,13963,14363
14232,14363,14364
14233,14364,12781
14234,12783,14363
14235,12788,14365
14236,14365,12786
14237,12946,14365
14238,14366,12787
14239,12964,14366
14240,14367,14366
14241,12790,14367
14242,13980,14367
14243,12821,14368
14244,14368,12819
14245,12906,14369
14246,14369,14368
14247,14370,12837
14248,14371,14370
14249,13659,14371
14250,13661,14370
14251,12839,14371
14252,13339,14372
14253,12865,14372
14254,14373,12863
14255,13355,14373
14256,14372,14373
14257,13256,14374
14258,14374,12868
14259,12871,14374
14260,14375,12893
14261,13207,14376
14262,12895,14376
14263,14376,14375
14264,13201,14375
14265,14377,12924
14266,13905,14377
14267,12926,14377
14268,14378,12928
14269,13922,14378
14270,12934,14378
14271,13028,14379
14272,12976,14379
14273,14379,14302
14274,13145,14380
14275,14380,13143
14276,13149,14380
14277,14381,13277
14278,13281,14381
14279,13288,14381
14280,13316,14382
14281,14383,13309
14282,14382,14383
14283,13347,14384
14284,14384,14385
14285,14386,14385
14286,14385,13342
14287,13344,14384
14288,14387,13354
14289,13359,14387
14290,13357,14387
14291,14388,13358
14292,13367,14388
14293,13361,14388
14294,14389,13394
14295,13398,14389
14296,13442,14390
14297,14391,14284
14298,14390,14391
14299,13465,14392
14300,14392,13461
14301,13473,14392
14302,13488,14393
14303,14393,13484
14304,14394,13513
14305,14179,14394
14306,13541,14394
14307,14395,14286
14308,13539,14395
14309,13533,14395
14310,14161,14396
14311,14396,13547
14312,13565,14397
14313,13560,14397
14314,14397,13558
14315,14398,13597
14316,13601,14398
14317,13599,14398
14318,14399,13678
14319,14400,14399
14320,13684,14400
14321,13682,14400
14322,13018,14401
14323,14402,13830
14324,14403,13831
14325,14404,14403
14326,14405,14404
14327,14406,14402
14328,13820,14405
14329,13818,14405
14330,13823,14406
14331,14401,14406
14332,14038,14407
14333,14407,14039
14334,13249,14408
14335,14409,14410
14336,14274,14410
14337,13108,14409
14338,13110,14409
14339,14411,14412
14340,14413,14412
14341,13118,14414
14342,14415,14306
14343,14416,14415
14344,13106,14416
14345,14417,14416
14346,14418,14417
14347,14412,14417
14348,14410,14418
14349,14414,14418
14350,13120,14411
14351,14419,14420
14352,13127,14419
14353,13133,14420
14354,13240,14421
14355,14170,14421
14356,14422,14415
14357,13102,14422
14358,13104,14422
14359,14261,14423
14360,14424,14411
14361,12869,14425
14362,14425,14413
14363,14420,14426
14364,14408,14425
14365,14427,14424
14366,14421,14424
14367,14426,14428
14368,13135,14426
14369,14428,14427
14370,13242,14413
14371,13123,14427
14372,14423,14428
14373,13251,14408
14374,14429,14172
14375,14171,14429
14376,14349,14430
14377,14430,14364
14378,12982,14137
14379,14137,14431
14380,14431,14432
14381,14432,14308
14382,14433,14386
14383,14434,14435
14384,14435,14436
14385,14436,14437
14386,12984,14436
14387,14437,13336
14388,14438,14439
14389,14439,14440
14390,14440,14441
14391,14442,14440
14392,14443,14444
14393,14445,14446
14394,14447,14445
14395,14448,14449
14396,14449,14450
14397,14451,14448
14398,14450,14452
14399,14453,14451
14400,14454,14455
14401,14455,14453
14402,14456,14454
14403,14457,14456
14404,14458,14457
14405,14459,14458
14406,14460,14461
14407,14461,14459
14408,14462,14463
14409,14464,14465
14410,14466,14467
14411,14467,14468
14412,14469,14466
14413,14470,14469
14414,14471,14470
14415,14472,14473
14416,14474,14475
14417,14473,14474
14418,14476,14477
14419,14478,14476
14420,14479,14478
14421,14480,14479
14422,14481,14482
14423,14483,14484
14424,14485,14486
14425,14487,14483
14426,14484,14485
14427,14486,14488
14428,14488,14489
14429,14489,14490
14430,14491,14487
14431,14492,14491
14432,14493,14492
14433,14494,14493
14434,14495,14494
14435,14496,14497
14436,14498,14496
14437,14499,14498
14438,14500,14499
14439,14501,14500
14440,14502,14503
14441,14504,14502
14442,14505,14504
14443,14506,14507
14444,14508,14509
14445,14507,14508
14446,14510,14506
14447,14511,14512
14448,14513,14514
14449,14515,14516
14450,14517,14518
14451,14518,14515
14452,14516,14513
14453,14519,14517
14454,14520,14519
14455,14521,14520
14456,14522,14521
14457,14523,14522
14458,14524,14525
14459,14526,14527
14460,14528,14529
14461,14530,14528
14462,14531,14530
14463,14532,14531
14464,14533,14532
14465,14534,14533
14466,14535,14534
14467,14536,14537
14468,14538,14539
14469,14540,14538
14470,14541,14540
14471,14542,14541
14472,14543,14542
14473,14544,14543
14474,14545,14544
14475,14546,14545
14476,14547,14546
14477,14548,14547
14478,14549,14548
14479,14550,14549
14480,14551,14550
14481,14552,14553
14482,14554,14552
14483,14555,14554
14484,14556,14555
14485,14557,14556
14486,14558,14557
14487,14559,14560
14488,14560,14558
14489,14561,14559
14490,14562,14548
14491,14563,14562
14492,14564,14565
14493,14566,14567
14494,14568,14569
14495,14565,14568
14496,14567,14564
14497,14570,14566
14498,14571,14570
14499,14572,14571
14500,14573,14574
14501,14574,14575
14502,14575,14576
14503,14577,14573
14504,14578,14577
14505,14579,14578
14506,14580,14581
14507,14582,14583
14508,14584,14582
14509,14585,14586
14510,14587,14585
14511,14588,14587
14512,14589,14588
14513,14590,14589
14514,14591,14590
14515,14592,14591
14516,14593,14592
14517,14594,14593
14518,14595,14596
14519,14597,14598
14520,14599,14597
14521,14600,14601
14522,14602,14600
14523,14603,14602
14524,14604,14603
14525,14605,14604
14526,14606,14605
14527,14607,14606
14528,14608,14607
14529,14609,14608
14530,14610,14609
14531,14611,14612
14532,14613,14611
14533,14614,14615
14534,14616,14614
14535,14617,14616
14536,14618,14619
14537,14620,14618
14538,14621,14622
14539,14623,14620
14540,14622,14623
14541,14624,14621
14542,14625,14626
14543,14627,14625
14544,14628,14627
14545,14629,14628
14546,14630,14629
14547,14631,14630
14548,14632,14633
14549,14634,14632
14550,14635,14636
14551,14637,14635
14552,14638,14637
14553,14639,14638
14554,14640,14639
14555,14641,14642
14556,14643,14641
14557,14644,14643
14558,14645,14644
14559,14646,14645
14560,14647,14604
14561,14648,14647
14562,14649,14650
14563,14651,14649
14564,14652,14651
14565,14653,14652
14566,14654,14655
14567,14656,14653
14568,14657,14656
14569,14655,14657
14570,14658,14654
14571,14659,14660
14572,14660,14661
14573,14662,14663
14574,14664,14665
14575,14666,14667
14576,14667,14668
14577,14669,14666
14578,14670,14669
14579,14671,14672
14580,14673,14671
14581,14674,14673
14582,14675,14674
14583,14676,14677
14584,14678,14676
14585,14679,14678
14586,14680,14681
14587,14682,14679
14588,14681,14682
14589,14683,14684
14590,14685,14683
14591,14686,14685
14592,14687,14686
14593,14688,14687
14594,14689,14638
14595,14690,14689
14596,14691,14690
14597,14692,14691
14598,14693,14692
14599,14694,14695
14600,14696,14694
14601,14697,14643
14602,14698,14699
14603,14700,14701
14604,14701,14702
14605,14703,14700
14606,14704,14703
14607,14705,14706
14608,14707,14708
14609,14708,14513
14610,14706,14707
14611,14709,14705
14612,14710,14709
14613,14711,14710
14614,14712,14711
14615,14713,14714
14616,14715,14716
14617,14716,14713
14618,14717,14715
14619,14718,14717
14620,14719,14720
14621,14721,14722
14622,14723,14724
14623,14724,14721
14624,14725,14726
14625,14727,14728
14626,14729,14728
14627,14730,14729
14628,14731,14730
14629,14732,14731
14630,14733,14732
14631,14734,14735
14632,14736,14737
14633,14738,14739
14634,14740,14741
14635,14741,14742
14636,14743,14744
14637,14745,14746
14638,14747,14748
14639,14749,14750
14640,14751,14750
14641,14752,14753
14642,14754,14755
14643,14756,14757
14644,14758,14759
14645,14759,14760
14646,14761,14762
14647,14763,14764
14648,14764,14765
14649,14766,14767
14650,14768,14769
14651,14769,14770
14652,14771,14768
14653,14772,14773
14654,14774,14775
14655,14773,14776
14656,14777,14778
14657,14775,14772
14658,14776,14446
14659,14778,14774
14660,14779,14780
14661,14781,14445
14662,14780,14781
14663,14782,14783
14664,14784,14782
14665,14785,14784
14666,14786,14785
14667,14787,14786
14668,14788,14779
14669,14789,14783
14670,14790,14789
14671,14791,14790
14672,14792,14784
14673,14793,14794
14674,14794,14795
14675,14795,14792
14676,14796,14793
14677,14797,14798
14678,14798,14796
14679,14799,14800
14680,14800,14796
14681,14801,14802
14682,14803,14801
14683,14802,14804
14684,14804,14805
14685,14806,14807
14686,14808,14809
14687,14809,14806
14688,14807,14810
14689,14811,14812
14690,14812,14468
14691,14813,14811
14692,14814,14815
14693,14816,14813
14694,14815,14816
14695,14817,14818
14696,14819,14817
14697,14820,14819
14698,14821,14820
14699,14822,14821
14700,14823,14822
14701,14824,14820
14702,14825,14822
14703,14826,14821
14704,14827,14479
14705,14828,14470
14706,14829,14469
14707,14830,14466
14708,14831,14451
14709,14832,14831
14710,14833,14454
14711,14834,14833
14712,14835,14836
14713,14837,14838
14714,14836,14459
14715,14839,14835
14716,14838,14839
14717,14840,14837
14718,14841,14840
14719,14842,14841
14720,14843,14842
14721,14844,14843
14722,14845,14846
14723,14847,14844
14724,14846,14847
14725,14848,14849
14726,14850,14851
14727,14852,14853
14728,14854,14457
14729,14855,14854
14730,14856,14857
14731,14857,14855
14732,14858,14452
14733,14859,14858
14734,14860,14861
14735,14861,14862
14736,14862,14858
14737,14863,14864
14738,14864,14447
14739,14865,14863
14740,14866,14865
14741,14867,14514
14742,14868,14867
14743,14869,14867
14744,14870,14519
14745,14871,14520
14746,14872,14522
14747,14873,14653
14748,14874,14654
14749,14875,14652
14750,14876,14533
14751,14877,14534
14752,14878,14879
14753,14880,14878
14754,14881,14882
14755,14883,14521
14756,14884,14517
14757,14885,14712
14758,14886,14713
14759,14887,14717
14760,14888,14715
14761,14889,14714
14762,14890,14891
14763,14891,14889
14764,14892,14893
14765,14893,14709
14766,14894,14705
14767,14895,14894
14768,14896,14895
14769,14897,14898
14770,14898,14481
14771,14899,14897
14772,14900,14901
14773,14901,14902
14774,14903,14904
14775,14904,14905
14776,14906,14903
14777,14907,14903
14778,14908,14909
14779,14909,14489
14780,14910,14911
14781,14911,14487
14782,14912,14491
14783,14913,14492
14784,14914,14913
14785,14915,14913
14786,14916,14494
14787,14917,14916
14788,14918,14917
14789,14919,14918
14790,14920,14918
14791,14921,14498
14792,14922,14923
14793,14924,14687
14794,14925,14686
14795,14926,14506
14796,14927,14928
14797,14929,14927
14798,14930,14927
14799,14931,14932
14800,14933,14931
14801,14934,14933
14802,14935,14934
14803,14936,14934
14804,14932,14497
14805,14937,14938
14806,14939,14940
14807,14940,14490
14808,14941,14939
14809,14942,14943
14810,14943,14941
14811,14944,14942
14812,14945,14946
14813,14947,14946
14814,14948,14947
14815,14949,14947
14816,14950,14951
14817,14952,14950
14818,14953,14950
14819,14760,14953
14820,14954,14953
14821,14955,14956
14822,14956,14954
14823,14957,14944
14824,14958,14939
14825,14959,14958
14826,14960,14961
14827,14962,14963
14828,14964,14963
14829,14961,14965
14830,14965,14966
14831,14967,14968
14832,14968,14969
14833,14970,14971
14834,14972,14970
14835,14973,14974
14836,14975,14973
14837,14976,14977
14838,14977,14975
14839,14978,14975
14840,14979,14978
14841,14980,14972
14842,14981,14980
14843,14982,14981
14844,14974,14983
14845,14984,14536
14846,14985,14984
14847,14986,14985
14848,14987,14541
14849,14988,14544
14850,14989,14990
14851,14991,14989
14852,14992,14991
14853,14993,14992
14854,14994,14988
14855,14995,14994
14856,14996,14995
14857,14997,14996
14858,14998,14994
14859,14999,14998
14860,15000,14995
14861,15001,15000
14862,15002,14996
14863,15003,15004
14864,15005,15006
14865,15007,15005
14866,4,15007
14867,15008,15005
14868,15009,4
14869,15010,15007
14870,15011,15012
14871,15013,14991
14872,15014,14992
14873,15015,14546
14874,15016,15017
14875,15017,15015
14876,15018,15016
14877,15019,15016
14878,15020,14557
14879,15021,15020
14880,15022,15021
14881,15023,14558
14882,15024,15025
14883,15025,15026
14884,15026,15023
14885,15027,15023
14886,15028,14556
14887,15029,15028
14888,15030,15029
14889,15031,15028
14890,15032,15031
14891,15033,14555
14892,15034,15035
14893,15036,15037
14894,15038,15036
14895,15039,15036
14896,15040,14570
14897,15041,15040
14898,15042,15041
14899,15043,15041
14900,15044,15040
14901,15045,14571
14902,15046,14566
14903,15047,15048
14904,15049,14562
14905,15050,14547
14906,15051,15050
14907,15052,15050
14908,15053,14543
14909,15054,15053
14910,15055,15054
14911,15056,15053
14912,15057,14542
14913,15058,15057
14914,15059,14540
14915,15060,15059
14916,15061,15059
14917,15062,15061
14918,15063,15064
14919,15064,14539
14920,15065,15066
14921,15066,14575
14922,15067,14582
14923,15068,14590
14924,15069,14729
14925,15070,15071
14926,15072,14732
14927,15073,15074
14928,15075,15073
14929,15076,14676
14930,15077,14679
14931,15078,14678
14932,15079,14671
14933,15080,15081
14934,15082,15083
14935,15084,15082
14936,15085,15082
14937,15086,14603
14938,15087,15086
14939,15088,15087
14940,15089,15088
14941,15090,15089
14942,15091,15087
14943,15092,15089
14944,15093,15088
14945,15094,15086
14946,15095,15096
14947,15096,15094
14948,15097,14606
14949,15098,14608
14950,15099,14609
14951,15100,14607
14952,15101,14605
14953,15102,14647
14954,15103,15104
14955,14728,14593
14956,15105,14587
14957,15106,14584
14958,15107,15106
14959,14586,15106
14960,14583,14580
14961,14581,14579
14962,15108,14578
14963,15109,15108
14964,15110,15108
14965,15111,15112
14966,15113,15111
14967,15114,15111
14968,14757,15115
14969,15116,14757
14970,15117,15114
14971,15115,15117
14972,15118,15119
14973,15119,15120
14974,15121,15118
14975,15122,15121
14976,15123,15122
14977,15124,15122
14978,15125,15124
14979,15126,15124
14980,15127,15121
14981,15128,15118
14982,15129,15130
14983,15131,15132
14984,15132,15129
14985,15133,15134
14986,15135,15133
14987,15136,15137
14988,15138,15136
14989,15139,15138
14990,15140,15138
14991,15141,15142
14992,15143,15144
14993,15144,15145
14994,15146,15147
14995,15147,15148
14996,15148,15143
14997,15142,15146
14998,15149,15150
14999,15150,15151
15000,15152,15149
15001,15153,15152
15002,15154,15152
15003,15155,15149
15004,15156,15155
15005,15157,15158
15006,15158,15159
15007,15160,15161
15008,15161,15162
15009,15163,14694
15010,15164,14695
15011,15165,15166
15012,15166,15167
15013,15168,15165
15014,15169,15170
15015,15171,15172
15016,15172,15173
15017,15174,15171
15018,15175,15174
15019,15176,15177
15020,15177,15178
15021,15179,14666
15022,15180,14669
15023,15181,14614
15024,15182,15181
15025,15183,15184
15026,15185,15183
15027,15186,15183
15028,15187,14621
15029,15188,14627
15030,15189,14629
15031,15190,14630
15032,15191,14628
15033,15192,14625
15034,15193,15192
15035,15194,15192
15036,15195,15196
15037,15197,15198
15038,15198,14620
15039,15199,15200
15040,15201,15199
15041,15202,14616
15042,15203,15204
15043,15204,15205
15044,15206,15203
15045,15207,15203
15046,15208,15209
15047,15209,15210
15048,15211,15212
15049,15212,15213
15050,15214,15215
15051,15215,15216
15052,15217,15214
15053,15218,15219
15054,15220,15218
15055,15221,15220
15056,15222,15223
15057,15219,15224
15058,15225,15226
15059,15227,15228
15060,15228,14660
15061,15224,15227
15062,15229,15224
15063,15230,15229
15064,15231,15232
15065,15232,15233
15066,15234,15231
15067,15235,15236
15068,15237,15235
15069,15238,15239
15070,14750,15240
15071,15240,15241
15072,15242,15243
15073,15243,14664
15074,15244,14748
15075,14746,15245
15076,14665,15244
15077,14744,14746
15078,14748,14744
15079,15246,15247
15080,15248,15249
15081,15250,15248
15082,15251,15246
15083,15249,15251
15084,15252,15253
15085,15247,15252
15086,15254,15255
15087,15255,15256
15088,15257,11612
15089,15258,15257
15090,15259,15260
15091,15260,15261
15092,15262,15263
15093,15263,15264
15094,15265,15266
15095,15267,14740
15096,15268,15269
15097,15270,15271
15098,15272,15273
15099,15274,15272
15100,15275,15274
15101,15276,15271
15102,15277,15276
15103,15271,15268
15104,15273,15278
15105,15278,15277
15106,15279,15270
15107,15280,15279
15108,15281,15282
15109,15283,15268
15110,15284,15285
15111,15282,15284
15112,15285,15283
15113,15286,15281
15114,15287,15285
15115,15288,15287
15116,15289,15290
15117,15290,15291
15118,15292,15269
15119,15293,15294
15120,15291,15293
15121,15294,15292
15122,15295,15296
15123,15296,15293
15124,15297,15298
15125,15298,15299
15126,15299,15300
15127,15301,15297
15128,15302,14636
15129,15303,15302
15130,15304,15303
15131,15305,15304
15132,15306,15305
15133,15307,15306
15134,15308,15307
15135,15309,15307
15136,15310,14641
15137,15311,15310
15138,15312,15310
15139,15313,14645
15140,15314,14644
15141,15315,15316
15142,15317,15315
15143,15318,15317
15144,15319,15317
15145,15320,15315
15146,15321,14639
15147,15322,15321
15148,15323,15321
15149,15324,14692
15150,15325,14689
15151,15326,15325
15152,15327,15326
15153,15328,15325
15154,15329,15326
15155,15330,14637
15156,15331,14635
15157,15332,14700
15158,15333,14703
15159,15334,15335
15160,15335,15336
15161,15337,15338
15162,15338,14634
15163,15339,15340
15164,15340,14632
15165,15341,15342
15166,15342,15343
15167,15343,15344
15168,15345,15346
15169,15346,11608
15170,15347,15348
15171,15349,15350
15172,15350,15351
15173,15352,15353
15174,15353,15354
15175,15354,15355
15176,15348,15353
15177,15356,15357
15178,15357,15358
15179,15359,15358
15180,14737,15359
15181,15360,14737
15182,15361,15360
15183,15362,15361
15184,15363,15362
15185,15364,14749
15186,14753,15364
15187,15365,15363
15188,15366,15357
15189,15367,14823
15190,15368,14823
15191,15369,15370
15192,15370,15371
15193,14497,15372
15194,15373,15374
15195,14951,15375
15196,15376,14951
15197,15253,15377
15198,15378,15379
15199,15380,11609
15200,15381,15242
15201,15382,15383
15202,15384,15371
15203,15385,15369
15204,15386,14751
15205,15387,15388
15206,15389,15387
15207,15390,14739
15208,15391,15392
15209,15393,15391
15210,14612,15394
15211,15394,15395
15212,15178,15173
15213,15396,15397
15214,15398,15396
15215,15399,15398
15216,15400,15178
15217,15216,15400
15218,15256,15401
15219,15402,15403
15220,15403,15241
15221,15241,15404
15222,15404,15405
15223,15405,15406
15224,15406,15407
15225,15407,15408
15226,15408,15409
15227,15409,14664
15228,15410,15411
15229,15411,15412
15230,15412,15413
15231,15413,15162
15232,15162,15159
15233,15159,15414
15234,15414,15167
15235,15415,15416
15236,15417,15418
15237,15419,15420
15238,15421,15422
15239,15423,14536
15240,14990,15004
15241,15424,14944
15242,14963,15425
15243,14966,15426
15244,14482,14966
15245,15427,15393
15246,15397,15427
15247,15173,14613
15248,14902,15428
15249,15429,14481
15250,14905,14902
15251,14490,15430
15252,15431,14511
15253,15432,15433
15254,14765,15434
15255,15435,14495
15256,14714,14767
15257,15436,15437
15258,14810,14805
15259,14805,14770
15260,14783,15438
15261,15377,15261
15262,15300,14742
15263,15439,15264
15264,15233,14662
15265,15440,14659
15266,15437,14447
15267,15441,15442
15268,15443,15444
15269,15445,15439
15270,15245,15384
15271,15442,15421
15272,15371,15445
15273,15151,15446
15274,15444,14810
15275,14770,15436
15276,14468,15443
15277,14452,15447
15278,15447,15443
15279,15426,14762
15280,14762,15448
15281,15428,15429
15282,15430,14905
15283,14938,15435
15284,15449,14938
15285,15372,15449
15286,15434,15450
15287,15450,15431
15288,14537,15451
15289,15451,15452
15290,15452,15441
15291,14539,15423
15292,15453,15454
15293,15392,15453
15294,15454,15455
15295,15395,15399
15296,15401,15440
15297,14661,15233
15298,14663,15402
15299,15446,15417
15300,15416,15151
15301,15167,15415
15302,14695,15456
15303,15456,15410
15304,14767,14712
15305,15383,15242
15306,15358,15383
15307,15388,14751
15308,14739,15365
15309,15374,15438
15310,15438,14779
15311,15457,14889
15312,14946,15424
15313,15375,14949
15314,15458,15376
15315,15425,14960
15316,15004,14988
15317,15433,15029
15318,15459,15132
15319,15420,15460
15320,15145,15419
15321,15379,15461
15322,15461,15415
15323,15264,15462
15324,15463,15462
15325,15261,15464
15326,15464,15463
15327,15465,15259
15328,15266,15385
15329,15466,15380
15330,15467,15466
15331,14742,15467
15332,15269,15300
15333,14615,15205
15334,15205,15210
15335,15210,14668
15336,15213,15468
15337,15468,15216
15338,14668,15213
15339,14633,15469
15340,15469,14350
15341,14636,15470
15342,15470,15471
15343,15471,14702
15344,15462,15472
15345,15472,11609
15346,15344,11608
15347,15351,15344
15348,15355,15351
15349,14446,15473
15350,14853,15474
15351,15474,14460
15352,14463,15474
15353,15475,14462
15354,15476,15475
15355,14720,15476
15356,14849,15476
15357,14465,15475
15358,14475,15477
15359,14699,15477
15360,15477,14471
15361,15478,14472
15362,14477,15478
15363,14818,15478
15364,14684,15479
15365,14503,15479
15366,15479,15480
15367,14923,15481
15368,15480,15481
15369,14928,15480
15370,15481,14501
15371,14726,15482
15372,14509,15482
15373,15482,14505
15374,14882,15483
15375,14525,15484
15376,15483,14872
15377,15484,15483
15378,15485,14524
15379,14527,15485
15380,14650,15485
15381,14529,15486
15382,14879,15486
15383,15486,14526
15384,14553,15487
15385,15035,15487
15386,15487,14551
15387,14569,15488
15388,15048,15488
15389,15488,15489
15390,15037,15490
15391,15489,15491
15392,15491,15490
15393,15490,14563
15394,14596,15492
15395,15492,14594
15396,15104,15492
15397,14598,15493
15398,15494,15495
15399,15493,15494
15400,15495,14595
15401,14672,15494
15402,14601,15496
15403,15081,15497
15404,15497,14599
15405,15083,15496
15406,15496,15497
15407,15184,15498
15408,14619,15499
15409,15499,15498
15410,15200,15499
15411,15498,14617
15412,15500,14624
15413,14626,15500
15414,15196,15500
15415,15501,14640
15416,14642,15501
15417,15316,15501
15418,15074,15502
15419,14677,15502
15420,15502,14675
15421,14851,15503
15422,15503,14719
15423,14722,15503
15424,14735,15504
15425,15071,15504
15426,15504,14733
15427,15006,15505
15428,15505,15003
15429,15012,15505
15430,15137,15506
15431,15507,15459
15432,15134,15508
15433,15508,15131
15434,15506,15507
15435,15223,15509
15436,15510,15509
15437,15511,15221
15438,15226,15511
15439,15509,15511
15440,15239,15512
15441,15236,15512
15442,15512,15234
15443,15336,14634
15444,14702,15336
15445,349,347
15446,2681,2676
15447,2933,2928
15448,3633,3131
15449,3197,3191
15450,4960,4638
15451,4654,4652
15452,4892,4890
15453,5036,5034
15454,5167,5168
15455,9780,9778
15456,10080,10078
15457,11580,14304
15458,11700,11698
15459,13014,14209
15460,14308,13297
15461,13741,14219
15462,14352,14351
15463,14514,14765
15464,15513,9644
