"pointid","xcoord","ycoord"
1,1714445.4512,2019455.8835
2,1712749.52729679,2018854.10051091
3,1736395.25830504,1965272.70008823
4,1737573.2292,1966628.5522
5,1716821.4254,2274181.7454
6,1714519.7468,2274258.2425
7,1714491.503,2274171.9953
8,1717356.7292,2273960.2164
9,1717873.9714,2273391.0537
10,1720234.0452,2271477.3446
11,1721782.9662,2273890.6359
12,1722761.3592,2273817.9514
13,1724248.1257,2278210.065
14,1724053.0345,2274932.5332
15,1723846.8562,2274815.0517
16,1724052.4851,2274935.4986
17,1725076.6356,2278079.8347
18,1726097.4696,2277727.9982
19,1726559.7143,2278073.9622
20,1727515.7766,2281646.7134
21,1729405.2461,2282737.7474
22,1729499.4996,2282782.0011
23,1730116.0247,2282693.7014
24,1729664.3394,2282644.0974
25,1729832.2865,2286111.972
26,1730324.0759,2282780.0895
27,1729666.5625,2282653.3874
28,1717052.1918,2275486.9595
29,1717394.1145,2277892.2859
30,1717663.5532,2278225.1672
31,1718847.5497,2279655.1459
32,1718454.658,2279398.3199
33,1721975.2321,2283939.5215
34,1721393.449,2281068.1446
35,1721151.1527,2280824.3973
36,1722676.158,2286249.9094
37,1725860.8916,2288476.2043
38,1726327.1203,2288484.4969
39,1725676.7591,2247248.6344
40,1726930.498,2247438.994
41,1725243.4947,2247600.0003
42,1724690.4982,2249175.0023
43,1722835.5006,2250204.0013
44,1723038.4954,2250616.9922
45,1722835.4955,2251995.9949
46,1717403.4969,2256476.001
47,1718551.5045,2255453.9979
48,1717263.4999,2257022.0032
49,1717977.4957,2257161.9943
50,1718509.4969,2260620.0011
51,1718887.5014,2259696.0044
52,1718194.5048,2258274.9965
53,1718075.4988,2262523.9954
54,1716773.4958,2264162.0006
55,1717907.4982,2263041.9969
56,1717053.4991,2265814.0023
57,1715513.5012,2267549.9956
58,1715499.4953,2268585.9936
59,1715583.5017,2271371.9968
60,1715863.501,2270560.0035
61,1712342.497,2274332.9958
62,1710613.4963,2274899.9982
63,1710851.4945,2278861.9974
64,1710179.4974,2279211.9986
65,1708639.5038,2279841.996
66,1708163.503,2281899.9993
67,1706315.496,2282095.9999
68,1706035.4983,2282263.9988
69,1704215.4998,2281703.9973
70,1702395.5037,2283747.994
71,1699609.5023,2282739.9916
72,1700449.4965,2283131.9964
73,1701709.4949,2282501.997
74,1698951.494,2281396.0035
75,1698783.5005,2281381.9959
76,1697481.5021,2282194.002
77,1695521.5036,2281997.9971
78,1695717.4945,2283271.9965
79,1694149.503,2284700.0055
80,1694163.4975,2286365.995
81,1692630.5011,2289368.9992
82,1690852.4984,2290768.9908
83,1691839.4985,2289558.0004
84,1688957.2235,2294029.0732
85,1690821.8653,2290797.4534
86,1688978.1508,2294578.7587
87,1688798.5798,2295605.6119
88,1688711.3107,2295485.1805
89,1688898.5974,2296851.4115
90,1689014.1053,2299046.5882
91,1688594.0737,2300518.3501
92,1687683.1371,2302329.9419
93,1687354.7761,2302530.09
94,1689193.498,2290271.9975
95,1687339.9493,2291769.0046
96,1686755.6168,2292852.8319
97,1687278.0754,2291777.0024
98,1686757.5869,2292861.844
99,1686127.4968,2294247.9982
100,1684405.4976,2294990.0031
101,1684573.7562,2294569.8648
102,1685343.5018,2294401.9981
103,1678245.5013,2299764.0038
104,1679617.4996,2297271.9963
105,1678280.4981,2299826.9971
106,1679379.4982,2302550.0013
107,1681554.7502,2301717.6511
108,1681461.082,2301720.573
109,1681390.4788,2301650.885
110,1697132.9188,2310777.8726
111,1697128.0379,2310695.5114
112,1697699.2132,2312815.542
113,1697790.7618,2312521.385
114,1695899.3274,2314020.6051
115,1696138.0893,2314178.8027
116,1696691.1387,2314585.4499
117,1696815.3059,2314770.4753
118,1696903.6984,2314861.0034
119,1697115.0997,2314944.9101
120,1697720.9953,2315080.2305
121,1698130.9139,2315247.7859
122,1698257.6913,2316660.2548
123,1698603.5323,2316755.8445
124,1699176.4357,2316923.088
125,1699959.2884,2316636.4975
126,1700302.8236,2315989.6591
127,1700810.515,2315950.9711
128,1701709.1492,2315886.8228
129,1702191.7182,2315902.7932
130,1702595.5615,2316016.5476
131,1702709.3797,2316120.5997
132,1702976.5981,2316290.3477
133,1703152.7436,2316497.4314
134,1703287.1699,2316729.3082
135,1703852.776,2317230.4225
136,1705039.7395,2317125.7276
137,1706028.5698,2317619.0395
138,1706124.9582,2317986.5798
139,1706538.0656,2318406.4526
140,1706662.5332,2318520.7395
141,1707288.1425,2319100.7431
142,1707539.4893,2319492.3645
143,1708314.9835,2320061.209
144,1710050.8658,2323792.6577
145,1709658.9871,2321498.0675
146,1710667.2697,2324488.1521
147,1720635.8592,2326644.7747
148,1710823.7194,2328156.2245
149,1710714.2074,2329063.4603
150,1710942.3436,2329702.5405
151,1710967.8383,2329784.37
152,1712922.177,2330617.0716
153,1718208.0607,2331478.9521
154,1720983.2638,2331153.1383
155,1724167.6223,2333287.1591
156,1725518.9208,2333296.0623
157,1732965.7568,2338732.487
158,1713431.1221,2332143.1526
159,1714137.5979,2335371.2884
160,1714702.3243,2335483.1986
161,1718151.3227,2337340.6008
162,1721092.261,2340370.506
163,1724721.6832,2342438.5502
164,1726426.1132,2343286.5033
165,1729456.3453,2347199.6399
166,1730194.3984,2347358.0713
167,1733999.5028,2357757.5137
168,1733249.4896,2356654.6428
169,1733328.7719,2356308.1248
170,1733672.8396,2354385.1358
171,1733670.5095,2354248.1854
172,1733678.2571,2354373.1936
173,1700625.5734,2318864.0669
174,1701600.6626,2320948.1873
175,1701631.6123,2321736.2453
176,1701835.8911,2322327.083
177,1702062.9532,2322839.1126
178,1702757.5534,2324732.0444
179,1702767.5874,2325266.3904
180,1703240.5936,2327886.5439
181,1703091.9317,2328668.5217
182,1702624.8516,2330286.2781
183,1702167.9232,2331534.0958
184,1702188.3199,2332531.9742
185,1702097.8985,2331801.5252
186,1702174.489,2331539.9902
187,1698446.1461,2316870.1139
188,1698427.9136,2316766.4365
189,1698927.248,2320367.0628
190,1698295.1084,2323117.2433
191,1697908.1777,2323935.1813
192,1696313.2141,2324963.0362
193,1693811.656,2326843.0346
194,1686853.9674,2315574.9811
195,1686717.296,2313228.8823
196,1687045.8353,2315701.0943
197,1686819.0671,2316612.5722
198,1686532.0881,2318207.648
199,1686517.6916,2318343.3357
200,1686624.2466,2319302.0428
201,1687259.2146,2320267.1978
202,1688486.6466,2322176.729
203,1689652.6754,2324737.1219
204,1679456.4082,2304553.7678
205,1679339.3907,2302565.3891
206,1680966.155,2305499.8679
207,1681899.9891,2309198.416
208,1681745.0564,2310440.1966
209,1681396.4486,2311259.368
210,1680335.7571,2313116.1859
211,1678294.1001,2316116.3095
212,1678339.1251,2316474.6768
213,1677777.7898,2299757.8171
214,1678153.7102,2299822.4021
215,1674796.5125,2297834.3796
216,1674083.1929,2297776.5524
217,1673743.4049,2297735.6334
218,1672754.5774,2297685.1234
219,1672624.0441,2298557.7509
220,1673232.9057,2301571.8817
221,1672440.0197,2303713.2323
222,1672894.6241,2305681.77
223,1673181.7504,2306992.3319
224,1673539.5167,2307338.5322
225,1673382.1436,2309855.7515
226,1673295.0314,2310473.2014
227,1672991.0556,2311241.9061
228,1673050.0072,2311595.5219
229,1673814.2065,2312196.4155
230,1674921.5451,2312647.7033
231,1674684.9649,2315922.7663
232,1675136.349,2313431.2925
233,1671800.8345,2297175.1457
234,1671243.963,2296328.5569
235,1670710.1138,2295067.941
236,1671227.9,2293839.7959
237,1672153.1878,2292815.5111
238,1698725.8319,2279014.2868
239,1698964.7496,2281346.8015
240,1697518.1441,2277457.5319
241,1697118.4909,2275133.6364
242,1695208.9572,2275441.4515
243,1693734.487,2275533.2015
244,1691298.9575,2274500.8286
245,1689755.3799,2274097.5659
246,1688633.6188,2275108.3591
247,1686735.3646,2274978.051
248,1686060.3079,2274899.9211
249,1684851.1748,2275721.0015
250,1684841.3319,2276644.1105
251,1699344.4009,2286949.5333
252,1700425.2712,2283186.3295
253,1700434.3332,2283173.6515
254,1724099.1514,2349628.1724
255,1724086.5896,2350226.1297
256,1701707.4138,2286750.9173
257,1702344.4913,2283759.276
258,1702153.3344,2289407.3966
259,1717954.5975,2285982.5282
260,1717788.7271,2286338.6454
261,1714420.3574,2279914.3873
262,1669196.2013,2310423.7555
263,1690145.5441,2308437.9197
264,1690079.5845,2308397.1776
265,1690691.2559,2309496.1178
266,1690581.6837,2309272.8872
267,1691076.1196,2310366.0195
268,1692160.2209,2311103.7464
269,1692456.4638,2311675.9201
270,1692513.4237,2311814.4908
271,1692544.6856,2312010.2292
272,1692535.7279,2317004.9676
273,1715571.0805,2340009.197
274,1713290.771,2345288.9151
275,1713116.8561,2345795.031
276,1712647.1196,2346373.2161
277,1711125.6895,2281439.8062
278,1710865.6491,2278911.1836
279,1712273.6571,2281866.4955
280,1713734.903,2282557.1793
281,1714039.8893,2282974.037
282,1716760.3311,2286940.5313
283,1724260.9152,2272789.6472
284,1724439.9251,2272672.643
285,1724848.5867,2272843.7807
286,1725790.3622,2272395.3198
287,1726106.5353,2272277.8334
288,1728136.7458,2272196.167
289,1716661.4284,2344414.5047
290,1724159.7247,2279699.131
291,1724260.0518,2282721.4803
292,1690306.1106,2316451.7631
293,1687030.9174,2313001.9565
294,1690878.6826,2317940.2579
295,1690928.2812,2324027.6541
296,1690849.7966,2324274.8596
297,1671840.9837,2298639.8913
298,1670281.2674,2300348.2735
299,1669599.2218,2301441.0666
300,1668764.6105,2304634.7452
301,1727108.3995,2284089.7157
302,1727128.4128,2288177.529
303,1703924.1055,2288538.8354
304,1706068.8687,2282325.0539
305,1706069.6542,2282313.0781
306,1703902.8341,2288854.0254
307,1703968.1615,2289626.493
308,1703864.5259,2290067.5112
309,1695872.5737,2317197.1932
310,1692822.9548,2320083.784
311,1681529.7824,2293651.6436
312,1681596.1342,2293913.7776
313,1681944.5683,2294712.7766
314,1681913.4941,2294738.0029
315,1679941.28,2292957.2868
316,1679865.2065,2292401.2825
317,1679550.806,2291847.1234
318,1678968.0981,2290869.4624
319,1680293.8812,2288255.5701
320,1681250.6387,2317546.368
321,1708588.3399,2337011.7446
322,1708260.2801,2337283.7173
323,1674438.9829,2303554.3055
324,1723065.2774,2253046.1161
325,1722851.7768,2252046.1483
326,1723324.2989,2254027.3624
327,1722676.9327,2256036.7625
328,1722721.0578,2258976.9034
329,1723203.8835,2262815.288
330,1722725.309,2260803.939
331,1723320.3654,2263272.1201
332,1724487.0417,2264344.4471
333,1726365.7983,2264771.9403
334,1726775.1795,2268759.7068
335,1726506.3874,2270040.1598
336,1726018.6049,2270756.6568
337,1685484.7039,2321974.4425
338,1686060.3603,2324148.2534
339,1683771.8652,2309791.935
340,1684354.4959,2304711.5931
341,1738759.8727,2348674.9359
342,1686592.9094,2290515.0062
343,1687291.7318,2291751.432
344,1686462.551,2290121.9936
345,1685290.7519,2288980.3839
346,1684783.9124,2288174.1085
347,1683860.8115,2287748.525
348,1683139.2218,2286880.9605
349,1683835.9862,2287739.6649
350,1682270.9567,2285124.796
351,1714180.1722,2267246.288
352,1715441.7068,2267499.0144
353,1713124.7455,2267737.273
354,1711147.6773,2268594.3172
355,1708249.7097,2270890.2962
356,1711545.6015,2272739.3377
357,1712372.6603,2274290.4867
358,1712373.1549,2274291.9809
359,1709709.9697,2273402.3009
360,1707719.7796,2272963.1936
361,1706851.5961,2274235.5281
362,1692747.4869,2278932.7209
363,1691364.1686,2278997.323
364,1692411.7501,2278780.0841
365,1691053.8216,2278905.3156
366,1690880.3055,2278848.7202
367,1690795.9379,2278879.9085
368,1690241.6632,2279156.0938
369,1689761.4849,2279506.2698
370,1689631.8192,2279813.1943
371,1689198.6453,2280430.5803
372,1707728.6355,2279498.6028
373,1708605.6103,2279830.7793
374,1706644.8944,2279849.3668
375,1705897.7764,2279097.6613
376,1704990.2275,2278011.1318
377,1705011.773,2277567.4523
378,1705125.2888,2277325.2685
379,1704720.5002,2273906.495
380,1703501.9984,2270463.1985
381,1716006.0909,2263708.6402
382,1716722.6973,2264191.2257
383,1713426.3889,2265147.3985
384,1713286.7712,2264950.9774
385,1712101.4882,2264206.3204
386,1711549.584,2263749.9553
387,1710597.8741,2262931.4976
388,1708880.5161,2262833.9413
389,1706750.2128,2266494.9518
390,1708431.583,2263617.7168
391,1705836.9948,2267077.9194
392,1704727.0442,2268807.815
393,1720970.2117,2250474.5302
394,1722794.4889,2250207.371
395,1719379.442,2251454.89
396,1717369.1356,2250575.9222
397,1716591.6162,2251929.2712
398,1714432.01,2254542.8783
399,1714612.1379,2254407.3287
400,1714758.1054,2254193.312
401,1715558.1012,2252785.6036
402,1714426.9869,2254565.3632
403,1714337.7543,2255416.4373
404,1702559.8735,2333775.9409
405,1705806.3513,2330770.8059
406,1720240.663,2264047.7108
407,1721300.9098,2263025.1411
408,1721224.2219,2262766.7025
409,1721912.9157,2260548.9539
410,1722096.8083,2260361.7601
411,1722823.9596,2260542.5341
412,1724737.1886,2247232.7718
413,1725200.7887,2247574.9686
414,1722458.103,2246968.2201
415,1721586.2861,2247447.9341
416,1724000.8021,2246029.0748
417,1718703.5034,2252017.6288
418,1718275.6699,2252614.7541
419,1717175.9651,2252726.07
420,1717178.2305,2252970.5722
421,1716922.0477,2253493.1805
422,1716721.8122,2253857.7514
423,1714128.1318,2254422.5722
424,1713772.3782,2254534.6497
425,1715421.624,2249288.4827
426,1714425.9508,2249790.3027
427,1714151.3021,2250140.8909
428,1711910.6505,2251902.1037
429,1711472.9614,2251455.4161
430,1710710.4369,2253643.6902
431,1713388.279,2249797.3577
432,1712737.1527,2249728.0459
433,1714078.4555,2247944.3854
434,1716435.1109,2248255.3955
435,1716568.8856,2247424.6992
436,1720917.4404,2250328.9461
437,1719761.6282,2248538.8062
438,1718938.4275,2249171.0289
439,1721123.7587,2248756.2391
440,1721924.1166,2251791.9204
441,1723027.6478,2250679.1732
442,1717039.6133,2255038.4178
443,1718484.3938,2255418.6001
444,1718500.7772,2255420.3883
445,1716754.6147,2256373.0774
446,1717343.1499,2256433.6089
447,1715710.5659,2255135.2416
448,1715623.3328,2254981.9815
449,1715563.5958,2256511.2296
450,1716043.6507,2258111.0909
451,1717238.284,2257100.1671
452,1714689.2509,2257777.2619
453,1714075.1881,2259972.3344
454,1716058.8033,2259281.8528
455,1716428.2862,2259826.0284
456,1713085.4733,2257183.1106
457,1714485.4583,2260982.0723
458,1718159.4537,2258344.6173
459,1716458.9373,2262154.4652
460,1717843.5322,2263024.8567
461,1712686.4801,2267130.5658
462,1711290.0788,2265861.3791
463,1710451.8544,2267185.1424
464,1711215.0345,2266266.9458
465,1710137.9135,2267699.9954
466,1710050.835,2267835.3151
467,1710861.4682,2265443.0361
468,1710748.2695,2265082.0023
469,1710165.759,2265468.6987
470,1709940.6796,2265481.3873
471,1709566.6347,2265374.2726
472,1710178.2882,2263178.8175
473,1709040.9469,2266316.631
474,1710095.8104,2264647.768
475,1707766.413,2263217.3441
476,1708616.5567,2262916.651
477,1707150.0338,2263061.3053
478,1706122.5269,2263288.2664
479,1704145.4738,2265244.2496
480,1705937.4978,2265759.9472
481,1705659.1173,2265687.2813
482,1714466.0118,2262504.4642
483,1713662.0417,2261776.733
484,1713470.3206,2261072.8603
485,1712755.7346,2258995.6851
486,1711236.3722,2259157.51
487,1710535.4925,2258859.3527
488,1710082.5908,2258306.9971
489,1709346.1544,2257612.6232
490,1708863.2194,2256917.1212
491,1707098.1857,2256987.2443
492,1713288.0232,2262456.6001
493,1711659.8648,2262769.8945
494,1712707.95,2260679.6804
495,1709984.9497,2261556.4672
496,1711702.0374,2261249.946
497,1711535.5115,2261336.07
498,1709493.359,2261281.4136
499,1707766.2404,2261690.5679
500,1707637.9906,2261593.7203
501,1706816.8229,2261255.5459
502,1706477.6344,2261258.4888
503,1705509.1117,2262818.1009
504,1705932.0856,2259570.5127
505,1708262.1181,2258926.1697
506,1708318.2408,2258663.2523
507,1707335.8216,2257751.259
508,1710924.7432,2255530.5998
509,1713399.2951,2269146.8156
510,1712010.2398,2269812.4914
511,1711688.0602,2270202.2278
512,1710751.6062,2270507.2606
513,1712284.0323,2271074.9488
514,1715519.4406,2268644.2712
515,1715497.6386,2271451.2691
516,1712931.0812,2271846.2744
517,1707909.0285,2274812.627
518,1707646.9613,2275095.0739
519,1706259.6522,2273182.7077
520,1705995.6004,2273346.6839
521,1707895.2562,2271772.2066
522,1707582.6347,2272095.8585
523,1709157.1633,2276295.1621
524,1710548.4059,2274914.0453
525,1709619.6763,2278090.1326
526,1710133.7801,2279191.0471
527,1710145.819,2279189.5195
528,1707803.934,2276811.3602
529,1706698.7644,2275984.935
530,1708484.4632,2278382.227
531,1706725.594,2278191.4554
532,1705392.6399,2281035.8144
533,1703560.3971,2280432.5609
534,1704642.0259,2278332.0184
535,1702128.5936,2278140.4697
536,1701116.5386,2278829.7497
537,1703140.731,2279418.2619
538,1702976.0767,2279507.3759
539,1701125.483,2277331.5217
540,1703869.4175,2276132.0629
541,1703857.8318,2275489.503
542,1703597.1038,2275245.0567
543,1702326.3002,2275553.9637
544,1702608.3455,2275147.4741
545,1702793.9613,2275149.5964
546,1701874.724,2275712.7609
547,1701626.9402,2275780.6746
548,1700976.2067,2275963.1743
549,1702413.3246,2277015.9499
550,1701878.232,2277108.8768
551,1702772.0244,2273442.4452
552,1702013.6467,2272000.9209
553,1702043.0975,2271834.3717
554,1701262.5683,2274125.5756
555,1702398.1886,2268728.2603
556,1702122.064,2269547.939
557,1702258.8718,2268461.0812
558,1701579.6244,2271502.6489
559,1702773.2224,2270659.7719
560,1705985.7043,2276817.1405
561,1706216.3259,2276525.0514
562,1707175.5161,2278908.2678
563,1706896.0095,2278898.3105
564,1704835.047,2280801.1498
565,1704180.7283,2281659.4992
566,1705030.6441,2280642.8901
567,1701513.4047,2279922.8962
568,1701627.4427,2282479.2514
569,1693011.8097,2278249.2402
570,1692704.3388,2278448.8012
571,1693254.0027,2277935.6762
572,1690420.74,2279339.7443
573,1690282.6639,2280001.248
574,1689549.8695,2278497.696
575,1689727.6288,2278453.0152
576,1690034.021,2278434.0941
577,1688788.2527,2278636.4152
578,1688826.3749,2278592.4012
579,1688589.9586,2279067.0964
580,1688513.9056,2279611.2391
581,1687968.0237,2279755.5824
582,1687942.9362,2279681.9145
583,1686608.4389,2279091.4228
584,1687846.2839,2279686.801
585,1689872.6616,2276553.2464
586,1689315.9175,2278000.5352
587,1690175.9892,2276185.0289
588,1692361.2115,2276103.2916
589,1691779.5343,2276210.943
590,1691504.4519,2276357.3518
591,1692033.8636,2277412.4428
592,1691487.3459,2278028.4781
593,1690896.0851,2275379.2214
594,1690615.917,2276017.2901
595,1688560.9129,2275590.3555
596,1688133.2233,2276780.3935
597,1687492.1166,2276688.8111
598,1686882.3416,2276724.7091
599,1687671.7035,2277666.7815
600,1687698.274,2277850.8699
601,1688974.8941,2275587.2851
602,1689771.9231,2275369.8766
603,1685061.7295,2277589.1402
604,1686420.76,2275561.331
605,1686248.8317,2275743.5863
606,1685072.7947,2274317.7516
607,1684896.2327,2274485.8943
608,1684729.8952,2275146.4269
609,1684362.6224,2275605.3753
610,1687791.3037,2272930.4819
611,1686780.6582,2274327.4922
612,1686602.389,2274351.0864
613,1686597.0119,2271283.0335
614,1694770.971,2274393.414
615,1694551.24,2273902.0051
616,1696057.725,2271403.139
617,1695514.1565,2271689.6051
618,1695939.0964,2271460.8685
619,1695162.9885,2271431.3387
620,1692984.6083,2272759.7763
621,1692671.2627,2272470.5182
622,1692037.7013,2272684.6955
623,1691820.8163,2272532.0186
624,1690737.6794,2272196.2116
625,1691090.5592,2272399.8574
626,1691478.4981,2272409.3589
627,1690255.8034,2272401.8905
628,1699245.8838,2273284.2091
629,1698638.8455,2273757.0928
630,1698610.8177,2273847.8798
631,1698626.8866,2273995.7169
632,1697918.8407,2272416.2182
633,1697895.1798,2272300.9165
634,1700114.954,2271626.5779
635,1700273.3845,2271646.2513
636,1697036.5025,2279982.9177
637,1698766.807,2281341.9112
638,1696268.643,2280290.7224
639,1694931.5357,2280391.7946
640,1691705.7469,2281103.9186
641,1694680.5154,2280147.7564
642,1694929.9933,2280373.8357
643,1694930.7748,2280375.491
644,1691259.7994,2281451.1735
645,1694716.9915,2282173.9537
646,1695465.0096,2281979.7413
647,1694325.5696,2282496.5462
648,1693192.9284,2282419.8567
649,1692985.1531,2282389.7942
650,1692254.6391,2284438.1856
651,1694114.0279,2284698.6522
652,1691963.378,2284376.5951
653,1691644.5829,2284439.99
654,1691113.4815,2284364.8389
655,1691476.0168,2288087.699
656,1691803.0096,2289522.573
657,1690249.41,2284921.2906
658,1689552.7849,2284542.3065
659,1689021.3148,2282933.8243
660,1688846.3436,2282743.2277
661,1688263.8294,2281448.4707
662,1687511.6546,2281075.5312
663,1687062.5622,2280921.4519
664,1689260.354,2286771.0664
665,1688758.349,2286634.1792
666,1688351.626,2286510.4251
667,1688077.6841,2286604.6484
668,1689261.4593,2285945.75
669,1688723.1489,2286348.6114
670,1689031.5172,2284891.2663
671,1688325.7056,2285233.6115
672,1688078.5247,2285171.2358
673,1686273.5683,2284359.1025
674,1686513.7977,2286081.5738
675,1688409.6507,2283118.7078
676,1688112.8898,2283480.4757
677,1687228.3049,2282032.6048
678,1686815.786,2282345.2618
679,1686820.2527,2282676.489
680,1686965.2107,2282991.5181
681,1686219.7277,2282717.0258
682,1685830.337,2282549.8929
683,1686510.6194,2281667.2682
684,1686408.8472,2281414.1809
685,1689419.1209,2281973.1558
686,1689721.1752,2281727.8634
687,1688594.5617,2289533.3277
688,1689148.9251,2290253.0669
689,1689026.3279,2288336.4983
690,1687954.6428,2289717.2044
691,1687752.1742,2289604.4174
692,1684080.1056,2290815.196
693,1683835.1795,2290695.6509
694,1683494.7583,2291126.3659
695,1683092.7189,2291168.7298
696,1684747.8656,2289895.8496
697,1684539.4526,2290114.58
698,1681623.9036,2287063.0108
699,1684021.4586,2287086.0462
700,1684214.0401,2286622.7165
701,1682286.7141,2289083.07
702,1681887.4852,2289264.9517
703,1685525.3288,2285667.0102
704,1686065.3865,2285010.3533
705,1687209.3838,2287414.3337
706,1684374.4439,2292643.818
707,1686729.6444,2292906.369
708,1683882.6846,2292600.8885
709,1683690.0878,2292665.8479
710,1683625.3573,2292748.532
711,1677600.1101,2292339.1771
712,1676145.3012,2292715.4521
713,1675405.8645,2293631.9125
714,1676056.1538,2293120.2616
715,1674950.1989,2294561.2385
716,1681553.5961,2290310.3319
717,1682009.5298,2289719.0432
718,1680184.908,2296248.1106
719,1680247.0554,2296259.1952
720,1680289.499,2296264.0031
721,1677477.4109,2297160.2318
722,1675486.4232,2301875.2522
723,1675223.9722,2299398.7663
724,1673647.4579,2307915.1854
725,1674693.9914,2309332.9878
726,1675439.2915,2307477.3367
727,1675433.905,2310664.7709
728,1675771.1065,2314396.5925
729,1675271.274,2313311.7253
730,1676112.4726,2316457.7368
731,1677073.3263,2316061.8892
732,1674230.9291,2314583.4148
733,1672664.7924,2313095.5853
734,1673228.9937,2316219.8295
735,1671587.6996,2315388.7273
736,1670988.0003,2313456.5333
737,1671809.6504,2310493.8888
738,1670550.4486,2308599.4307
739,1671319.3502,2308148.1539
740,1671410.1441,2307853.7825
741,1669554.9495,2307399.0533
742,1669460.0448,2307490.981
743,1668794.6881,2308767.9753
744,1670749.6296,2303060.955
745,1667100.4966,2303476.5001
746,1668206.3127,2300674.3866
747,1668808.6054,2299331.1761
748,1669290.6564,2297401.3573
749,1669130.4091,2297971.4052
750,1668486.0482,2296210.1324
751,1668150.2143,2296744.5903
752,1667710.7256,2297387.4184
753,1667575.2201,2298033.5512
754,1667515.6853,2300133.8769
755,1667248.0629,2300295.5976
756,1672417.8326,2294067.3216
757,1672711.6825,2293879.8578
758,1674197.9013,2294961.2732
759,1674987.1809,2296267.497
760,1678482.05,2300840.7863
761,1678261.0276,2299851.308
762,1677065.3528,2306056.9866
763,1676786.5176,2302646.8282
764,1675843.5791,2302844.9424
765,1675596.4186,2303133.6616
766,1676598.728,2303181.8619
767,1676520.8493,2304050.3107
768,1676309.5058,2306613.4065
769,1674973.6637,2306085.4904
770,1674981.5805,2304515.1191
771,1680440.0431,2315151.2685
772,1680126.3199,2311089.3101
773,1680326.3495,2309315.1365
774,1680307.9315,2307875.2745
775,1678657.7939,2307225.7315
776,1678603.8109,2307247.887
777,1677911.3654,2309157.164
778,1677831.5681,2309647.8602
779,1676507.4146,2312476.1906
780,1679615.6238,2309713.8494
781,1677213.9196,2313444.203
782,1675930.8254,2309794.5037
783,1676017.1587,2308524.4712
784,1685187.7679,2310554.7209
785,1685539.7446,2309649.803
786,1683087.5939,2314301.964
787,1682685.6993,2311905.204
788,1683685.2931,2315646.7265
789,1683864.2538,2315327.2756
790,1684109.753,2315046.0536
791,1686765.9675,2312844.0009
792,1682196.8908,2317650.2104
793,1682928.6793,2318445.5248
794,1688222.707,2318451.8708
795,1688182.084,2319750.1566
796,1687538.9211,2324335.6124
797,1687074.3995,2322395.5305
798,1684819.757,2323843.4103
799,1682929.6647,2320386.9494
800,1684696.7864,2317541.1454
801,1685326.1725,2316210.1788
802,1692622.9197,2319265.7862
803,1689384.7044,2319187.1808
804,1688713.3253,2308944.9794
805,1688692.3002,2308887.9429
806,1688413.1272,2312206.2234
807,1688712.5985,2309088.9277
808,1688716.2892,2309077.8161
809,1689807.6045,2313925.9303
810,1689719.9364,2311928.299
811,1692235.6172,2310268.5395
812,1690475.1643,2308560.3276
813,1693515.4321,2308034.9728
814,1693657.8426,2306066.333
815,1693505.0062,2308174.2125
816,1693343.1601,2310762.4244
817,1695270.1538,2309069.3053
818,1695331.7632,2308388.2933
819,1694252.3219,2312653.8835
820,1694308.7676,2310930.9455
821,1698812.4382,2314673.8044
822,1703513.38,2320963.574
823,1700535.7761,2316023.3251
824,1700464.0283,2316020.4164
825,1703802.3127,2315035.4423
826,1704298.9044,2314108.1502
827,1706085.541,2317618.6515
828,1707840.4694,2317181.8704
829,1707382.8144,2316521.3858
830,1709470.4562,2319391.0454
831,1709881.5693,2319735.8707
832,1711085.1366,2319939.9021
833,1721688.823,2330355.2836
834,1721819.7333,2329249.2333
835,1729464.3041,2330784.0498
836,1726209.061,2340116.8769
837,1718878.0184,2335899.8747
838,1734817.9223,2340641.5456
839,1727732.1638,2352493.1852
840,1727979.676,2352848.9251
841,1720459.1053,2342978.1946
842,1719989.9851,2348743.0944
843,1718071.3881,2347360.4623
844,1712035.0757,2344260.3772
845,1710500.3617,2341123.3275
846,1713716.4594,2335425.5565
847,1706240.6797,2336727.2702
848,1709193.172,2329335.7989
849,1705712.3946,2333231.847
850,1706542.1837,2332426.2723
851,1704426.4494,2335691.5584
852,1703564.3437,2334408.9408
853,1707287.703,2329786.0175
854,1704958.0952,2330133.3439
855,1707149.378,2329723.2548
856,1706394.4248,2327624.8518
857,1707920.5346,2326290.4496
858,1708356.2251,2324350.9895
859,1706221.1816,2320278.1956
860,1706252.6045,2318492.1678
861,1705193.8151,2318022.5685
862,1704315.9575,2319522.7048
863,1704775.6987,2321297.7381
864,1702952.6284,2321981.3122
865,1704820.444,2326288.0895
866,1704938.3281,2329549.7066
867,1700531.5237,2331554.147
868,1701012.5953,2329792.7627
869,1702455.8681,2325770.8483
870,1700081.9107,2329304.5777
871,1700288.0065,2326805.5325
872,1704482.9287,2324474.908
873,1700078.2325,2325520.5789
874,1700303.5212,2321835.5945
875,1700182.2639,2320815.0185
876,1699022.6085,2325059.4906
877,1698121.9025,2325062.8478
878,1698584.6041,2326198.9106
879,1699843.997,2328030.0663
880,1699157.5352,2328961.942
881,1696788.6865,2327316.5019
882,1694779.9117,2328089.3751
883,1695410.0373,2322638.1299
884,1692148.6009,2325488.6533
885,1694109.9096,2324974.2454
886,1696522.5218,2319381.8123
887,1692424.2172,2322146.8482
888,1696315.8358,2321175.8731
889,1693190.2783,2317929.7539
890,1693244.4824,2316413.5469
891,1694342.1015,2314393.7178
892,1699531.4543,2312217.9977
893,1697665.4296,2312144.7211
894,1700656.2866,2312298.7368
895,1701502.5798,2312167.8605
896,1703371.8271,2313384.7485
897,1702914.3916,2312758.3098
898,1702938.6608,2312498.9464
899,1701969.0282,2313008.6682
900,1702182.7586,2314112.8991
901,1702000.2651,2313285.6796
902,1701108.3214,2314234.8047
903,1699979.4272,2314137.4286
904,1697268.5778,2308063.2126
905,1695497.8346,2307748.9644
906,1697980.5325,2308510.6211
907,1699797.9654,2309495.8836
908,1700024.0754,2309664.3665
909,1698904.1683,2306551.2786
910,1698401.6454,2310272.086
911,1686043.8754,2304397.5517
912,1685986.0345,2304437.2039
913,1688036.0659,2304163.307
914,1686164.3124,2304238.0733
915,1686164.6334,2304240.3513
916,1680265.4713,2297604.9416
917,1679637.6216,2297335.4258
918,1679641.3078,2297323.9818
919,1680842.1997,2299629.3111
920,1680207.1876,2298771.2718
921,1680416.4391,2298560.622
922,1681501.5933,2298666.3197
923,1681942.9879,2297285.7439
924,1681492.5156,2294864.6402
925,1682198.3744,2297381.3751
926,1681456.2102,2294783.2524
927,1681444.5052,2294744.9981
928,1684782.2023,2296326.4693
929,1684431.7846,2295009.71
930,1684431.9159,2295006.417
931,1684689.8583,2301397.5421
932,1683531.4609,2298424.8028
933,1683465.8554,2299788.6541
934,1683567.1584,2298778.5526
935,1683215.5768,2300595.5579
936,1686421.4734,2296742.9516
937,1685311.656,2294733.1065
938,1685305.7802,2294466.1162
939,1685944.7775,2294873.1604
940,1686122.313,2294313.3586
941,1686766.9908,2296171.8665
942,1690396.4674,2295798.1385
943,1690076.6827,2300590.959
944,1689420.0813,2302702.3183
945,1689280.9974,2303122.3467
946,1686973.8336,2299933.2149
947,1688161.0385,2296059.9161
948,1687876.219,2296285.3696
949,1687200.4758,2297029.9819
950,1687319.7832,2294553.8168
951,1694219.6249,2286669.2056
952,1694194.7777,2286406.8936
953,1695348.7386,2287195.8619
954,1694869.3546,2288198.7956
955,1696163.1925,2285499.2356
956,1695740.079,2283321.9961
957,1696018.9341,2286017.7385
958,1697155.3029,2283892.9938
959,1697458.8048,2282279.6909
960,1697605.2069,2286067.9486
961,1699561.7721,2282770.5195
962,1697593.502,2286295.9962
963,1697293.1484,2286643.3623
964,1697575.9281,2286326.2822
965,1697431.757,2287492.5498
966,1697884.1833,2286473.8188
967,1697618.1141,2286322.5957
968,1698092.6094,2286397.1344
969,1700928.6525,2288305.1747
970,1701021.2621,2288758.576
971,1706310.6437,2282142.276
972,1706974.1706,2284730.1668
973,1706302.8318,2282156.9942
974,1706174.3654,2288532.5414
975,1705926.2787,2286158.879
976,1705902.9586,2286575.9026
977,1708536.5077,2282629.4683
978,1708203.0422,2281946.5863
979,1708202.0555,2281947.1455
980,1709279.4232,2283828.6251
981,1711031.8244,2286005.7557
982,1712701.0881,2287490.2486
983,1713243.233,2287910.1823
984,1713169.8932,2290670.9497
985,1712771.158,2291033.0135
986,1715653.0408,2289030.0771
987,1715883.4229,2289422.3974
988,1711493.8687,2290108.1028
989,1711414.9336,2290334.3724
990,1711014.4593,2288920.6901
991,1709561.8513,2287345.5514
992,1709529.2835,2288371.519
993,1708143.631,2290595.4564
994,1708191.4712,2290960.1439
995,1709780.6154,2290302.6401
996,1707516.32,2289086.5271
997,1708289.2712,2284593.6729
998,1716677.6441,2285550.511
999,1715986.4975,2284037.8341
1000,1713173.0992,2284194.1767
1001,1712774.3774,2284278.2693
1002,1712057.4354,2283622.598
1003,1712094.677,2283895.793
1004,1710711.7794,2282784.6227
1005,1710659.3604,2283019.4416
1006,1728690.7268,2272696.7276
1007,1729042.1853,2275500.4608
1008,1727381.4686,2275182.7896
1009,1727403.9259,2275540.572
1010,1729092.9274,2277552.207
1011,1732560.2702,2275185.4319
1012,1730159.7661,2277397.0481
1013,1729385.6858,2280387.1607
1014,1729439.1707,2278011.0159
1015,1728845.6359,2286300.993
1016,1729520.2138,2282824.106
1017,1725861.0297,2284860.0785
1018,1725359.1355,2285066.7793
1019,1722837.7262,2280856.7528
1020,1722574.6652,2281253.9116
1021,1721339.4384,2277738.6432
1022,1719143.4587,2274558.2088
1023,1719343.1291,2274670.948
1024,1719056.1179,2276720.9026
1025,1719613.3472,2278327.1781
1026,1720748.2616,2289503.5617
1027,1721001.8238,2286094.3548
1028,1719979.8891,2288497.9539
1029,1719659.1459,2288635.3401
1030,1720362.0666,2286075.6461
1031,1719848.6729,2285875.569
1032,1716806.8122,2282099.1864
1033,1716936.3637,2282364.1265
1034,1716377.7226,2279771.5594
1035,1717266.709,2272000.8211
1036,1715923.8924,2270641.4731
1037,1718289.6609,2265529.8662
1038,1717083.8025,2265861.4567
1039,1717086.1586,2265850.8916
1040,1718511.8366,2265356.4775
1041,1720604.9951,2268459.7389
1042,1720864.4182,2269147.445
1043,1720766.5196,2269107.0097
1044,1721489.2684,2268488.2447
1045,1721729.9357,2268361.5634
1046,1719593.4112,2264076.4083
1047,1718629.3489,2268037.27
1048,1719765.1355,2263445.8101
1049,1718124.0229,2262578.5559
1050,1719467.5343,2261039.4878
1051,1718542.1697,2260670.3372
1052,1720494.4307,2262493.6853
1053,1719936.7134,2263059.1378
1054,1720165.1151,2260345.2255
1055,1718922.581,2259753.143
1056,1720427.6008,2256471.4066
1057,1718103.5971,2257020.465
1058,1721176.7441,2259227.8225
1059,1721460.9362,2256935.4678
1060,1721699.4713,2256839.1569
1061,1724056.2311,2252553.631
1062,1725072.9024,2252480.4248
1063,1724481.3762,2252569.9958
1064,1725505.1663,2252901.1191
1065,1725788.3452,2253432.4549
1066,1726042.6641,2254057.0251
1067,1725754.1336,2254498.4102
1068,1725403.053,2254999.1623
1069,1726277.2289,2254414.5781
1070,1726269.3988,2255032.3433
1071,1724605.8519,2256283.676
1072,1723853.438,2255365.3296
1073,1725277.8804,2257782.3666
1074,1725642.4017,2258983.0775
1075,1727634.1981,2262386.6113
1076,1727056.977,2261817.7246
1077,1726842.729,2261564.5239
1078,1727060.654,2261807.9993
1079,1727891.5938,2262174.443
1080,1728137.5407,2261715.5683
1081,1729430.3857,2263396.4545
1082,1729674.8418,2263275.851
1083,1724934.2274,2260537.0527
1084,1725048.2833,2260352.844
1085,1723693.3176,2261028.1289
1086,1724091.0569,2261464.5913
1087,1723841.5124,2261093.1623
1088,1723836.3038,2261089.6362
1089,1724204.0896,2261902.2868
1090,1725051.9751,2262280.4182
1091,1725235.9027,2262324.6273
1092,1726519.1571,2264882.745
1093,1727407.5274,2264910.3764
1094,1728430.5666,2266664.0719
1095,1727101.9196,2269098.6849
1096,1727201.9783,2269559.6301
1097,1724294.5586,2267025.5045
1098,1724810.8518,2268984.8488
1099,1724982.3628,2269564.3307
1100,1722635.1154,2268498.0483
1101,1722636.2863,2268687.3054
1102,1722151.9297,2265511.9779
1103,1722304.5801,2266163.3395
1104,1722057.315,2267131.0918
1105,1721724.2743,2265722.3446
1106,1721544.7626,2266070.2315
1107,1721879.2506,2264153.6163
1108,1721911.7991,2264008.7299
1109,1720931.7846,2265015.088
1110,1724458.4478,2250982.6791
1111,1724719.0805,2249235.8157
1112,1724724.603,2249223.2451
1113,1726993.0776,2247532.8751
1114,1726957.8465,2247482.907
1115,1726961.1135,2247468.476
1116,1727573.2637,2250775.1015
1117,1727996.9716,2251325.1075
1118,1727750.2023,2248940.6588
1119,1727975.3846,2249385.396
1120,1728017.149,2246685.7467
1121,1727381.6117,2246295.2274
1122,1727329.502,2246242.0063
1123,1728438.9626,2247026.6406
1124,1677009.7585,2294009.409
1125,1678377.5971,2293205.6726
1126,1676804.4633,2294330.9888
1127,1676610.3028,2295105.7511
1128,1675605.4636,2295549.6568
1129,1713409.8995,2256054.0274
1130,1713165.2602,2255841.9954
1131,1712441.7906,2256108.0769
1132,1712999.9085,2254997.0511
1133,1712572.2998,2254227.352
1134,1713047.3867,2254055.3373
1135,1711026.868,2254876.56
1136,1710325.1217,2254987.4421
1137,1710431.6589,2255493.9403
1138,1710055.5182,2256217.9721
1139,1711967.3305,2255999.518
1140,1728300.3071,2267503.4236
1141,1728497.2294,2266723.78
1142,1713847.8777,2252911.8292
1143,1709666.476,2267172.4193
1144,1679827.5031,2296963.9966
1145,1680499.4883,2295815.9995
1146,1680877.4973,2295381.9982
1147,1680891.4957,2295284.0025
1148,1680891.4984,2295129.9996
1149,1681024.4967,2295011.001
1150,1727253.3376,2246759.4496
1151,1709118.2863,2320958.6963
1152,1708406.5272,2320265.1365
1153,1708534.2868,2320526.9451
1154,1708743.2442,2320610.2682
1155,1704983.407,2332256.7204
1156,1690647.5548,2304518.7714
1157,1688242.7116,2305605.4185
1158,1709549.6488,2267487.3206
1159,1682320.6325,2299533.4938
1160,1683505.9099,2298704.7865
1161,1705623.6731,2324960.1534
1162,1727301.5025,2245261.9952
1163,1715034.0429,2252714.9195
1164,1722785.5075,2260119.2978
1165,1722834.3313,2259901.9634
1166,1722799.538,2260056.8425
1167,1722878.1039,2259707.1139
1168,1722779.7395,2260414.6107
1169,1686897.4956,2312923.9933
1170,1687443.5035,2305587.9975
1171,1685567.4985,2304915.9971
1172,1688640.4954,2308128.994
1173,1693631.4993,2306008.0029
1174,1689431.5003,2308122.0018
1175,1695437.4984,2307589.9966
1176,1695367.5002,2308317.9907
1177,1685819.4995,2309255.9922
1178,1686827.4993,2312769.9966
1179,1684370.5017,2303228.9981
1180,1685259.5002,2304272.0015
1181,1697649.496,2312154.0038
1182,1675165.5049,2313203.9954
1183,1690369.5006,2308597.9981
1184,1692553.4981,2278806.0047
1185,1708751.5049,2262999.9956
1186,1702990.5011,2270609.0027
1187,1689361.4957,2278469.9993
1188,1683607.4996,2298700.0003
1189,1729443.4999,2277574.0054
1190,1696242.4936,2290867.0022
1191,1693421.4953,2292231.9941
1192,1697271.4979,2294261.9978
1193,1696760.5001,2293736.9949
1194,1699868.4959,2293988.9988
1195,1700883.4971,2295830.0019
1196,1703891.9321,2297366.1803
1197,1703343.4871,2297553.1462
1198,1703286.5362,2297584.478
1199,1703207.4951,2297635.996
1200,1706119.4985,2297103.9963
1201,1704257.4964,2297272.005
1202,1703931.2366,2297363.1578
1203,1712564.7144,2297390.4662
1204,1711840.9908,2297100.4933
1205,1710683.4934,2296824.004
1206,1712875.6384,2297711.5805
1207,1716665.5866,2295560.181
1208,1715155.1758,2296485.9072
1209,1718701.4694,2296794.6702
1210,1719967.4968,2297395.808
1211,1718904.2507,2297018.9336
1212,1718904.4083,2297017.4096
1213,1721567.4938,2295306.8574
1214,1721657.3044,2295104.1113
1215,1722599.026,2294771.2499
1216,1725362.4161,2295109.9196
1217,1727594.4461,2295968.6127
1218,1728603.9285,2295530.2829
1219,1729635.0187,2293393.8672
1220,1729675.1151,2293376.6816
1221,1731827.6167,2291462.0978
1222,1732524.8725,2291317.8642
1223,1732785.7946,2290781.1625
1224,1734152.3917,2289780.4811
1225,1735173.1511,2289738.1829
1226,1736305.3832,2289728.9117
1227,1736964.0408,2290247.6856
1228,1737194.4618,2290150.3985
1229,1740002.916,2291515.4833
1230,1739784.2731,2294687.1935
1231,1740040.9829,2291631.8573
1232,1739147.2924,2295310.6944
1233,1732206.982,2293938.2514
1234,1732174.2584,2294209.0036
1235,1732323.5424,2294200.7501
1236,1733012.1075,2293797.4011
1237,1737624.0222,2296188.1367
1238,1737745.8262,2296368.3139
1239,1738701.6693,2295878.2273
1240,1743144.7849,2299103.281
1241,1721571.267,2297944.716
1242,1721603.4977,2298209.9936
1243,1721912.8034,2298882.5445
1244,1721570.2366,2298303.9349
1245,1725890.4817,2301471.3663
1246,1725019.5173,2299293.5755
1247,1724763.0546,2299181.4539
1248,1725928.8812,2301587.5992
1249,1726935.6824,2301355.9841
1250,1729029.4695,2303159.3209
1251,1729948.5583,2303739.5321
1252,1729995.7769,2303805.2963
1253,1730081.5537,2304215.5942
1254,1729995.0619,2304335.1081
1255,1730008.2966,2304574.2147
1256,1730059.0227,2304750.1908
1257,1730477.8169,2305472.3409
1258,1730609.9331,2305494.325
1259,1736285.4222,2309024.302
1260,1740287.2467,2307078.4434
1261,1740798.8927,2307195.1701
1262,1745701.1774,2309501.6225
1263,1749520.8253,2312593.4563
1264,1703084.6676,2298677.8753
1265,1703184.0484,2298464.1259
1266,1702844.0309,2300404.2589
1267,1702782.646,2300482.339
1268,1702827.0188,2300827.8543
1269,1703581.4636,2301316.1931
1270,1705006.1637,2301778.4708
1271,1705481.1066,2301758.6493
1272,1705648.7903,2301667.601
1273,1707179.0807,2304054.3036
1274,1707768.1014,2303789.8509
1275,1708296.6112,2303448.9813
1276,1709245.0134,2303091.6773
1277,1709767.4601,2303889.9709
1278,1710169.3911,2304197.268
1279,1710288.2917,2304753.4319
1280,1710233.2122,2304977.1062
1281,1710270.5757,2305585.8488
1282,1710493.8243,2305929.3097
1283,1710975.6388,2306191.4974
1284,1711389.0205,2307235.4641
1285,1711262.4139,2307686.9857
1286,1711810.7436,2308973.4026
1287,1712424.0648,2309408.5773
1288,1714279.4745,2310001.3904
1289,1745259.9793,2313976.1191
1290,1731363.1186,2318032.5412
1291,1735171.1954,2320237.7274
1292,1732491.9722,2318902.5892
1293,1736669.3654,2320478.28
1294,1739571.3614,2324268.3402
1295,1741055.31,2324096.0469
1296,1743768.2562,2323168.1276
1297,1744073.9152,2323020.1919
1298,1745749.7008,2321080.6545
1299,1749169.0575,2315670.7905
1300,1749648.2787,2315465.396
1301,1752296.6424,2313742.6936
1302,1745065.9316,2326435.9266
1303,1747463.7379,2326614.2089
1304,1748003.7452,2326992.2495
1305,1749940.5912,2336327.8661
1306,1747876.0715,2327482.6913
1307,1747882.7694,2327455.4421
1308,1741023.7384,2328285.4598
1309,1739597.0254,2335246.8894
1310,1739705.6626,2336774.0639
1311,1743295.1687,2348602.2131
1312,1734307.5587,2322767.1567
1313,1734646.9633,2324666.3605
1314,1734272.9995,2329751.107
1315,1733012.0691,2336685.7636
1316,1719099.9311,2322507.5352
1317,1719372.3499,2315476.2042
1318,1703581.3592,2303563.1967
1319,1703481.8343,2305190.1626
1320,1703474.4126,2306103.5295
1321,1702866.4364,2307703.4423
1322,1701817.7612,2311126.6358
1323,1699335.5163,2299421.5108
1324,1699658.9065,2297915.3467
1325,1700847.0541,2295870.7352
1326,1699158.0592,2300100.3142
1327,1696745.3822,2302684.2333
1328,1696584.656,2303288.0895
1329,1694502.2517,2304288.5644
1330,1694226.6198,2304654.3593
1331,1692752.9338,2294027.1762
1332,1692878.6491,2293140.2941
1333,1692559.2335,2297005.7298
1334,1692268.6306,2296272.1096
1335,1692700.1465,2297550.3687
1336,1692740.0934,2298025.6225
1337,1692579.1811,2298826.0582
1338,1692717.3404,2299160.4794
1339,1692655.9619,2300095.5201
1340,1692062.4953,2301909.0246
1341,1690576.5724,2303656.8002
1342,1737962.5373,2312214.4241
1343,1738584.0555,2312201.8134
1344,1741028.1235,2313262.5117
1345,1730546.9187,2313444.7401
1346,1728556.4858,2313976.2114
1347,1733494.6085,2313244.4229
1348,1745472.5426,2338071.9802
1349,1725556.9795,2305750.9204
1350,1726040.7785,2303839.1284
1351,1726126.9849,2303858.6888
1352,1729603.3917,2328083.8219
1353,1717792.3184,2306432.9327
1354,1712520.7976,2305812.6394
1355,1698856.6096,2305699.0411
1356,1700660.6191,2293823.0815
1357,1699889.1369,2293978.5504
1358,1699889.6323,2293979.2796
1359,1707335.5375,2291841.6197
1360,1725431.2126,2308642.4573
1361,1721573.5147,2310556.6308
1362,1713219.4974,2300630.6583
1363,1716154.0871,2303472.9653
1364,1714249.0469,2301853.5616
1365,1713477.6772,2301553.1303
1366,1713130.1487,2300927.0538
1367,1714089.6763,2301688.9437
1368,1746823.66,2335561.1523
1369,1717561.8944,2299798.3961
1370,1719260.1559,2304379.9971
1371,1718650.0491,2302170.302
1372,1735183.0529,2305914.0744
1373,1733476.8288,2305525.1099
1374,1731478.862,2305072.1028
1375,1731102.284,2304986.7245
1376,1732059.4582,2305203.7423
1377,1731776.5332,2305139.6069
1378,1736236.6965,2305167.3432
1379,1732175.2082,2305229.9873
1380,1733522.4224,2296861.9436
1381,1733737.4201,2299035.8007
1382,1733897.6067,2300467.8318
1383,1733969.8194,2301407.6938
1384,1721331.4389,2305813.7618
1385,1722091.0366,2302945.7227
1386,1723282.9684,2290887.5344
1387,1707428.5562,2295651.5694
1388,1706144.3114,2297085.0362
1389,1708011.6405,2295147.1548
1390,1709948.2987,2294218.4779
1391,1712327.2671,2293404.1837
1392,1713243.611,2293097.3182
1393,1715673.1309,2291780.1756
1394,1715642.2629,2291917.5313
1395,1716110.0483,2291577.2436
1396,1717154.074,2290734.8892
1397,1717587.2653,2289882.96
1398,1719036.9522,2288447.4063
1399,1741578.4261,2320202.5902
1400,1711483.7679,2310428.9037
1401,1712096.7628,2310192.4043
1402,1711371.3116,2310443.1459
1403,1710373.0047,2311452.605
1404,1708453.6141,2312673.3302
1405,1708134.1461,2313849.91
1406,1708163.7149,2315872.4887
1407,1744259.3807,2305068.5621
1408,1744339.0261,2303057.4002
1409,1742190.8513,2303374.4603
1410,1743315.7978,2300799.0863
1411,1744469.6708,2300687.674
1412,1744837.1187,2299477.4009
1413,1694145.9947,2294969.0196
1414,1694489.846,2302075.4739
1415,1690903.3055,2301388.9237
1416,1691203.5196,2300226.1518
1417,1691162.0155,2299242.2287
1418,1691127.3489,2298262.4165
1419,1690835.82,2297498.5192
1420,1690590.6682,2294905.4026
1421,1695213.5342,2296925.8841
1422,1696729.3579,2293773.5594
1423,1694768.8391,2297921.5427
1424,1695701.1316,2299372.7
1425,1697346.3158,2297400.6154
1426,1697254.0942,2294294.6241
1427,1697451.7705,2306420.9179
1428,1693920.1032,2303248.6892
1429,1696524.4134,2300571.3585
1430,1710202.9527,2301753.2529
1431,1711083.7267,2303158.5097
1432,1711403.3109,2303510.3639
1433,1711158.6249,2303193.5743
1434,1711160.6744,2303189.1734
1435,1711569.1317,2303833.1552
1436,1717826.398,2318080.4534
1437,1718934.0438,2316030.3185
1438,1713527.7824,2321323.8399
1439,1715797.6992,2323838.4308
1440,1715543.9422,2324148.2664
1441,1725959.8484,2319514.6562
1442,1724921.438,2317068.7341
1443,1725562.0582,2321950.7713
1444,1722612.932,2324067.365
1445,1722549.9308,2324449.1901
1446,1725607.8264,2322629.9585
1447,1727137.9608,2330046.7592
1448,1721694.7201,2328840.6581
1449,1721657.6692,2323405.6086
1450,1750873.1226,2320013.3686
1451,1752328.3863,2330694.1751
1452,1737753.8365,2342171.2882
1453,1734189.1824,2338828.7814
1454,1730873.8735,2333211.4917
1455,1730246.6158,2329685.0398
1456,1720188.6262,2307218.7279
1457,1716159.3655,2309547.6702
1458,1709147.4135,2317072.4184
1459,1710419.8808,2315164.7465
1460,1712576.9078,2311295.2996
1461,1712432.3068,2320092.4482
1462,1709919.9959,2313401.6137
1463,1706715.0062,2314948.8786
1464,1705412.7087,2313856.0303
1465,1709344.7538,2310614.9305
1466,1709667.9407,2309467.9611
1467,1708799.0915,2309850.8619
1468,1709213.5362,2307124.9485
1469,1707043.4734,2306179.2126
1470,1707003.856,2307711.9899
1471,1704053.1781,2312556.3639
1472,1705065.0481,2312598.7077
1473,1704761.3127,2313021.1659
1474,1704084.5942,2313643.4846
1475,1704825.8102,2308180.1829
1476,1704761.5067,2304518.8535
1477,1704181.2553,2308982.7552
1478,1700771.9625,2308989.7607
1479,1699686.3528,2307795.6465
1480,1701533.0045,2304631.7977
1481,1700380.2475,2303472.4617
1482,1705892.4362,2300020.2948
1483,1705411.4873,2299198.3461
1484,1704282.9978,2297293.5479
1485,1709473.6406,2299611.2218
1486,1709474.2603,2298195.4326
1487,1709326.3191,2301198.4079
1488,1709387.7576,2300088.9043
1489,1709451.4986,2298168.0021
1490,1719343.9809,2292374.2557
1491,1719422.513,2292095.5038
1492,1720080.6736,2290362.8899
1493,1719796.5221,2290109.6928
1494,1725822.6746,2293222.3565
1495,1728770.5939,2290787.0381
1496,1728532.3226,2289106.2602
1497,1726537.5435,2291421.1881
1498,1726596.3611,2290153.9276
1499,1731975.365,2289034.0989
1500,1731032.1685,2287291.103
1501,1731668.966,2288581.7368
1502,1731555.6647,2289151.8199
1503,1731666.6231,2288935.4642
1504,1730929.4584,2288947.3437
1505,1733380.4846,2289041.92
1506,1733230.845,2288525.2655
1507,1733740.1115,2286454.4194
1508,1735613.561,2287720.0128
1509,1736317.6751,2286320.311
1510,1735735.5275,2287535.0095
1511,1735731.7295,2287551.8539
1512,1736570.6328,2286700.2248
1513,1737491.8228,2286136.8055
1514,1738185.1488,2289473.9483
1515,1737864.6736,2289573.8675
1516,1737715.5642,2289592.2466
1517,1737864.94,2289580.0552
1518,1738709.9767,2289363.0297
1519,1739299.4704,2289421.8535
1520,1739567.5159,2289743.1742
1521,1738059.718,2291514.3603
1522,1738351.6113,2292387.3049
1523,1738405.7171,2292806.683
1524,1737365.1632,2292581.5731
1525,1737185.5662,2293015.7153
1526,1737214.606,2292956.7157
1527,1737368.5535,2292588.1425
1528,1736535.5387,2293481.2826
1529,1734497.1109,2291070.6815
1530,1734348.7409,2291315.3093
1531,1733566.805,2292555.6248
1532,1733643.0639,2293076.6665
1533,1738128.8477,2294095.5392
1534,1737700.7068,2294609.2888
1535,1738501.4872,2299308.6489
1536,1739472.745,2302132.8132
1537,1739488.4386,2303036.9058
1538,1737257.3856,2303602.64
1539,1737728.317,2301759.7488
1540,1737696.6532,2301513.5887
1541,1737084.4355,2304030.3645
1542,1735963.1306,2299916.8927
1543,1733079.6453,2299920.9865
1544,1732485.0333,2300526.5677
1545,1731984.9638,2300198.4592
1546,1731983.2668,2299702.1834
1547,1732337.2108,2297460.0775
1548,1731988.6839,2297869.3782
1549,1731735.9775,2296526.6027
1550,1731304.5457,2296925.0413
1551,1730876.6555,2298704.4033
1552,1731185.8547,2299075.9921
1553,1727019.736,2299278.596
1554,1726866.8325,2299669.1014
1555,1726165.0473,2301194.9519
1556,1726721.3987,2301045.1848
1557,1728144.4588,2300516.6768
1558,1728114.1529,2299712.2079
1559,1728137.9949,2299583.7744
1560,1728215.0896,2298979.3684
1561,1728217.0968,2298924.72
1562,1728427.7811,2298450.1924
1563,1731954.1162,2302956.8738
1564,1732094.653,2302907.2769
1565,1746873.6031,2308585.3596
1566,1728342.1698,2308639.1092
1567,1728140.0462,2308766.5925
1568,1727407.5565,2305563.0879
1569,1728565.3692,2304411.5313
1570,1728617.1443,2304423.2695
1571,1727293.3286,2305988.5195
1572,1725880.6101,2298401.9318
1573,1724768.2097,2299158.0526
1574,1726362.7404,2297710.6234
1575,1721701.4272,2298341.4855
1576,1721657.6108,2298260.7272
1577,1721764.1995,2298166.7481
1578,1719781.214,2301103.1053
1579,1719672.3024,2301172.9407
1580,1716943.7519,2301159.409
1581,1716668.8899,2301517.0439
1582,1712028.1393,2302123.801
1583,1712738.6759,2300839.3904
1584,1710846.9889,2301346.3532
1585,1711172.7737,2300488.6852
1586,1711316.8284,2295916.2885
1587,1710723.7866,2296801.3561
1588,1711470.1419,2295785.3214
1589,1707254.1982,2293908.1803
1590,1708975.1499,2292753.0528
1591,1710780.296,2292668.2109
1592,1713759.0244,2294691.2754
1593,1712847.7948,2295230.0411
1594,1704885.4523,2296054.0369
1595,1703896.1634,2297335.6737
1596,1702024.6794,2294683.6357
1597,1698212.2696,2290664.3628
1598,1696239.3928,2290921.1435
1599,1696245.6102,2290903.9828
1600,1699035.6918,2289049.3352
1601,1700269.0422,2290379.0471
1602,1744392.7113,2302641.7492
1603,1701471.4991,2298083.9981
1604,1701259.4109,2298271.5986
1605,1700764.0211,2298161.3439
1606,1714595.5272,2296577.1018
1607,1693378.3774,2292291.2906
1608,1747439.6057,2301608.7001
1609,1701285.6142,2299765.2368
1610,1701690.7695,2298367.6225
1611,1701531.0694,2298104.7611
1612,1714524.8482,2296891.7226
1613,1714833.5577,2298457.1599
1614,1724727.7587,2299188.2701
1615,1742257.7125,2303719.0298
1616,1744761.7697,2301195.2477
1617,1692882.7151,2304504.6916
1618,1692892.6313,2303970.8935
1619,1692770.6877,2303382.5381
1620,1692795.799,2303605.7788
1621,1731067.5006,2318145.9954
1622,1714939.4975,2310067.9978
1623,1718299.4999,2311173.9999
1624,1720189.499,2311440.0047
1625,1718978.4975,2315156.997
1626,1724683.4954,2314295.9963
1627,1727553.499,2314043.997
1628,1731809.4994,2288802.0043
1629,1726447.3686,2243818.1869
1630,1726539.3513,2244818.2764
1631,1726265.4982,2243931.9983
1632,1726440.8037,2243847.4099
1633,1726441.8243,2243842.867
1634,1724014.3972,2244474.3261
1635,1725528.4599,2244473.7218
1636,1723163.7562,2242440.0232
1637,1723374.0815,2242932.9899
1638,1723756.4895,2243708.381
1639,1722917.9771,2241527.1816
1640,1722907.9635,2241629.9066
1641,1723386.6742,2242939.0329
1642,1723696.5054,2243504.997
1643,1722909.1641,2241631.8274
1644,1722944.3155,2241050.2955
1645,1721780.9209,2241239.3051
1646,1722103.3963,2241090.8736
1647,1722589.5844,2240867.7786
1648,1722905.5052,2241005.9936
1649,1721624.0047,2241456.1731
1650,1720513.106,2241525.6815
1651,1720466.9697,2241431.4294
1652,1718005.7246,2240525.1405
1653,1717891.555,2240990.3065
1654,1716675.4988,2240319.9929
1655,1718374.3064,2242215.6491
1656,1715788.9594,2241601.8793
1657,1715774.8942,2241178.9285
1658,1714807.5215,2241345.9884
1659,1714358.3558,2241355.8983
1660,1714281.8485,2241328.3178
1661,1713899.9442,2240967.5294
1662,1712590.4412,2240630.467
1663,1712679.0242,2240650.2684
1664,1713384.2229,2240928.4508
1665,1713165.0512,2240862.2396
1666,1711593.5013,2240781.9987
1667,1708723.2875,2244400.2037
1668,1709823.749,2242862.1772
1669,1709986.9185,2242651.8215
1670,1711514.3577,2240809.9553
1671,1709846.8742,2242865.7469
1672,1708684.0658,2245501.2929
1673,1707853.7251,2246569.947
1674,1707169.4097,2247540.0251
1675,1706556.8528,2248177.1641
1676,1704439.3424,2248645.9915
1677,1703409.9688,2250324.5882
1678,1701670.6036,2253236.9211
1679,1701221.4524,2254899.7872
1680,1701253.6856,2256264.9684
1681,1699345.1077,2258022.9336
1682,1698744.5291,2258779.2978
1683,1695733.8723,2263274.9208
1684,1696723.0041,2260053.4549
1685,1695102.0704,2263633.7219
1686,1694828.2978,2263832.8793
1687,1691988.6927,2267117.985
1688,1692004.868,2268053.4513
1689,1692989.5254,2269843.3694
1690,1693083.9209,2270469.7141
1691,1701759.4454,2249787.7505
1692,1700694.4074,2249429.761
1693,1700075.7887,2249448.0813
1694,1699469.5638,2249421.9438
1695,1697665.5649,2249569.5923
1696,1697129.8055,2250348.1567
1697,1694959.7799,2254439.5927
1698,1692896.4287,2256032.183
1699,1694423.9217,2254913.9469
1700,1690867.4508,2259084.6904
1701,1690061.3456,2259578.0293
1702,1689339.5035,2260087.3354
1703,1687109.1755,2262447.6419
1704,1685172.8079,2262526.3924
1705,1683164.5341,2267768.1532
1706,1683637.052,2269935.4166
1707,1683762.8923,2271824.3164
1708,1708328.9349,2240809.4626
1709,1708721.6382,2240878.8393
1710,1709160.0721,2241136.8404
1711,1711588.8185,2240742.6197
1712,1708731.4072,2240875.3235
1713,1708119.6535,2240786.3443
1714,1706491.149,2240674.4003
1715,1706049.0018,2241150.2196
1716,1705540.2035,2242193.7956
1717,1705661.7733,2241935.8008
1718,1705607.1563,2241923.6898
1719,1705838.8556,2241454.863
1720,1703565.159,2242602.8296
1721,1701732.4266,2242471.5564
1722,1700710.0547,2241850.2332
1723,1698613.8267,2240981.6164
1724,1697368.3756,2240400.1959
1725,1695961.336,2240223.6565
1726,1695553.455,2239766.5813
1727,1695318.5612,2239647.8017
1728,1695434.5865,2239673.3149
1729,1695210.642,2239024.8307
1730,1694383.4732,2237413.2415
1731,1694235.4031,2237417.2837
1732,1691604.4633,2237440.007
1733,1690156.8053,2238512.9859
1734,1713941.852,2240641.0391
1735,1711829.5851,2238657.9348
1736,1700697.9206,2225192.7527
1737,1700885.8724,2226049.8436
1738,1700517.9444,2224159.0885
1739,1699165.454,2224075.8782
1740,1697785.4396,2226037.4572
1741,1695564.2058,2225245.8799
1742,1694604.955,2225474.8658
1743,1694429.6661,2225719.4382
1744,1693534.0736,2226631.2074
1745,1690903.192,2228515.9243
1746,1689631.4866,2230102.5257
1747,1688720.8783,2230648.9799
1748,1686806.9582,2230544.5415
1749,1685935.2587,2229463.7444
1750,1685212.9629,2230150.4292
1751,1700951.2475,2257566.861
1752,1701308.3011,2260164.9849
1753,1702506.5497,2263487.8368
1754,1702623.3702,2263763.1299
1755,1703179.1104,2265636.9538
1756,1720324.6751,2240714.8475
1757,1719704.3548,2239581.9316
1758,1719117.9942,2237868.8285
1759,1718838.6768,2237071.7659
1760,1719797.1491,2231783.1937
1761,1719772.235,2234162.8933
1762,1719181.4666,2236392.5896
1763,1718125.9695,2230428.6438
1764,1715873.8117,2229721.0326
1765,1716147.2532,2229456.6959
1766,1716344.7446,2229474.5696
1767,1699320.252,2221044.083
1768,1698520.884,2220442.895
1769,1697078.149,2220195.4784
1770,1695869.1353,2219461.9078
1771,1696238.0781,2219884.2664
1772,1696451.8688,2219839.6217
1773,1696239.0845,2218990.1328
1774,1698440.8917,2217141.5202
1775,1698644.8162,2217094.7097
1776,1703798.6578,2251294.3717
1777,1703694.1317,2252178.7689
1778,1703583.5069,2252697.1225
1779,1703641.2772,2254798.3436
1780,1703663.2796,2256180.5811
1781,1703848.9476,2257316.0176
1782,1703904.6811,2257853.1462
1783,1703919.8416,2258664.5468
1784,1704626.1772,2260708.5064
1785,1704314.6793,2262126.3282
1786,1700297.7366,2244599.0847
1787,1700350.905,2245271.579
1788,1701044.532,2245943.6564
1789,1700905.7146,2245800.2972
1790,1695138.1727,2260131.3523
1791,1692628.6512,2261111.6366
1792,1692624.1578,2261553.7063
1793,1705398.8278,2251927.3509
1794,1706282.1641,2257054.1996
1795,1706314.305,2257349.9494
1796,1690844.0744,2260584.3467
1797,1688751.4187,2265494.3588
1798,1688149.2173,2266891.2174
1799,1686410.1966,2268030.6834
1800,1686163.9647,2270131.1248
1801,1685467.2435,2271767.7911
1802,1694416.6786,2269274.621
1803,1693385.3884,2247888.9559
1804,1696721.7323,2228496.1888
1805,1695769.5241,2231362.353
1806,1696721.192,2228650.8207
1807,1695822.2659,2231568.054
1808,1698782.7261,2243061.5387
1809,1697581.137,2244681.886
1810,1697361.1193,2244824.7848
1811,1696535.2584,2249296.7598
1812,1695726.2297,2250143.5425
1813,1693922.1671,2249611.994
1814,1693450.9852,2249699.4596
1815,1692715.0671,2248071.4822
1816,1692846.5222,2248540.9686
1817,1691617.1688,2247417.6584
1818,1689122.0091,2248099.5654
1819,1720448.4928,2244859.1753
1820,1718689.073,2245114.265
1821,1720090.964,2245153.4242
1822,1720036.7397,2245141.2781
1823,1717795.8543,2245932.8723
1824,1717728.6805,2246615.7799
1825,1694496.76,2224572.4156
1826,1693116.2114,2223633.1376
1827,1692399.3884,2221054.2303
1828,1692110.221,2220867.1382
1829,1715642.3117,2243138.1708
1830,1715507.8421,2245002.2836
1831,1715569.5032,2244141.0417
1832,1715395.8309,2247482.9071
1833,1688084.7842,2236563.7017
1834,1689051.7221,2237026.2106
1835,1689639.7899,2238399.3088
1836,1689603.2654,2238577.2906
1837,1689612.3626,2239243.16
1838,1701499.3931,2235363.7654
1839,1701389.8365,2236973.3257
1840,1701446.3763,2235147.5353
1841,1716283.4171,2233740.7803
1842,1716710.4879,2232684.194
1843,1715264.1738,2233573.5268
1844,1717272.314,2231602.5529
1845,1726921.0664,2241709.4141
1846,1726886.4935,2241699.0778
1847,1726418.6251,2242198.1661
1848,1726238.0056,2243910.5351
1849,1726100.0762,2240083.152
1850,1726288.7048,2239805.1223
1851,1723070.6145,2245820.734
1852,1725259.554,2240422.9796
1853,1723707.5831,2243487.5686
1854,1725295.1201,2240228.8834
1855,1723707.4554,2243489.8799
1856,1724364.1907,2238299.8891
1857,1724356.2195,2238833.3823
1858,1722914.7566,2240985.9673
1859,1723497.48,2237970.0113
1860,1722557.897,2240848.6044
1861,1723653.3119,2237619.0738
1862,1719794.9232,2243550.983
1863,1719719.0235,2243833.1396
1864,1716120.2137,2237595.7221
1865,1716590.2616,2240327.1938
1866,1715435.4972,2237017.7457
1867,1714958.0528,2236541.1399
1868,1714554.2287,2237088.5867
1869,1713869.3599,2237182.286
1870,1714630.37,2238286.363
1871,1715434.7019,2234776.6763
1872,1716760.7632,2235062.3072
1873,1716721.2903,2235782.9537
1874,1713403.8559,2242738.0302
1875,1713136.6018,2243541.5585
1876,1713024.3737,2244345.4203
1877,1713129.2393,2243597.8945
1878,1712986.4176,2244712.1342
1879,1712851.923,2246216.992
1880,1711762.0354,2249570.6552
1881,1712438.1494,2244726.1354
1882,1711716.6984,2244208.19
1883,1711309.863,2244109.4636
1884,1711480.7154,2246595.5637
1885,1711438.0598,2246971.7197
1886,1708008.7118,2242139.0727
1887,1707518.2535,2243120.856
1888,1707852.2521,2242423.3411
1889,1702300.8823,2238907.5142
1890,1704932.1195,2240851.0896
1891,1701633.787,2240047.9366
1892,1701442.7896,2240375.5624
1893,1701014.5898,2238206.9616
1894,1700432.4707,2238036.6535
1895,1700187.276,2239230.7883
1896,1700068.0111,2239537.5188
1897,1700751.3597,2239564.9335
1898,1700015.5057,2240197.2341
1899,1699904.767,2237537.4578
1900,1699985.2096,2237043.838
1901,1703753.0574,2245604.5869
1902,1703926.1046,2245744.9896
1903,1702944.7824,2243273.7013
1904,1702327.5596,2244375.2983
1905,1701642.9754,2246227.6359
1906,1701392.1378,2246487.0076
1907,1699994.1864,2245683.2661
1908,1699965.0951,2246096.3716
1909,1699332.3605,2245335.4607
1910,1698782.5411,2246189.6491
1911,1695851.8384,2247336.899
1912,1695787.9473,2247404.0835
1913,1695336.6938,2248232.7544
1914,1695164.7518,2248614.3683
1915,1698682.4706,2243820.8223
1916,1698729.5518,2244169.4535
1917,1694506.3912,2243133.2849
1918,1694266.9145,2243809.4259
1919,1694291.6229,2241027.528
1920,1693331.6017,2242840.0965
1921,1691017.0944,2245607.1833
1922,1690333.4075,2246775.243
1923,1692453.7961,2245591.096
1924,1691950.2256,2245907.4254
1925,1689048.9709,2246229.6882
1926,1693668.8051,2240795.7614
1927,1693116.914,2241214.1907
1928,1692804.3558,2241554.3147
1929,1688960.9431,2244498.0393
1930,1688587.8678,2244339.6898
1931,1693304.5422,2240620.9992
1932,1692149.8199,2240798.9576
1933,1692983.7351,2240647.2664
1934,1691874.3457,2241052.8526
1935,1693067.266,2240104.5396
1936,1694067.8114,2239372.8181
1937,1694390.1261,2239443.673
1938,1692976.9933,2240244.5795
1939,1691208.2727,2239670.8585
1940,1692240.3593,2238971.0557
1941,1693790.7148,2237888.2287
1942,1694008.6756,2237660.9693
1943,1694008.3724,2237662.1403
1944,1689846.0032,2241059.0136
1945,1690499.0889,2239538.0068
1946,1689923.4641,2241550.7285
1947,1688326.4687,2243359.0405
1948,1690891.9599,2240285.4719
1949,1690632.5296,2239612.0216
1950,1690997.3269,2240791.2103
1951,1689229.423,2236173.8403
1952,1689107.8268,2236057.8507
1953,1694337.6345,2236661.0147
1954,1694639.9641,2236378.9399
1955,1697521.6931,2239668.2793
1956,1697490.2136,2240127.9563
1957,1698469.9852,2238154.5946
1958,1698535.5126,2237904.1815
1959,1696379.4333,2237412.9475
1960,1696365.7851,2237053.3078
1961,1706405.8319,2239275.159
1962,1707932.1954,2238826.3916
1963,1707512.5539,2239097.3623
1964,1707411.6978,2239444.7894
1965,1708144.351,2238558.9165
1966,1709599.8064,2246537.5549
1967,1710001.807,2248671.1746
1968,1709756.3135,2246611.8653
1969,1709156.1708,2247424.9736
1970,1707440.3368,2249080.2816
1971,1708463.5472,2252527.9791
1972,1708577.8888,2252802.7497
1973,1709171.2785,2250747.2446
1974,1709192.3988,2250930.3713
1975,1705689.4823,2252766.2241
1976,1706886.3373,2253180.4997
1977,1707815.6355,2255174.6599
1978,1706984.695,2255991.2305
1979,1705617.6788,2254452.8327
1980,1704777.9741,2255458.9334
1981,1704978.59,2255787.0761
1982,1704931.6941,2255742.4937
1983,1705144.9608,2255863.5962
1984,1705462.3397,2256154.8758
1985,1705133.2132,2257015.2845
1986,1705146.46810343,2257022.6732928
1987,1704826.1558,2257256.2461
1988,1705286.1828,2261351.7499
1989,1705314.0417,2261562.5819
1990,1703639.2213,2260800.2036
1991,1702767.1963,2258908.0866
1992,1703192.8019,2256424.3842
1993,1702637.5851,2258042.2646
1994,1703068.4401,2256506.7794
1995,1702282.2488,2258372.1223
1996,1702648.0067,2254789.4703
1997,1704874.5606,2262755.0552
1998,1701587.2381,2264919.3169
1999,1700709.5786,2260772.3239
2000,1700325.3074,2264601.6226
2001,1700636.9755,2265320.8317
2002,1699577.4465,2262253.04
2003,1699238.2576,2262456.1678
2004,1699997.5784,2259433.0317
2005,1699699.2058,2259626.8125
2006,1697770.8211,2261603.1391
2007,1698834.6775,2265001.8473
2008,1698996.3595,2266049.3705
2009,1698564.4426,2267364.5048
2010,1698201.6995,2267557.1824
2011,1697630.4347,2268660.7034
2012,1696915.9532,2270239.7154
2013,1697495.6764,2269531.28
2014,1699839.1461,2266924.5794
2015,1701462.107,2266995.121
2016,1702076.2647,2267161.1957
2017,1700219.2771,2268081.451
2018,1699904.2333,2268519.9481
2019,1699528.8838,2268953.3131
2020,1700806.8133,2269500.6542
2021,1698494.8356,2268969.1997
2022,1696805.9315,2268828.7763
2023,1696549.8546,2268900.7737
2024,1697381.2583,2267143.0216
2025,1697181.1619,2265402.8351
2026,1696307.0739,2264248.041
2027,1696546.1896,2264534.0752
2028,1695342.3534,2265566.3088
2029,1695712.7734,2265737.1057
2030,1695573.8719,2267140.4347
2031,1695817.172,2266247.7249
2032,1695892.105,2266106.9572
2033,1695510.7648,2267239.2379
2034,1692104.1251,2270251.0645
2035,1691447.5067,2266901.6426
2036,1691201.6267,2267490.9834
2037,1690480.2943,2268220.5737
2038,1690191.3672,2268851.5286
2039,1691174.709,2270987.1748
2040,1689699.0683,2268706.2689
2041,1688607.1002,2269956.9932
2042,1691059.1641,2266449.0068
2043,1690982.8593,2266033.7241
2044,1693411.1413,2262681.5013
2045,1698840.4971,2257172.3725
2046,1698854.3447,2256687.7876
2047,1699997.9414,2256174.3304
2048,1699866.4822,2256407.5269
2049,1700877.7949,2253494.7842
2050,1699152.791,2254220.9526
2051,1699045.7915,2255503.009
2052,1697093.4442,2256924.4307
2053,1697472.5422,2252120.0994
2054,1693672.1794,2256578.1685
2055,1693555.3501,2257084.6256
2056,1693944.1124,2257581.963
2057,1694020.9072,2258568.9237
2058,1692725.3706,2259607.1718
2059,1691743.3597,2263826.3542
2060,1691837.9018,2264861.7254
2061,1687909.8161,2267719.2097
2062,1687758.5566,2267995.172
2063,1687189.1845,2269429.3103
2064,1686284.8241,2270239.0407
2065,1686433.9641,2270277.1958
2066,1685759.0538,2267750.7323
2067,1685268.5119,2267351.5416
2068,1685280.7439,2266324.0151
2069,1685207.2998,2266023.2453
2070,1688699.9294,2262811.661
2071,1688356.7254,2263653.5071
2072,1686904.9556,2265094.9075
2073,1687339.1264,2263864.2041
2074,1684536.4529,2260891.6662
2075,1688462.4385,2259731.3171
2076,1688425.391,2258740.0143
2077,1686871.9569,2257668.4637
2078,1685557.1389,2260280.5726
2079,1688272.0902,2256999.4585
2080,1692581.2204,2255412.0991
2081,1692429.2186,2254578.9269
2082,1692718.2728,2254404.0858
2083,1691926.3195,2255500.9964
2084,1690561.5575,2255283.8714
2085,1688438.8868,2256079.3183
2086,1693373.0957,2253308.3824
2087,1693261.4585,2253451.5588
2088,1692376.218,2252055.4985
2089,1693069.1933,2250013.8021
2090,1693350.5649,2249674.7024
2091,1692616.1545,2250042.3559
2092,1692091.533,2250500.8429
2093,1690486.3484,2253154.085
2094,1688549.1344,2254221.1826
2095,1691266.4277,2253528.0399
2096,1689840.0071,2252162.0383
2097,1695164.48096384,2248620.37721948
2098,1701004.317,2247379.5252
2099,1701953.9174,2248776.601
2100,1702218.8697,2248218.8468
2101,1702866.8789,2247024.4419
2102,1701910.9809,2248198.1746
2103,1701689.6176,2248159.8573
2104,1706862.7201,2244204.972
2105,1706865.4403,2244019.2798
2106,1706765.2004,2243970.6475
2107,1706116.2823,2245360.5815
2108,1705740.0078,2245344.7343
2109,1705668.6919,2245444.2348
2110,1705285.4861,2245956.8479
2111,1705225.6604,2245993.3319
2112,1705053.2052,2246314.246
2113,1705188.6919,2246378.6253
2114,1704864.7165,2245978.277
2115,1704827.6909,2246248.1117
2116,1712102.2969,2242712.3559
2117,1712631.5444,2242216.5962
2118,1713119.2383,2240877.144
2119,1713144.9262,2240868.7941
2120,1713861.3041,2234858.2616
2121,1713948.8254,2235565.296
2122,1713065.5603,2236674.7779
2123,1713764.2582,2234702.7511
2124,1713821.2047,2233429.6995
2125,1712689.9031,2235383.8303
2126,1714065.2391,2233192.9269
2127,1711879.5896,2232534.1744
2128,1711104.4724,2233691.4465
2129,1712272.6649,2232451.4216
2130,1709751.3726,2229825.6074
2131,1709160.9705,2229727.8249
2132,1710702.8859,2229324.418
2133,1712730.0858,2228517.6565
2134,1712831.2603,2228723.9583
2135,1711645.9711,2227866.1071
2136,1711458.0542,2228348.9743
2137,1710055.2357,2230489.1815
2138,1710550.3437,2230227.1654
2139,1712360.6483,2228957.342
2140,1712079.9775,2229624.1802
2141,1711395.3736,2226038.7605
2142,1708492.9777,2227834.4349
2143,1711795.885,2226188.584
2144,1707512.5807,2223978.1666
2145,1707258.6107,2226395.3206
2146,1707786.2852,2223930.9814
2147,1706882.7047,2224282.5539
2148,1706815.8924,2226541.6317
2149,1706901.4021,2223893.287
2150,1695412.8885,2227008.973
2151,1695343.7194,2227287.4515
2152,1694617.0079,2228674.4388
2153,1694591.5328,2229012.3776
2154,1692733.3664,2228704.698
2155,1692790.4776,2230681.5467
2156,1692928.0316,2231380.6338
2157,1693015.0456,2231711.8965
2158,1693010.4857,2231978.3832
2159,1692351.9697,2234940.6392
2160,1692499.8728,2235030.9559
2161,1694317.1628,2229589.121
2162,1694659.4606,2229945.231
2163,1694571.8242,2230143.5656
2164,1693965.6705,2232739.8295
2165,1693947.0438,2233409.6582
2166,1691554.1242,2231604.6014
2167,1690487.4695,2233947.0942
2168,1688821.0642,2234759.4291
2169,1689610.8377,2235264.1341
2170,1690931.09461338,2230717.59724311
2171,1690922.3489,2230746.6516
2172,1690376.2473,2230822.8413
2173,1689712.5352,2230238.423
2174,1690007.2235,2230576.1897
2175,1689794.2579,2230453.1432
2176,1690228.3114,2230756.0941
2177,1688891.5351,2232134.2278
2178,1688782.5335,2232335.7044
2179,1685926.0544,2230323.9866
2180,1686039.8769,2230049.9895
2181,1689776.1088,2228136.0845
2182,1686112.6259,2228459.2627
2183,1689594.3231,2228187.7442
2184,1689771.4078,2228136.0385
2185,1685898.4669,2228305.1845
2186,1691356.9323,2224422.5192
2187,1690498.597,2223585.324
2188,1689983.2795,2225640.5184
2189,1690234.4554,2225496.6385
2190,1694818.5869,2221860.7653
2191,1693079.8622,2220005.7787
2192,1694808.7881,2221202.9241
2193,1694832.9666,2220987.9359
2194,1695823.9268,2222347.4359
2195,1696739.593,2222316.0136
2196,1695628.8855,2222154.9218
2197,1698473.3129,2219616.7271
2198,1698444.8759,2218645.2783
2199,1699288.1522,2218356.5479
2200,1698891.3935,2217873.0001
2201,1701934.5104,2222394.3177
2202,1701425.1689,2219997.6171
2203,1701054.3687,2219852.8987
2204,1700231.4833,2218433.47
2205,1704040.616,2222782.6506
2206,1704859.9658,2221408.0369
2207,1704881.3507,2219718.4642
2208,1701917.5847,2218771.1936
2209,1701353.5098,2218683.5246
2210,1704660.9606,2217474.5935
2211,1704430.4682,2217208.7043
2212,1704361.4564,2215929.2799
2213,1703380.4973,2213997.6121
2214,1703573.0752,2213709.5881
2215,1705380.2315,2212302.1162
2216,1706512.9532,2209763.6703
2217,1705530.1824,2211973.223
2218,1706330.7838,2209571.3663
2219,1702279.1363,2216768.4249
2220,1701563.505,2215857.8399
2221,1700201.8975,2216378.5003
2222,1700744.8966,2216456.304
2223,1699626.7859,2216820.8348
2224,1700018.8898,2216506.0203
2225,1700919.3804,2216507.9049
2226,1701508.4509,2217500.7228
2227,1701027.9102,2217373.7682
2228,1700337.6888,2217612.3375
2229,1699745.5101,2215252.306
2230,1701748.3919,2213989.1544
2231,1701967.0877,2212505.5896
2232,1701812.6512,2212573.8328
2233,1704128.7835,2210368.4399
2234,1705295.5969,2212194.2746
2235,1703984.0022,2210228.9748
2236,1705880.1888,2214871.3844
2237,1706637.0738,2214177.9436
2238,1707379.7539,2214134.4608
2239,1707991.0088,2214804.2712
2240,1708200.1,2215600.5335
2241,1707192.7472,2215861.0686
2242,1706338.3119,2221306.4462
2243,1707160.9981,2221052.4476
2244,1708735.644,2221989.6368
2245,1711359.8076,2221803.0129
2246,1709492.1587,2222738.6107
2247,1713305.555,2222759.9569
2248,1712963.705,2222463.1514
2249,1715435.0053,2222073.026
2250,1717996.5189,2223083.3793
2251,1718288.5501,2223510.7531
2252,1707734.8551,2219678.7284
2253,1708032.6958,2219088.6932
2254,1709658.1053,2218893.5523
2255,1710901.2024,2218582.7303
2256,1711535.9743,2218099.9385
2257,1711375.8875,2218226.8948
2258,1712477.3412,2218326.0128
2259,1712573.5009,2218185.9999
2260,1714064.5037,2218551.985
2261,1712709.4257,2218131.155
2262,1714573.2648,2218841.4676
2263,1707099.3749,2218064.632
2264,1707396.0226,2217878.2422
2265,1709215.65,2217363.9811
2266,1707968.6921,2218067.4253
2267,1711596.9547,2219284.0683
2268,1710987.2034,2218625.5735
2269,1711689.823,2219816.579
2270,1710663.053,2216570.9267
2271,1709434.524,2215867.3705
2272,1709049.7766,2215551.7663
2273,1709227.599,2215740.4609
2274,1709098.0783,2215297.4889
2275,1712807.2039,2217554.6046
2276,1712540.892,2218064.6334
2277,1714982.3309,2216604.9304
2278,1714763.6998,2216855.2935
2279,1713000.4848,2216666.0913
2280,1713795.9596,2215972.4597
2281,1709952.2948,2221095.934
2282,1710175.4382,2221360.1794
2283,1710043.1233,2225014.9615
2284,1709316.2135,2223255.8333
2285,1710188.0672,2225036.8469
2286,1712771.9769,2224501.4127
2287,1712024.3499,2222702.0635
2288,1712981.4874,2224650.5568
2289,1707003.7207,2222714.6556
2290,1707214.3928,2223070.5734
2291,1705402.9914,2224027.1634
2292,1705722.9714,2224472.7404
2293,1699295.496,2228649.4965
2294,1701325.6339,2226713.2808
2295,1698370.4322,2229203.3854
2296,1698689.98,2228597.2425
2297,1698208.2299,2229482.3128
2298,1696496.9478,2231517.5662
2299,1697449.2609,2230875.2959
2300,1697203.1532,2229286.8561
2301,1698718.2766,2228527.4421
2302,1700980.9331,2229834.1502
2303,1702967.1185,2227652.199
2304,1700910.2253,2229897.2357
2305,1700910.6358,2229900.1463
2306,1700327.5628,2230760.043
2307,1700462.712,2230451.5505
2308,1699698.6568,2231785.7457
2309,1700788.6841,2230085.4811
2310,1699129.6024,2234038.7788
2311,1699191.9842,2233708.9896
2312,1698624.6163,2234923.8966
2313,1703033.3854,2231708.0747
2314,1702660.9228,2231371.5689
2315,1702334.6339,2231422.8898
2316,1702659.6752,2231368.6563
2317,1702796.4883,2231986.274
2318,1698121.5194,2233216.0194
2319,1698125.7442,2233216.86
2320,1697344.4619,2234523.5722
2321,1697979.8687,2233562.306
2322,1699096.0744,2232434.3342
2323,1697475.3495,2234819.9233
2324,1705805.3884,2229240.3955
2325,1706551.4751,2228830.5226
2326,1705693.1882,2229409.7163
2327,1704591.2517,2230391.5151
2328,1705460.2099,2229471.1431
2329,1704296.9646,2230625.5964
2330,1705157.3658,2228549.4273
2331,1706259.4018,2231490.895
2332,1706869.6054,2231885.0203
2333,1706222.251,2231448.6167
2334,1705662.0745,2230921.2745
2335,1704017.8437,2232512.5344
2336,1704216.0366,2232480.1802
2337,1705607.8053,2232362.1531
2338,1705268.4675,2232706.935
2339,1705131.6073,2234300.0277
2340,1705916.1259,2233657.3935
2341,1705003.1522,2234547.0929
2342,1704937.9346,2234768.7039
2343,1704988.6946,2234690.7351
2344,1704036.8358,2236104.1305
2345,1704042.0902,2237298.4351
2346,1703932.3641,2236765.5188
2347,1704055.9823,2236462.3615
2348,1704127.3135,2237579.4554
2349,1704472.7079,2238284.9263
2350,1704218.8753,2238546.2765
2351,1705915.4704,2234609.1732
2352,1706842.2796,2233625.5204
2353,1705727.4545,2235134.1624
2354,1705563.7392,2237306.0604
2355,1705362.88,2236401.6736
2356,1705336.3881,2236193.9171
2357,1708000.4005,2234472.6937
2358,1708417.8779,2234130.3689
2359,1707836.7917,2234777.2616
2360,1707150.5599,2235686.6609
2361,1706942.8132,2235863.5842
2362,1706846.7873,2238006.6081
2363,1708090.0815,2236754.6344
2364,1708246.1523,2236611.072
2365,1709226.8288,2235956.3793
2366,1706027.2469,2238986.8329
2367,1709082.1774,2237251.7865
2368,1709945.4008,2236799.1346
2369,1708162.7048,2237991.0036
2370,1710400.5225,2238509.28
2371,1710635.437,2238359.708
2372,1710189.1265,2238727.0741
2373,1709753.8628,2239068.0396
2374,1709305.4568,2239791.7777
2375,1715441.0572,2240776.4028
2376,1715572.1939,2240640.3886
2377,1715872.3574,2240846.4728
2378,1716115.6744,2240717.1317
2379,1715810.2597,2240860.8479
2380,1716178.5019,2240662.9971
2381,1718113.5105,2242866.0432
2382,1718367.9708,2242235.4042
2383,1716909.9256,2244334.2681
2384,1717426.1416,2243549.5612
2385,1717926.8102,2243008.0239
2386,1718114.1793,2242872.8522
2387,1718532.5236,2234416.1631
2388,1718891.5665,2234034.505
2389,1717523.3347,2233243.5618
2390,1716283.9991,2231505.198
2391,1713506.7053,2227260.9506
2392,1713542.0573,2226686.2475
2393,1714598.8414,2231428.0095
2394,1714468.2155,2232209.6857
2395,1721076.7832,2235713.6358
2396,1721181.2077,2238463.212
2397,1721258.9841,2237929.559
2398,1722162.675,2237538.2703
2399,1722056.1869,2237934.3284
2400,1722038.1088,2239496.7604
2401,1722008.7044,2239721.092
2402,1705057.2346,2233032.7564
2403,1705205.8379,2233026.1745
2404,1704383.3657,2233267.0861
2405,1703922.2946,2232887.4606
2406,1703300.3929,2232792.3127
2407,1702880.327,2232788.866
2408,1702594.5881,2233148.0641
2409,1701608.1416,2234097.5462
2410,1703861.7483,2234145.9659
2411,1701179.8117,2233780.2078
2412,1701034.4182,2233139.7525
2413,1700880.6448,2232783.283
2414,1687569.1856,2238773.5326
2415,1689378.5945,2238729.637
2416,1697760.7643,2258743.3304
2417,1718400.065,2242218.9532
2418,1718579.0561,2242285.1569
2419,1718382.6525,2242216.001
2420,1718843.9495,2242649.4
2421,1718915.9153,2242685.702
2422,1719078.9297,2242580.4022
2423,1688379.0086,2242043.8185
2424,1689558.5211,2239482.577
2425,1720048.5027,2241303.9
2426,1689034.5798,2241178.9333
2427,1726997.172,2240288.561
2428,1704955.4325,2228025.0023
2429,1695996.7462,2256201.9849
2430,1695902.4975,2256795.8236
2431,1697090.83052288,2256946.75854633
2432,1705972.501,2241223.0037
2433,1711963.8709,2237415.6207
2434,1711835.0995,2237292.3978
2435,1711814.8786,2237227.6054
2436,1709353.5001,2233950.0032
2437,1710515.5051,2234719.9961
2438,1711285.498,2235840.0004
2439,1712083.4967,2236344.0002
2440,1710812.1901,2235840.0006
2441,1710753.5013,2235867.9992
2442,1703732.5002,2226928.9996
2443,1706818.9993,2227487.246
2444,1701359.5034,2226697.9957
2445,1707589.5021,2228237.9984
2446,1707421.505,2229105.9935
2447,1708135.5024,2229889.993
2448,1706864.7348,2226913.9039
2449,1708065.5028,2232270.0012
2450,1708443.4959,2233081.9923
2451,1707463.5031,2233082.0023
2452,1693393.5022,2249643.9913
2453,1690607.5006,2239297.9972
2454,1690579.497,2239493.9943
2455,1705377.4989,2212263.9982
2456,1709283.5012,2222665.9999
2457,1712265.4992,2222358.0028
2458,1710935.4948,2218563.9964
2459,1698839.4981,2228560
2460,1699343.5045,2232325.9929
2461,1704939.4711,2234573.4334
2462,1704383.3805,2234153.9659
2463,1705241.8727,2232745.6474
2464,1689900.7437,2239209.9951
2465,1703552.3655,2236338.4048
2466,1728720.1145,2189725.4785
2467,1727595.4958,2188379.9962
2468,1729149.5021,2190255.9961
2469,1735057.4955,2195743.9941
2470,1731543.4996,2192299.9937
2471,1731123.5029,2192173.9931
2472,1736314.0079,2199895.9405
2473,1738291.4955,2202898.005
2474,1738445.497,2201847.9949
2475,1738291.4999,2201609.9961
2476,1739986.9897,2204900.513
2477,1738252.858,2202992.8977
2478,1738257.4938,2202989.8321
2479,1741863.1834,2207003.0084
2480,1743591.6481,2209736.4738
2481,1744231.5761,2210049.219
2482,1744308.9949,2210324.0879
2483,1744260.0089,2211261.1239
2484,1744417.0297,2211732.5757
2485,1744551.6281,2212086.026
2486,1744580.4689,2212187.0897
2487,1744562.423,2212301.1911
2488,1744539.6037,2212356.4466
2489,1745023.8547,2212946.4846
2490,1745089.7222,2214130.0478
2491,1745902.5369,2215393.1173
2492,1748139.1539,2216988.4014
2493,1748804.3957,2217921.311
2494,1748937.0932,2217883.0183
2495,1750397.0572,2219313.2013
2496,1750983.7668,2220330.7309
2497,1751194.0112,2220475.3856
2498,1752575.5433,2221543.7601
2499,1753012.9769,2222492.2671
2500,1753197.0828,2222862.8691
2501,1754304.8815,2223468.571
2502,1754889.4626,2222835.0827
2503,1755431.7363,2225243.9243
2504,1755945.9641,2227245.6095
2505,1755870.8949,2227935.2329
2506,1756115.6062,2229544.1157
2507,1756248.7885,2230092.2047
2508,1756764.4655,2230901.2491
2509,1739299.5013,2206341.9971
2510,1737997.496,2204829.9958
2511,1737311.501,2204521.9931
2512,1736835.4975,2203597.998
2513,1741630.5007,2209835.001
2514,1741875.499,2210388.0003
2515,1744115.4975,2218437.9944
2516,1743317.5023,2214419.9961
2517,1744017.4936,2218564.0009
2518,1743443.4967,2218899.9932
2519,1743401.4971,2220551.9982
2520,1744381.5005,2222694.0038
2521,1743849.4983,2221895.9946
2522,1744801.4948,2226277.9943
2523,1744248.4992,2224002.9992
2524,1746537.5009,2228727.998
2525,1747321.5025,2229637.9958
2526,1746873.4985,2230253.994
2527,1746894.5018,2230695.0015
2528,1749155.5012,2232423.9926
2529,1748903.4977,2231850.0026
2530,1748525.5024,2231429.9917
2531,1748147.5018,2231345.9965
2532,1749176.4976,2233200.9952
2533,1753978.4994,2236378.9993
2534,1750975.5016,2234523.9972
2535,1750261.5023,2234215.9935
2536,1754643.494,2236931.9977
2537,1754048.2496,2236384.3636
2538,1754943.6531,2238553.1572
2539,1754908.1086,2237951.2569
2540,1756086.2385,2239889.1722
2541,1756193.2109,2240178.9955
2542,1756293.6166,2240067.9824
2543,1756252.9041,2240347.6583
2544,1756534.1999,2240779.8457
2545,1756530.7706,2240794.8307
2546,1756549.6016,2240972.5335
2547,1757112.1244,2241159.0424
2548,1757073.6673,2241315.7561
2549,1757059.4277,2241604.1088
2550,1757010.9755,2241748.0197
2551,1757446.2591,2242648.9131
2552,1757572.5401,2242809.145
2553,1757882.7086,2243171.7292
2554,1757954.2226,2243277.4115
2555,1758029.8615,2243410.3177
2556,1758137.2691,2243539.9748
2557,1758532.2908,2244074.3217
2558,1758611.6924,2244213.3344
2559,1758737.0728,2244467.9527
2560,1758752.544,2244626.4861
2561,1759209.717,2245590.1243
2562,1759251.5177,2245712.6552
2563,1759390.125,2246734.7482
2564,1759419.9242,2246796.7363
2565,1759425.0841,2246887.2314
2566,1759433.3263,2246941.6568
2567,1759486.9929,2247227.1325
2568,1759915.3065,2248294.4729
2569,1759972.0784,2248396.7808
2570,1760184.2876,2248905.0232
2571,1760276.1286,2249871.7324
2572,1760717.2162,2251414.7907
2573,1760748.4293,2251674.1192
2574,1760748.5792,2251831.7561
2575,1760754.8147,2252098.493
2576,1760907.423,2252776.9844
2577,1761072.2699,2252972.2833
2578,1764848.8717,2260547.4417
2579,1764757.4029,2260347.9244
2580,1765121.272,2260728.3444
2581,1765050.4794,2260706.4907
2582,1765050.3765,2260687.3493
2583,1766439.4501,2263675.2442
2584,1767238.4864,2266081.2233
2585,1759442.8016,2255820.2146
2586,1759653.2158,2255624.053
2587,1759167.3866,2259161.4418
2588,1759358.5064,2263166.0995
2589,1759871.956,2248450.0548
2590,1758848.4572,2249193.1483
2591,1758809.2016,2249262.9741
2592,1758702.8342,2249309.5687
2593,1758100.8256,2249962.5593
2594,1757376.1766,2250156.6561
2595,1757388.5121,2250125.3469
2596,1756995.7151,2250621.2746
2597,1756691.3563,2250911.5358
2598,1756250.3617,2251900.7916
2599,1755768.05,2251906.035
2600,1755580.4134,2251923.5161
2601,1754624.4212,2252382.5108
2602,1754268.9476,2252884.1459
2603,1754152.3359,2253325.2791
2604,1754815.1094,2254430.4759
2605,1754142.509,2254962.1699
2606,1753027.8693,2257911.7717
2607,1752962.9813,2258692.8022
2608,1753888.271,2260380.7432
2609,1753893.1958,2260641.8886
2610,1753930.4457,2261564.4814
2611,1753415.6681,2264131.0697
2612,1753486.86,2264882.7833
2613,1753095.35,2266311.3272
2614,1753483.8893,2270515.8103
2615,1753692.9139,2266978.593
2616,1753452.1118,2270926.1268
2617,1752249.9254,2278330.1873
2618,1752182.4394,2278432.923
2619,1752136.1074,2278703.3119
2620,1752233.3435,2281421.2981
2621,1750876.2527,2283768.3322
2622,1749615.8684,2285047.6442
2623,1747311.058,2288075.7223
2624,1747308.2813,2288084.0167
2625,1746899.9242,2288504.1814
2626,1747107.0071,2288288.9851
2627,1749377.5675,2296790.5808
2628,1746257.0249,2294797.9938
2629,1749346.3492,2297413.5609
2630,1749812.9872,2299604.9421
2631,1754074.1076,2303265.1752
2632,1754297.738,2303305.7898
2633,1754481.0562,2303171.8263
2634,1754680.5483,2303125.5472
2635,1760023.1285,2308690.8964
2636,1763727.7237,2310194.9963
2637,1749487.0466,2303394.9535
2638,1752588.5712,2306921.1292
2639,1753976.1336,2308606.0811
2640,1756313.4394,2309870.0326
2641,1756585.3661,2310261.3876
2642,1762026.9816,2312672.7501
2643,1758284.119,2311210.399
2644,1757994.0308,2311143.4405
2645,1757362.2294,2310997.5725
2646,1757281.5855,2310978.9541
2647,1751893.0011,2271872.071
2648,1751726.3583,2272272.5375
2649,1751454.1462,2273507.6354
2650,1751817.602,2272642.7105
2651,1751731.1767,2272278.5301
2652,1750132.7566,2276829.4723
2653,1750331.9579,2275992.6656
2654,1748942.741,2278954.8459
2655,1747836.7369,2280090.9634
2656,1747444.9162,2280795.6714
2657,1747426.8647,2281406.0373
2658,1747230.3078,2281812.7313
2659,1746792.3167,2282245.5822
2660,1746808.9008,2282987.2972
2661,1748465.3898,2269903.2445
2662,1749617.8171,2270689.6306
2663,1749821.1597,2270841.2049
2664,1749817.2371,2270831.0107
2665,1747666.888,2270713.2575
2666,1748124.1414,2270297.8939
2667,1749629.4496,2270686.9621
2668,1747572.58,2271453.311
2669,1747484.1074,2272066.0161
2670,1746136.3662,2272913.1121
2671,1746255.577,2273421.0102
2672,1751465.499,2239871.9984
2673,1751150.5045,2240018.9955
2674,1750597.503,2239997.9968
2675,1749011.8638,2241044.2785
2676,1748992.7016,2241135.2981
2677,1748399.4953,2243624.0047
2678,1748714.4937,2243645.0042
2679,1748833.4973,2243525.9988
2680,1747517.5044,2242755.9918
2681,1748987.502,2241159.996
2682,1746961.953,2244252.0625
2683,1747471.5383,2242763.0501
2684,1746760.1549,2244550.4072
2685,1746339.9274,2245334.9777
2686,1746200.3345,2246547.8467
2687,1746302.5553,2246610.3149
2688,1746873.1932,2247093.6262
2689,1744155.9606,2254166.2902
2690,1744265.4116,2253967.8838
2691,1743848.2344,2254464.2772
2692,1743406.2356,2254658.4498
2693,1741733.3015,2256364.8144
2694,1741562.5476,2257006.1205
2695,1741587.5148,2257158.7699
2696,1741596.3627,2258321.022
2697,1739225.0741,2268576.0518
2698,1739150.7392,2267863.71
2699,1739551.0225,2269857.0342
2700,1740467.7408,2271796.3639
2701,1741891.2937,2273430.4434
2702,1742866.0841,2274620.0793
2703,1743819.988,2275765.5076
2704,1743135.4376,2274912.8475
2705,1742939.5727,2274694.6763
2706,1743137.2403,2274904.9569
2707,1744734.7034,2278280.6723
2708,1742628.3151,2282169.5527
2709,1742554.9703,2283213.6846
2710,1742394.7979,2283563.0435
2711,1742268.8027,2283830.9399
2712,1742011.7831,2284026.8249
2713,1740717.857,2275719.7602
2714,1741958.5247,2287651.5704
2715,1739109.3405,2271434.3902
2716,1737344.4571,2274095.9323
2717,1738473.269,2272109.5832
2718,1738741.9578,2272007.5504
2719,1737178.8125,2274714.6462
2720,1737191.8159,2277323.6891
2721,1737133.0661,2278041.1025
2722,1738020.6968,2267051.968
2723,1739269.4417,2264454.7188
2724,1737131.8521,2267095.2402
2725,1736641.4597,2267480.5062
2726,1735359.1197,2270180.2864
2727,1734371.1242,2271977.9855
2728,1734098.0372,2272488.4527
2729,1733411.1088,2275516.7918
2730,1733448.6989,2274892.7854
2731,1733359.7859,2274759.8397
2732,1733591.7257,2275896.1782
2733,1740990.036,2258247.0286
2734,1740383.1081,2259354.1613
2735,1740802.734,2258664.0898
2736,1740992.0336,2258251.0166
2737,1738470.7097,2262623.2071
2738,1739124.8769,2262062.2962
2739,1738395.1853,2262740.0183
2740,1736460.0274,2262722.7288
2741,1738265.5848,2262718.6024
2742,1733948.7759,2265677.7447
2743,1734257.168,2265251.3443
2744,1732138.9553,2269578.5437
2745,1732478.4267,2267836.324
2746,1731524.6878,2270465.9527
2747,1731839.1137,2273445.1041
2748,1732309.7882,2273719.4407
2749,1744612.5019,2241684.9959
2750,1743723.4977,2242602.0027
2751,1743163.4966,2243553.9916
2752,1742449.4997,2243624.0009
2753,1741833.5042,2243021.9953
2754,1741553.4963,2242125.9982
2755,1733665.2118,2245589.5694
2756,1733546.4053,2245394.6855
2757,1733554.4534,2245376.7891
2758,1733559.4962,2245331.9929
2759,1734502.3462,2248976.2494
2760,1734428.5336,2248376.4106
2761,1734465.8926,2248154.4003
2762,1734672.9783,2249994.0569
2763,1734371.833,2251120.4839
2764,1735136.5633,2251957.5185
2765,1735090.35,2252871.1488
2766,1734834.3806,2255399.0554
2767,1734513.5553,2256807.0982
2768,1731732.0788,2261609.5009
2769,1732017.5131,2261296.0331
2770,1731963.4986,2245569.9971
2771,1732929.4993,2245401.9996
2772,1731753.4993,2245709.9986
2773,1730549.4977,2245415.9913
2774,1729892.7003,2247354.2449
2775,1730497.974,2245409.0143
2776,1730004.2952,2250416.5272
2777,1731063.346,2257247.8109
2778,1730695.2785,2254644.4816
2779,1730870.3206,2257495.5494
2780,1730668.5386,2258182.3195
2781,1729717.8981,2260020.1626
2782,1730029.5965,2260151.0003
2783,1730229.8753,2260603.1623
2784,1730088.7391,2262028.0901
2785,1729005.1137,2261617.737
2786,1729655.7545,2262342.3141
2787,1729809.4273,2262245.8133
2788,1729804.9308,2262242.8714
2789,1729338.5041,2244512.9967
2790,1729961.4951,2244715.995
2791,1733083.6951,2243084.706
2792,1733703.0962,2245136.0764
2793,1733762.4957,2245156.9906
2794,1733260.5462,2241890.7301
2795,1732668.9796,2241397.293
2796,1732818.6277,2240735.3683
2797,1731942.7389,2239452.9578
2798,1732041.6969,2239312.5371
2799,1731951.6867,2239150.4047
2800,1731827.4342,2239151.1962
2801,1730482.2605,2238846.9946
2802,1729914.1741,2238329.9231
2803,1729778.3912,2237981.5236
2804,1730002.0305,2237152.5199
2805,1730960.1302,2235898.848
2806,1730954.3712,2235078.3374
2807,1729040.6811,2230251.3056
2808,1728893.7976,2231407.2329
2809,1725293.0495,2230364.9222
2810,1724123.4105,2230177.3325
2811,1723756.368,2229935.3527
2812,1723000.2335,2230070.9512
2813,1722502.0858,2229965.0042
2814,1720409.3892,2226784.4155
2815,1719708.2158,2225470.5771
2816,1717841.9299,2226297.7324
2817,1716117.4599,2225529.4786
2818,1715967.5621,2223945.0401
2819,1715860.8047,2224076.0277
2820,1745426.7151,2230604.0782
2821,1746814.5131,2230227.0652
2822,1745046.4676,2230468.2512
2823,1744410.2029,2230870.6354
2824,1742809.6835,2232646.2923
2825,1741814.8341,2233022.7357
2826,1741558.114,2232946.3425
2827,1740563.3416,2232556.0814
2828,1739053.6954,2231870.8784
2829,1738906.8313,2231937.4555
2830,1738381.0163,2232194.0738
2831,1743768.8156,2226274.9113
2832,1743848.0285,2226256.0462
2833,1744750.8635,2226320.9245
2834,1743119.7429,2227420.1496
2835,1743051.4957,2227524.0012
2836,1743117.0833,2227430.5203
2837,1742948.9234,2227707.1531
2838,1742999.8098,2227550.5925
2839,1742561.3055,2227924.1472
2840,1742090.4115,2227366.0719
2841,1740304.6169,2227605.7476
2842,1741904.5738,2227410.7137
2843,1739789.9215,2227287.2117
2844,1737697.1907,2227706.8991
2845,1735981.8472,2230824.5575
2846,1733863.3802,2232763.8782
2847,1738503.7731,2225956.5968
2848,1737783.3247,2226148.2067
2849,1737371.1681,2226233.5888
2850,1736849.9655,2226378.3321
2851,1734261.9253,2225044.7407
2852,1734400.4331,2226638.4806
2853,1734679.6567,2227129.6367
2854,1734618.5478,2227102.7005
2855,1735190.6772,2228676.2977
2856,1734969.2227,2228844.1591
2857,1734626.7486,2228472.63
2858,1735916.943,2201663.4889
2859,1735932.6641,2201593.508
2860,1735561.1057,2201715.3207
2861,1736408.7359,2202131.9374
2862,1736499.5018,2202085.9977
2863,1734282.8003,2204330.4914
2864,1733383.0256,2208686.2194
2865,1733591.8562,2211152.7382
2866,1733692.2821,2211566.538
2867,1733668.0392,2211537.4465
2868,1733870.0532,2211839.1764
2869,1733955.9021,2211917.3615
2870,1733600.5479,2213659.6057
2871,1734214.5241,2213081.5144
2872,1731864.2483,2215885.0807
2873,1732717.303,2213983.714
2874,1732019.89,2216599.5454
2875,1732411.6874,2220802.7871
2876,1732297.4777,2220622.0283
2877,1731880.4021,2219632.1816
2878,1732201.9009,2220519.0001
2879,1732539.1951,2220878.918
2880,1732435.0264,2220905.2565
2881,1731825.5401,2221851.9422
2882,1731297.9677,2223830.8001
2883,1730613.7038,2223792.5423
2884,1730853.2743,2223887.9808
2885,1731049.761,2223911.2018
2886,1730919.8785,2223908.0907
2887,1735291.5843,2201279.8435
2888,1733829.6941,2200239.6412
2889,1733548.2492,2200413.073
2890,1732782.4442,2200801.2358
2891,1727749.1451,2201646.3518
2892,1727829.0001,2202029.029
2893,1726993.8769,2203490.9808
2894,1726464.247,2204105.0537
2895,1723942.318,2206389.85
2896,1726162.7757,2204657.2005
2897,1726316.4091,2204373.9122
2898,1723725.967,2206375.6721
2899,1723375.6399,2206279.0622
2900,1723102.2921,2207029.0667
2901,1722279.9994,2207554.1127
2902,1721300.3248,2208274.9846
2903,1721174.1141,2208354.4104
2904,1720565.3014,2208987.4828
2905,1720481.5156,2209246.9872
2906,1720504.1495,2209388.5204
2907,1720464.5013,2211185.4318
2908,1721420.7562,2212246.7292
2909,1723742.4927,2212594.5748
2910,1723891.5417,2212609.4797
2911,1723939.3717,2212557.1799
2912,1724491.4291,2214087.2027
2913,1724488.3093,2214112.7522
2914,1723986.6883,2214948.2078
2915,1724899.7223,2217545.5759
2916,1724145.6886,2220923.9694
2917,1724696.6247,2218860.8338
2918,1727189.4944,2188407.9992
2919,1727219.0435,2188411.6862
2920,1726811.4976,2188785.999
2921,1723652.7417,2186811.0176
2922,1725863.3035,2188394.2121
2923,1726001.2399,2188805.6696
2924,1726372.4648,2189109.1
2925,1722386.7831,2188814.7364
2926,1722463.6099,2188331.7318
2927,1722736.4303,2188115.8484
2928,1720348.1876,2191771.1553
2929,1722088.8931,2188934.5844
2930,1722254.4384,2188863.9338
2931,1722249.2001,2188861.9423
2932,1719164.7644,2194211.536
2933,1720339.4173,2191796.3502
2934,1718545.0708,2195194.0118
2935,1718516.9257,2195308.474
2936,1718713.3413,2197134.7455
2937,1717490.743,2199197.8307
2938,1717154.8031,2200170.1161
2939,1716149.9103,2201570.4394
2940,1715399.7248,2202605.0353
2941,1715485.3639,2203031.0134
2942,1715208.6039,2204651.7065
2943,1714509.5432,2205387.9466
2944,1713771.2036,2206461.8819
2945,1713043.0684,2207832.6628
2946,1712666.4508,2208405.4102
2947,1722600.3096,2186100.7722
2948,1723389.4166,2187088.232
2949,1717497.3806,2183325.9833
2950,1715977.6861,2181896.9324
2951,1715656.4861,2180579.8831
2952,1715378.5776,2180271.9838
2953,1714459.2561,2178613.1442
2954,1707679.4524,2177844.8754
2955,1710139.964,2177663.3719
2956,1706277.7058,2181954.0241
2957,1706006.0686,2183407.9508
2958,1745887.5678,2215539.4199
2959,1747913.9919,2221438.6109
2960,1748203.935,2221687.9572
2961,1748323.9322,2222655.1778
2962,1748105.6795,2223460.4904
2963,1748733.9511,2225083.4574
2964,1748768.957,2225443.2374
2965,1749100.7965,2226090.6695
2966,1749345.2435,2226873.2392
2967,1752112.2672,2228493.7289
2968,1751429.2431,2227704.1165
2969,1754007.2763,2224023.1897
2970,1754700.8991,2228437.3051
2971,1755034.5993,2227205.168
2972,1736709.2365,2198136.5918
2973,1735528.2686,2196111.7048
2974,1740459.7726,2202546.396
2975,1743161.6083,2204105.4326
2976,1738442.2068,2275989.4788
2977,1744113.5831,2255944.409
2978,1743885.6738,2256987.5532
2979,1745663.946,2260689.0044
2980,1746976.0245,2261737.9631
2981,1752698.8431,2254319.2015
2982,1750414.74,2256218.3654
2983,1750413.4111,2256227.8887
2984,1750145.5344,2257010.4521
2985,1750175.6017,2256641.707
2986,1750242.2756,2257198.0771
2987,1749959.2793,2259237.3115
2988,1750220.3091,2259735.7121
2989,1750782.9242,2260442.3437
2990,1728816.6551,2255658.2739
2991,1730336.3171,2252515.6813
2992,1728740.1042,2255882.4892
2993,1728620.1215,2256333.1259
2994,1749196.8217,2309392.9516
2995,1749175.4555,2309113.6423
2996,1743199.4127,2246421.2105
2997,1743173.3524,2243619.3061
2998,1743072.2309,2246812.5246
2999,1742996.1922,2246965.9902
3000,1742681.3224,2247307.0308
3001,1742668.3784,2248165.1975
3002,1742578.2895,2248895.6635
3003,1736350.9555,2272176.0188
3004,1737828.9065,2269239.6416
3005,1737825.0897,2269073.4253
3006,1741181.3124,2243809.7841
3007,1741775.737,2243009.4549
3008,1740685.0475,2244141.3254
3009,1738957.5957,2245654.3451
3010,1738841.4741,2246465.5848
3011,1739392.2429,2251291.7292
3012,1739456.2185,2250539.6171
3013,1739148.6152,2252060.9816
3014,1739137.6835,2252097.8896
3015,1738829.092,2253120.2436
3016,1738221.4553,2254287.6204
3017,1737932.5729,2254707.9876
3018,1737822.6652,2255011.2793
3019,1735361.0253,2266361.7485
3020,1735192.3806,2266570.3676
3021,1765146.7697,2264495.3775
3022,1763596.6869,2265955.461
3023,1760764.9511,2266720.9574
3024,1763526.7143,2265944.709
3025,1759910.6518,2265932.0108
3026,1749575.4562,2285269.49
3027,1750040.1672,2287140.4075
3028,1749973.5511,2290859.0547
3029,1749185.1977,2291398.1415
3030,1741287.6658,2221769.9224
3031,1741714.4025,2221551.2671
3032,1743337.0491,2220535.5935
3033,1740535.5374,2222387.6865
3034,1739768.6339,2222647.615
3035,1739080.944,2223597.6782
3036,1738434.4246,2223976.7043
3037,1738044.496,2223975.2196
3038,1737268.6769,2224377.5125
3039,1719687.0899,2212943.5293
3040,1719157.3116,2214263.4849
3041,1719035.6151,2215433.0841
3042,1717478.6975,2217894.7673
3043,1718861.5991,2219717.9087
3044,1719235.1226,2220092.636
3045,1745048.6922,2239311.9425
3046,1748919.3821,2241178.1103
3047,1742399.3061,2239792.3794
3048,1717519.3275,2196190.7342
3049,1714637.4377,2195130.9932
3050,1713918.0854,2194893.7419
3051,1713745.1294,2194778.6164
3052,1713196.0722,2194926.1093
3053,1713649.8957,2194787.4089
3054,1712979.0451,2195290.1144
3055,1719069.3991,2180303.6633
3056,1722734.8691,2184122.4977
3057,1719191.6857,2180146.9487
3058,1719178.8687,2179666.6208
3059,1716758.8505,2174901.0489
3060,1716329.4967,2174554.5087
3061,1716179.4931,2174322.0331
3062,1716180.2062,2174377.2896
3063,1716324.9617,2174493.1684
3064,1716152.9231,2174184.9898
3065,1749266.944,2233740.2931
3066,1748356.3296,2239448.6372
3067,1715339.9077,2198271.0369
3068,1713670.7465,2197924.2701
3069,1713691.8062,2199046.4229
3070,1713768.9549,2198567.6256
3071,1713362.5985,2199099.7784
3072,1712356.6553,2199565.3288
3073,1710511.8499,2200218.4443
3074,1710027.0099,2200087.9469
3075,1709897.371,2200219.3738
3076,1708113.928,2200196.0414
3077,1706244.7451,2201614.8873
3078,1706360.2014,2200997.6593
3079,1740899.0913,2241020.7959
3080,1741625.1637,2242017.139
3081,1741622.9159,2242027.1348
3082,1739060.8117,2239192.7863
3083,1738540.3834,2238030.1835
3084,1719700.0445,2204384.6481
3085,1731958.3061,2232238.5393
3086,1731194.2034,2233263.0617
3087,1732224.2144,2231702.6154
3088,1732351.1389,2231164.1581
3089,1733047.02,2227766.1432
3090,1722504.2175,2191353.2427
3091,1722343.8826,2193979.2907
3092,1722581.9647,2194266.0919
3093,1723323.9327,2195788.9586
3094,1722528.3926,2196645.5222
3095,1723143.9962,2216004.0913
3096,1720633.5882,2220423.284
3097,1720971.062,2220971.0326
3098,1738314.4256,2206686.4827
3099,1739271.023,2206364.3896
3100,1737638.473,2208098.9581
3101,1737984.2028,2209038.5915
3102,1737227.2679,2210797.7892
3103,1736802.0099,2214404.6568
3104,1736472.5416,2240923.4657
3105,1736385.4066,2241652.0235
3106,1736391.838,2241664.125
3107,1736380.5032,2241727.0027
3108,1736110.1125,2236031.4687
3109,1735645.5261,2235228.0084
3110,1735134.48,2234104.2017
3111,1726470.8929,2236870.2975
3112,1727473.6415,2237458.774
3113,1724898.7635,2239064.6602
3114,1725819.5122,2238782.0842
3115,1727495.2547,2237523.9483
3116,1728610.8599,2221621.4322
3117,1728511.9781,2221323.8176
3118,1727811.4491,2218768.7809
3119,1707719.3348,2187834.2072
3120,1708491.8508,2187081.0678
3121,1707449.9585,2188388.7149
3122,1708800.2945,2186396.128
3123,1710188.6798,2186337.5858
3124,1717239.3055,2191628.7947
3125,1718242.8327,2192396.4046
3126,1719829.0803,2191884.4905
3127,1754603.2161,2241577.9977
3128,1754136.4557,2240509.6202
3129,1754897.5296,2239138.9998
3130,1735469.3952,2222447.5794
3131,1735214.6006,2221998.5266
3132,1718328.1644,2179814.9519
3133,1717143.7665,2179346.6175
3134,1720843.4763,2178764.2633
3135,1721638.2871,2181113.0332
3136,1722236.5206,2181532.8409
3137,1721697.4298,2181218.1506
3138,1721697.3809,2181211.4407
3139,1725888.386,2183992.0144
3140,1723997.1655,2185719.7163
3141,1723647.0355,2186801.8776
3142,1723758.02,2185611.174
3143,1721410.3001,2186654.0119
3144,1721310.2245,2186524.0272
3145,1720499.8183,2186314.0845
3146,1717552.9511,2186211.0771
3147,1715693.2119,2186827.4964
3148,1714309.2051,2187886.1417
3149,1715619.6907,2186811.2271
3150,1713717.7561,2187747.9063
3151,1713620.5826,2187778.9429
3152,1713380.5458,2188001.5156
3153,1713013.2973,2189316.2527
3154,1712492.5966,2189852.0974
3155,1712288.0702,2190100.8408
3156,1711217.2143,2191727.42
3157,1709334.5055,2191288.7077
3158,1706877.3823,2191722.8211
3159,1706749.4965,2191698.0037
3160,1706314.2045,2191818.9989
3161,1706658.2582,2191721.7087
3162,1705852.5678,2193713.5978
3163,1705682.2292,2193959.3658
3164,1705768.714,2194246.0075
3165,1721109.4059,2186891.3241
3166,1720724.3981,2187944.5779
3167,1720826.6731,2187405.7139
3168,1721108.3343,2186894.5806
3169,1718511.9059,2188497.769
3170,1718781.5243,2187799.3188
3171,1719761.8226,2186600.7712
3172,1718773.3717,2189049.7231
3173,1718825.5959,2187586.455
3174,1718810.5505,2187518.5534
3175,1719644.9254,2186742.6635
3176,1717074.5359,2190279.6263
3177,1717108.2252,2188358.7774
3178,1717078.6839,2187133.9893
3179,1717005.0412,2187761.4983
3180,1716894.2708,2187432.7457
3181,1717006.3014,2187755.7908
3182,1714810.7518,2188912.3114
3183,1714645.4697,2188784.0602
3184,1716278.9928,2193467.5392
3185,1716367.2809,2193775.5473
3186,1713827.573,2190316.9005
3187,1714195.6487,2193060.8313
3188,1713270.3677,2191849.4793
3189,1712001.1949,2192537.7555
3190,1711926.682,2192746.9283
3191,1710652.7988,2193069.8663
3192,1706832.0122,2194281.1313
3193,1708439.1772,2194635.5138
3194,1708534.3498,2194648.6253
3195,1708714.5538,2194381.4434
3196,1709001.7863,2194237.5249
3197,1710631.8416,2193083.2206
3198,1708994.6423,2194233.9283
3199,1708450.4536,2194632.2255
3200,1708015.2439,2193198.8623
3201,1706079.0777,2193868.4806
3202,1711866.618,2194084.7358
3203,1706313.5509,2191131.4836
3204,1706710.3221,2191672.859
3205,1706720.1012,2191668.4958
3206,1704828.2697,2189838.4884
3207,1704111.8883,2189494.213
3208,1705248.8329,2190681.5569
3209,1705148.1876,2190365.541
3210,1705196.3241,2193529.5099
3211,1703528.4516,2193040.9776
3212,1703011.6833,2193336.2372
3213,1701358.6842,2193236.5618
3214,1702827.7187,2193702.3
3215,1701103.2427,2193049.0448
3216,1701048.8961,2193002.9542
3217,1700889.2758,2192778.8607
3218,1703574.5764,2192948.8295
3219,1703555.7388,2192776.781
3220,1704987.6056,2193375.9268
3221,1704782.353,2193265.0702
3222,1705982.09,2191674.9048
3223,1705597.6901,2191545.5346
3224,1704419.5051,2190322.8637
3225,1704579.8014,2190473.6644
3226,1704628.9733,2190660.2823
3227,1704716.9005,2190753.1218
3228,1704637.4155,2190657.6934
3229,1708003.6747,2190945.4117
3230,1710843.9497,2189171.1855
3231,1711629.9801,2189738.0109
3232,1710234.4221,2187979.5216
3233,1709933.4082,2189403.3041
3234,1712799.1766,2187115.1399
3235,1713154.3785,2187353.4851
3236,1713407.3204,2187564.0329
3237,1713162.1946,2187354.7713
3238,1712403.8362,2186684.3122
3239,1711771.2824,2185959.8994
3240,1718520.2223,2184020.9788
3241,1715329.8663,2185104.4982
3242,1716296.7769,2184241.9611
3243,1715439.8128,2181644.5655
3244,1713024.9973,2184614.7447
3245,1712469.3652,2184793.9435
3246,1712387.2537,2184967.3704
3247,1712131.5268,2183751.3548
3248,1713570.8616,2180067.6
3249,1713016.5571,2180275.9702
3250,1711423.4037,2180596.3597
3251,1710639.9967,2179854.2588
3252,1710689.5236,2179699.8925
3253,1709393.866,2183457.2616
3254,1709138.3282,2185095.7622
3255,1709440.807,2185444.3639
3256,1708040.2342,2183662.4623
3257,1708085.3498,2184113.1862
3258,1709979.0545,2176111.3344
3259,1709223.3941,2175910.5924
3260,1708952.5693,2175921.6962
3261,1709456.4702,2176620.543
3262,1710437.5586,2177671.2701
3263,1710417.4982,2177711.9945
3264,1704854.9321,2188125.9697
3265,1705554.8669,2184612.6043
3266,1704632.2713,2188714.3849
3267,1704718.4348,2184567.1737
3268,1704267.3107,2186062.8126
3269,1703853.9655,2186813.7972
3270,1700479.4269,2185639.1008
3271,1715779.0957,2176957.2796
3272,1714916.6111,2174912.11
3273,1714532.2263,2174654.189
3274,1714154.3088,2174308.4874
3275,1710915.0608,2174523.0641
3276,1711753.5961,2174582.0309
3277,1712854.3949,2177149.4597
3278,1712780.1886,2177193.4395
3279,1714951.4704,2174988.014
3280,1715059.7894,2174988.277
3281,1714400.5772,2174701.2492
3282,1714793.3211,2175459.5333
3283,1712268.8748,2176645.1466
3284,1712896.1498,2176468.6047
3285,1724065.3041,2193035.4607
3286,1724721.9761,2194975.0341
3287,1724789.2626,2194546.4268
3288,1723676.3313,2194187.6387
3289,1723675.7487,2194502.5034
3290,1720767.5724,2192700.5335
3291,1721157.9607,2193184.1287
3292,1721604.0817,2197720.0864
3293,1721582.3352,2199101.2034
3294,1721660.3618,2199885.1095
3295,1721062.602,2199636.1052
3296,1721191.0768,2198864.197
3297,1720403.0809,2197535.8348
3298,1720242.0149,2196788.4714
3299,1720016.3538,2198365.5571
3300,1720052.5723,2199197.8803
3301,1720751.857,2201467.126
3302,1720628.1787,2200980.1481
3303,1719330.1991,2200385.7284
3304,1720356.1526,2202163.587
3305,1720390.593,2202599.146
3306,1719483.0762,2200950.1094
3307,1719301.6946,2201253.465
3308,1717580.6511,2204045.0843
3309,1719266.0196,2205576.4778
3310,1718845.3484,2204996.9237
3311,1717555.2908,2205742.9245
3312,1717501.6554,2210053.8724
3313,1717289.9177,2208688.9725
3314,1717089.211,2208662.5049
3315,1717291.589,2208676.2464
3316,1717570.863,2210426.2727
3317,1717745.7927,2210961.4108
3318,1718238.5276,2212270.9387
3319,1718249.5439,2206635.5652
3320,1718540.8821,2206892.2599
3321,1716287.636,2206619.8814
3322,1716461.6182,2206257.1593
3323,1714994.6364,2207772.005
3324,1715730.1451,2209046.5751
3325,1715070.3664,2207907.0283
3326,1716076.1248,2209937.5247
3327,1713095.3451,2208145.8426
3328,1714902.0615,2211412.7567
3329,1715721.3798,2212312.3173
3330,1716430.7718,2212455.0389
3331,1716432.3168,2218277.7992
3332,1714319.5943,2208886.2962
3333,1714986.9744,2212316.2288
3334,1715250.1638,2212999.6737
3335,1715042.7667,2212690.8773
3336,1715049.7321,2212676.8666
3337,1715580.1756,2213488.0901
3338,1712381.0302,2208599.5552
3339,1711097.6971,2209819.673
3340,1708237.6084,2211471.1581
3341,1708794.8266,2211554.6608
3342,1712688.2743,2209430.5773
3343,1713437.9647,2212579.0642
3344,1713462.322,2212146.2088
3345,1713379.9611,2211902.0736
3346,1713497.7477,2213595.0215
3347,1711211.4855,2214984.3165
3348,1711671.4955,2215122.5058
3349,1712105.6157,2215272.0036
3350,1710264.6615,2213856.3645
3351,1709576.5637,2213172.2404
3352,1709502.2618,2213263.4027
3353,1709247.7456,2213293.8475
3354,1709384.1633,2213365.8762
3355,1708507.405,2212928.6679
3356,1712306.6572,2210705.1897
3357,1712363.2246,2211244.864
3358,1711160.5156,2210869.6015
3359,1710827.5922,2211326.0552
3360,1710884.7129,2212846.8374
3361,1710748.0792,2212412.7911
3362,1711866.4294,2211859.2997
3363,1711728.0857,2212287.8244
3364,1709312.332,2212626.1219
3365,1709717.7213,2212204.0034
3366,1711482.5636,2208249.3888
3367,1711202.2654,2208150.8851
3368,1708429.1058,2208260.8569
3369,1706109.4867,2207004.4443
3370,1706115.846,2206179.589
3371,1709215.0284,2210128.6113
3372,1707657.9088,2210459.398
3373,1707712.1012,2209487.7346
3374,1711684.7638,2205482.0207
3375,1707775.1743,2205092.2698
3376,1708007.8504,2204868.1405
3377,1708215.1253,2206047.0353
3378,1710849.3222,2202679.9487
3379,1714101.2448,2200081.0254
3380,1709775.8724,2203568.647
3381,1714273.9284,2199882.9925
3382,1714273.252,2199883.0413
3383,1710527.8624,2201562.4324
3384,1710258.7305,2202631.0702
3385,1709674.3169,2200435.1421
3386,1705545.5425,2205148.864
3387,1708915.155,2202930.3207
3388,1706429.4839,2199255.3704
3389,1706763.3183,2199368.3355
3390,1709302.9293,2199403.6567
3391,1709202.6901,2199155.9482
3392,1710438.0883,2199218.4565
3393,1713535.0896,2197907.4815
3394,1713318.2886,2197497.6673
3395,1713005.4111,2197289.6604
3396,1707635.881,2196675.1143
3397,1704565.3088,2196648.5574
3398,1705759.4262,2196371.513
3399,1704431.436,2196553.4354
3400,1709556.8187,2198310.6315
3401,1709068.7941,2198124.3317
3402,1705504.1577,2197915.4251
3403,1705447.291,2198044.5324
3404,1706993.5023,2196077.0124
3405,1703237.4626,2195694.599
3406,1703998.2736,2195088.5374
3407,1706914.2294,2195886.3772
3408,1706925.296,2195894.6446
3409,1714109.9417,2195639.09
3410,1713904.4783,2195646.2597
3411,1713285.9334,2194061.8225
3412,1713651.0938,2194735.1956
3413,1712820.3423,2193890.9858
3414,1726991.667,2189840.5414
3415,1727014.5656,2189344.7582
3416,1727148.4721,2190502.9666
3417,1727192.3497,2190294.8834
3418,1726682.666,2194231.6066
3419,1726823.9949,2188827.3507
3420,1725687.3928,2195161.7565
3421,1724340.9707,2198890.431
3422,1724179.7948,2200132.7844
3423,1722810.1972,2200819.1381
3424,1721756.0801,2204082.6569
3425,1721838.3185,2204292.6417
3426,1726746.5775,2194274.074
3427,1727259.5845,2194735.8013
3428,1727260.8926,2194729.944
3429,1728386.0378,2196121.3235
3430,1729038.34,2196345.7047
3431,1730530.3731,2197539.7817
3432,1729538.306,2196711.8583
3433,1730883.3303,2197589.6951
3434,1726533.2708,2195964.8822
3435,1725178.3235,2199465.916
3436,1725644.5944,2199690.7791
3437,1724340.2096,2201843.2821
3438,1724101.2959,2202601.0145
3439,1722958.1665,2202122.6277
3440,1722990.2335,2202418.5171
3441,1729220.3905,2192603.6672
3442,1728647.2359,2190336.2235
3443,1728654.597,2190329.194
3444,1729050.618,2193075.0261
3445,1729129.508,2193300.0223
3446,1729239.6303,2193697.3653
3447,1731731.851,2196495.489
3448,1731199.2625,2196232.2319
3449,1734072.0658,2209359.6675
3450,1732461.1204,2217047.0665
3451,1732945.0913,2217232.6913
3452,1733233.6776,2222391.0195
3453,1730745.5819,2222564.9309
3454,1731053.4858,2223313.3246
3455,1730688.605,2222449.8604
3456,1731400.4184,2221768.9107
3457,1730922.195,2220859.1625
3458,1730488.5715,2220707.3022
3459,1731170.6504,2215879.888
3460,1730139.7066,2217143.14
3461,1729507.2677,2213855.2263
3462,1734076.5543,2215794.7202
3463,1733441.3126,2214660.9445
3464,1735694.1182,2215338.5361
3465,1735113.7402,2213219.2327
3466,1735813.3299,2216434.358
3467,1733698.239,2204496.6459
3468,1732776.3459,2205734.5283
3469,1733639.8037,2204341.863
3470,1732383.396,2206129.7829
3471,1731882.7651,2206810.7148
3472,1732334.9326,2207909.026
3473,1731964.2689,2208401.0939
3474,1732248.0434,2209212.4594
3475,1731965.0707,2208466.8983
3476,1731970.2687,2208458.6632
3477,1731968.9757,2208412.4689
3478,1730334.903,2206271.0191
3479,1730306.8819,2206361.8765
3480,1731295.9945,2208178.4564
3481,1731017.9417,2208764.7046
3482,1731535.9391,2207357.9905
3483,1731698.4949,2207856.2155
3484,1729028.1154,2207485.9156
3485,1730539.2385,2210006.9407
3486,1730798.9545,2212337.8025
3487,1730467.0114,2211846.4215
3488,1731901.7597,2210775.5852
3489,1731723.5696,2211111.1327
3490,1728560.0763,2208032.3565
3491,1728290.3484,2208823.7409
3492,1728248.0702,2209059.8411
3493,1728343.5417,2212091.6129
3494,1728329.0941,2211450.5998
3495,1728341.0025,2203125.0316
3496,1728753.1482,2203534.6377
3497,1727402.3688,2204611.1113
3498,1727910.5956,2204821.6841
3499,1726515.4791,2206709.7809
3500,1726826.5379,2206091.5361
3501,1725519.996,2211435.0394
3502,1723117.7751,2207179.5061
3503,1722819.9727,2208698.3242
3504,1722764.1378,2209202.9338
3505,1721951.2952,2209940.062
3506,1721531.5389,2208893.5539
3507,1725477.9981,2216065.8802
3508,1726062.3234,2216537.5051
3509,1725765.9482,2225132.8793
3510,1723491.2571,2224087.1537
3511,1721961.9368,2221785.3685
3512,1721920.3193,2221219.7191
3513,1723654.4559,2221192.217
3514,1721375.0676,2223546.4843
3515,1723320.2336,2222747.3127
3516,1721198.9166,2223525.5251
3517,1726838.0173,2220653.6551
3518,1725946.4247,2218318.3798
3519,1727523.7105,2221817.0632
3520,1727463.0345,2221926.8755
3521,1727090.717,2223444.5998
3522,1726509.3693,2224892.0453
3523,1729062.8431,2225637.7371
3524,1729208.39,2225969.3685
3525,1723589.0566,2218083.4385
3526,1723403.1407,2218684.9148
3527,1721020.904,2214141.622
3528,1721967.8811,2214458.0908
3529,1719953.8335,2216005.5802
3530,1719900.0443,2215668.1369
3531,1719517.4601,2217462.9947
3532,1719439.6536,2219246.0079
3533,1719401.6716,2219925.1239
3534,1717636.1229,2221388.9051
3535,1716731.1256,2221404.6146
3536,1717224.2094,2218213.2261
3537,1716492.1506,2218299.0322
3538,1715372.729,2219610.5519
3539,1715271.332,2219393.6946
3540,1716202.433,2218347.1805
3541,1716484.7676,2218296.4176
3542,1717503.6595,2219448.7552
3543,1717454.1035,2220330.0005
3544,1720025.5043,2209415.4691
3545,1719418.3886,2209844.1882
3546,1718345.41,2209756.7594
3547,1718328.636,2209033.8609
3548,1719236.5814,2208079.1592
3549,1718790.3328,2208388.9303
3550,1722271.4526,2205707.0075
3551,1722396.6114,2205493.4851
3552,1727071.3098,2200379.4562
3553,1727145.5436,2201041.7342
3554,1733585.4276,2200292.7413
3555,1733719.2313,2200225.4716
3556,1733834.2601,2200196.0358
3557,1733969.508,2200110.7257
3558,1734155.7989,2199611.5671
3559,1731916.2251,2197185.0129
3560,1732232.5959,2197468.2401
3561,1734200.2892,2199007.2745
3562,1734072.4025,2199348.8369
3563,1734175.9934,2199497.951
3564,1734083.4278,2199351.3027
3565,1735905.4377,2207260.5358
3566,1736765.317,2203651.9091
3567,1735810.0713,2207396.5636
3568,1737882.6135,2206081.9302
3569,1737275.4949,2204584.1282
3570,1738344.8096,2207649.3697
3571,1738431.4419,2207894.8207
3572,1739024.3217,2208861.4474
3573,1739307.2734,2209164.4324
3574,1738454.5215,2210353.0619
3575,1736656.8864,2210440.3037
3576,1736364.8706,2210143.143
3577,1735731.2629,2208476.5653
3578,1741566.4697,2209927.3628
3579,1741598.5721,2209876.8363
3580,1739438.8468,2212148.7869
3581,1739301.0823,2213604.1032
3582,1738918.887,2212745.5739
3583,1738790.1097,2213120.9054
3584,1739504.3945,2209687.0046
3585,1739157.4654,2209301.2691
3586,1741850.5613,2210614.0108
3587,1741834.5073,2210444.9287
3588,1740648.5941,2211587.1411
3589,1740712.82,2211908.945
3590,1740818.1408,2211911.7456
3591,1740722.1748,2211909.1882
3592,1740529.0268,2211315.8741
3593,1743121.5733,2214685.7775
3594,1743274.4959,2214455.1027
3595,1742105.0712,2215627.2819
3596,1741300.9225,2214886.1206
3597,1739029.7354,2215924.7202
3598,1739024.785,2216278.126
3599,1739028.4403,2216147.6599
3600,1738449.5646,2217610.8479
3601,1738816.408,2217234.2072
3602,1738816.0705,2217087.0735
3603,1738810.3238,2217009.6132
3604,1738835.6002,2216760.5911
3605,1738177.9198,2218069.4039
3606,1738252.0472,2218073.0313
3607,1741108.8468,2216833.3287
3608,1741058.002,2217218.3836
3609,1738109.1539,2217733.4528
3610,1738234.3056,2217717.1128
3611,1737678.0193,2217525.6824
3612,1738053.4972,2217737.9996
3613,1736797.283,2217751.9618
3614,1738111.2046,2216546.897
3615,1737346.1424,2215541.4168
3616,1737469.5753,2215304.0727
3617,1737625.0069,2215108.1273
3618,1738107.978,2220196.4698
3619,1741266.8776,2219038.2426
3620,1743375.588,2218855.7363
3621,1743384.0801,2218855.7436
3622,1737826.3233,2220093.4008
3623,1736054.99,2220303.2255
3624,1735879.9444,2219637.5383
3625,1735816.6326,2219460.4182
3626,1735468.3451,2220223.0905
3627,1735227.7357,2220315.7378
3628,1734939.8217,2220594.6388
3629,1734522.6736,2220382.1276
3630,1733627.6612,2220339.8987
3631,1732555.1957,2218854.1208
3632,1735275.9731,2222480.0041
3633,1735213.5079,2222024.7018
3634,1734943.4913,2223573.391
3635,1733613.975,2218526.3475
3636,1735695.3186,2216990.6741
3637,1741397.5505,2223787.8866
3638,1741148.6943,2223059.371
3639,1741473.3609,2223944.192
3640,1740746.3466,2224370.6919
3641,1740637.6908,2223353.5279
3642,1740614.6098,2223169.7347
3643,1740643.1651,2223348.9114
3644,1739647.2461,2225025.5536
3645,1739681.7403,2225295.963
3646,1738888.3194,2222734.8325
3647,1738552.2943,2222735.0118
3648,1738119.3323,2223175.4555
3649,1742662.3475,2223737.6461
3650,1743831.5448,2221972.0255
3651,1741274.9184,2226034.2297
3652,1744210.7665,2224021.9663
3653,1740947.9493,2230957.2872
3654,1742131.3364,2226910.538
3655,1742244.337,2227188.1633
3656,1740445.8709,2225631.4946
3657,1741840.1785,2226792.2127
3658,1740062.9944,2229612.4059
3659,1740164.2019,2229816.4714
3660,1735737.8966,2234224.8707
3661,1735914.9426,2233201.5051
3662,1735827.511,2232787.8549
3663,1736861.243,2227231.6825
3664,1736032.9251,2226997.132
3665,1737958.4516,2227088.4966
3666,1733651.0774,2224202.8242
3667,1737598.4034,2225628.4943
3668,1737417.5156,2225319.737
3669,1742421.0274,2226372.0607
3670,1744523.703,2233422.2402
3671,1744407.3541,2233548.2311
3672,1743146.6186,2233946.0148
3673,1743116.3081,2236562.1796
3674,1742700.1722,2235990.2784
3675,1743406.4092,2235564.3626
3676,1741684.6987,2234547.741
3677,1742169.7907,2237227.8655
3678,1741797.7619,2234859.4868
3679,1741694.2839,2234555.3049
3680,1740952.0273,2233809.7483
3681,1740947.147,2234357.4228
3682,1740007.4397,2236731.2902
3683,1740152.4562,2232773.0578
3684,1739850.314,2233686.7574
3685,1738506.2709,2236431.3583
3686,1739288.7537,2237212.1284
3687,1736935.3348,2230105.3471
3688,1738151.0883,2231175.8209
3689,1737237.4551,2231833.1505
3690,1738051.6604,2231741.5203
3691,1737084.6133,2231617.4123
3692,1743211.0513,2229646.477
3693,1742204.454,2230852.6676
3694,1743204.433,2229813.0333
3695,1746265.71,2232038.2398
3696,1746856.4968,2230727.5788
3697,1745509.0555,2232676
3698,1745085.0572,2235959.4184
3699,1746893.2485,2235701.0489
3700,1746360.597,2235438.926
3701,1746270.6479,2235665.4117
3702,1745874.6205,2235153.2168
3703,1747700.6154,2234930.3471
3704,1748166.4479,2231404.267
3705,1749150.6978,2236337.0458
3706,1750468.2244,2236275.5401
3707,1750095.4228,2234356.2941
3708,1750108.5608,2234342.9349
3709,1751044.6887,2234615.6567
3710,1751045.8391,2234613.0714
3711,1751936.9683,2235847.2162
3712,1750834.1443,2239083.8084
3713,1751419.368,2239837.8107
3714,1750549.7241,2237444.9747
3715,1749111.2514,2238192.8452
3716,1751101.4513,2239972.58
3717,1745520.6637,2238126.8046
3718,1748418.0274,2243538.133
3719,1748788.543,2243512.6088
3720,1744595.795,2241649.824
3721,1744375.4281,2240598.5975
3722,1744581.6908,2241653.3797
3723,1744089.0741,2240573.2773
3724,1739634.0541,2237697.1404
3725,1740994.5848,2240186.4508
3726,1740813.0938,2239914.4034
3727,1740636.6164,2237561.4059
3728,1734800.9619,2239810.4113
3729,1734428.6492,2238129.8984
3730,1734295.8896,2237779.565
3731,1734112.4558,2237436.1319
3732,1734119.2111,2237566.3125
3733,1734082.1443,2235260.498
3734,1734643.1406,2236049.0125
3735,1732073.3104,2243037.4218
3736,1731544.588,2241534.2335
3737,1731452.5158,2242616.1236
3738,1730485.5376,2240341.6792
3739,1729115.8335,2239745.7256
3740,1728861.3352,2239979.5938
3741,1727835.8616,2241393.8639
3742,1728585.9163,2237916.612
3743,1727984.6895,2237523.2998
3744,1727436.8855,2239413.2182
3745,1727449.2324,2239358.2572
3746,1727860.5954,2238986.5872
3747,1727726.576,2239053.4146
3748,1727202.6642,2239772.9045
3749,1729706.7106,2236686.6203
3750,1728513.3004,2236054.3584
3751,1728163.1768,2236179.9734
3752,1728048.3062,2236156.9681
3753,1726975.1225,2234159.4386
3754,1727040.9559,2234709.4274
3755,1728234.0418,2235718.2312
3756,1728293.9431,2235264.5178
3757,1730220.8921,2235555.7319
3758,1731034.8919,2230183.7476
3759,1732326.2849,2226941.4285
3760,1730330.9114,2226781.5926
3761,1731742.675,2226310.5051
3762,1731719.9767,2226307.9951
3763,1731657.343,2226459.2579
3764,1731114.386,2225439.8132
3765,1731099.514,2225119.9144
3766,1731119.2671,2224609.6794
3767,1733146.0717,2227728.164
3768,1733965.445,2227522.1857
3769,1733381.6388,2229178.3873
3770,1733424.4048,2233082.1043
3771,1732195.2999,2232825.1507
3772,1732241.6197,2233008.922
3773,1722988.6996,2231881.6314
3774,1722335.536,2232192.4239
3775,1722260.8257,2232191.4893
3776,1721360.3167,2232615.0018
3777,1721087.8717,2233291.5306
3778,1721720.4207,2231464.69
3779,1720938.6518,2230870.3141
3780,1717824.6863,2226490.6955
3781,1717445.8338,2227088.3902
3782,1716774.2968,2228163.9317
3783,1716400.2911,2227513.5813
3784,1715757.0441,2226669.2604
3785,1715536.1528,2227438.6847
3786,1719716.1008,2223202.3187
3787,1719661.0891,2223772.6196
3788,1721685.928,2225578.8555
3789,1721613.2649,2225869.6766
3790,1723833.7452,2229241.4604
3791,1725061.9113,2227951.5967
3792,1725029.6617,2226267.5364
3793,1725315.264,2225774.9482
3794,1726462.5734,2228631.6009
3795,1726964.1762,2227402.5806
3796,1728029.4996,2228763.4712
3797,1728936.2897,2229955.1089
3798,1727525.6423,2227352.0746
3799,1729056.4423,2229625.0369
3800,1729649.55,2229563.1934
3801,1729205.8463,2227740.141
3802,1726172.8127,2233552.6924
3803,1726474.4334,2233347.1054
3804,1728202.7773,2232200.34
3805,1729504.405,2233763.1295
3806,1729530.644,2233338.436
3807,1729537.5145,2233959.6662
3808,1731227.2257,2235780.7078
3809,1732659.3195,2234248.2079
3810,1731842.0125,2237017.2541
3811,1731787.3824,2236687.2065
3812,1732101.1485,2238317.7674
3813,1731881.6228,2239071.5587
3814,1733034.2271,2238100.7957
3815,1732893.9944,2240642.1226
3816,1733875.0005,2240144.5526
3817,1733682.0099,2238848.5206
3818,1733731.9109,2238639.2452
3819,1734045.7011,2241459.1406
3820,1731903.6069,2245527.7445
3821,1731409.8326,2245103.2501
3822,1731887.485,2245528.937
3823,1730682.8787,2244476.8148
3824,1730664.5623,2244157.6193
3825,1729945.1384,2242411.7629
3826,1730789.1914,2241502.5653
3827,1728755.6297,2241441.7391
3828,1732216.8196,2243854.8656
3829,1731761.982,2244403.15
3830,1729350.0329,2243729.0589
3831,1729325.4624,2244466.5046
3832,1729477.0029,2243613.3751
3833,1729267.2044,2243043.471
3834,1727664.4184,2244552.8982
3835,1727672.1077,2244550.6118
3836,1727714.5003,2244596.9909
3837,1729319.1742,2246872.5695
3838,1729896.0141,2244755.6799
3839,1731478.6608,2257835.2128
3840,1731556.2794,2258372.5227
3841,1730417.045,2255978.1575
3842,1729423.8212,2257798.5126
3843,1729429.7425,2258012.4876
3844,1729769.603,2255994.5075
3845,1729508.024,2256179.5109
3846,1729074.5109,2255695.5868
3847,1729250.5015,2255774.7564
3848,1731058.9363,2251400.5694
3849,1730463.9823,2251150.5364
3850,1731691.1841,2251519.9055
3851,1731075.6565,2250125.8659
3852,1730435.712,2250566.5833
3853,1731456.948,2250280.3267
3854,1731786.9538,2250570.2132
3855,1732118.3695,2250773.7905
3856,1731771.8328,2246978.2415
3857,1731754.4151,2245774.509
3858,1731759.8677,2245762.6049
3859,1732111.5099,2247854.2424
3860,1731837.7058,2247029.8981
3861,1731489.1727,2247713.9984
3862,1732555.1441,2246898.0677
3863,1732875.6021,2245434.6831
3864,1735794.9151,2246643.3465
3865,1737617.8565,2250930.1156
3866,1736969.88,2251109.1819
3867,1736833.1628,2250970.6418
3868,1738319.5797,2250456.004
3869,1736740.2151,2252193.9948
3870,1737765.9684,2252528.1949
3871,1734929.6801,2257116.418
3872,1735260.0146,2257645.2071
3873,1733101.11,2252384.7143
3874,1732737.0325,2252908.8219
3875,1732434.0647,2254100.4217
3876,1732605.5795,2254714.107
3877,1732931.5282,2250973.3853
3878,1734169.1198,2249512.61
3879,1734338.7536,2249322.5616
3880,1732843.3562,2250780.1738
3881,1736557.0156,2245227.2747
3882,1737617.279,2244230.3725
3883,1738685.3091,2243096.0464
3884,1738924.0658,2243000.3711
3885,1738949.4941,2242924.0032
3886,1741605.24,2245491.3113
3887,1741697.0111,2246000.3709
3888,1741557.0271,2245658.9369
3889,1741728.1064,2246217.4209
3890,1741459.5751,2245461.0187
3891,1741555.2928,2245472.1552
3892,1740954.2378,2248166.427
3893,1741151.5639,2248528.6791
3894,1741099.3423,2249766.4919
3895,1738528.9633,2248980.8842
3896,1739198.7644,2248407.6764
3897,1738393.1128,2249273.2057
3898,1739229.5009,2248369.9956
3899,1740280.3722,2251216.7701
3900,1740271.204,2253327.9823
3901,1738545.8672,2251788.267
3902,1738071.6184,2251415.9435
3903,1737423.9904,2247990.822
3904,1737200.3038,2248843.3631
3905,1736940.5764,2246046.4481
3906,1737275.4622,2247138.1543
3907,1736451.1215,2247377.1377
3908,1742166.8465,2244607.4499
3909,1742334.2816,2243694.8901
3910,1742186.2054,2245139.5236
3911,1742555.6112,2246273.1297
3912,1742203.3636,2246036.0171
3913,1742276.6429,2245482.8675
3914,1742281.3567,2245313.2976
3915,1743089.1723,2247218.0306
3916,1742907.1589,2249636.7845
3917,1743039.9452,2247332.9176
3918,1742841.3238,2249779.4296
3919,1742624.3514,2247273.1571
3920,1742003.667,2247629.0926
3921,1742436.27,2247201.777
3922,1741976.5822,2249156.1424
3923,1744467.9399,2243003.4178
3924,1743780.264,2242672.1384
3925,1744702.5762,2243108.9314
3926,1748445.4397,2247724.0771
3927,1747704.7102,2247423.1555
3928,1748154.8742,2251829.075
3929,1748265.7798,2251514.733
3930,1748165.9882,2249238.9313
3931,1748103.32,2249038.0663
3932,1748424.8058,2252051.1125
3933,1748820.3226,2251905.2405
3934,1748854.6125,2251868.4367
3935,1749080.851,2251851.9297
3936,1749343.1677,2248977.7458
3937,1749350.3245,2249116.0022
3938,1747977.9841,2251980.3466
3939,1747951.7976,2252885.8844
3940,1747219.4484,2249192.9963
3941,1746192.2875,2248585.8715
3942,1744852.8902,2250441.253
3943,1745346.8988,2249833.5528
3944,1744449.7995,2250646.46
3945,1744782.3342,2250593.3296
3946,1743952.6177,2251736.7062
3947,1745061.1347,2251406.9642
3948,1743629.837,2251952.5551
3949,1743329.9373,2252021.3227
3950,1742646.6911,2252116.348
3951,1742669.3352,2250242.7658
3952,1744960.8661,2256414.5775
3953,1745553.3906,2256820.7928
3954,1747796.0273,2256979.6099
3955,1747786.9645,2256725.3545
3956,1746370.3798,2259230.0676
3957,1745960.4361,2260139.6056
3958,1745891.4859,2260452.1491
3959,1746700.6742,2258838.1243
3960,1747252.0088,2263369.2288
3961,1746170.6155,2265890.0738
3962,1743402.2096,2257445.3494
3963,1743228.4903,2258408.8472
3964,1743321.1189,2258067.5263
3965,1743432.7276,2258809.3681
3966,1743722.6967,2260260.8377
3967,1743320.8065,2260025.6913
3968,1743409.2464,2259817.2909
3969,1743411.0511,2259821.6721
3970,1744143.9454,2260921.4937
3971,1745395.1811,2263671.7223
3972,1744805.958,2263544.7101
3973,1744722.1852,2263402.0855
3974,1744002.8823,2261876.8129
3975,1744803.5385,2263532.529
3976,1744727.398,2263403.2873
3977,1744041.371,2261573.0623
3978,1744045.5669,2261644.0728
3979,1745937.8714,2263798.589
3980,1742971.5282,2258195.9453
3981,1743311.537,2257823.8662
3982,1742740.2136,2258361.5615
3983,1742687.9685,2258478.3915
3984,1742564.7106,2258818.0322
3985,1734803.7446,2269766.067
3986,1733645.0938,2269664.3421
3987,1733591.7844,2269694.2908
3988,1733293.7496,2269926.15
3989,1745226.2626,2275420.3562
3990,1745721.4675,2275336.7351
3991,1745921.0123,2275629.2669
3992,1746026.6664,2275834.6662
3993,1746289.9714,2277612.45
3994,1746784.007,2278234.9852
3995,1745482.9186,2281013.6458
3996,1745363.0613,2281503.5412
3997,1744825.5593,2281918.8473
3998,1744544.4466,2282581.9295
3999,1741330.3889,2283295.7308
4000,1741260.271,2283907.2898
4001,1743299.5506,2287128.7466
4002,1742890.8871,2286155.5238
4003,1741309.6873,2284561.9705
4004,1741363.3146,2284361.5625
4005,1743389.752,2287435.628
4006,1742043.0127,2277210.1913
4007,1741245.2222,2279066.6004
4008,1742028.636,2277340.8418
4009,1738902.2534,2278771.4336
4010,1738896.9269,2279161.2666
4011,1739953.844,2274231.3532
4012,1739888.5173,2274463.2986
4013,1738134.0555,2279802.5132
4014,1737641.8479,2277700.9166
4015,1737466.0392,2277666.4533
4016,1737642.9751,2277693.7908
4017,1738017.9935,2280007.2354
4018,1736189.4931,2278680.8761
4019,1736211.3785,2278641.2098
4020,1732696.1927,2281872.7675
4021,1733726.1877,2280347.1944
4022,1733991.3113,2283007.8031
4023,1734049.6115,2283173.1939
4024,1732740.7798,2284593.7306
4025,1737102.2956,2281233.2906
4026,1735020.3676,2279437.6384
4027,1737124.4283,2278228.1128
4028,1737070.2481,2278181.756
4029,1737429.8675,2278570.0526
4030,1736940.0221,2275668.5082
4031,1736986.9638,2274991.5057
4032,1737117.3508,2274734.8906
4033,1736968.1757,2275921.5696
4034,1736068.4997,2274867.9729
4035,1735551.2546,2272717.0791
4036,1735311.6722,2278285.7213
4037,1738098.3328,2270988.1598
4038,1737993.2017,2271030.0264
4039,1741193.0355,2266159.6732
4040,1740402.9569,2264495.5604
4041,1742163.3578,2268941.2384
4042,1741905.958,2267409.9749
4043,1741692.926,2267094.1275
4044,1745096.3642,2268956.1313
4045,1745151.458,2268805.905
4046,1743740.9532,2273239.339
4047,1743853.8515,2273401.7571
4048,1741067.0101,2266706.0114
4049,1740893.8734,2267094.736
4050,1741416.5891,2264414.8148
4051,1741431.2594,2264349.8728
4052,1741317.0188,2264077.3431
4053,1740798.9686,2263406.4781
4054,1741482.7172,2264637.1059
4055,1742252.4185,2260440.5883
4056,1741805.7845,2260266.1848
4057,1742916.4222,2261506.6763
4058,1742498.4605,2260690.4081
4059,1742492.3428,2260683.6469
4060,1742262.1846,2260443.3197
4061,1743038.3795,2262340.0662
4062,1743191.938,2262873.4616
4063,1743257.9249,2263279.4802
4064,1743629.4515,2264378.5118
4065,1743561.455,2264189.5825
4066,1743391.567,2263948.4499
4067,1743876.1657,2265346.4148
4068,1740096.8833,2258126.6185
4069,1740315.6114,2259378.2916
4070,1737989.1844,2259067.8611
4071,1738925.8753,2258457.9096
4072,1736994.69,2258835.256
4073,1735277.4582,2260633.7788
4074,1735381.7772,2261476.3386
4075,1735664.8133,2261516.6753
4076,1736104.9603,2262246.1269
4077,1735396.4882,2261479.6682
4078,1735029.0761,2260771.8843
4079,1735659.5083,2261508.7123
4080,1732856.7372,2262627.5707
4081,1733038.929,2262805.2481
4082,1732316.7546,2262534.3863
4083,1732570.4473,2263951.4265
4084,1733081.1073,2263568.1162
4085,1732529.0526,2264283.3004
4086,1732127.5454,2264515.4009
4087,1731771.5273,2264660.6734
4088,1732100.4548,2264475.1583
4089,1731068.9735,2265446.791
4090,1732674.9901,2265731.0766
4091,1732868.8836,2265879.8978
4092,1731013.4849,2267854.3097
4093,1731480.4879,2267652.7695
4094,1730910.2181,2268025.2041
4095,1729433.7144,2270633.7371
4096,1729331.0041,2270802.1054
4097,1729662.411,2266304.7387
4098,1731033.3013,2266588.402
4099,1729731.5441,2265758.6678
4100,1732626.6475,2271951.2167
4101,1730587.7461,2270813.2223
4102,1730033.3622,2271950.3717
4103,1733969.4366,2266307.1112
4104,1733907.7095,2265962.4331
4105,1733947.7703,2266677.5504
4106,1733946.1045,2266559.0659
4107,1733791.6408,2266933.6364
4108,1741569.4008,2254012.4501
4109,1745759.4387,2253886.5245
4110,1744816.431,2252947.793
4111,1746022.5599,2253505.4477
4112,1744338.9831,2248608.2577
4113,1744972.9578,2248147.6694
4114,1745064.4684,2247971.4395
4115,1744448.6992,2246475.0654
4116,1744416.7921,2246215.8176
4117,1748709.804,2243675.8568
4118,1749244.4405,2245114.4377
4119,1749153.5427,2241273.7584
4120,1750666.5934,2244788.4611
4121,1750697.3934,2245286.7689
4122,1750496.5318,2246141.8826
4123,1750110.2069,2246473.7784
4124,1750007.8466,2246615.8582
4125,1749564.5399,2247094.9416
4126,1749652.6035,2247015.281
4127,1751024.5008,2249859.0774
4128,1750770.7641,2249803.6341
4129,1749786.8957,2246767.5607
4130,1750634.3594,2249585.8995
4131,1749622.8628,2247292.194
4132,1749625.8723,2247280.5735
4133,1750643.0298,2249587.6159
4134,1751435.5041,2250210.5944
4135,1751541.0664,2244809.9772
4136,1752068.4678,2245206.5291
4137,1752404.1618,2246678.3183
4138,1750677.1089,2246403.8768
4139,1751584.8622,2246924.273
4140,1750820.8605,2246397.375
4141,1751720.2495,2247304.6605
4142,1751841.9554,2247371.9071
4143,1751988.8462,2247408.1634
4144,1753360.3792,2247167.7472
4145,1752547.5345,2248142.8537
4146,1752780.6011,2248096.3864
4147,1753689.4722,2248645.869
4148,1754193.7013,2249268.2636
4149,1754146.4811,2249225.9358
4150,1754089.9875,2249065.8929
4151,1754090.1446,2248963.4731
4152,1751614.9698,2248499.4777
4153,1751437.295,2249162.8586
4154,1752574.7467,2242180.3724
4155,1750572.2272,2240024.8373
4156,1752990.565,2242940.2125
4157,1752196.3418,2244342.586
4158,1752579.6396,2243526.5926
4159,1757135.2606,2240255.3191
4160,1759067.3673,2239678.0508
4161,1759465.1469,2240121.1064
4162,1759390.474,2244856.4909
4163,1759621.4145,2245090.5955
4164,1761221.8693,2245262.3053
4165,1760194.5885,2246406.4961
4166,1759819.7718,2245874.1637
4167,1760458.128,2248917.7693
4168,1760550.2582,2248119.2279
4169,1760401.7371,2247909.2572
4170,1761212.5197,2250380.1326
4171,1761345.3114,2250896.4618
4172,1761183.1659,2251198.2705
4173,1760896.9736,2250956.7958
4174,1761306.9879,2251765.0836
4175,1761554.3894,2251882.0891
4176,1763142.905,2253361.7825
4177,1761709.6967,2252797.5988
4178,1758202.3316,2264590.5016
4179,1757955.8731,2264865.0587
4180,1758080.8776,2265019.735
4181,1758076.2603,2261669.8267
4182,1757791.7086,2261862.1316
4183,1757398.6418,2256965.4167
4184,1755809.2367,2257773.3134
4185,1756534.0162,2257398.0233
4186,1756519.2489,2257281.6943
4187,1756621.0205,2257142.1192
4188,1756756.1317,2257094.2241
4189,1757258.2613,2256991.0915
4190,1758099.1537,2254525.1657
4191,1760898.9511,2260694.8339
4192,1763903.6331,2259918.9306
4193,1764092.4548,2268130.322
4194,1759522.1673,2268569.4086
4195,1758933.1709,2268531.8804
4196,1760637.1648,2270085.0397
4197,1761974.4332,2270017.8839
4198,1762173.229,2270042.3155
4199,1760372.6147,2270302.9332
4200,1761986.649,2270014.6541
4201,1762007.651,2265347.8514
4202,1761799.4132,2262537.1228
4203,1764025.8142,2255120.7389
4204,1762367.482,2255653.8451
4205,1763320.5905,2254111.6307
4206,1762462.9722,2254762.0601
4207,1762086.3237,2254791.0084
4208,1763301.4732,2253437.438
4209,1760453.3603,2251822.0122
4210,1758929.8893,2249492.8617
4211,1759033.1784,2249742.406
4212,1759691.1541,2250518.119
4213,1759243.8055,2249782.7103
4214,1759835.9237,2250721.9868
4215,1760256.9471,2251753.4426
4216,1759151.7988,2249845.7164
4217,1759129.8417,2249851.2045
4218,1758999.5281,2249855.5485
4219,1758880.873,2251459.7087
4220,1757585.3138,2252114.2586
4221,1757772.5356,2250323.5277
4222,1757821.7382,2252494.0777
4223,1756611.5558,2253419.1466
4224,1756401.2433,2252179.6161
4225,1755475.4476,2255422.1595
4226,1756183.6156,2261688.6283
4227,1755653.2948,2263384.9041
4228,1757846.5511,2263216.859
4229,1757885.0146,2263173.1383
4230,1758069.1202,2263125.9455
4231,1758755.1053,2263587.5246
4232,1754878.1755,2266309.4991
4233,1754953.8235,2266589.4425
4234,1754981.5637,2266637.8156
4235,1756288.7789,2266679.4711
4236,1755446.2911,2266935.8655
4237,1757324.5006,2265521.7268
4238,1755922.0072,2266269.8769
4239,1755241.4823,2266768.189
4240,1756487.6701,2265934.3921
4241,1751645.3725,2267560.683
4242,1753097.3179,2266393.1943
4243,1750013.518,2266212.8189
4244,1751327.2233,2267277.7618
4245,1751644.1561,2267547.6244
4246,1749587.0501,2266414.643
4247,1755277.5944,2269245.2882
4248,1756927.119,2267700.0786
4249,1759085.9726,2267151.1949
4250,1755863.4717,2269353.049
4251,1756857.4641,2268705.8316
4252,1756817.9082,2268720.4112
4253,1756628.1005,2269052.5878
4254,1756123.04,2269462.323
4255,1756122.2955,2269460.1929
4256,1757312.4742,2268786.2663
4257,1753678.2748,2279901.6909
4258,1754182.3859,2279360.4797
4259,1752573.9485,2282975.0337
4260,1752783.8914,2283301.421
4261,1752649.9849,2285040.6755
4262,1753020.4717,2285592.8472
4263,1751788.2912,2288083.8777
4264,1748915.272,2288245.8434
4265,1743761.9554,2297367.2631
4266,1744735.2506,2293701.4559
4267,1745708.9271,2296854.4399
4268,1745794.4897,2294568.7417
4269,1761752.8175,2311085.2252
4270,1760326.715,2309851.3643
4271,1753662.0202,2309300.7864
4272,1754651.6511,2313698.6251
4273,1754269.6049,2310283.5492
4274,1754206.1664,2310268.9116
4275,1753018.9883,2309995.7595
4276,1752118.1532,2312168.9101
4277,1752189.8505,2307612.2596
4278,1750791.0632,2309484.4424
4279,1751111.5486,2311138.1137
4280,1745906.8944,2291464.656
4281,1745552.6119,2290377.9099
4282,1746065.5991,2291506.2013
4283,1748232.3263,2275953.3991
4284,1750577.7451,2275121.8458
4285,1749088.0036,2279959.7401
4286,1749090.3338,2279915.6225
4287,1749076.541,2279342.6027
4288,1749003.1994,2280419.6105
4289,1749640.1918,2276777.1723
4290,1749258.6157,2276918.3341
4291,1749045.0301,2277331.6679
4292,1748608.692,2278085.3047
4293,1747738.3689,2272854.3204
4294,1747839.2388,2273770.34
4295,1747342.2879,2273895.5936
4296,1746662.8253,2274388.7636
4297,1751856.5749,2265371.2511
4298,1751593.9433,2259837.3314
4299,1751679.2076,2259736.0233
4300,1751399.6994,2260087.0561
4301,1750723.8759,2260983.0515
4302,1750084.9305,2263153.5035
4303,1749629.3382,2263482.6163
4304,1749654.1199,2261305.5768
4305,1749510.7895,2262044.9944
4306,1748059.8508,2260743.657
4307,1752582.655,2252611.42
4308,1752228.5582,2252418.7066
4309,1754305.2535,2250804.2719
4310,1753213.0569,2251281.9938
4311,1756733.8432,2250703.2176
4312,1755186.9467,2249810.7831
4313,1755723.7106,2250437.9606
4314,1756019.1513,2249791.0236
4315,1755741.4645,2249433.2821
4316,1758640.6049,2245115.7918
4317,1759008.6043,2247803.3408
4318,1758359.3633,2246774.7846
4319,1758570.5747,2247558.6549
4320,1757878.738,2243302.1792
4321,1757885.5879,2243272.2307
4322,1757249.8418,2245338.7634
4323,1757131.575,2245629.5856
4324,1757292.3796,2246102.46
4325,1757253.2596,2246963.0642
4326,1757429.729,2247457.8956
4327,1756289.5645,2245907.1642
4328,1755510.8831,2246947.9387
4329,1755066.6516,2247928.6152
4330,1756789.2879,2246368.2756
4331,1756713.2436,2246881.5331
4332,1754567.2508,2248121.7026
4333,1756200.2543,2248445.4346
4334,1756268.1736,2248182.5191
4335,1755801.842,2241211.252
4336,1755924.5,2241447.0018
4337,1755865.0036,2241703.8521
4338,1755891.2639,2241476.0523
4339,1756042.8557,2242509.0473
4340,1756085.4985,2242125.9988
4341,1755996.8517,2244631.7445
4342,1755181.9235,2244022.3069
4343,1753099.5807,2244588.7219
4344,1754544.0057,2243419.2051
4345,1752816.541,2244910.1164
4346,1754533.4893,2246698.011
4347,1753846.8568,2244917.3659
4348,1753763.9854,2244940.4407
4349,1756097.6715,2241670.4047
4350,1756013.2905,2241564.3959
4351,1755155.1041,2236623.2141
4352,1754665.0534,2236899.8997
4353,1754666.5525,2236903.556
4354,1754679.0723,2235584.1914
4355,1754454.5155,2234463.4607
4356,1754114.1097,2234120.1981
4357,1754057.6438,2234073.1122
4358,1756595.5052,2233074.8881
4359,1753135.8279,2233094.906
4360,1752270.5065,2232163.7774
4361,1750733.8267,2230821.4292
4362,1757220.7736,2232308.8904
4363,1757312.4124,2232823.8155
4364,1754554.2031,2232807.3805
4365,1755542.4851,2233020.4308
4366,1755565.4596,2235440.2362
4367,1756510.7666,2236541.9818
4368,1756822.2301,2234739.9805
4369,1757286.1594,2235300.6704
4370,1755909.4841,2237203.0835
4371,1758241.6048,2238517.0431
4372,1756430.7011,2237784.7659
4373,1757807.4681,2236786.1673
4374,1756673.4688,2237209.7693
4375,1751496.9555,2233973.0167
4376,1749287.27,2232529.2007
4377,1749288.4166,2232515.2878
4378,1752034.5676,2234324.6717
4379,1753211.8869,2234118.6064
4380,1752381.1249,2234369.852
4381,1748827.5777,2229450.3977
4382,1747396.1959,2229723.0563
4383,1749427.2277,2229118.4733
4384,1749514.4506,2229167.0671
4385,1750967.9017,2229934.3747
4386,1750263.013,2229743.1471
4387,1752579.4216,2230497.7378
4388,1750260.6429,2229810.8914
4389,1750234.8824,2229776.1899
4390,1750468.5456,2230377.7606
4391,1751340.6053,2229255.0976
4392,1750262.9009,2229640.72
4393,1753155.3132,2229292.178
4394,1753934.4629,2229142.0886
4395,1753477.8619,2229442.2063
4396,1754731.9326,2230267.9146
4397,1753605.213,2227676.756
4398,1753066.5769,2229781.599
4399,1753586.7542,2230378.8693
4400,1753315.398,2230140.7156
4401,1753316.3078,2230134.7001
4402,1747473.328,2226350.5372
4403,1746632.3825,2228699.7168
4404,1746625.6089,2228696.0759
4405,1747309.0848,2226082.3493
4406,1745034.7518,2223577.9625
4407,1744775.4382,2223524.6121
4408,1746465.1794,2222646
4409,1746596.3252,2222249.0524
4410,1746840.1282,2224017.4528
4411,1745693.5123,2221280.8752
4412,1744046.459,2218665.9891
4413,1745878.4428,2221091.5742
4414,1745022.772,2219445.9994
4415,1744170.3093,2218483.8862
4416,1739027.0821,2204883.0669
4417,1738062.1724,2204762.0421
4418,1742929.9604,2206261.9037
4419,1743254.2414,2206096.2099
4420,1744967.8616,2208918.2374
4421,1746033.5081,2209153.8429
4422,1745650.5746,2210230.7535
4423,1747961.889,2212352.5179
4424,1747533.7163,2213172.3134
4425,1746695.5857,2213221.8958
4426,1746455.6685,2213059.9981
4427,1745099.171,2213013.4193
4428,1745219.039,2213557.8774
4429,1746813.6978,2213899.8909
4430,1748883.4763,2215638.6867
4431,1748783.7443,2215382.4157
4432,1748825.7792,2215436.5562
4433,1748831.8465,2215436.118
4434,1748441.2075,2214553.9279
4435,1748594.2167,2213682.4695
4436,1750459.7836,2215044.1683
4437,1751426.0722,2218453.2219
4438,1751452.8312,2218025.9682
4439,1751627.8206,2217766.1174
4440,1751858.4134,2217854.9871
4441,1753326.9677,2217805.9472
4442,1752081.7767,2218078.7596
4443,1753808.8719,2219568.4699
4444,1752696.2364,2221421.3325
4445,1752757.1247,2220923.0261
4446,1754513.9958,2220442.0143
4447,1754663.1788,2222016.007
4448,1754622.2643,2221720.225
4449,1755630.3148,2225449.6636
4450,1757663.4068,2226724.2829
4451,1755807.6936,2225442.9684
4452,1757063.8026,2228915.0697
4453,1756927.942,2229666.9633
4454,1754622.2077,2224803.7387
4455,1753469.8233,2225522.6706
4456,1753696.984,2226394.4793
4457,1752616.5166,2226606.9692
4458,1751175.8593,2221161.9275
4459,1751915.2907,2222773.2622
4460,1751027.2448,2222872.0156
4461,1750401.6592,2222129.333
4462,1749093.8619,2218950.4888
4463,1749210.6786,2219268.3721
4464,1750053.0958,2221373.079
4465,1749498.694,2222248.3347
4466,1750267.262,2223512.9554
4467,1751691.5185,2226177.0035
4468,1747636.7867,2222813.5959
4469,1744641.6675,2215323.4924
4470,1740170.7291,2206499.5376
4471,1741647.6035,2202481.4005
4472,1729207.6896,2197900.7399
4473,1729322.2591,2197225.4547
4474,1729331.7989,2196986.0954
4475,1727926.2084,2198898.2518
4476,1727531.5462,2199555.614
4477,1729277.2059,2199821.952
4478,1728247.2801,2215820.5846
4479,1727183.8664,2212657.8682
4480,1729141.9411,2215839.1852
4481,1729325.2372,2222413.3244
4482,1729328.7089,2221726.5253
4483,1705592.0041,2184595.6733
4484,1761944.4335,2254643.0437
4485,1761980.0666,2254600.9959
4486,1759910.0299,2240934.8471
4487,1760241.8486,2241982.806
4488,1727832.576,2237651.6875
4489,1732967.3683,2190416.1808
4490,1728507.6567,2186230.8625
4491,1728561.5037,2186195.9961
4492,1727747.7375,2187762.6756
4493,1732511.4713,2260231.7027
4494,1732797.2183,2259710.9376
4495,1738865.6414,2208008.7776
4496,1739053.5234,2208137.9255
4497,1759282.5333,2253209.1186
4498,1760852.8756,2252698.8337
4499,1758732.4042,2252775.9404
4500,1760044.9823,2251854.6975
4501,1757850.3863,2250107.5417
4502,1746065.6535,2248654.4006
4503,1735791.3637,2248683.5201
4504,1723991.916,2236495.5244
4505,1724836.1096,2235537.2388
4506,1742645.499,2212600.0005
4507,1742330.4973,2212102.9951
4508,1742211.4976,2211956.0037
4509,1742183.4966,2211998.0027
4510,1742146.7082,2212036.1356
4511,1741987.495,2210668.0001
4512,1708639.639,2187042.8423
4513,1739417.865,2208343.749
4514,1762003.416,2254656.5857
4515,1725415.3207,2235766.2165
4516,1708342.361,2187759.0851
4517,1708050.8379,2188460.879
4518,1706497.2669,2189689.7496
4519,1706008.538,2189015.2928
4520,1707553.6649,2185026.9248
4521,1739654.8014,2208575.9185
4522,1741007.4725,2213543.4382
4523,1728268.1472,2235712.7073
4524,1757885.8371,2244853.7809
4525,1730246.173,2251736.5956
4526,1730397.6348,2252873.4373
4527,1756341.6762,2240050.0872
4528,1756209.416,2239972.5332
4529,1756720.6538,2239083.3037
4530,1757172.1182,2239777.7401
4531,1760345.9293,2242319.2522
4532,1760230.7974,2242912.9169
4533,1760078.9064,2242943.8393
4534,1739179.173,2248311.365
4535,1739789.8151,2249589.8761
4536,1739333.2719,2248430.1946
4537,1721161.4263,2236989.4157
4538,1721633.9479,2236562.2176
4539,1722298.2547,2235889.2165
4540,1722197.8067,2236084.5804
4541,1727374.6058,2187870.6593
4542,1727436.6891,2187852.6949
4543,1727707.5139,2187774.3114
4544,1710301.5264,2177714.7519
4545,1710526.9855,2177827.436
4546,1710517.6147,2177869.9764
4547,1710563.0504,2178003.3013
4548,1709805.6229,2185757.4485
4549,1753133.7489,2266357.905
4550,1744860.44,2293523.1006
4551,1746425.4996,2288396.0005
4552,1745837.495,2294542.004
4553,1750975.501,2274899.9954
4554,1744703.4971,2252780.0003
4555,1745263.5033,2251478.0011
4556,1745513.0679,2250887.553
4557,1745481.1263,2249668.5013
4558,1741637.4983,2260045.9953
4559,1740433.499,2262776.0042
4560,1740447.5012,2263014.0009
4561,1740209.5006,2264092.0015
4562,1740391.5013,2259373.9912
4563,1736177.4976,2262999.9929
4564,1736387.5045,2262761.9988
4565,1733377.4999,2262958.0007
4566,1733853.5028,2265869.9916
4567,1733363.5004,2265967.9987
4568,1730325.5014,2250651.9988
4569,1730388.4991,2251190.9944
4570,1728575.502,2232003.9952
4571,1729009.9528,2232410.4523
4572,1729765.4978,2233096.0002
4573,1730801.5005,2233670.0016
4574,1742057.4939,2227341.9993
4575,1734413.4993,2212572.0004
4576,1733237.499,2214083.9952
4577,1733114.1759,2214140.0001
4578,1725873.5012,2218059.9992
4579,1725103.5041,2217933.996
4580,1723421.9048,2187089.2924
4581,1723630.7777,2186840.1068
4582,1702913.5009,2193644.0041
4583,1702934.5014,2193384.9922
4584,1724193.503,2221181.9938
4585,1723535.5039,2222750.0005
4586,1738361.4965,2217682.0002
4587,1738291.4996,2231849.9921
4588,1743359.5012,2257833.9938
4589,1737038.5016,2278113.001
4590,1734945.5052,2279253.997
4591,1740167.4986,2257959.9958
4592,1731851.5022,2266709.9924
4593,1753943.4962,2249140.0035
4594,1753859.505,2248901.9972
4595,1755119.5025,2266794.0001
4596,1754727.4994,2243483.9988
4597,1750121.5018,2229595.9954
4598,1750205.5021,2229735.9971
4599,1762052.7215,2254766.749
4600,1762201.6427,2255613.1318
4601,1764134.5045,2259692.1441
4602,1727541.6733,2237511.8888
4603,1727755.2915,2237606.2652
4604,1728574.8225,2213022.4737
4605,1727944.0468,2212666.451
4606,1728169.9209,2208927.6378
4607,1726140.3963,2217992.6731
4608,1726396.8579,2218012.8558
4609,1748948.2383,2241052.0468
4610,1748356.59214237,2239449.85917498
4611,1748560.0957,2239958.168
4612,1727519.13367999,2227345.17066318
4613,1727623.5015,2186937.9963
4614,1781154.0594,2115053.3605
4615,1779630.5762,2115004.5099
4616,1787682.8594,2115063.9854
4617,1791630.2477,2114488.9741
4618,1779617.9335,2115093.6661
4619,1780176.8358,2117369.1707
4620,1779667.1052,2116616.0363
4621,1783922.4883,2117947.6385
4622,1785210.5975,2118460.6828
4623,1785267.1254,2118439.4262
4624,1786731.7828,2118248.5851
4625,1786989.2385,2118094.4574
4626,1792019.8337,2115259.2444
4627,1793325.5615,2114576.9332
4628,1794278.622,2114826.4736
4629,1794908.0756,2114762.6668
4630,1796399.9024,2115435.2295
4631,1799954.6799,2114150.3319
4632,1798809.279,2115345.5501
4633,1800657.5003,2113660.4981
4634,1802697.8878,2113746.266
4635,1767986.931,2114470.1132
4636,1768020.7186,2114412.0333
4637,1767658.2195,2115113.358
4638,1767663.5329,2115432.9432
4639,1761447.5002,2119303.9934
4640,1763001.5021,2118785.9973
4641,1760005.5032,2120158.0063
4642,1757205.4981,2124483.9943
4643,1758017.504,2123153.9945
4644,1758031.4959,2123098.0003
4645,1756498.5018,2125415.0005
4646,1753740.4972,2127276.9975
4647,1753661.1634,2128278.1932
4648,1753714.1108,2127438.6527
4649,1753742.3973,2127347.8074
4650,1754714.6765,2130768.709
4651,1754523.482,2131705.7457
4652,1753872.1257,2133351.4784
4653,1753185.2925,2133820.9494
4654,1753855.2622,2133370.6284
4655,1752714.0424,2135322.7337
4656,1753949.802,2137475.9149
4657,1753761.4851,2137954.5451
4658,1755202.3583,2143495.7306
4659,1751591.4959,2126709.9931
4660,1752614.6314,2127336.9641
4661,1749323.4972,2126527.9954
4662,1747300.4968,2127458.9991
4663,1748587.5806,2126987.6597
4664,1743317.4997,2140738.0019
4665,1744437.5031,2138567.9969
4666,1741287.4938,2142152.0046
4667,1732383.4977,2142291.9982
4668,1734497.5003,2141045.9966
4669,1735006.1606,2140840.6616
4670,1732523.5014,2143692.0013
4671,1742735.5478,2156533.6407
4672,1732590.5544,2143806.4792
4673,1743045.257,2156626.3914
4674,1744198.8663,2158131.1346
4675,1746292.637,2159701.3111
4676,1745568.3451,2158701.9563
4677,1748364.7951,2162726.4328
4678,1749456.2357,2164891.2205
4679,1751504.817,2169346.5291
4680,1751558.0229,2169933.9413
4681,1753646.7887,2171732.8627
4682,1754249.9602,2172904.316
4683,1756027.1998,2175213.3026
4684,1756019.4935,2175487.4149
4685,1756073.6006,2176185.3183
4686,1758250.7123,2185230.7881
4687,1756379.139,2178216.81
4688,1756515.707,2176823.7841
4689,1758426.0833,2185380.7344
4690,1761920.2654,2188094.9058
4691,1761969.0462,2188085.0536
4692,1762523.7138,2187649.5029
4693,1764616.7048,2186580.3442
4694,1766059.4113,2187833.1543
4695,1767499.8144,2189017.0342
4696,1731011.5018,2146365.9946
4697,1735573.9077,2151565.7937
4698,1731960.1443,2147161.0667
4699,1731921.4972,2147136.0031
4700,1737158.7568,2154826.6142
4701,1740565.4425,2161282.5693
4702,1743270.9795,2163745.4364
4703,1743799.6794,2164349.1765
4704,1743954.7256,2164417.9067
4705,1744060.2658,2164697.3177
4706,1744129.4955,2165106.6321
4707,1744482.1068,2167913.5953
4708,1743964.584,2167129.2113
4709,1744022.7721,2165581.7013
4710,1743915.484,2166059.2591
4711,1743947.9227,2166825.923
4712,1743948.2863,2166812.8732
4713,1746763.3675,2170003.2663
4714,1746782.1331,2170320.1622
4715,1747768.3986,2171762.2385
4716,1752578.443,2177568.015
4717,1729107.4987,2154136.0002
4718,1731347.5042,2153422.003
4719,1729056.5977,2155410.5272
4720,1728939.5027,2154808.0014
4721,1728575.502,2161794.0045
4722,1729611.4972,2158336.0033
4723,1729373.4944,2164048.0001
4724,1730577.504,2164621.9994
4725,1732719.4965,2164678.0039
4726,1733559.5016,2166539.9934
4727,1734021.4975,2166791.9958
4728,1735547.4975,2171034.0045
4729,1734371.86,2167151.6727
4730,1735463.5032,2171482.0012
4731,1741775.4322,2173303.6484
4732,1737869.8913,2173589.8864
4733,1742230.9531,2173557.5882
4734,1742251.7356,2173465.0768
4735,1742271.2748,2173600.851
4736,1744074.8912,2173598.9251
4737,1745655.8754,2174353.1461
4738,1745998.4057,2175100.5339
4739,1749243.8435,2178936.9436
4740,1750132.9408,2180603.8214
4741,1748802.7651,2180179.667
4742,1748741.614,2181193.0147
4743,1749130.6999,2182820.3907
4744,1748567.3737,2182146.6365
4745,1750077.8039,2184836.5758
4746,1753234.8975,2186322.4198
4747,1754092.1025,2187067.789
4748,1753447.9062,2186488.7721
4749,1754424.5232,2187368.8036
4750,1756277.5675,2189458.1681
4751,1756772.4311,2190195.1434
4752,1756477.8917,2189794.9903
4753,1757531.8418,2191202.0236
4754,1759389.5473,2192139.1315
4755,1753834.6105,2189476.1824
4756,1754651.9977,2191644.1041
4757,1753792.1434,2189755.5471
4758,1757051.0355,2194416.1905
4759,1757085.3215,2196116.6847
4760,1756976.4874,2196335.1379
4761,1756496.5846,2198138.8988
4762,1756085.5029,2198222.0024
4763,1756157.9212,2198254.1305
4764,1756043.4973,2198263.9938
4765,1757428.3152,2199709.9388
4766,1756006.1658,2198319.6548
4767,1757553.3407,2199202.3592
4768,1758924.091,2196419.3576
4769,1759070.9623,2196567.7025
4770,1759137.1312,2196899.1493
4771,1759283.7227,2197376.8926
4772,1759366.456,2197840.0181
4773,1759755.1957,2199597.9859
4774,1760191.69,2200255.1002
4775,1760548.2623,2200775.6321
4776,1760795.692,2201547.1593
4777,1762856.7244,2201782.3363
4778,1749705.9701,2185692.9763
4779,1749428.207,2188819.2136
4780,1750306.634,2190430.9832
4781,1750640.8593,2194793.2737
4782,1750778.6088,2194686.8091
4783,1751601.7669,2194141.4065
4784,1750700.0557,2194669.0047
4785,1750631.9749,2195587.1462
4786,1750733.8547,2196576.7742
4787,1734273.4999,2172322.0051
4788,1734280.4951,2173644.9991
4789,1737199.4978,2176046.0016
4790,1734875.4982,2173833.9973
4791,1734679.5028,2178733.9955
4792,1735953.5028,2177781.9998
4793,1734413.4958,2179489.9981
4794,1732950.5015,2181358.9918
4795,1732873.4957,2181421.9996
4796,1732846.515,2181935.8875
4797,1732843.8155,2181867.0317
4798,1732868.1191,2181630.9388
4799,1732863.6174,2181477.646
4800,1733787.9954,2183293.3354
4801,1734460.9766,2185738.0566
4802,1736811.5421,2187850.968
4803,1737600.5791,2187890.5545
4804,1738569.3169,2189427.2064
4805,1740180.7801,2189906.9543
4806,1738665.0936,2189430.1985
4807,1740958.1418,2190376.9598
4808,1741836.0111,2190528.1916
4809,1744313.0744,2190759.9188
4810,1745578.8188,2192566.983
4811,1746494.1052,2194026.7181
4812,1746432.736,2193704.078
4813,1746848.6423,2196184.5729
4814,1746882.1302,2196207.903
4815,1746962.3423,2196470.3128
4816,1746937.8966,2197024.2638
4817,1747135.0893,2197226.4325
4818,1747556.5878,2197739.3404
4819,1747753.3332,2198080.6173
4820,1748630.2279,2199733.9471
4821,1747958.1155,2198912.2652
4822,1749527.4942,2200131.1038
4823,1750779.9975,2200705.6979
4824,1750927.8672,2200725.9879
4825,1756110.6374,2210698.0732
4826,1755746.1791,2210110.0484
4827,1758481.0723,2209435.234
4828,1760084.0241,2209187.1671
4829,1760684.9886,2209114.4682
4830,1762352.8205,2204978.5158
4831,1761511.5719,2204948.914
4832,1762714.3889,2204709.0873
4833,1762587.2579,2204869.2125
4834,1764867.879,2205625.0049
4835,1765155.2532,2206402.9845
4836,1755223.9047,2212324.1377
4837,1755277.0115,2214961.6058
4838,1755085.8432,2219174.9385
4839,1755434.3981,2219798.6608
4840,1748616.5301,2200240.4103
4841,1748582.6672,2201396.3113
4842,1749643.6304,2205013.7484
4843,1750421.388,2203813.2402
4844,1748293.4946,2205945.6731
4845,1748136.1108,2206813.5804
4846,1748081.3522,2206507.0531
4847,1747807.3767,2208393.9052
4848,1747921.8458,2208104.6143
4849,1747852.3351,2207600.4005
4850,1747747.2825,2209551.6838
4851,1747986.1588,2209821.0135
4852,1749197.2584,2211562.803
4853,1749321.02,2210569.1356
4854,1749987.3403,2210593.6329
4855,1749338.8255,2210410.3234
4856,1748971.8317,2208935.4483
4857,1742083.6189,2192724.0471
4858,1741768.3508,2190998.8511
4859,1741734.896,2190781.1415
4860,1742182.6111,2194000.1974
4861,1741756.3756,2194731.2245
4862,1741355.4739,2195247.3466
4863,1741372.8695,2195261.7845
4864,1741260.0041,2195898.1855
4865,1741160.8752,2196908.0529
4866,1741175.5784,2196648.7145
4867,1742432.9107,2199533.371
4868,1743947.3888,2200892.2577
4869,1739840.7787,2191387.7843
4870,1739386.6194,2192116.2975
4871,1739408.1092,2192432.3895
4872,1738982.3873,2194463.7748
4873,1738997.3268,2194477.6694
4874,1739331.5628,2194907.8576
4875,1739958.0181,2196594.029
4876,1740755.0686,2199377.252
4877,1740994.5909,2199780.7517
4878,1732453.5008,2181646.0042
4879,1730227.5053,2184137.9961
4880,1730969.5057,2183199.9951
4881,1746948.8721,2127506.7117
4882,1747225.8676,2127445.1164
4883,1746764.1582,2127536.4091
4884,1743096.0654,2127770.7537
4885,1742825.0991,2127770.6576
4886,1740611.6051,2127546.9486
4887,1738909.8171,2127944.3685
4888,1738686.4431,2127939.1327
4889,1738490.7797,2127971.6163
4890,1738434.8272,2128002.4689
4891,1737771.9002,2129954.2626
4892,1738408.8752,2128003.2338
4893,1735922.0049,2130436.7436
4894,1735606.4535,2130670.9236
4895,1733677.3156,2130098.2115
4896,1733447.4579,2130017.9558
4897,1733225.3212,2129579.6213
4898,1731971.3702,2127324.3859
4899,1731842.5486,2126410.4673
4900,1731019.6963,2124768.2106
4901,1729846.1266,2125727.4629
4902,1729627.9292,2125863.1121
4903,1728731.6001,2127237.8032
4904,1727870.2671,2126160.7262
4905,1727431.2754,2125273.8578
4906,1726215.3328,2124997.9105
4907,1726103.8003,2124989.0499
4908,1726048.7371,2125039.9094
4909,1723299.3204,2126945.6763
4910,1723154.8076,2127144.7981
4911,1722574.9715,2127891.0145
4912,1721384.8051,2130644.4673
4913,1721846.0812,2128646.3366
4914,1721860.0767,2128489.3172
4915,1720694.0753,2130583.383
4916,1758991.0899,2127730.3999
4917,1757406.0892,2124712.3357
4918,1757293.7911,2124626.5034
4919,1759228.1139,2128109.8485
4920,1759751.9247,2128157.3252
4921,1761045.8214,2127745.486
4922,1763291.4222,2128652.5596
4923,1764017.4669,2127930.9832
4924,1763519.3026,2128638.3598
4925,1763516.7197,2128644.3912
4926,1738682.6119,2174425.0495
4927,1741207.0284,2178115.3415
4928,1742671.5409,2180582.3871
4929,1743088.5439,2182234.5219
4930,1742975.7177,2182973.482
4931,1743367.78,2185056.004
4932,1742976.159,2183519.9876
4933,1743531.4749,2185497.5612
4934,1743523.6704,2185440.6391
4935,1743812.8153,2186013.0182
4936,1745208.7643,2188569.3847
4937,1749084.3535,2139400.0123
4938,1745038.0003,2136506.2428
4939,1744955.498,2136425.9961
4940,1734811.418,2181681.4398
4941,1734711.166,2178776.3887
4942,1734782.3553,2182123.8891
4943,1736959.9655,2183738.8189
4944,1737458.9785,2185204.8347
4945,1737554.5989,2185354.8245
4946,1740708.8056,2143342.3721
4947,1741295.1583,2142265.2358
4948,1741296.638,2142258.6188
4949,1740590.8337,2144610.7313
4950,1741447.3076,2146277.8161
4951,1741929.4359,2147228.4057
4952,1742078.6061,2150722.8414
4953,1744148.76,2143981.5895
4954,1743331.6606,2140831.5982
4955,1744081.9152,2145437.3001
4956,1745739.5691,2150014.2181
4957,1768554.0657,2117216.0977
4958,1767786.8432,2115618.1527
4959,1767758.8673,2115593.4376
4960,1767649.5042,2115454.0023
4961,1769025.4704,2118626.2701
4962,1768216.755,2124901.0406
4963,1751706.4603,2128715.6528
4964,1751493.8268,2126800.7641
4965,1751519.1704,2126744.9539
4966,1749234.7369,2133487.7326
4967,1749252.531,2133720.2057
4968,1749628.4497,2134683.9239
4969,1749548.8643,2137006.4412
4970,1751066.877,2139351.982
4971,1750102.0089,2138521.4636
4972,1751804.3213,2140031.1916
4973,1753449.2556,2144121.5836
4974,1733013.0058,2155242.7522
4975,1731375.6237,2153477.4438
4976,1734193.9726,2155942.3703
4977,1737194.9325,2165383.8247
4978,1735949.1308,2157030.1329
4979,1735818.3314,2157465.7153
4980,1737418.2526,2164210.0923
4981,1736149.3032,2160619.7309
4982,1736335.3578,2160364.5514
4983,1736167.9144,2160454.734
4984,1736189.8961,2160550.0318
4985,1759336.5076,2181808.8862
4986,1758526.7916,2180041.8769
4987,1758345.2494,2179953.5678
4988,1757343.6505,2178132.6401
4989,1761733.8875,2120097.9112
4990,1761476.6966,2119453.6636
4991,1761463.803,2119385.043
4992,1761471.241,2119369.6782
4993,1762698.448,2121256.8843
4994,1764198.5705,2122765.5273
4995,1765705.8791,2124790.8873
4996,1742349.5821,2174191.3033
4997,1742876.5084,2176065.438
4998,1742368.677,2174426.8067
4999,1742358.0728,2174195.124
5000,1743126.4843,2176902.2357
5001,1743584.603,2177058.3848
5002,1744609.3869,2179770.1224
5003,1744096.1181,2178041.0205
5004,1743942.2554,2177796.0524
5005,1744811.4895,2180041.7426
5006,1746321.6147,2142029.4617
5007,1744560.2002,2138600.4084
5008,1747797.318,2144935.047
5009,1747411.6618,2148131.5941
5010,1747493.2377,2149315.7603
5011,1747459.2104,2148381.1661
5012,1755736.7702,2135911.6039
5013,1757526.004,2140003.0602
5014,1756673.4844,2138610.7347
5015,1780460.1285,2112056.7415
5016,1778415.9427,2112680.3114
5017,1784172.7973,2111796.5117
5018,1784630.5689,2111704.0165
5019,1785339.9139,2111934.7115
5020,1786052.3564,2112705.2824
5021,1739042.0731,2170813.746
5022,1735611.2989,2171066.6851
5023,1740752.3088,2171988.3578
5024,1779351.2402,2115207.6937
5025,1779231.8934,2115548.5861
5026,1778690.3004,2115600.8097
5027,1777112.9944,2114624.3136
5028,1774639.293,2116362.353
5029,1774435.0978,2116694.6756
5030,1774680.9134,2118566.3597
5031,1775406.0008,2120293.9649
5032,1733784.5507,2189230.876
5033,1730994.6585,2183210.5424
5034,1745975.3438,2202398.7474
5035,1745201.3946,2204855.454
5036,1745950.7791,2202408.8717
5037,1735773.748,2191181.7146
5038,1737054.1718,2193115.8302
5039,1735813.5036,2191314.2719
5040,1737054.0818,2193764.1854
5041,1737168.5908,2195923.8665
5042,1737726.6374,2196612.0835
5043,1737189.2562,2195999.7524
5044,1737174.9235,2195933.5748
5045,1738119.7547,2197147.5387
5046,1734188.468,2174028.3734
5047,1734230.8801,2173722.7689
5048,1733687.5269,2176237.4703
5049,1730763.6159,2176936.7801
5050,1730377.1422,2178320.7359
5051,1756357.5142,2122154.5131
5052,1757696.6035,2123061.7938
5053,1757918.2739,2123089.5039
5054,1755941.4237,2121813.3767
5055,1755737.3234,2121756.6885
5056,1755346.0989,2121602.5264
5057,1753718.6285,2120082.1582
5058,1754175.501,2120388.9763
5059,1741020.614,2125576.4714
5060,1738938.7577,2122671.5017
5061,1730141.945,2141536.7525
5062,1732300.0185,2142310.3136
5063,1729410.7479,2141008.3536
5064,1726344.8103,2138124.1566
5065,1726643.8318,2137071.9766
5066,1726022.4619,2133349.6808
5067,1722992.9633,2131833.9972
5068,1724120.3256,2131341.3392
5069,1721622.7996,2133169.7372
5070,1725701.8083,2131691.1801
5071,1739518.5095,2126131.4525
5072,1738357.1908,2124640.245
5073,1736810.171,2123131.1743
5074,1737597.0268,2121237.15
5075,1738492.9324,2119640.6451
5076,1737736.5062,2118578.6307
5077,1728712.4999,2127769.0629
5078,1729173.3755,2129621.4224
5079,1729700.9168,2131241.7054
5080,1729027.6863,2130282.2453
5081,1729578.0359,2132548.6702
5082,1729124.1068,2133532.0309
5083,1729037.4228,2145615.3404
5084,1730946.2478,2146430.3936
5085,1727279.6463,2143127.9276
5086,1727203.1236,2142538.9194
5087,1730246.1147,2137707.2818
5088,1734783.4875,2140690.4716
5089,1734988.9005,2140799.3677
5090,1733655.3433,2133455.7972
5091,1733699.5553,2133465.6374
5092,1730596.2843,2134833.5086
5093,1728539.1952,2135214.1679
5094,1729388.0852,2135031.0978
5095,1762917.554,2117900.1666
5096,1762918.0003,2118617.8028
5097,1762962.4728,2118706.6946
5098,1762965.0468,2118707.3062
5099,1762451.1517,2117747.4165
5100,1761610.4352,2117000.1466
5101,1759316.5445,2115553.718
5102,1758210.2839,2115227.3495
5103,1758154.5415,2115222.6229
5104,1755807.1538,2113955.8296
5105,1728216.3578,2165185.4997
5106,1729259.0466,2164158.0237
5107,1725999.0572,2168917.6035
5108,1724479.1752,2173657.8603
5109,1723975.6968,2174774.8978
5110,1724181.771,2177320.403
5111,1721364.2691,2120187.6002
5112,1723484.5698,2166685.9755
5113,1728519.1793,2161852.774
5114,1733523.7063,2166575.5054
5115,1732877.9423,2167536.7414
5116,1732128.4113,2170142.0725
5117,1727737.0398,2173863.8256
5118,1748084.1705,2123565.5917
5119,1749236.5295,2126415.1863
5120,1749265.7076,2126492.6066
5121,1749281.9031,2126494.6763
5122,1748267.6301,2123506.7531
5123,1747644.3734,2119905.7795
5124,1759089.7789,2119526.4019
5125,1759842.0072,2119888.3468
5126,1759920.9322,2120087.5446
5127,1756763.6539,2118256.6154
5128,1753829.6264,2116786.8523
5129,1754776.7348,2117712.6659
5130,1752429.2181,2115788.7751
5131,1730344.0178,2123550.9349
5132,1728521.9616,2119742.0695
5133,1744718.9686,2134281.4773
5134,1745090.3087,2134398.522
5135,1745690.1933,2134246.992
5136,1745755.1714,2134227.5665
5137,1745133.4354,2134413.4043
5138,1745319.7343,2134357.7146
5139,1745581.8376,2134279.3709
5140,1745630.4548,2134264.844
5141,1740772.4489,2130860.691
5142,1740613.3361,2130972.2377
5143,1740007.3826,2131443.6297
5144,1738802.9371,2132422.2267
5145,1751813.9138,2196382.2018
5146,1752152.253,2195017.7704
5147,1752642.1359,2198308.1731
5148,1762038.8788,2200057.6338
5149,1761817.0892,2200077.8401
5150,1762069.32,2199874.4217
5151,1760894.6852,2198810.141
5152,1760174.3043,2197812.066
5153,1762224.3306,2198885.8172
5154,1760568.8475,2197387.2375
5155,1766603.8369,2199315.1328
5156,1766789.4925,2198763.6363
5157,1766480.4017,2199332.6829
5158,1763233.20202024,2198013.20741921
5159,1761844.579,2197687.1274
5160,1768172.7467,2199203.676
5161,1767009.6857,2198569.5943
5162,1768364.7879,2199415.5959
5163,1759732.1222,2196762.0101
5164,1759731.7515,2196718.4408
5165,1757965.8675,2203078.1617
5166,1758340.3362,2203644.8299
5167,1758550.6183,2203934.7768
5168,1758566.5074,2203955.8604
5169,1759684.9587,2206536.0898
5170,1760844.396,2206903.9651
5171,1770801.6258,2201781.5109
5172,1771682.6814,2200721.5352
5173,1771553.5726,2200381.8698
5174,1771520.0373,2200200.7416
5175,1771655.1612,2200609.34
5176,1771580.4867,2199891.3025
5177,1771635.0788,2199438.6733
5178,1772828.9889,2200886.4969
5179,1772469.219,2199627.5533
5180,1747109.4731,2181373.0843
5181,1745720.1669,2180993.2959
5182,1746956.3059,2181067.8592
5183,1747189.7212,2181018.1863
5184,1759723.0546,2189679.6519
5185,1758862.1956,2188744.4432
5186,1758545.9167,2188131.8584
5187,1758528.3093,2187912.4917
5188,1758795.3115,2187211.025
5189,1759359.0614,2186671.1557
5190,1758216.5601,2185301.8779
5191,1762749.4769,2195428.8267
5192,1762872.1995,2195412.232
5193,1763586.5477,2196301.1411
5194,1764062.7391,2195553.2732
5195,1761352.6057,2192585.8494
5196,1760707.555,2191247.5063
5197,1769568.4127,2111940.205
5198,1769879.9396,2112184.0693
5199,1770081.2953,2112389.9053
5200,1770127.4989,2112443.9956
5201,1768919.2047,2111922.2626
5202,1767718.6928,2110139.5928
5203,1766985.5653,2111235.5452
5204,1767775.3894,2107786.7854
5205,1765425.757,2115794.1455
5206,1766779.6981,2115790.0282
5207,1767470.4803,2115509.8643
5208,1764154.9971,2115304.5157
5209,1759581.078,2113058.7369
5210,1762647.0891,2112905.6013
5211,1764215.2044,2113701.6741
5212,1760342.3674,2118406.0969
5213,1756354.4043,2115406.9492
5214,1757198.4756,2113261.1756
5215,1759523.1932,2113566.0734
5216,1761021.9816,2114086.3118
5217,1762492.8803,2115906.5105
5218,1753295.8476,2119039.595
5219,1755375.1786,2115048.8006
5220,1754941.5594,2115030.8337
5221,1759680.5999,2117347.0822
5222,1758071.7183,2122544.741
5223,1758177.1826,2122592.2403
5224,1756905.6365,2120278.3486
5225,1758189.2128,2122586.2686
5226,1758311.4948,2122579.9966
5227,1754839.8448,2123064.9781
5228,1754345.7516,2122771.8995
5229,1751048.8253,2121464.1679
5230,1752457.4896,2121465.9708
5231,1753791.1677,2122099.8
5232,1754905.3785,2121450.2893
5233,1754557.0317,2121266.3883
5234,1754541.0804,2121131.359
5235,1755258.406,2120300.0965
5236,1756444.2537,2120331.7116
5237,1753386.6121,2123900.6411
5238,1756344.5723,2125352.75
5239,1756414.8834,2125384.4211
5240,1746408.547,2121476.3984
5241,1749201.4598,2122606.7813
5242,1749273.0229,2121685.0551
5243,1737964.5936,2128455.5731
5244,1735635.4656,2128113.9826
5245,1736383.3637,2129202.9189
5246,1738127.9791,2131746.2123
5247,1730825.3114,2132825.8649
5248,1731339.1965,2131703.3068
5249,1730958.3065,2128185.4374
5250,1730549.1789,2130271.3743
5251,1730417.4362,2126493.8598
5252,1728618.8006,2132336.475
5253,1728970.4864,2130448.1315
5254,1728284.0395,2132989.9119
5255,1730226.6775,2130997.9961
5256,1730345.2367,2131068.8915
5257,1728627.2694,2127863.1445
5258,1727849.8918,2130733.9298
5259,1727180.1381,2128869.6716
5260,1727472.7963,2126243.7149
5261,1727363.2484,2126190.6879
5262,1725931.2783,2126602.0759
5263,1727440.4354,2131620.0774
5264,1726131.7586,2130512.6362
5265,1723437.6934,2130026.2512
5266,1723762.9959,2127919.3757
5267,1723748.1673,2127682.4852
5268,1723766.0258,2127906.5466
5269,1722878.0465,2130797.8913
5270,1721380.2709,2130735.1821
5271,1725054.4232,2124694.6786
5272,1721352.2568,2122148.4369
5273,1721900.3011,2125944.1943
5274,1727294.9159,2125096.7964
5275,1726453.0973,2121299.2905
5276,1726333.3022,2121047.1338
5277,1727207.2302,2125190.3366
5278,1727207.139,2125366.1901
5279,1730289.3932,2121213.1922
5280,1732973.9119,2126256.1166
5281,1733029.3454,2126389.3129
5282,1733797.4386,2127653.5146
5283,1736178.8364,2126131.5196
5284,1734309.4281,2126643.7466
5285,1734785.1102,2127241.1532
5286,1736872.0748,2125766.2995
5287,1737831.9154,2125397.5771
5288,1737702.2888,2125226.8009
5289,1736789.8464,2120725.9127
5290,1737242.0513,2120792.7707
5291,1737141.0328,2120644.1339
5292,1738691.9516,2124504.9011
5293,1738756.9831,2124340.8108
5294,1741522.7,2123177.6098
5295,1743275.2034,2126008.9718
5296,1745552.8058,2126199.6398
5297,1741653.2888,2122153.5073
5298,1745097.3292,2123962.6034
5299,1743772.4961,2130359.1197
5300,1745390.4215,2131770.8649
5301,1745516.8029,2131759.6839
5302,1745627.5015,2131693.996
5303,1741183.8996,2132809.421
5304,1740309.2382,2134021.8585
5305,1738995.8926,2134644.527
5306,1739417.2016,2139046.4039
5307,1736839.3072,2133887.8395
5308,1737090.3064,2134220.3633
5309,1736783.9113,2138794.5813
5310,1736541.0998,2138968.8413
5311,1736353.9259,2139055.7196
5312,1734361.9578,2135758.6983
5313,1736475.6667,2134083.551
5314,1736532.1232,2134096.1128
5315,1739487.2429,2129762.1332
5316,1742739.2057,2130236.1019
5317,1744441.1372,2137202.9133
5318,1744773.1855,2136651.9794
5319,1744885.5014,2136621.9922
5320,1722389.1959,2135952.9297
5321,1724722.7001,2137829.5754
5322,1722700.8548,2133919.2744
5323,1729834.653,2137342.2337
5324,1727540.2028,2147534.066
5325,1724770.2797,2156964.9723
5326,1728818.302,2154825.8254
5327,1721509.2969,2157261.1228
5328,1719102.9198,2156497.0791
5329,1720567.9356,2156686.2198
5330,1720696.0767,2156748.5801
5331,1720821.4221,2156847.0692
5332,1723793.1278,2159493.8788
5333,1723816.1493,2159491.4381
5334,1723917.986,2159419.0455
5335,1723280.1913,2159561.8891
5336,1722862.1529,2160371.1768
5337,1722409.453,2160552.189
5338,1722020.2528,2163347.6895
5339,1721048.1067,2166353.1385
5340,1720118.131,2170068.3847
5341,1722190.8287,2163545.3514
5342,1723039.4635,2165234.2851
5343,1722183.6065,2163601.4966
5344,1717574.3537,2169072.1099
5345,1720045.7552,2166756.7297
5346,1717194.3024,2169578.7117
5347,1720420.1613,2166626.7077
5348,1719143.0848,2163290.8216
5349,1718412.2719,2165622.5886
5350,1718421.906,2165590.6013
5351,1718522.4991,2165473.6893
5352,1718300.1668,2165897.0068
5353,1718674.6867,2162793.9667
5354,1717748.4733,2164455.5058
5355,1715871.4061,2165456.0571
5356,1715477.5893,2167171.9185
5357,1716628.5481,2168622.202
5358,1713727.4111,2166730.9232
5359,1718010.6973,2161159.7277
5360,1718357.2963,2161120.6599
5361,1713903.9313,2161671.2889
5362,1713803.1881,2161859.0049
5363,1712603.9433,2163670.219
5364,1712745.4419,2165181.394
5365,1713471.4449,2165270.6244
5366,1711089.393,2164454.0677
5367,1710926.1577,2165276.1318
5368,1719330.9769,2159524.6398
5369,1727641.7439,2157181.0604
5370,1729539.9598,2158379.6985
5371,1727956.3616,2167482.6939
5372,1728004.9916,2167611.7031
5373,1727088.9544,2172569.084
5374,1724716.2349,2177563.1861
5375,1726733.5265,2179132.1994
5376,1725598.2359,2180897.5561
5377,1725823.1589,2179740.1227
5378,1725946.772,2181371.8307
5379,1725988.6091,2179808.575
5380,1726557.548,2181319.2403
5381,1726507.7116,2179646.2235
5382,1724442.8686,2179862.3825
5383,1720614.6579,2176124.4318
5384,1723036.8203,2176111.5934
5385,1723219.2233,2175826.783
5386,1723253.9493,2175648.1252
5387,1725452.2695,2168984.5134
5388,1723452.5891,2170643.5727
5389,1721010.7602,2171789.6206
5390,1721879.5977,2173894.4411
5391,1722776.2034,2169394.9415
5392,1729985.3262,2167229.5217
5393,1731149.7237,2164824.4596
5394,1732074.6357,2172348.6674
5395,1730753.5652,2168078.5114
5396,1732237.6089,2172960.0565
5397,1734224.1929,2172295.6116
5398,1734235.2057,2172293.3231
5399,1732342.7844,2177588.669
5400,1732362.4695,2177708.58
5401,1730437.0258,2176028.9515
5402,1730341.5365,2175913.1162
5403,1731387.5467,2174639.631
5404,1730383.0644,2175079.5951
5405,1731070.0551,2174500.4761
5406,1730951.0789,2174258.6305
5407,1734772.2595,2176744.8075
5408,1734901.0278,2173901.2556
5409,1736238.5247,2176896.2116
5410,1736855.9106,2176524.6669
5411,1736874.2526,2176516.7263
5412,1736087.5496,2177075.1776
5413,1732740.7959,2179344.6715
5414,1734348.1658,2179511.8606
5415,1732667.5695,2179267.9342
5416,1731478.1276,2179472.3371
5417,1732886.8203,2181304.3032
5418,1732897.236,2181302.4637
5419,1730329.2529,2179656.8823
5420,1732351.8874,2181583.924
5421,1732368.6259,2181586.573
5422,1730020.0775,2179677.1047
5423,1729868.9284,2179648.6096
5424,1727720.5728,2181337.4244
5425,1728601.7811,2178709.3001
5426,1729114.3064,2179270.0675
5427,1729378.7251,2179473.5076
5428,1728364.5457,2178546.0484
5429,1727542.8635,2178779.9933
5430,1729417.2725,2177242.6246
5431,1730032.0244,2179207.209
5432,1729873.2854,2179108.737
5433,1729686.1876,2183658.7128
5434,1730192.1302,2184110.3581
5435,1728004.5223,2182424.7239
5436,1727080.3839,2182990.1929
5437,1727937.9764,2182317.98
5438,1727948.0262,2182321.9274
5439,1728980.8304,2182353.9528
5440,1738166.5211,2187772.7175
5441,1738778.1561,2188155.9614
5442,1738931.0412,2188246.3574
5443,1739281.532,2188319.2266
5444,1739386.2011,2186220.357
5445,1738372.3888,2185878.606
5446,1748458.4613,2194160.7687
5447,1747872.8168,2195848.7198
5448,1751018.0831,2200383.8979
5449,1751780.2849,2197971.5907
5450,1751784.2393,2200675.24
5451,1752745.7021,2201908.9281
5452,1754168.1549,2201502.771
5453,1754256.7904,2201659.3878
5454,1756065.9196,2207515.7692
5455,1761158.8886,2203914.1833
5456,1763420.9172,2207790.5746
5457,1763359.7006,2206883.0198
5458,1762573.6885,2205278.7268
5459,1762348.768,2203910.0691
5460,1762142.4155,2203660.9586
5461,1761294.2553,2203582.4674
5462,1761053.8108,2203130.5864
5463,1760706.9547,2203098.5001
5464,1761139.4445,2209591.6465
5465,1761940.5228,2211367.5342
5466,1763721.6244,2211877.5762
5467,1760031.8777,2211482.5986
5468,1754247.9078,2217469.5169
5469,1754061.1454,2216782.9276
5470,1753428.474,2212552.9091
5471,1752862.4515,2212267.4628
5472,1751974.1408,2213122.5264
5473,1753153.6291,2214901.6714
5474,1753144.8024,2214952.2036
5475,1753580.8273,2214451.9364
5476,1751103.1844,2213054.432
5477,1751129.4521,2213761.5737
5478,1750997.9212,2212925.6114
5479,1751620.7116,2211107.1321
5480,1755065.3141,2210283.2713
5481,1752573.81499009,2209766.39501137
5482,1752179.9138,2208678.0795
5483,1753726.9294,2208544.3406
5484,1754140.1122,2208968.6054
5485,1754812.5954,2209995.0727
5486,1754850.7423,2210135.0061
5487,1751594.045,2209829.9892
5488,1752217.8708,2209905.2809
5489,1751525.92,2210142.8807
5490,1756118.6242,2204934.9433
5491,1753809.537,2204702.2238
5492,1750429.5248,2201136.0434
5493,1750657.6788,2201098.3079
5494,1748539.2819,2204023.506
5495,1749252.3934,2202834.6598
5496,1749944.7155,2206791.5621
5497,1750102.0586,2207215.8287
5498,1750360.3227,2208702.9193
5499,1747466.2732,2206278.7436
5500,1747848.6277,2205947.5612
5501,1747349.4987,2206216.0003
5502,1745920.3735,2206178.8463
5503,1747306.0376,2206187.3713
5504,1746980.1458,2209115.6747
5505,1747304.7838,2206250.1247
5506,1747095.8264,2210021.6246
5507,1748272.7937,2207180.6495
5508,1748691.9203,2208470.3607
5509,1748630.3806,2208193.8255
5510,1749474.7432,2208539.5853
5511,1749432.8405,2208233.3379
5512,1747601.7336,2210527.2758
5513,1747306.7604,2210334.5657
5514,1750636.9119,2204368.8448
5515,1750628.0909,2203870.4503
5516,1751259.5143,2204769.5373
5517,1751303.539,2204929.2049
5518,1751261.4561,2206327.446
5519,1751457.307,2207038.8035
5520,1751519.3151,2204980.5814
5521,1752499.6173,2206108.1874
5522,1752722.1201,2205512.3657
5523,1746179.5733,2204025.9718
5524,1747537.1948,2204364.343
5525,1748736.4675,2198326.4714
5526,1747966.9646,2198278.6277
5527,1750056.7262,2197629.3728
5528,1748546.9658,2197850.2482
5529,1748476.7779,2197794.9904
5530,1748190.3646,2197404.5469
5531,1748881.8681,2196334.204
5532,1744823.5631,2200559.7658
5533,1745096.9004,2193167.2611
5534,1744782.7275,2193253.851
5535,1743585.0694,2197900.0743
5536,1742978.6638,2201314.1169
5537,1743746.2345,2202330.7731
5538,1741542.8039,2194144.4576
5539,1741258.374,2194248.2531
5540,1740877.8908,2191611.8006
5541,1740924.2611,2191669.5744
5542,1740909.06700342,2191675.70622216
5543,1740869.6511,2191693.9917
5544,1740170.9325,2192293.0429
5545,1740433.0496,2193670.2317
5546,1738471.1214,2195719.3009
5547,1738035.4493,2194709.2825
5548,1737262.4429,2191638.8031
5549,1737210.6971,2191627.223
5550,1737846.4853,2192596.9863
5551,1737431.3569,2192189.3436
5552,1736617.3471,2189519.2497
5553,1736788.6147,2188150.3753
5554,1736801.9654,2187974.8493
5555,1736798.7605,2188125.7977
5556,1736810.8367,2187980.4585
5557,1737700.0058,2184148.1419
5558,1737170.256,2182704.1346
5559,1735982.4562,2177881.3469
5560,1735987.3782,2177870.1548
5561,1742206.4276,2172459.8813
5562,1744040.1223,2172358.8806
5563,1744050.9813,2172482.1917
5564,1742968.4569,2170274.7857
5565,1743516.9684,2171176.5325
5566,1743871.1176,2172089.46
5567,1744034.7869,2172302.4996
5568,1741993.8289,2169537.4216
5569,1743552.8034,2171326.5055
5570,1740927.9759,2167338.2283
5571,1741834.118,2167824.0097
5572,1741950.2385,2167789.5295
5573,1742171.1631,2168904.8482
5574,1741316.9751,2168845.5112
5575,1741728.9546,2169197.3902
5576,1747316.7276,2173554.3343
5577,1748635.8075,2175775.6658
5578,1750690.0969,2177590.4314
5579,1752776.2249,2182430.7209
5580,1751934.7256,2181638.9434
5581,1750965.4527,2183035.4747
5582,1754253.6059,2184855.6463
5583,1755672.3428,2185917.0249
5584,1755165.304,2185245.5537
5585,1755731.3539,2184112.5365
5586,1759893.3072,2195053.6909
5587,1759786.587,2195000.353
5588,1759786.2975,2194997.1865
5589,1759645.133,2195031.0524
5590,1759280.6486,2196194.8878
5591,1760513.6697,2195731.8907
5592,1760661.402,2195899.7498
5593,1759966.0419,2194973.0895
5594,1759874.2803,2194707.6502
5595,1762147.3352,2196410.6926
5596,1762303.6635,2196202.0424
5597,1760438.1075,2194537.0854
5598,1760215.2889,2194189.0548
5599,1760112.7461,2194128.7875
5600,1762240.2202,2195948.3374
5601,1760504.6581,2194641.6707
5602,1760501.0148,2194634.1347
5603,1762094.65,2196595.7607
5604,1761118.149,2201810.1922
5605,1761346.6996,2202246.2103
5606,1756082.8404,2198037.5406
5607,1756046.2648,2198142.2197
5608,1753858.1964,2195385.0298
5609,1753537.3738,2194998.7312
5610,1753804.2269,2195372.7905
5611,1753005.8845,2194721.0481
5612,1752351.4728,2194415.5653
5613,1755631.6587,2198319.1049
5614,1755976.4002,2198234.1243
5615,1755885.4318,2198762.5265
5616,1754962.6537,2194648.3338
5617,1755500.3089,2194830.212
5618,1755654.6746,2194936.006
5619,1756232.4631,2195923.3267
5620,1755504.7362,2194828.8286
5621,1754803.8384,2194630.8312
5622,1755320.6273,2195716.5962
5623,1755376.6264,2196028.8635
5624,1754458.0023,2195521.0051
5625,1753722.5025,2189663.6268
5626,1753724.4928,2189574.7652
5627,1752539.7351,2189341.1929
5628,1751546.7986,2190876.7477
5629,1749853.9727,2192193.6899
5630,1750135.1447,2192470.0075
5631,1745279.781,2176816.466
5632,1745391.9163,2177120.3004
5633,1745353.296,2185575.8604
5634,1745467.6101,2185733.062
5635,1745469.6189,2185720.6813
5636,1748161.7322,2187849.9597
5637,1748389.8547,2188235.1482
5638,1741385.2011,2181552.4716
5639,1742998.5542,2183146.7605
5640,1741124.7073,2181464.7336
5641,1741121.2512,2181474.3709
5642,1740831.8742,2181280.2069
5643,1738192.5082,2183318.2035
5644,1738146.2421,2183016.4699
5645,1740820.0527,2179837.9026
5646,1741041.5367,2179861.7226
5647,1738104.2539,2182799.6978
5648,1738149.1778,2183003.3109
5649,1738309.9949,2183717.207
5650,1740976.5843,2183553.7735
5651,1738359.4072,2177955.0686
5652,1739308.1295,2170466.1544
5653,1740167.4666,2169623.4618
5654,1739912.2557,2169934.083
5655,1739788.4388,2170095.5086
5656,1739906.5693,2169934.1775
5657,1739277.2655,2169968.2796
5658,1740166.759,2168990.5211
5659,1739295.4564,2169817.433
5660,1739297.1818,2169820.1917
5661,1741057.3685,2172032.8044
5662,1740943.0772,2171839.2587
5663,1732781.2172,2164640.0034
5664,1732944.046,2164500.4183
5665,1734792.224,2165495.9788
5666,1734818.4266,2163227.9386
5667,1731415.0549,2161161.7178
5668,1738508.1366,2169967.2952
5669,1737208.1539,2168689.8777
5670,1737116.143,2168593.1929
5671,1731663.1212,2158131.7688
5672,1747580.5732,2168913.8141
5673,1747197.5268,2167271.8079
5674,1744217.132,2164716.5775
5675,1748094.1548,2172103.859
5676,1749115.9326,2171320.751
5677,1748903.7698,2171459.3255
5678,1748901.9308,2171452.8723
5679,1748761.6566,2171482.3696
5680,1749183.7024,2171215.228
5681,1749647.8976,2172841.3514
5682,1745590.8026,2170607.7446
5683,1743116.2189,2165468.6805
5684,1740705.8649,2165823.5166
5685,1739917.5636,2165411.2637
5686,1740783.3859,2165615.0064
5687,1740937.4641,2165410.4564
5688,1738442.2872,2164803.6475
5689,1739853.719,2161845.7965
5690,1735598.2954,2159168.035
5691,1735464.0529,2153560.6355
5692,1744387.4923,2153619.9226
5693,1751366.0491,2165961.4567
5694,1753460.9385,2168212.3426
5695,1755995.1921,2171388.7692
5696,1757782.5753,2172772.6485
5697,1758108.2513,2174932.2043
5698,1759151.5966,2178260.0515
5699,1759266.9316,2185809.7417
5700,1759704.5567,2186399.8328
5701,1762955.7841,2185603.4945
5702,1765428.1927,2184920.8193
5703,1762048.652,2185387.9549
5704,1769853.4697,2194570.5836
5705,1769436.622,2193314.7728
5706,1769892.8938,2194624.2903
5707,1770359.1533,2197908.5666
5708,1770326.2439,2197803.7944
5709,1770310.9287,2198141.9658
5710,1771318.8977,2195137.1109
5711,1771256.964,2195091.404
5712,1771467.2439,2195833.3942
5713,1771658.1057,2195982.1857
5714,1772045.459,2196821.9518
5715,1772182.6166,2196819.6803
5716,1774175.033,2200020.7106
5717,1774973.4399,2200722.5677
5718,1764272.2388,2188288.9269
5719,1762238.2027,2188727.5681
5720,1762312.7203,2189023.2434
5721,1763746.3859,2189637.9018
5722,1765749.3631,2190611.4883
5723,1763717.7244,2191389.7937
5724,1766103.8041,2197205.9913
5725,1764752.2255,2193048.5289
5726,1764645.0555,2192801.0809
5727,1764641.7044,2192797.2001
5728,1764752.9067,2193043.8911
5729,1765822.2789,2198358.3201
5730,1765724.5838,2198085.4477
5731,1764505.7527,2192600.4795
5732,1764039.2337,2192696.1076
5733,1764167.3877,2192486.2538
5734,1763533.973,2193198.1501
5735,1763270.878,2193387.6292
5736,1762777.0737,2193613.6801
5737,1762229.6022,2191611.6835
5738,1761737.9914,2188744.4853
5739,1761232.2643,2188570.8937
5740,1756990.636,2185673.7437
5741,1757341.5886,2185172.4919
5742,1755770.4195,2177275.3572
5743,1755514.9832,2177415.3695
5744,1755601.9341,2177474.0028
5745,1755673.2815,2177438.2234
5746,1755735.4937,2177369.6099
5747,1755497.7739,2177418.66
5748,1752799.0808,2178729.144
5749,1754692.4333,2179461.7826
5750,1753798.2769,2175439.9148
5751,1751148.1019,2174867.1584
5752,1751682.9419,2173403.8664
5753,1744657.7644,2162755.1687
5754,1744505.8374,2162954.9545
5755,1744994.2482,2161257.4186
5756,1743855.4443,2161924.9422
5757,1742916.4811,2160360.4871
5758,1742593.379,2159841.9872
5759,1734120.3882,2142908.5778
5760,1736101.0297,2142037.8106
5761,1736170.5006,2142019.0016
5762,1744180.1329,2149611.0467
5763,1743899.7965,2149918.7421
5764,1739891.0568,2148404.1771
5765,1737077.2831,2146751.782
5766,1746006.2327,2146286.9521
5767,1746471.6547,2148630.855
5768,1746102.0353,2146447.5211
5769,1746103.1469,2146438.4263
5770,1744821.9456,2148181.2815
5771,1748996.3397,2143443.0938
5772,1748983.4192,2143500.6079
5773,1749230.5125,2143235.8892
5774,1748406.9977,2146066.3924
5775,1748485.7196,2147763.3449
5776,1749275.6392,2141283.6739
5777,1744527.4432,2138527.4374
5778,1744437.4957,2138456.0013
5779,1746223.0033,2136261.5447
5780,1745333.164,2135692.3529
5781,1747862.6084,2136212.2893
5782,1747274.3751,2136497.0324
5783,1745277.498,2135641.9982
5784,1747221.0917,2136485.0927
5785,1746304.2139,2136279.7509
5786,1748447.3976,2135523.3908
5787,1745934.2641,2132722.2001
5788,1745932.0117,2132718.5886
5789,1745865.5027,2132716.0001
5790,1752261.7615,2129236.3503
5791,1752195.9992,2129200.4665
5792,1752474.4767,2129460.5554
5793,1750614.9512,2136238.226
5794,1750609.0259,2136234.2849
5795,1751984.5407,2137909.1666
5796,1751707.0956,2137491.6105
5797,1752152.3281,2141907.3673
5798,1750844.7896,2142744.2979
5799,1755830.2366,2130403.3674
5800,1756162.8558,2131913.5024
5801,1755993.0021,2133373.0678
5802,1757583.0822,2136883.5255
5803,1751894.3231,2131489.6358
5804,1754471.6721,2138114.581
5805,1756508.7105,2140196.1702
5806,1756790.7185,2140296.7254
5807,1756231.9129,2144585.1592
5808,1757512.0514,2143000.936
5809,1755962.2742,2144098.5122
5810,1751535.0144,2134049.5719
5811,1751859.6374,2132522.5137
5812,1761467.2797,2125903.8148
5813,1763183.7283,2126181.4393
5814,1761727.5902,2125791.8335
5815,1761728.5715,2125787.4613
5816,1760598.8826,2129368.4877
5817,1760144.1286,2128889.8697
5818,1761645.8742,2130151.8056
5819,1759271.7839,2129013.2913
5820,1757619.7776,2129672.6421
5821,1758563.3791,2131278.8644
5822,1757731.0081,2128712.2596
5823,1758878.9303,2123760.146
5824,1758211.6772,2123364.854
5825,1758099.1961,2123268.4764
5826,1759979.0818,2123291.3694
5827,1760101.7652,2123376.9335
5828,1760457.8023,2124040.8897
5829,1759893.2839,2122985.507
5830,1759883.5577,2122822.9792
5831,1759689.8484,2125998.72
5832,1766099.7592,2123013.8969
5833,1762903.1895,2124577.9163
5834,1761228.127,2122837.8518
5835,1766418.0228,2119732.2021
5836,1765826.3157,2117837.5222
5837,1765788.6424,2117718.6142
5838,1765780.5076,2117602.9995
5839,1771846.1644,2118267.5503
5840,1769035.1323,2118652.098
5841,1770783.3758,2119131.2658
5842,1771146.3848,2121352.6807
5843,1767707.7925,2114357.0765
5844,1765485.3459,2113234.4354
5845,1786752.4526,2111892.3602
5846,1784294.0644,2113310.2364
5847,1780737.4177,2113769.2315
5848,1789566.5905,2115615.9169
5849,1795802.0731,2112537.0623
5850,1798037.04,2112569.5181
5851,1800192.3253,2112700.0821
5852,1797760.0701,2111690.8933
5853,1798394.3849,2114192.3853
5854,1799744.0736,2115796.3133
5855,1799466.1171,2115724.0371
5856,1802341.98,2116053.3429
5857,1801413.1532,2115130.2972
5858,1802135.1428,2114702.7937
5859,1795281.1868,2116147.1867
5860,1792934.1607,2115802.383
5861,1794426.174,2116677.5031
5862,1789846.6428,2118422.0948
5863,1780387.4807,2118119.5842
5864,1781827.5535,2119345.9684
5865,1779546.7892,2120404.5473
5866,1780349.1065,2118129.2066
5867,1778641.6871,2122022.544
5868,1775563.9966,2121922.9144
5869,1778938.7248,2122858.4504
5870,1779089.4205,2123182.2278
5871,1777268.5028,2119577.9953
5872,1779621.2957,2116658.1567
5873,1777189.9469,2117900.5071
5874,1776464.8997,2118494.5846
5875,1777057.5924,2118038.5287
5876,1774467.1922,2120917.6445
5877,1771237.5529,2116584.5873
5878,1726826.4793,2175178.0054
5879,1726914.8949,2176366.0934
5880,1725788.3379,2175618.2538
5881,1761584.3456,2199874.7582
5882,1729164.0434,2119426.8726
5883,1725575.4083,2118507.0067
5884,1764045.7594,2202167.4834
5885,1762299.5041,2203395.3605
5886,1763060.1878,2200780.2408
5887,1764706.3728,2201698.3846
5888,1764450.6779,2201968.4045
5889,1743934.8333,2137528.4938
5890,1720109.7952,2128355.2951
5891,1721730.1418,2127581.3345
5892,1721922.542,2127492.5289
5893,1717847.3118,2128520.3462
5894,1759850.6593,2128303.1638
5895,1760102.9102,2128843.7668
5896,1756272.3208,2203648.5728
5897,1756516.1237,2203209.871
5898,1759465.9943,2202454.3814
5899,1759227.8407,2203280.308
5900,1759173.7488,2202014.2804
5901,1760239.9609,2197254.1148
5902,1764265.7629,2195773.2142
5903,1763484.0834,2194579.7854
5904,1763042.7343,2194113.4292
5905,1731781.4938,2147528.0045
5906,1731627.502,2146771.9947
5907,1735463.4976,2141171.991
5908,1744476.428,2138170.8944
5909,1744563.4996,2137839.9914
5910,1752898.6667,2124148.9464
5911,1753370.3182,2123973.1722
5912,1769021.5049,2113367.998
5913,1768985.2544,2113353.4983
5914,1776133.5,2110344.0036
5915,1745690.4994,2132289.0029
5916,1745124.3123,2136015.4793
5917,1768164.0678,2114326.1584
5918,1776215.4718,2110427.3614
5919,1756613.2834,2205033.9904
5920,1760011.2352,2204387.3817
5921,1759975.8768,2204925.9348
5922,1761721.1465,2197887.5466
5923,1766977.3749,2112630.7265
5924,1768595.2652,2113240.8486
5925,1768917.8497,2113321.6403
5926,1752915.1398,2123601.0573
5927,1742036.8575,2192713.502
5928,1742045.5089,2192858.088
5929,1742120.167,2193053.5864
5930,1719717.7963,2130367.4134
5931,1755284.5986,2207585.6702
5932,1755103.3336,2207450.1754
5933,1753747.689,2204861.5915
5934,1755321.5539,2207662.3132
5935,1755301.9056,2207627.2123
5936,1740820.747,2171242.2218
5937,1740805.119,2171312.2475
5938,1740663.0765,2170537.5074
5939,1740849.8978,2171146.3226
5940,1740715.7939,2170370.7226
5941,1740862.8993,2171296.2673
5942,1755260.8166,2207622.3266
5943,1757905.6429,2206244.4314
5944,1754773.3116,2202049.2416
5945,1755123.4144,2202569.5859
5946,1755252.7209,2202740.6191
5947,1754693.628,2201941.0203
5948,1755680.4099,2203512.24
5949,1755781.7353,2203498.3638
5950,1755929.3356,2203634.1343
5951,1755530.4399,2203510.4243
5952,1736773.1064,2172118.9523
5953,1735494.945,2171576.3197
5954,1737341.6691,2172810.3625
5955,1737384.8494,2172998.5381
5956,1735498.2452,2171568.107
5957,1765206.5572,2201686.1908
5958,1766884.4557,2198510.3963
5959,1763429.0106,2194617.1041
5960,1763308.6858,2194668.427
5961,1762960.2596,2195106.4665
5962,1762717.0938,2193855.6112
5963,1763211.3408,2196621.0014
5964,1764432.2508,2196074.1668
5965,1762569.7293,2195459.706
5966,1761508.8831,2193346.9735
5967,1798785.5041,2115369.9982
5968,1753684.4972,2189689.0007
5969,1753691.5032,2189527.9995
5970,1747909.4992,2198264.0044
5971,1753747.4931,2204718.0042
5972,1762561.4207,2205007.2185
5973,1749337.5018,2202534.0017
5974,1750436.5001,2203605.0028
5975,1748217.498,2206005.9959
5976,1743016.4953,2183122.9976
5977,1743346.2683,2185088.5038
5978,1743361.3635,2185065.6934
5979,1728981.499,2130140.0052
5980,1725908.4946,2179706.9973
5981,1726601.5008,2179279.9918
5982,1752137.4936,2214070.003
5983,1752389.5041,2209603.9985
5984,1752570.513,2209751.2007
5985,1741903.4995,2169326.0057
5986,1770029.5013,2194805.9967
5987,1764177.503,2192327.9966
5988,1759981.4269,2197293.6531
5989,1771647.0813,2200649.9289
5990,1772328.0949,2199006.4524
5991,1771991.3673,2197370.38
5992,1766678.9786,2197707.7793
5993,1766771.4691,2197869.6938
5994,1766809.6334,2198266.7088
5995,1724575.8468,2173821.1256
5996,1724658.8337,2173947.3468
5997,1724962.6802,2174448.8297
5998,1725025.3975,2174560.4213
5999,1725055.8963,2174585.6152
6000,1725241.1699,2174865.9171
6001,1751734.489,2194238.684
6002,1751741.9123,2194247.2385
6003,1729191.4972,2185859.9971
6004,1729415.4967,2185173.9923
6005,1729576.4937,2184690.9956
6006,1731630.6989,2187786.6118
6007,1729613.45,2184747.7295
6008,1719867.4959,2145525.9955
6009,1720086.5804,2145717.6174
6010,1719881.4967,2144224.0005
6011,1719965.5035,2145077.9956
6012,1717025.4989,2143075.996
6013,1711236.4992,2139708.9994
6014,1708373.5004,2144685.9923
6015,1707099.4982,2145470.0005
6016,1705909.499,2147569.9956
6017,1706455.4981,2147121.9946
6018,1703263.5015,2149880.0032
6019,1693127.4937,2157999.9996
6020,1694919.501,2153800.0006
6021,1688857.499,2157523.9972
6022,1689991.4989,2157159.9965
6023,1690383.5013,2157104.0025
6024,1690439.4993,2157201.9954
6025,1690859.4962,2157313.9991
6026,1688000.2709,2158178.4384
6027,1688633.5018,2157621.9938
6028,1687695.5008,2159469.9987
6029,1687767.7659,2162224.2936
6030,1687698.6521,2159510.748
6031,1689055.2687,2163168.2089
6032,1689566.5253,2164029.5538
6033,1699890.0361,2171453.3294
6034,1698190.8716,2170645.8512
6035,1701051.651,2171743.7712
6036,1701105.2935,2171734.6082
6037,1702894.1957,2173228.7442
6038,1704179.0596,2173451.8685
6039,1705046.9868,2175553.4902
6040,1704842.9586,2176104.0792
6041,1704880.0181,2176041.4171
6042,1704404.1709,2176841.6605
6043,1703388.109,2178055.3094
6044,1704299.4291,2176965.4659
6045,1704402.9376,2176845.6621
6046,1701109.5723,2180441.311
6047,1700967.7898,2180066.3184
6048,1701003.056,2179649.0635
6049,1701003.073,2179656.3585
6050,1700974.3119,2180058.1507
6051,1699533.2523,2182638.4394
6052,1699903.7727,2181859.6506
6053,1700379.2913,2181248.3131
6054,1700505.2751,2181168.5374
6055,1685217.4998,2160114.0049
6056,1687443.1392,2159526.3629
6057,1683913.6919,2162595.478
6058,1681303.0171,2163304.6368
6059,1683896.1402,2162649.1198
6060,1679043.4964,2164551.9915
6061,1680926.5012,2164530.9935
6062,1681315.0521,2164086.447
6063,1680163.9018,2168773.768
6064,1678586.091,2172412.6185
6065,1681921.0242,2174219.6181
6066,1677419.4996,2174631.9952
6067,1680674.5051,2175842.9931
6068,1680263.6016,2177740.2853
6069,1677423.6611,2175083.6014
6070,1678966.497,2178390.998
6071,1678577.9978,2179137.2833
6072,1678770.7658,2178736.6358
6073,1678031.4097,2179823.1523
6074,1677522.7535,2180394.0512
6075,1677497.4968,2180453.7028
6076,1677388.5704,2180962.6237
6077,1677402.11,2180758.4428
6078,1677091.2406,2181747.368
6079,1677203.2995,2181611.8393
6080,1677085.8756,2181746.7106
6081,1677220.8943,2181550.6441
6082,1676712.5012,2181890.9952
6083,1675135.4353,2182480.7741
6084,1675490.9936,2181917.8102
6085,1674162.1812,2183435.0422
6086,1674605.4567,2182919.7705
6087,1675067.5048,2182597.9945
6088,1674139.6603,2183465.2969
6089,1674073.4917,2183606.003
6090,1674028.6157,2183889.3797
6091,1673391.3689,2186253.8802
6092,1673446.4437,2186045.6143
6093,1673548.4976,2186818.9979
6094,1673527.5031,2185902.0044
6095,1673779.504,2185033.9994
6096,1673665.1982,2188338.1509
6097,1673426.9439,2187959.4112
6098,1673431.6231,2187956.3294
6099,1674255.4984,2189555.9981
6100,1674367.5007,2188561.9987
6101,1676712.4181,2191135.0364
6102,1676326.8878,2190655.1412
6103,1674983.5027,2189765.9972
6104,1684816.0046,2192666.9817
6105,1682309.0668,2193471.176
6106,1685061.0601,2192264.1766
6107,1685680.2353,2191706.8703
6108,1686642.9471,2190744.5839
6109,1686814.7921,2190144.9099
6110,1687783.8659,2189946.9258
6111,1688245.0479,2189570.173
6112,1689161.9017,2188747.2863
6113,1689465.3772,2188857.9335
6114,1689867.7799,2188206.1938
6115,1690311.0855,2187413.904
6116,1691279.8212,2187158.1053
6117,1691647.8687,2187600.048
6118,1692511.9267,2189009.9175
6119,1694975.2417,2189755.8347
6120,1695538.9259,2189618.9541
6121,1700010.9505,2187025.9194
6122,1697388.8972,2187470.5521
6123,1701445.4167,2187636.2377
6124,1701694.0701,2189551.1508
6125,1698668.3672,2192527.5958
6126,1698691.899,2192818.7348
6127,1688428.1711,2190328.4276
6128,1690021.8982,2191810.6389
6129,1690219.3522,2191733.0305
6130,1690775.7451,2192370.2853
6131,1691601.5811,2192516.3301
6132,1691504.3951,2192429.6231
6133,1694301.4616,2196050.7766
6134,1694194.1496,2195678.7344
6135,1695543.3954,2197766.8055
6136,1695326.5707,2199744.1243
6137,1695269.8241,2200539.5477
6138,1695726.2045,2201115.0631
6139,1696072.8594,2201099.7376
6140,1696410.1051,2201150.555
6141,1696979.8521,2201375.9539
6142,1697991.9163,2201339.5702
6143,1698312.4477,2202144.7739
6144,1700125.7973,2203811.829
6145,1700517.3366,2204412.3325
6146,1700676.7407,2204625.8715
6147,1701292.853,2205249.6685
6148,1702872.6482,2205225.6508
6149,1704184.3393,2204567.9879
6150,1703483.265,2204633.7218
6151,1684055.6589,2194879.2811
6152,1682279.8929,2193593.2749
6153,1683745.1885,2195582.429
6154,1684545.0449,2196446.133
6155,1685082.8178,2197305.1655
6156,1685303.6651,2198648.3193
6157,1685132.6938,2198047.4509
6158,1685152.836,2197931.249
6159,1685150.467,2197939.6934
6160,1685131.7491,2198035.4959
6161,1685378.4541,2198766.8529
6162,1687393.9996,2198170.2015
6163,1691062.4932,2199937.0025
6164,1690952.1889,2199859.7607
6165,1690920.9623,2199813.6419
6166,1690637.6663,2199384.9624
6167,1688756.4044,2198713.2558
6168,1691045.8607,2199974.5379
6169,1691041.0237,2200067.8469
6170,1690970.3529,2206981.0158
6171,1690421.7243,2205495.8381
6172,1690271.0123,2205240.2176
6173,1690423.2229,2203296.7713
6174,1691127.6176,2207479.2189
6175,1691332.1732,2208234.1304
6176,1691441.6291,2208525.3179
6177,1692036.22,2209534.043
6178,1692789.1632,2209993.9911
6179,1694168.0963,2210471.4272
6180,1694841.2125,2211261.7095
6181,1695142.3879,2211076.2302
6182,1695055.4269,2211240.1418
6183,1694959.985,2211329.7508
6184,1695386.3806,2210530.421
6185,1695705.1026,2210091.8903
6186,1696108.9771,2209934.442
6187,1696635.8135,2209547.073
6188,1697578.1368,2208621.8497
6189,1697970.4511,2208493.3265
6190,1710340.5661,2139844.0956
6191,1711187.6258,2139629.4094
6192,1710115.0027,2139825.8146
6193,1706505.2438,2142121.1097
6194,1698200.5151,2140008.6727
6195,1706315.4162,2142139.5942
6196,1694773.6766,2142034.8391
6197,1693430.0531,2140580.2369
6198,1690117.8582,2142340.0159
6199,1685728.061,2137376.526
6200,1685418.0595,2136025.4304
6201,1685675.8687,2137307.6532
6202,1694478.2348,2160349.9464
6203,1693133.4207,2158058.7841
6204,1699469.077,2162417.215
6205,1708135.404,2167037.9684
6206,1708380.2121,2166887.3011
6207,1711357.5995,2168491.225
6208,1714090.5752,2172116.632
6209,1711807.3941,2168850.1777
6210,1714138.3737,2172297.7186
6211,1714186.2208,2172455.1988
6212,1715565.068,2173328.5862
6213,1685295.7304,2199904.9509
6214,1686728.4692,2201996.9483
6215,1686981.7016,2203084.9511
6216,1687146.166,2203419.602
6217,1687594.0708,2204348.129
6218,1688089.8132,2205507.2514
6219,1687516.6375,2206729.874
6220,1686703.8659,2208946.2102
6221,1687759.3214,2210381.0102
6222,1687582.3145,2210400.1313
6223,1681829.1279,2169704.8228
6224,1680199.7153,2168791.2153
6225,1684545.8595,2171854.3262
6226,1683200.9722,2171516.7384
6227,1684523.9642,2172617.8527
6228,1697200.2312,2153495.1323
6229,1697392.6124,2152493.1969
6230,1697418.4986,2152462.9975
6231,1697103.4757,2153584.2213
6232,1697038.1041,2153564.7412
6233,1697029.3127,2153510.3742
6234,1697857.3274,2156637.8318
6235,1699329.625,2159622.8078
6236,1699497.5761,2158578.8864
6237,1675170.6518,2171161.5238
6238,1678538.7972,2172425.5119
6239,1672688.6868,2169590.2233
6240,1683780.25848121,2208103.94771761
6241,1708457.1152,2145365.3151
6242,1708370.6771,2144716.3564
6243,1709113.8465,2155312.3424
6244,1709170.2883,2154448.2778
6245,1683760.3284,2199575.8354
6246,1682376.6512,2201369.0919
6247,1682596.3071,2201000.1168
6248,1700870.2239,2144644.9803
6249,1707048.8822,2145445.6441
6250,1696228.1702,2148142.8858
6251,1700488.4015,2142964.5092
6252,1700607.1257,2143034.9603
6253,1700617.0094,2143084.3144
6254,1694717.4688,2149361.3508
6255,1700714.6682,2143121.3066
6256,1683823.0853,2177504.8848
6257,1680692.1349,2175870.8914
6258,1685742.3438,2179160.596
6259,1695949.2046,2206305.6351
6260,1679569.907,2181451.0251
6261,1679706.6753,2182173.0266
6262,1681287.5983,2184103.736
6263,1684276.7723,2185572.8892
6264,1683353.4443,2185122.7072
6265,1681388.0836,2184222.6365
6266,1673059.4514,2183900.3172
6267,1674045.2027,2183619.5309
6268,1671669.1407,2183724.66
6269,1668138.0538,2182559.5033
6270,1667930.9163,2182467.8035
6271,1685885.6287,2155344.6468
6272,1688811.7635,2157466.4053
6273,1685816.7417,2155400.4591
6274,1684537.3705,2154573.6097
6275,1684376.8385,2154564.8628
6276,1684356.0346,2154541.9751
6277,1683853.7609,2153438.5925
6278,1681719.1635,2152302.5934
6279,1679461.6105,2150213.2272
6280,1677448.483,2148021.6297
6281,1675183.3848,2146103.4058
6282,1674569.7355,2145289.9403
6283,1673493.0926,2146222.2024
6284,1671971.8106,2145423.1928
6285,1669427.7646,2142957.2357
6286,1692090.7162,2139816.356
6287,1692088.9007,2138617.2492
6288,1691238.2698,2133254.0457
6289,1690861.0916,2134512.2802
6290,1682119.0456,2158300.414
6291,1685171.0805,2160093.057
6292,1681117.5939,2157535.7017
6293,1680210.9315,2156502.1915
6294,1679981.9465,2156248.5478
6295,1679716.3676,2156165.2563
6296,1679473.108,2156133.9488
6297,1679438.3105,2156115.9885
6298,1678726.3523,2155543.626
6299,1678519.2889,2155140.0471
6300,1677855.0602,2154525.519
6301,1675300.4068,2152946.3278
6302,1675067.4563,2152723.2771
6303,1674597.5644,2152475.4813
6304,1670873.9221,2149861.1062
6305,1668675.0138,2148114.3888
6306,1676938.4021,2160516.3359
6307,1679717.4551,2162707.035
6308,1681279.1643,2163306.8363
6309,1673828.2203,2157672.4511
6310,1668419.04254192,2153844.30716248
6311,1699793.6555,2172744.0032
6312,1698946.8978,2178242.9252
6313,1698827.4312,2178901.3525
6314,1698953.6596,2178422.8274
6315,1698871.7673,2179168.2685
6316,1693652.5989,2144814.8869
6317,1693607.1914,2148610.7175
6318,1694363.0282,2147259.3427
6319,1682420.6698,2179528.9586
6320,1682284.7337,2179499.4554
6321,1686334.0706,2180981.5489
6322,1680289.4177,2177754.9484
6323,1686483.353,2180888.2006
6324,1688380.8198,2181081.1626
6325,1689302.8059,2182923.2769
6326,1689909.1838,2183147.0845
6327,1691287.5739,2182442.9631
6328,1692047.4565,2182411.7493
6329,1692185.1172,2182478.4116
6330,1694175.0718,2182090.2215
6331,1693389.933,2181918.7123
6332,1694242.0262,2182104.8566
6333,1696712.6589,2183112.5731
6334,1695948.1867,2182477.5969
6335,1694985.3105,2182267.2296
6336,1695809.8435,2182447.3563
6337,1697578.7127,2183907.653
6338,1698861.9082,2184489.8906
6339,1699220.407,2184841.8575
6340,1690401.8825,2168281.3327
6341,1690136.3421,2166836.3101
6342,1690266.9546,2168545.6421
6343,1690343.7108,2168394.5416
6344,1688723.5893,2169072.2503
6345,1688060.2247,2170105.154
6346,1686979.3211,2172095.9761
6347,1687310.7864,2170893.7884
6348,1686497.7167,2202180.0111
6349,1685075.9225,2203828.669
6350,1685365.4879,2203328.1129
6351,1685478.1162,2203213.6964
6352,1683940.4048,2203736.0585
6353,1683521.1571,2203647.3792
6354,1682709.2582,2204437.8877
6355,1682376.6613,2204247.4884
6356,1720294.1723,2143863.4867
6357,1719899.7549,2144178.068
6358,1719902.8897,2144181.223
6359,1719754.3733,2140122.5756
6360,1720157.6549,2139463.4835
6361,1717291.8125,2136070.3784
6362,1714155.7351,2134394.3974
6363,1712471.1369,2132219.5748
6364,1713391.7898,2129986.8601
6365,1713255.7211,2129668.1292
6366,1713626.3001,2129028.1655
6367,1713834.4691,2127803.1014
6368,1688886.2579,2163967.9321
6369,1688797.4495,2164079.7019
6370,1688258.483,2165026.9882
6371,1688167.7695,2165182.9263
6372,1687867.8067,2165684.0241
6373,1686322.5907,2168231.9768
6374,1685800.2537,2168333.2091
6375,1681929.8559,2174250.0414
6376,1685771.6544,2175829.0844
6377,1687322.7761,2177931.6112
6378,1689194.275,2179285.7894
6379,1694685.0663,2170260.2828
6380,1695071.7798,2169479.1227
6381,1694019.1791,2173969.9612
6382,1694636.1824,2172829.9087
6383,1691164.1673,2174467.961
6384,1692056.6849,2174798.6491
6385,1691030.0588,2174373.203
6386,1690372.7341,2173613.8517
6387,1687627.9525,2172989.8335
6388,1687666.6888,2173960.6061
6389,1672726.2665,2190187.9482
6390,1673524.1924,2186835.2875
6391,1672477.4618,2190386.0114
6392,1671986.9291,2191312.924
6393,1671224.8664,2193515.0715
6394,1670802.8722,2195334.3725
6395,1670881.093,2195018.4436
6396,1706191.8654,2148886.18
6397,1705928.3789,2147612.9208
6398,1703853.1645,2152438.7902
6399,1706286.5239,2149135.3933
6400,1705032.1092,2154739.8245
6401,1706132.9954,2158744.9857
6402,1708238.4679,2162862.2399
6403,1708237.1031,2163418.2409
6404,1695008.9922,2194047.041
6405,1694821.23,2193959.0636
6406,1695771.7252,2194614.1226
6407,1696109.0903,2194594.1141
6408,1696944.1049,2195137.7792
6409,1696152.7521,2194934.3125
6410,1696195.2004,2194765.2887
6411,1700712.2387,2196963.4019
6412,1699293.1054,2196411.603
6413,1693764.4844,2212899.4134
6414,1693875.1764,2213123.1857
6415,1694559.3153,2212303.6599
6416,1695997.582,2212067.5366
6417,1695827.9406,2211912.0818
6418,1697358.7638,2212871.4456
6419,1697364.697,2212458.32
6420,1697208.0348,2214409.3162
6421,1697373.9307,2213118.7117
6422,1697360.3184,2215263.8762
6423,1704386.0857,2199415.9576
6424,1703748.2607,2198551.2425
6425,1705050.0874,2200021.4505
6426,1672642.4192,2163379.8048
6427,1673860.6082,2162388.9788
6428,1682679.7778,2166024.9263
6429,1681330.9273,2164105.7926
6430,1683919.4252,2166963.713
6431,1714577.6263,2137639.7021
6432,1716872.8225,2138812.5976
6433,1718401.513,2138910.8777
6434,1718396.0371,2138783.6964
6435,1710823.8349,2130682.8671
6436,1712664.3493,2128816.6823
6437,1711891.3559,2128098.8382
6438,1715438.1044,2132708.7159
6439,1714092.5584,2133335.8109
6440,1717738.8291,2132323.7336
6441,1717759.3883,2132031.6724
6442,1714872.9698,2130276.8693
6443,1716948.7572,2131566.7863
6444,1718013.9366,2131368.6298
6445,1716737.1112,2129320.1466
6446,1717520.8202,2129884.3376
6447,1718081.0064,2131333.5508
6448,1716100.2133,2129718.1354
6449,1720641.6314,2132507.1843
6450,1720085.923,2132266.5285
6451,1724344.6691,2140819.6524
6452,1722448.4547,2140141.797
6453,1724805.7993,2143314.9068
6454,1725480.1767,2143450.4172
6455,1726394.0549,2142195.2486
6456,1722912.0943,2142309.5419
6457,1724534.3695,2142966.3688
6458,1693513.7682,2144955.1239
6459,1691461.4914,2145155.9531
6460,1693119.7211,2145000.4531
6461,1692558.4887,2146192.2541
6462,1690435.2752,2147985.3799
6463,1691099.2431,2147505.786
6464,1692001.1104,2146123.301
6465,1691427.8152,2145961.6898
6466,1691827.7113,2146090.7787
6467,1689279.2927,2144402.5323
6468,1688798.9949,2145163.4468
6469,1687509.8309,2146039.2534
6470,1686246.3549,2148300.2215
6471,1685950.4631,2149208.8007
6472,1685488.6144,2149742.884
6473,1689560.2539,2147705.5918
6474,1689244.3857,2146362.0861
6475,1683580.9506,2148545.5751
6476,1684704.2696,2147875.0128
6477,1686688.6857,2145737.0527
6478,1685806.2645,2145384.7763
6479,1686982.0728,2144271.8585
6480,1686865.9032,2144367.1984
6481,1691337.7337,2139568.385
6482,1688882.7479,2139807.3315
6483,1690180.1989,2140076.8915
6484,1688594.0841,2139072.9499
6485,1688139.7136,2139241.4994
6486,1690223.1656,2136435.0221
6487,1687619.3024,2136363.4444
6488,1688723.3041,2136029.5543
6489,1687703.0288,2137423.038
6490,1688993.6418,2137250.451
6491,1692265.9161,2135140.9445
6492,1693306.0471,2136804.9589
6493,1696233.3286,2136729.0723
6494,1694134.8127,2134905.3923
6495,1708029.6026,2137982.5081
6496,1707938.2925,2133850.2838
6497,1706738.5685,2131734.6326
6498,1705324.2865,2131327.1056
6499,1700377.3044,2129964.1488
6500,1698221.7236,2127716.2177
6501,1697463.5718,2124648.7863
6502,1697657.3207,2125535.76
6503,1696103.9396,2123919.7685
6504,1693570.1902,2122627.9641
6505,1695357.2413,2124022.0486
6506,1695734.2916,2124007.1289
6507,1695455.9583,2124030.4323
6508,1695528.4078,2124017.3686
6509,1707662.5118,2137775.5151
6510,1707245.9614,2138342.4023
6511,1706751.8978,2138329.2742
6512,1706388.6873,2138244.9951
6513,1706394.9485,2138242.0093
6514,1705238.7287,2137380.9051
6515,1706747.0568,2138321.5937
6516,1703888.2376,2135945.9057
6517,1704109.1159,2135831.3608
6518,1702929.0762,2134916.0782
6519,1703451.8343,2135593.8532
6520,1704462.7948,2135994.9145
6521,1704711.7823,2136592.0751
6522,1704604.1379,2136340.4502
6523,1703554.3263,2135928.2988
6524,1704608.4728,2136346.0077
6525,1703561.489,2135928.6799
6526,1704767.1772,2137616.6235
6527,1704647.144,2137635.0773
6528,1701134.2337,2137961.4989
6529,1699968.906,2130182.1466
6530,1699769.732,2130445.6757
6531,1699687.2078,2130540.504
6532,1699414.3411,2131024.0824
6533,1696238.2212,2133154.8788
6534,1693429.7731,2133395.6831
6535,1696130.7543,2133162.951
6536,1692574.9287,2133343.2439
6537,1699355.8219,2131008.7157
6538,1697922.5782,2129516.1775
6539,1694431.9833,2129776.3267
6540,1691931.0316,2129706.3415
6541,1691034.3361,2131467.8496
6542,1696260.1873,2131076.8956
6543,1695359.2671,2132124.0587
6544,1693455.9596,2130552.671
6545,1692002.9078,2131518.8549
6546,1691846.7073,2132366.1874
6547,1692730.6595,2132640.0704
6548,1693319.0314,2123425.8184
6549,1692679.9807,2124455.2722
6550,1696814.2719,2121794.8298
6551,1697789.3709,2123898.6596
6552,1697314.0449,2122210.6257
6553,1698219.453,2121841.2029
6554,1704480.4148,2129246.8613
6555,1701453.7335,2126772.6364
6556,1701031.3975,2126270.8414
6557,1701090.9514,2126283.8477
6558,1700749.389,2126015.0439
6559,1700241.2946,2125447.9431
6560,1700090.1861,2125123.8509
6561,1699568.676,2123032.2833
6562,1700645.6431,2123390.1441
6563,1702451.6836,2124342.2424
6564,1700852.0935,2125803.9437
6565,1700989.9673,2125904.8026
6566,1703228.0003,2125796.6999
6567,1701649.3358,2126405.8338
6568,1703278.373,2125896.857
6569,1704727.9521,2127078.3882
6570,1704278.5728,2126287.7788
6571,1707822.0671,2127145.8515
6572,1708220.0105,2127841.2531
6573,1710300.2116,2132378.419
6574,1708265.5713,2133790.4278
6575,1710855.0952,2137640.0415
6576,1699904.9055,2144697.0944
6577,1699684.5248,2144761.9085
6578,1703070.0262,2149616.7545
6579,1703213.5134,2149857.807
6580,1699835.0482,2146924.433
6581,1700936.2761,2148000.8448
6582,1702867.9547,2149289.5134
6583,1697934.6198,2147659.4355
6584,1698747.5986,2149147.8506
6585,1701929.2413,2151765.6124
6586,1701961.5034,2151769.9974
6587,1694120.2573,2153894.0096
6588,1694880.7589,2153799.9687
6589,1692176.4199,2152078.4898
6590,1690779.5793,2151850.2868
6591,1689154.6542,2150727.8392
6592,1685350.8812,2151310.1311
6593,1686339.6761,2150641.7114
6594,1692610.2909,2153462.9217
6595,1691271.5183,2153785.0698
6596,1690389.6175,2153524.8126
6597,1690115.9605,2154094.6329
6598,1688863.8803,2150168.7898
6599,1686992.3594,2148675.2147
6600,1688462.0237,2148675.4477
6601,1689258.6988,2148723.1099
6602,1683753.0426,2156789.2285
6603,1683608.2428,2156175.4889
6604,1682253.4973,2154605.7265
6605,1681941.9422,2154263.7666
6606,1679634.8506,2154158.4733
6607,1681242.7608,2155670.3304
6608,1680631.1597,2153096.1931
6609,1673526.4278,2146462.6555
6610,1672126.5839,2147495.7612
6611,1669386.1457,2147632.3416
6612,1675147.039,2149883.5109
6613,1672411.504,2149206.2316
6614,1671968.9643,2145388.4981
6615,1671900.9241,2145237.5654
6616,1671183.5974,2142905.0501
6617,1676479.0751,2143768.679
6618,1677355.2206,2144811.5817
6619,1680525.7889,2147936.1833
6620,1681955.0768,2149079.5711
6621,1684756.1581,2157972.8551
6622,1687967.697,2158192.5565
6623,1683987.8632,2157475.0474
6624,1679746.766,2158973.4874
6625,1677639.8008,2159747.1735
6626,1679187.9502,2160805.8822
6627,1679710.896,2158001.2987
6628,1678499.086,2157476.1585
6629,1676376.926,2158524.3757
6630,1675662.1915,2155603.1103
6631,1673033.1586,2155161.0781
6632,1674312.8288,2156688.9768
6633,1669355.7613,2152978.5922
6634,1668102.468,2152035.4576
6635,1682385.4742,2161812.2255
6636,1683872.2199,2162610.8248
6637,1679837.839,2161367.4994
6638,1682297.047,2161685.4319
6639,1678137.3114,2163979.1935
6640,1678967.5805,2164493.0914
6641,1674763.2305,2162554.2106
6642,1674707.77,2162416.4874
6643,1672467.2543,2161245.5432
6644,1674433.1581,2162156.1698
6645,1671695.1893,2160856.7706
6646,1670662.4321,2160134.121
6647,1669785.5021,2159549.8175
6648,1669240.5513,2159267.524
6649,1668292.3123,2159026.8909
6650,1668278.0677,2159021.2133
6651,1665750.3646,2156813.2932
6652,1665393.4204,2156807.2823
6653,1664214.9439,2155911.6633
6654,1663943.2246,2155868.931
6655,1663690.5588,2158865.2501
6656,1676694.272,2166315.9335
6657,1675737.8786,2166112.9848
6658,1676635.4234,2167896.6365
6659,1671035.8384,2164127.2088
6660,1670543.4465,2161838.2572
6661,1668686.4427,2163354.6769
6662,1670288.5107,2162076.9649
6663,1669820.6346,2160645.0056
6664,1668424.7734,2161587.0703
6665,1669228.1677,2161854.1877
6666,1668654.1939,2160184.4902
6667,1668308.1899,2160343.3366
6668,1667605.4031,2161610.0203
6669,1662606.067,2155531.4607
6670,1674581.3495,2171372.9078
6671,1674432.9564,2171487.7472
6672,1673998.3029,2172130.6903
6673,1670319.0855,2170637.3644
6674,1666906.6098,2171727.4489
6675,1661211.1301,2170093.508
6676,1661041.0612,2170033.3239
6677,1665594.091,2170315.6918
6678,1665192.2933,2170074.6574
6679,1665156.4222,2170061.6906
6680,1662346.303,2168458.7622
6681,1664118.5277,2169458.4665
6682,1665952.593,2167593.9939
6683,1665779.9816,2167509.7052
6684,1670279.8418,2167775.103
6685,1670264.9017,2167724.7182
6686,1670350.7559,2167313.3911
6687,1670282.247,2167272.4476
6688,1669700.2252,2166479.0453
6689,1670004.3313,2167270.3537
6690,1666476.3217,2163324.8764
6691,1659414.953,2161320.8932
6692,1670145.2221,2168005.5988
6693,1670066.9536,2168153.8599
6694,1666901.1053,2166754.9924
6695,1666086.5935,2161613.5815
6696,1672760.5148,2166822.5558
6697,1673710.1892,2169466.535
6698,1676656.2924,2174274.3233
6699,1677384.5984,2174627.3936
6700,1675838.2292,2173907.2055
6701,1675678.1476,2173812.5152
6702,1674111.697,2174720.5388
6703,1672511.6882,2173986.1214
6704,1672640.0429,2174084.4678
6705,1672899.2784,2174221.4364
6706,1672420.589,2173906.2743
6707,1672191.3698,2174624.7892
6708,1677540.6042,2176474.1668
6709,1677399.3927,2175110.1093
6710,1675722.9451,2177752.8215
6711,1678937.2055,2178385.8443
6712,1675437.1472,2178015.1461
6713,1675498.7891,2177164.8318
6714,1675133.6707,2176944.8545
6715,1674712.874,2176684.0699
6716,1680700.8755,2180533.2728
6717,1680392.4575,2181819.0206
6718,1680543.0348,2182003.9087
6719,1681487.645,2182403.7133
6720,1683290.2699,2183742.9149
6721,1681705.5756,2182658.3185
6722,1681938.1792,2181329.8376
6723,1680745.0679,2183657.8115
6724,1679945.0552,2182345.5701
6725,1675218.376,2179000.4276
6726,1677464.8125,2180470.5712
6727,1672347.2435,2178003.4327
6728,1671406.9126,2177725.3409
6729,1670294.2291,2178308.9777
6730,1667934.8885,2178396.6211
6731,1668194.7492,2178470.8283
6732,1672266.9053,2180847.63
6733,1664386.9434,2178629.5123
6734,1664319.7725,2178426.413
6735,1671252.805,2181308.3438
6736,1671074.6379,2181285.7663
6737,1672324.9309,2178035.3203
6738,1672020.0214,2178218.7295
6739,1672131.8601,2178130.0943
6740,1671933.1764,2178574.7755
6741,1669012.7781,2179689.6011
6742,1668839.4523,2179956.3034
6743,1671420.0257,2177148.6594
6744,1675301.8012,2180939.0769
6745,1675551.2479,2180929.7957
6746,1677199.4333,2181558.5544
6747,1672581.4665,2182322.3492
6748,1674115.5315,2183472.1787
6749,1672466.3753,2182030.3478
6750,1672555.6147,2184541.4304
6751,1672277.1479,2184625.6953
6752,1670426.6993,2182417.3567
6753,1670118.8391,2182230.6548
6754,1672488.2102,2193802.2962
6755,1672590.6649,2193457.4916
6756,1668844.4087,2195222.6025
6757,1669302.9782,2195931.6394
6758,1673689.7124,2189855.2447
6759,1674231.5603,2189589.1265
6760,1673662.1128,2190247.5735
6762,1673965.5937,2191426.3248
6763,1674453.0519,2193028.4809
6764,1674532.6747,2191928.9629
6765,1674996.061,2192252.7982
6766,1674458.525,2194128.1694
6767,1675057.0185,2192932.0173
6768,1675150.8384,2191791.0279
6769,1675116.1357,2191476.717
6770,1675029.0071,2189816.5057
6771,1675030.5085,2189816.0288
6772,1675548.6073,2195778.787
6773,1675802.1281,2195301.8523
6774,1673689.0627,2196120.732
6775,1673568.8247,2196293.7823
6776,1671861.1231,2195724.2426
6777,1671445.6851,2195606.1475
6778,1676985.9615,2198878.7757
6779,1677135.6992,2198984.7951
6780,1677713.1603,2199566.7718
6781,1677742.9962,2199583.7496
6782,1678956.3801,2200278.039
6783,1679388.4998,2200757.5393
6784,1678902.1695,2199212.3594
6785,1679447.0737,2199446.4097
6786,1678169.6743,2200798.7213
6787,1678455.40934009,2201070.84827014
6788,1677658.519,2199675.4551
6789,1676130.925,2200530.1862
6790,1676407.0725,2201334.8666
6791,1676947.7384,2201730.5359
6792,1675072.8642,2201112.3096
6793,1674603.56,2201004.8024
6794,1673458.8832,2196715.4968
6795,1672277.965,2197839.068
6796,1672115.4391,2199218.9003
6797,1672119.6481,2198863.4836
6798,1672031.6504,2200424.388
6799,1672141.9469,2201587.7352
6800,1673088.1398,2202087.5512
6801,1673544.653,2203343.1065
6802,1674789.556,2203383.7122
6803,1674777.5746,2203805.7698
6804,1674483.6666,2198808.0265
6805,1674446.1172,2198341.0626
6806,1674393.6955,2202382.5459
6807,1675395.9541,2202826.3997
6808,1677908.1092,2203124.701
6809,1678385.9388,2203619.3871
6810,1676611.9283,2202608.9886
6811,1676243.5901,2202523.4856
6812,1677222.9632,2204079.0681
6813,1677505.3609,2204132.7274
6814,1673898.6472,2203991.731
6815,1675513.1974,2206409.2379
6816,1675026.7733,2208407.8755
6817,1674914.2268,2208616.6561
6818,1677128.5388,2207321.7558
6819,1678581.9908,2207672.4152
6820,1678611.287,2208011.6929
6821,1677293.4795,2208542.5304
6822,1677465.84,2208829.1016
6823,1673554.1224,2205644.1791
6824,1673787.1692,2206255.9412
6825,1671354.4431,2203011.3639
6826,1671538.6142,2203401.9978
6827,1670587.2415,2201554.9182
6828,1670309.3862,2201744.0899
6829,1670820.7237,2199281.2542
6830,1670557.3222,2199151.292
6831,1669584.6263,2198051.4517
6832,1669334.9324,2198157.615
6833,1668215.5086,2199119.5485
6834,1667855.1551,2198960.8672
6835,1670434.4376,2201210.3079
6836,1670449.1201,2200878.1335
6837,1669486.3312,2200883.4058
6838,1669780.1481,2201027.7708
6839,1669222.6503,2199975.2659
6840,1669018.3655,2200313.8714
6841,1668986.799,2198122.094
6842,1668509.2934,2197788.8855
6843,1668453.5458,2196645.0783
6844,1668244.076,2196288.2835
6845,1673991.9926,2199466.3735
6846,1672447.6834,2198632.6885
6847,1674226.4311,2199787.4927
6848,1673151.6096,2195021.6839
6849,1673535.5825,2195001.9188
6850,1677647.3645,2193829.4
6851,1676907.4206,2193579.0443
6852,1678080.4987,2194967.1992
6853,1679417.4424,2195958.4559
6854,1678541.8091,2193998.0598
6855,1679561.2265,2196826.0906
6856,1678900.4469,2197751.7548
6857,1678634.2478,2198097.4863
6858,1680605.2809,2197575.2235
6859,1680413.5731,2198668.6073
6860,1678322.2375,2197256.1435
6861,1678732.6379,2196603.6246
6862,1682215.671,2196339.9202
6863,1682036.6373,2195870.9696
6864,1681005.462,2194115.2928
6865,1686219.5665,2195709.6888
6866,1685879.6086,2195517.6782
6868,1686783.6245,2196270.328
6869,1686416.6979,2196214.025
6870,1687287.7994,2196857.247
6871,1686763.941,2196929.3092
6872,1688100.2664,2198942.6685
6873,1687850.9685,2198867.4195
6874,1688081.0843,2199824.5838
6875,1694209.8257,2206210.3461
6876,1693940.8543,2206224.4457
6877,1693039.3416,2206964.5376
6878,1693417.001,2207955.4519
6879,1693005.053,2207903.8968
6880,1695600.5849,2209337.0134
6881,1695857.4307,2207575.9343
6882,1698150.0477,2206145.9572
6883,1697826.417,2206127.0263
6884,1692822.1501,2210629.8185
6885,1692876.4633,2211003.7859
6886,1692087.3179,2209571.5499
6887,1692242.3021,2209652.9721
6888,1691161.041,2209518.0361
6889,1691724.2673,2210411.1492
6890,1691946.6426,2211357.2769
6891,1692533.3178,2212383.8057
6892,1692795.0996,2212273.7151
6893,1689928.2709,2212813.779
6894,1689987.7605,2212386.352
6895,1689542.6129,2209226.0465
6896,1689122.1136,2209726.082
6897,1692943.7003,2205280.3899
6898,1690639.1414,2203063.2827
6899,1692653.1451,2202817.4422
6900,1691048.6599,2202402.6723
6901,1693472.6272,2202157.54
6902,1691126.8273,2199958.0774
6903,1689310.1666,2197816.6366
6904,1689149.2374,2198366.2145
6905,1689433.3093,2197547.2073
6906,1688094.6312,2196587.2356
6907,1688318.1254,2197480.0646
6908,1687981.9124,2202720.7445
6909,1688793.1076,2202087.3185
6910,1689180.8463,2201846.6467
6911,1688938.2564,2203434.8971
6912,1688948.2351,2203874.8478
6913,1688715.211,2209687.3169
6914,1689004.086,2206864.9383
6915,1688664.6436,2206670.466
6916,1688695.5838,2206689.3946
6917,1688610.6237,2209895.2353
6918,1684599.365,2207877.2058
6919,1684606.2579,2208748.3178
6920,1685043.3061,2207129.7978
6921,1685813.5156,2207431.1934
6922,1685688.6164,2205765.6244
6923,1686432.7576,2206008.9284
6924,1684921.0403,2205037.5086
6925,1684802.5641,2205640.8523
6926,1682325.8384,2207146.1801
6927,1682877.0752,2206747.2029
6928,1683475.8272,2203737.1255
6929,1683453.6634,2204052.1145
6930,1681461.1077,2206698.3396
6931,1681735.1605,2206577.1345
6932,1682088.668,2204053.6957
6933,1681970.6518,2203944.1059
6934,1681246.2568,2203408.8282
6935,1685382.4055,2202658.0739
6936,1684997.9186,2202563.8623
6937,1684195.7701,2201663.0272
6938,1683033.4573,2201575.0579
6939,1682885.3385,2202077.573
6940,1682518.4491,2203371.3469
6941,1682476.4413,2202877.2197
6942,1682615.4132,2198993.5486
6943,1680203.6887,2201598.3492
6944,1679021.3345,2202751.1581
6945,1678843.3187,2202869.6749
6946,1683085.32,2197889.9533
6947,1681672.766,2196866.5865
6948,1681248.1809,2197217.157
6949,1683850.4715,2190894.1521
6950,1684364.1918,2190169.6816
6951,1683785.1066,2189915.0851
6952,1685305.3257,2188583.9517
6953,1685418.3827,2189012.3245
6954,1687333.8176,2187950.7302
6955,1688384.6342,2187697.1282
6956,1687000.6162,2187597.6235
6957,1689669.352,2186807.4945
6958,1689349.5891,2186842.7534
6959,1689521.1174,2186208.9
6960,1688080.2606,2186500.8212
6961,1686106.0186,2186209.8725
6962,1686795.5229,2186383.624
6963,1691836.6536,2186993.5641
6964,1692320.6728,2186784.2874
6965,1694432.8558,2188041.0962
6966,1694743.0857,2187741.5574
6967,1698049.0452,2186291.3312
6968,1697585.0805,2186440.8179
6969,1702047.9818,2187525.1848
6970,1702520.4633,2187500.8601
6971,1702063.0975,2191025.6398
6972,1701767.3599,2190740.027
6973,1698005.556,2191051.2701
6974,1698785.5224,2190884.9393
6975,1693571.7149,2190847.7615
6976,1693281.0854,2190417.4573
6977,1692566.3168,2190193.6991
6978,1691234.9131,2189935.3329
6979,1690467.2079,2190476.0948
6980,1691025.9372,2194923.5828
6981,1690789.2335,2192397.1632
6982,1691060.9805,2195248.4262
6983,1690998.9873,2195675.3844
6984,1690707.7316,2195792.865
6985,1692518.9382,2195589.3981
6986,1692825.9591,2194463.356
6987,1692409.641,2196055.8578
6988,1692192.071,2196569.5188
6989,1692126.3558,2196812.1415
6990,1692721.4377,2198024.3945
6991,1693283.0331,2199402.3628
6992,1692991.1659,2198882.6812
6993,1692677.8101,2198177.4469
6994,1693369.3929,2197263.5884
6995,1693426.6015,2196704.5318
6996,1691636.1533,2197179.9591
6997,1690776.4893,2197100.3176
6998,1690928.9193,2196850.351
6999,1690980.0506,2196816.9203
7000,1690939.097,2196847.2132
7001,1690720.4828,2197795.9555
7002,1692457.7212,2199532.0708
7003,1692004.6329,2199208.0097
7004,1691345.7524,2198537.6471
7005,1691300.7797,2198412.512
7006,1695538.0693,2196808.1295
7007,1695859.5622,2197374.8774
7008,1703242.6788,2206075.8367
7009,1703479.7208,2207271.7652
7010,1703814.1737,2208927.2329
7011,1703998.0069,2209416.3021
7012,1702435.2225,2206272.8365
7013,1702220.9037,2206167.8675
7014,1700727.8386,2206032.6383
7015,1700055.4205,2206296.131
7016,1700243.0534,2207856.2717
7017,1700059.1792,2208783.6158
7018,1698430.0718,2209580.9725
7019,1698164.8076,2211497.5427
7020,1698190.8061,2211790.7277
7021,1702107.0578,2208041.8579
7022,1702385.6419,2208475.76
7023,1701264.3365,2211160.9595
7024,1701108.7814,2210929.9223
7025,1699165.1692,2209934.6251
7026,1699432.636,2212316.4534
7027,1699156.6691,2211940.8211
7028,1699899.4244,2211240.2159
7029,1699764.0671,2210730.3491
7030,1699009.4465,2204168.8677
7031,1697365.8833,2204060.6874
7032,1697362.5238,2204403.5777
7033,1694057.0799,2201976.9877
7034,1694780.2077,2199904.2356
7035,1693406.5586,2200126.5796
7036,1694042.9041,2198589.9135
7037,1693889.2825,2197932.5296
7038,1696540.7495,2194169.9599
7039,1697229.1947,2193810.3108
7040,1698180.6806,2194387.5253
7041,1698841.8832,2194397.001
7042,1696538.3115,2192414.3682
7043,1696743.4274,2192163.1775
7044,1697723.0252,2192179.9654
7045,1697569.4627,2192665.5196
7046,1699567.3046,2200094.8606
7047,1699460.0549,2199504.554
7048,1699233.4668,2196857.5318
7049,1702448.7674,2198697.4624
7050,1702143.9209,2198441.3376
7051,1702844.5672,2198892.3241
7052,1702710.1161,2199408.3053
7053,1700840.6941,2199727.827
7054,1700947.8294,2198130.2829
7055,1700956.8757,2200383.0251
7056,1702824.871,2200713.7422
7057,1702760.7858,2200290.399
7058,1702772.8431,2200130.4193
7059,1703540.4687,2203227.2093
7060,1703650.9271,2202808.2612
7061,1703059.4196,2201124.8652
7062,1702080.2037,2202674.3029
7063,1702016.4628,2202366.4398
7064,1702521.1584,2201037.6293
7065,1703317.2156,2197732.1471
7066,1702252.1727,2197880.2287
7067,1703604.2852,2197829.5947
7068,1694023.6644,2192658.1381
7069,1693951.0599,2193145.7177
7070,1694900.5524,2191260.2036
7071,1694678.944,2191531.8301
7072,1696237.5224,2191917.7439
7073,1693862.1908,2191385.5303
7074,1693644.2454,2192090.5346
7075,1693451.2351,2193131.3019
7076,1692092.0152,2190879.6249
7077,1692742.1504,2191933.5131
7078,1689730.8764,2194059.631
7079,1689604.2955,2194475.1506
7080,1686235.7236,2192200.1255
7081,1687008.2972,2192205.8093
7082,1687377.5718,2192144.645
7083,1687529.0999,2193711.3499
7084,1687525.1108,2193687.4228
7085,1687433.7173,2193509.6858
7086,1687821.4521,2195484.3323
7087,1687879.9291,2196045.0002
7088,1685730.8253,2193642.2322
7089,1685907.3498,2193720.0086
7090,1682154.1102,2189919.0196
7091,1681715.2745,2190903.608
7092,1681844.1561,2192656.8025
7093,1679825.043,2191422.5658
7094,1678334.4764,2191942.0272
7095,1680353.0623,2191805.0072
7096,1678465.4936,2190819.6192
7097,1677030.3743,2191214.8021
7098,1677073.228,2188164.5111
7099,1676765.1358,2188086.8845
7100,1674390.3263,2188538.4885
7101,1674390.502,2188541.2758
7102,1675879.5455,2185355.9326
7103,1675560.4666,2185186.7592
7104,1674050.5841,2183906.3014
7105,1676000.0663,2185560.4793
7106,1676021.5603,2184277.7978
7107,1675086.7418,2182635.3762
7108,1675920.7163,2184397.4112
7109,1676645.109,2182161.42
7110,1676690.0725,2181919.5247
7111,1676506.4377,2183318.9649
7112,1679996.2918,2187888.9723
7113,1684003.1694,2188593.9877
7114,1683352.588,2188525.6938
7115,1684134.4794,2188583.2538
7116,1684095.9012,2188582.7207
7117,1683122.256,2188541.0785
7118,1684092.284,2188579.6114
7119,1683349.5565,2188520.0997
7120,1684419.0958,2188377.8228
7121,1679000.5223,2183117.7796
7122,1678886.772,2183557.0721
7123,1683558.314,2187178.3175
7124,1682299.4595,2186563.2636
7125,1679728.1057,2188824.229
7126,1680177.1978,2190468.9315
7127,1680588.4654,2190582.1147
7128,1680721.5871,2189745.9321
7129,1680539.2635,2189588.2204
7130,1686654.0185,2180447.944
7131,1688739.4724,2180902.7779
7132,1691605.2383,2181528.826
7133,1692479.228,2181719.7545
7134,1692355.4701,2182714.7725
7135,1693446.5983,2183282.6714
7136,1694567.2945,2184153.249
7137,1692619.6545,2183598.2041
7138,1693061.5291,2184648.7867
7139,1695948.7061,2185046.4742
7140,1695420.8968,2185220.0046
7141,1690751.2846,2184562.7384
7142,1690581.7594,2184334.4334
7143,1689310.7845,2185599.3932
7144,1689520.2477,2185170.4243
7145,1686255.9528,2181470.5812
7146,1686250.6007,2183331.0165
7147,1684332.2598,2183091.5209
7148,1687046.0741,2178456.0729
7149,1687049.4175,2178559.0675
7150,1683285.9659,2169398.1442
7151,1684550.2386,2169880.7386
7152,1680934.9217,2164564.3182
7153,1680940.1816,2164558.1697
7154,1680587.3456,2166337.3261
7155,1681851.308,2167685.2567
7156,1684504.4842,2166160.2453
7157,1685295.5705,2165902.5316
7158,1685848.7754,2164937.4085
7159,1685726.1454,2164790.0601
7160,1683923.4115,2162695.3989
7161,1685766.3159,2161906.3138
7162,1687391.5527,2159582.8499
7163,1687415.4962,2159553.9907
7164,1692705.7749,2165020.0121
7165,1690450.7457,2168897.712
7166,1691420.3141,2169549.4134
7167,1691668.3988,2169925.973
7168,1691532.2792,2169686.5392
7169,1691378.2179,2170701.9054
7170,1691530.1047,2169676.4529
7171,1690124.6825,2171081.8431
7172,1689586.189,2171932.1709
7173,1688181.4158,2170519.6494
7174,1687818.0048,2171418.5876
7175,1686336.8438,2170214.8876
7176,1685920.9473,2170798.1937
7177,1692608.1802,2169506.5056
7178,1693614.266,2170310.3389
7179,1692633.2178,2171499.627
7180,1693907.4497,2170977.2945
7181,1688930.0874,2175394.7656
7182,1689155.3782,2174526.0802
7183,1692686.8961,2177932.95
7184,1693387.1037,2175439.7021
7185,1692412.0577,2178733.1589
7186,1692506.0807,2178289.5223
7187,1691189.2143,2177171.5809
7188,1689189.8225,2177399.552
7189,1694081.38,2178587.9159
7190,1694552.2762,2178071.6415
7191,1695147.1296,2175919.9182
7192,1695722.6181,2174165.103
7193,1695006.8078,2172454.3252
7194,1700541.3123,2169928.2462
7195,1701480.1628,2170549.9922
7196,1706320.4985,2174868.8483
7197,1705911.3879,2174676.2813
7198,1705819.8591,2174482.9186
7199,1705906.7248,2174651.9566
7200,1706398.9409,2174899.2811
7201,1706435.0373,2174899.3743
7202,1706526.7267,2174869.744
7203,1707824.0944,2175434.0451
7204,1705465.2641,2178524.0387
7205,1703980.9934,2181977.3743
7206,1704288.5779,2183929.0096
7207,1700871.4516,2184891.2835
7208,1700412.817,2183682.9483
7209,1700504.4929,2183477.2411
7210,1702887.637,2173363.7297
7211,1703585.1016,2175349.0428
7212,1702122.5053,2174527.8177
7213,1701872.0934,2175007.8335
7214,1701963.2397,2175261.4661
7215,1701042.745,2175995.0538
7216,1700855.32,2177137.0247
7217,1700736.0498,2172694.8084
7218,1700644.0665,2174117.6364
7219,1700794.1942,2173027.756
7220,1700798.6297,2173025.9925
7221,1697842.0891,2174332.8083
7222,1697372.7091,2178016.9807
7223,1697385.868,2178051.3172
7224,1697515.0752,2178168.5908
7225,1697920.0321,2181306.4327
7226,1698300.4894,2181605.5389
7227,1697005.5735,2173259.1846
7228,1685470.6651,2167561.2624
7229,1686080.4247,2166904.7879
7230,1690843.5887,2162191.4039
7231,1688626.4628,2157654.204
7232,1691162.1888,2162528.2771
7233,1714896.6229,2171690.8413
7234,1719681.5198,2176098.9042
7235,1718497.4541,2174423.6787
7236,1717525.239,2173133.5921
7237,1715269.9898,2171542.2667
7238,1717615.2646,2173263.639
7239,1715260.7173,2171544.2153
7240,1699555.5808,2163915.0832
7241,1701182.3254,2164817.2143
7242,1704065.2488,2166352.6257
7243,1705761.1998,2167238.4748
7244,1707417.3138,2168784.5863
7245,1707709.8538,2168990.8149
7246,1712044.5444,2172303.0947
7247,1713021.0278,2173316.0646
7248,1712253.7222,2172629.9595
7249,1712255.6244,2172621.3426
7250,1705240.7981,2169141.5031
7251,1706289.1471,2170144.2069
7252,1708173.9533,2172139.5444
7253,1709854.5865,2174241.9604
7254,1709692.2086,2173468.8638
7255,1708335.3333,2172285.3492
7256,1707636.5441,2173815.7461
7257,1706799.9777,2172741.7353
7258,1704217.9037,2171907.0995
7259,1704194.9281,2170923.3171
7260,1703131.5815,2171567.7288
7261,1702124.7066,2170763.0518
7262,1699264.5737,2169101.6703
7263,1699262.5215,2168589.8647
7264,1694586.2083,2166533.4551
7265,1693745.7528,2165857.4543
7266,1694010.1054,2160877.4038
7267,1693872.2756,2160894.5951
7268,1693921.1647,2164886.0505
7269,1694824.5732,2163058.2736
7270,1694693.4211,2163968.5382
7271,1691817.0099,2160302.8127
7272,1693054.9086,2160693.0103
7273,1697255.4625,2157519.115
7274,1696325.5543,2158604.3172
7275,1698064.2314,2153956.0263
7276,1698886.1442,2152514.1552
7277,1700320.83,2152094.765
7278,1700379.5047,2152105.9964
7279,1708381.6322,2157112.8083
7280,1707334.218,2156527.4847
7281,1709025.9416,2159900.1113
7282,1707324.6972,2158839.933
7283,1701866.5012,2157350.5123
7284,1703400.925,2159351.9351
7285,1703619.2637,2159761.0032
7286,1703618.8854,2159767.4173
7287,1703528.9364,2161531.9701
7288,1704122.4375,2160432.2252
7289,1701131.1943,2159283.2502
7290,1699528.8583,2160140.8369
7291,1707038.4723,2150931.0704
7292,1707406.6918,2149928.4502
7293,1706476.5011,2147174.8583
7294,1711018.3755,2148911.7557
7295,1711186.9576,2150077.4451
7296,1715875.5581,2151418.6024
7297,1716981.8416,2143091.097
7298,1711911.8442,2155622.4925
7299,1711491.251,2159063.5475
7300,1710877.3444,2160688.9593
7301,1715803.3922,2153489.039
7302,1714097.6763,2155151.962
7303,1714069.9827,2155324.3174
7304,1714103.135,2155154.022
7305,1712721.6903,2160339.9475
7306,1712738.5243,2160965.5697
7307,1715323.4178,2159095.0919
7308,1714983.9185,2159710.4026
7309,1710560.7179,2156355.8135
7310,1709270.629,2158416.3147
7311,1722276.3197,2149885.328
7312,1720814.224,2148946.2551
7313,1719838.0198,2145534.4478
7314,1664794.978,2169771.3604
7315,1664826.8803,2169790.0399
7316,1698365.4148,2214428.5638
7317,1701779.5018,2152413.999
7318,1702619.497,2150762.0053
7319,1702010.5027,2151692.9915
7320,1696272.9746,2214470.5676
7321,1696352.5254,2214823.8543
7322,1696287.6298,2136976.9634
7323,1696242.4411,2137302.879
7324,1696291.2181,2136979.2577
7325,1673536.2688,2164664.8143
7326,1674170.5748,2162323.4275
7327,1695354.1424,2211303.7105
7328,1697928.8012,2214655.5341
7329,1697861.369,2170785.3713
7330,1690929.4942,2165139.9989
7331,1694604.4981,2167960.9948
7332,1680968.4984,2194071.0004
7333,1676551.499,2193657.995
7334,1682291.4969,2193461.9926
7335,1681829.4942,2192677.9973
7336,1678532.4992,2193623.0011
7337,1677657.5,2191978.0057
7338,1676740.4964,2191172.9919
7339,1676761.4963,2191753.995
7340,1693295.497,2193252.0029
7341,1691979.4961,2192691.9987
7342,1693799.5,2193447.993
7343,1693883.4939,2193518.0012
7344,1693463.5028,2194035.9927
7345,1687975.498,2198305.9949
7346,1687583.4967,2198361.9993
7347,1688633.4943,2198515.9966
7348,1690621.5015,2202981.9956
7349,1690908.497,2202288.9996
7350,1694681.4944,2170418.0038
7351,1694331.5003,2170628.0043
7352,1694856.4973,2172370.9994
7353,1693897.5011,2174169.9946
7355,1694009.4987,2174519.9976
7356,1699133.4995,2196458.0042
7357,1672323.4948,2198515.9945
7358,1701163.4936,2197452.0006
7359,1701863.5018,2198067.9993
7360,1702829.4977,2200867.997
7361,1674230.1681,2162285.3073
7362,1694714.2377,2211621.3979
7363,1694732.5652,2211544.6312
7364,1703657.148,2197886.9187
7365,1678469.0874,2201082.9721
7366,1679070.6773,2201529.8029
7367,1770701.1197,2093533.8739
7368,1770211.121,2093155.8713
7369,1768181.1223,2091867.8702
7370,1772059.1244,2094275.8715
7371,1773540.9363,2093289.3279
7372,1773021.0598,2094275.8863
7373,1773023.4699,2094278.7675
7374,1775852.3715,2093651.3351
7375,1777409.43,2094255.5278
7376,1781582.4508,2093108.535
7377,1782797.6421,2093217.4205
7378,1785784.2376,2094164.112
7379,1788182.7385,2095310.1341
7380,1791083.2936,2096147.4873
7381,1780305.1228,2101933.9917
7382,1779521.1183,2101864.0011
7383,1778051.1254,2100393.9962
7384,1781803.1218,2103852.0014
7385,1782083,2104152.4368
7386,1781845.1192,2103921.9975
7387,1782419.1297,2104901.9994
7388,1782489.1235,2104622.0023
7389,1782090.1238,2107358.9931
7390,1782461.1284,2106610.0001
7391,1782734.1253,2105454.9989
7392,1782867.1227,2106329.9937
7393,1782741.1256,2106470.0041
7394,1782498.9846,2107933.8361
7395,1782413.1336,2107879.9967
7396,1782411.4769,2107873.008
7397,1782827.1421,2107843.2479
7398,1783087.899,2107647.265
7399,1784507.109,2107738.5095
7400,1783261.9102,2107727.0758
7401,1784619.7652,2107709.0699
7402,1787213.0325,2106277.2928
7403,1785382.6682,2106768.4836
7404,1785118.3627,2106681.6845
7405,1787400.6743,2106349.1644
7406,1787664.9827,2106165.0299
7407,1790627.7267,2105014.9852
7408,1791037.1208,2105111.2674
7409,1795333.6684,2105549.7308
7410,1796332.2546,2105283.6634
7411,1797803.6585,2102950.6414
7412,1797695.5208,2102034.2755
7413,1798069.7358,2101380.7931
7414,1799533.5698,2098956.5262
7415,1799582.4707,2098686.28
7416,1798939.4183,2096698.0329
7417,1798952.5955,2096719.4609
7418,1799418.3394,2096399.8851
7419,1799570.9682,2095845.6117
7420,1800140.9744,2094968.5976
7421,1800167.4617,2094943.0917
7422,1800972.6338,2095206.1645
7423,1801090.2712,2095143.6349
7424,1801531.6751,2095178.841
7425,1801723.553,2095209.5642
7426,1798237.2877,2102918.3169
7427,1798482.0007,2103079.4715
7428,1800298.0063,2103497.4255
7429,1800809.2777,2103848.4288
7430,1803145.8876,2106744.4482
7431,1803573.7232,2107240.9415
7432,1803824.5486,2107296.4294
7433,1805520.7561,2107718.2578
7434,1805324.6336,2107683.3574
7435,1784832.5268,2107784.051
7436,1788398.84,2107248.2413
7437,1790913.5068,2109299.0523
7438,1792350.3809,2109443.6553
7439,1792974.0376,2109247.0425
7440,1793034.7691,2109105.7701
7441,1793561.3723,2109073.6801
7442,1796023.664,2108292.9093
7443,1798544.3567,2109526.9149
7444,1798647.1686,2109608.2902
7445,1799403.3819,2109633.9333
7446,1800029.794,2109607.0169
7447,1801585.3827,2109609.4776
7448,1801777.6765,2109493.4888
7449,1801844.2424,2109440.4871
7450,1802437.5211,2110193.7274
7451,1804016.3727,2112048.9806
7452,1803643.6378,2111559.9937
7453,1804009.8738,2112389.5813
7454,1804086.308,2112204.6474
7455,1804477.2321,2114021.5549
7456,1803981.2847,2112725.076
7457,1803478.9823,2111177.1132
7458,1802783.7472,2110529.2131
7459,1803643.0386,2111551.8758
7460,1767600.1243,2093582.8789
7461,1768328.5677,2092264.6452
7462,1767632.4322,2096876.9162
7463,1766523.6846,2099662.8649
7464,1767386.5397,2099100.8643
7465,1765991.7701,2099834.4037
7466,1764518.7777,2100571.2315
7467,1762543.3942,2099270.2998
7468,1761912.5796,2102266.2468
7469,1761881.3307,2102792.7989
7470,1761999.9246,2103022.0166
7471,1764389.5259,2104363.9838
7472,1763936.031,2104576.8788
7473,1763610.6343,2104474.4029
7474,1763328.8263,2104578.9314
7475,1762685.3698,2104969.6686
7476,1762543.7481,2105744.6123
7477,1762174.9238,2106633.7782
7478,1759117.2767,2108326.4904
7479,1759019.4487,2109353.1323
7480,1757736.616,2109396.8507
7481,1757200.5904,2109049.5888
7482,1756988.1471,2109566.6802
7483,1756931.3059,2109932.3268
7484,1756356.6361,2109626.9207
7485,1756564.4999,2109754.7252
7486,1755816.164,2109875.343
7487,1755326.1728,2109515.1587
7488,1754331.0603,2109696.2702
7489,1753642.2826,2109891.906
7490,1751204.2945,2110779.3762
7491,1748296.33,2110789.5479
7492,1747983.8307,2111021.8784
7493,1746001.3165,2109649.3794
7494,1745188.4995,2110920.5193
7495,1744962.1256,2110570.5275
7496,1744947.3797,2110336.0643
7497,1744246.3971,2110852.0044
7498,1744045.0577,2110759.7738
7499,1743981.5986,2110651.0365
7500,1743835.2411,2110497.5092
7501,1742517.9696,2109982.7105
7502,1742495.0665,2109738.5613
7503,1742511.4854,2109618.7647
7504,1742210.9492,2109577.9205
7505,1741946.9263,2109673.9401
7506,1741309.508,2110217.1923
7507,1740502.1339,2111140.1316
7508,1740205.6349,2110538.0468
7509,1740154.6966,2110038.084
7510,1740147.7649,2109884.1793
7511,1738869.9471,2109643.4425
7512,1738777.9638,2110355.7934
7513,1737698.7043,2112218.7784
7514,1737984.9134,2113086.4925
7515,1744572.0052,2123101.9997
7516,1740683.7131,2116660.0712
7517,1781737.0054,2091681.883
7518,1781251.208,2091501.1599
7519,1785368.6006,2090765.1801
7520,1786355.3281,2090912.117
7521,1786695.6778,2090858.4939
7522,1791367.5396,2091777.758
7523,1779228.5385,2100120.9569
7524,1779237.4838,2099944.2334
7525,1778926.5164,2099069.6282
7526,1778912.8085,2099187.4452
7527,1779412.6275,2099100.5938
7528,1780419.2979,2097787.6434
7529,1780810.7613,2096672.1799
7530,1784114.8807,2096480.7594
7531,1785535.9684,2096174.7382
7532,1785813.9211,2096506.6521
7533,1790937.4187,2097168.8724
7534,1793941.1922,2109807.5449
7535,1797474.1002,2110591.901
7536,1794223.173,2110042.997
7537,1794220.5229,2110036.7564
7538,1797853.8822,2110862.8625
7539,1797886.7093,2096365.1786
7540,1796155.2459,2095295.7335
7541,1795009.371,2094331.2855
7542,1792686.5047,2093791.9322
7543,1791374.992,2095764.4574
7544,1763299.8755,2111993.9358
7545,1753823.2553,2111820.9561
7546,1754069.3514,2112811.0005
7547,1753709.394,2113429.3847
7548,1750278.0583,2115841.846
7549,1750320.7892,2116875.797
7550,1750905.009,2118062.1109
7551,1750496.8058,2120815.6514
7552,1759007.4219,2112363.9091
7553,1761781.2454,2102870.0484
7554,1761619.6965,2102830.8806
7555,1759479.3455,2101505.7541
7556,1758113.4878,2100796.0177
7557,1758569.4879,2100829.4777
7558,1754472.0899,2103503.4314
7559,1755340.9554,2102801.568
7560,1755819.0983,2113072.7594
7561,1755769.225,2113080.019
7562,1774012.5994,2099907.1268
7563,1774215.1225,2099805.9963
7564,1779233.8109,2107446.8571
7565,1781080.0232,2107067.2523
7566,1807163.3591,2096987.1401
7567,1805321.3725,2097931.678
7568,1766339.3498,2094881.6875
7569,1767561.288,2093564.9139
7570,1767277.2788,2097059.9834
7571,1767610.0473,2096867.086
7572,1765862.8159,2098680.1805
7573,1765186.1608,2097139.2565
7574,1763399.2076,2098591.0854
7575,1764868.4565,2098910.1388
7576,1767343.3389,2101096.737
7577,1764469.4293,2102434.2779
7578,1766292.5946,2105882.4142
7579,1760746.9857,2110768.8312
7580,1757876.0935,2111771.641
7581,1757153.8828,2111608.3282
7582,1754041.5865,2115189.8518
7583,1749551.0009,2119884.848
7584,1748476.7132,2118373.7618
7585,1747034.1125,2115067.8119
7586,1752974.471,2112201.5375
7587,1752519.0726,2112183.9406
7588,1750550.0816,2112866.0949
7589,1749273.7955,2113103.925
7590,1750005.9316,2112009.1355
7591,1747824.1356,2114222.3882
7592,1745210.8371,2112380.7341
7593,1745716.3657,2116092.236
7594,1746385.1588,2114518.4122
7595,1743568.5343,2114801.0116
7596,1740155.2823,2112959.2037
7597,1740832.4623,2113948.3759
7598,1744661.1242,2118969.2299
7599,1745422.544,2120494.5678
7600,1745400.967,2117169.678
7601,1740135.4475,2117543.6496
7602,1736854.7774,2115523.8527
7603,1739297.7804,2117758.46
7604,1740244.3668,2119251.68
7605,1737238.2843,2114511.5381
7606,1736284.6534,2114563.8316
7607,1737962.1473,2109837.3321
7608,1737329.1025,2109921.8288
7609,1735112.3528,2107840.9771
7610,1733986.5671,2107004.7934
7611,1733287.5028,2106876.9211
7612,1731671.4502,2107539.2599
7613,1734896.2547,2112853.6194
7614,1733167.1123,2108651.2821
7615,1733687.1655,2111041.9542
7616,1732228.5884,2111024.9455
7617,1734113.9545,2113469.7604
7618,1732722.1878,2112716.705
7619,1731348.36,2105787.8895
7620,1734704.5669,2105771.6783
7621,1734180.3583,2104897.4222
7622,1738339.1074,2107964.5199
7623,1738277.7766,2107811.6102
7624,1741608.8293,2109997.7173
7625,1740247.9377,2108430.2665
7626,1742559.8857,2109332.7411
7627,1744095.7124,2108036.564
7628,1739101.8861,2107507.0881
7629,1740371.5557,2107333.5914
7630,1744867.7392,2107872.6995
7631,1748460.0942,2109512.7236
7632,1747917.3898,2107527.7975
7633,1747388.7458,2107931.2305
7634,1753131.4614,2108549.8932
7635,1752523.5227,2107655.0334
7636,1752377.4966,2107719.643
7637,1751702.5569,2107413.9955
7638,1751526.5884,2107335.316
7639,1751261.1067,2106987.0937
7640,1751170.5074,2106953.7373
7641,1750956.8878,2106974.3473
7642,1747881.2959,2105620.5103
7643,1746139.9534,2104543.4702
7644,1745258.907,2104294.1925
7645,1743983.6904,2104492.7817
7646,1739420.7476,2104784.5197
7647,1743412.2982,2105121.7363
7648,1737091.4391,2102504.1471
7649,1737670.6595,2103608.1358
7650,1742692.7395,2103513.5929
7651,1743515.8766,2104958.3445
7652,1742545.3864,2103399.249
7653,1738247.1332,2106446.6643
7654,1744704.7156,2106891.9013
7655,1743457.6607,2105126.5954
7656,1744622.0843,2103563.5487
7657,1743422.7636,2102405.2001
7658,1742361.4514,2101148.9223
7659,1738178.2713,2102594.575
7660,1738911.8192,2102984.3581
7661,1742238.9068,2100935.0278
7662,1740505.1451,2100009.2594
7663,1742194.5572,2100602.0164
7664,1741788.8097,2100154.1055
7665,1741435.7156,2099042.831
7666,1741649.1641,2100086.1493
7667,1742532.4715,2099111.797
7668,1744038.5506,2100028.7128
7669,1745102.5102,2102914.279
7670,1745203.2906,2102878.992
7671,1746241.5333,2102493.5057
7672,1747704.2064,2103581.9073
7673,1751251.7938,2105190.8618
7674,1751072.077,2106897.6272
7675,1751775.6608,2105005.73
7676,1751942.1423,2105069.1451
7677,1752221.0805,2103657.7134
7678,1753358.7241,2106028.9328
7679,1755191.3742,2106361.7667
7680,1753473.785,2105340.1005
7681,1753577.5576,2104551.55
7682,1755530.1625,2107398.8287
7683,1754912.5711,2107922.9461
7684,1756696.5148,2107919.1599
7685,1757721.3568,2106849.0001
7686,1758829.3752,2106082.3338
7687,1762575.6277,2105021.0939
7688,1763214.6642,2104524.202
7689,1759538.111,2104523.5339
7690,1758707.9845,2101891.2127
7691,1757252.7997,2103669.5644
7692,1757767.8157,2103269.6304
7693,1756873.2826,2104028.8262
7694,1757167.6643,2103808.1859
7695,1757810.482,2103109.6143
7696,1757957.8382,2103093.7978
7697,1756515.3307,2104453.3054
7698,1756252.2098,2106406.7586
7699,1757320.1691,2105922.7106
7700,1754347.6537,2104211.1906
7701,1757385.2507,2099561.6843
7702,1755461.6162,2099405.5955
7703,1757196.1003,2099495.8287
7704,1760709.6959,2100974.3609
7705,1760727.0509,2099230.2278
7706,1768782.9004,2098188.9306
7707,1767599.1933,2097040.7444
7708,1767579.38,2097036.8164
7709,1771363.2215,2096356.4165
7710,1771842.2856,2095344.8663
7711,1772199.1256,2095101.8753
7712,1771442.4907,2097467.8509
7713,1771132.4399,2098656.8976
7714,1771084.8792,2099061.471
7715,1769561.6072,2100020.9851
7716,1766820.1208,2106529.9805
7717,1772064.2253,2101422.4983
7718,1772396.1414,2103164.0213
7719,1770685.117,2100590.3611
7720,1770074.7724,2104056.19
7721,1770221.9127,2104307.6105
7722,1770590.8676,2104548.6992
7723,1770514.021,2106408.1034
7724,1768532.2807,2104837.813
7725,1771082.1575,2098616.6232
7726,1770997.0453,2098147.8886
7727,1772372.2049,2097215.3336
7728,1773021.1341,2096263.2026
7729,1773067.1183,2096081.8764
7730,1774719.8398,2103586.599
7731,1774745.2507,2103439.8897
7732,1774700.068,2103674.1359
7733,1773879.7057,2105373.4111
7734,1774715.7621,2102839.1674
7735,1774534.1285,2100661.0972
7736,1774481.1236,2099931.9935
7737,1771560.7985,2106266.1573
7738,1770391.8058,2107931.2973
7739,1778789.4862,2103252.2682
7740,1779233.7355,2102543.042
7741,1778690.7517,2103369.279
7742,1778096.2413,2106788.7048
7743,1779954.899,2106373.1021
7744,1780034.388,2106371.6028
7745,1780333.1237,2106498.0025
7746,1781832.1281,2105256.5021
7747,1781826.8863,2105251.685
7748,1781691.1214,2105000.0012
7749,1780892.4685,2107503.014
7750,1781338.2019,2107384.107
7751,1780770.44846043,2107980.13564898
7752,1781712.0245,2107782.6647
7753,1780417.2666,2108078.0829
7754,1780865.0048,2107814.9902
7755,1788615.0462,2103378.7823
7756,1790726.5565,2104537.8565
7757,1792653.428,2101964.519
7758,1791626.0246,2104343.8573
7759,1795328.6313,2102850.0419
7760,1793955.5935,2104448.0775
7761,1795789.5482,2100801.3558
7762,1796754.1783,2099091.4521
7763,1795702.0322,2098756.0784
7764,1795089.5094,2098497.5961
7765,1794183.3489,2097727.4048
7766,1793074.8644,2095843.0239
7767,1797406.8801,2094871.8828
7768,1795789.3986,2093586.5087
7769,1800440.6908,2094629.4535
7770,1804437.0936,2095221.2003
7771,1802534.921,2095016.3727
7772,1802900.876,2094150.5493
7773,1802515.6505,2094456.9814
7774,1802479.3738,2096253.038
7775,1803345.516,2096786.9871
7776,1803606.25,2097179.017
7777,1803373.7695,2096843.5377
7778,1800934.1132,2096899.1286
7779,1803504.2311,2098255.5272
7780,1804433.1967,2099434.0279
7781,1803249.5726,2098696.5887
7782,1803109.5628,2099022.097
7783,1802819.0253,2099060.0608
7784,1803778.9688,2100640.5261
7785,1801337.959,2099492.8182
7786,1798552.2966,2097193.3997
7787,1798996.5992,2097295.0328
7788,1796465.503,2097778.6827
7789,1798191.5123,2097076.6725
7790,1798543.8833,2097190.6705
7791,1799904.2583,2099504.2258
7792,1803368.9489,2100937.6803
7793,1801925.5968,2100908.5826
7794,1800811.6749,2101195.1725
7795,1802515.2659,2102692.7502
7796,1802461.9857,2105422.7606
7797,1805785.1787,2108016.3604
7798,1805381.9546,2110215.1827
7799,1805918.5787,2108578.8627
7800,1805390.77,2112498.8841
7801,1800657.644,2105460.2003
7802,1801000.1173,2107794.8409
7803,1796041.0911,2106161.2832
7804,1796109.4304,2106190.0554
7805,1796263.3069,2106330.4708
7806,1796021.3526,2106304.0453
7807,1795983.3843,2106684.6144
7808,1796078.7658,2107374.466
7809,1791269.4192,2107223.8049
7810,1796862.542,2107787.8187
7811,1802658.2064,2108292.1146
7812,1803706.0672,2114337.6964
7813,1802597.4958,2110686.0753
7814,1803931.2907,2114537.2286
7815,1801636.4315,2110929.266
7816,1800049.0082,2112358.9681
7817,1797549.1611,2109393.9985
7818,1792769.7275,2111969.728
7819,1792656.7629,2111672.9913
7820,1783255.5238,2108172.733
7821,1783694.2397,2108807.0649
7822,1784093.4817,2109534.9035
7823,1786211.6506,2110145.8711
7824,1787420.0012,2111108.7927
7825,1788009.0962,2112429.7215
7826,1789867.9312,2110651.0344
7827,1789439.923,2112115.3648
7828,1783095.5649,2107731.4818
7829,1784080.2837,2106273.1522
7830,1782897.0646,2106352.1852
7831,1782890.9677,2106344.6671
7832,1785438.7953,2105371.5439
7833,1782787.8562,2105440.8136
7834,1782787.9605,2105442.8138
7835,1785622.7997,2104635.124
7836,1782540.0775,2104660.7979
7837,1782202.0541,2103857.4898
7838,1783558.8323,2102421.5546
7839,1786000.4884,2102769.9579
7840,1785719.6054,2100362.1314
7841,1785928.6101,2100238.9934
7842,1788643.9919,2099842.4924
7843,1786056.6946,2099871.1371
7844,1789575.4307,2098232.8612
7845,1791412.4049,2097238.0977
7846,1786724.8545,2098430.0963
7847,1790783.2487,2098937.9523
7848,1786727.9271,2101250.4491
7849,1787981.0768,2102152.7062
7850,1787944.9689,2100684.6546
7851,1791401.2949,2100741.6858
7852,1792226.0036,2099304.8884
7853,1791845.762,2100120.072
7854,1791625.3967,2100259.0175
7855,1793852.6816,2098043.6764
7856,1790808.3638,2099404.0026
7857,1792022.3969,2098726.9919
7858,1792166.8154,2096458.5458
7859,1792597.5683,2097093.6836
7860,1791769.595,2100791.7633
7861,1792675.3989,2100536.0782
7862,1792998.2639,2100344.2964
7863,1792912.109,2100348.2581
7864,1793120.4032,2099833.0446
7865,1793410.6305,2099433.8855
7866,1795067.7449,2098897.671
7867,1793167.0201,2100419.723
7868,1795100.8792,2101677.4986
7869,1793502.7064,2100612.2551
7870,1795149.7991,2100368.3305
7871,1793496.4996,2100413.5739
7872,1793420.3828,2101897.9929
7873,1793537.9083,2102174.7582
7874,1793396.1584,2102297.505
7875,1793373.8113,2102700.0679
7876,1795132.8676,2102497.5451
7877,1794406.3847,2103301.8875
7878,1781066.0521,2101043.489
7879,1780821.9636,2101229.6031
7880,1781690.3336,2100731.3447
7881,1784461.4819,2099684.9088
7882,1784968.7894,2099477.4867
7883,1784576.5341,2099961.102
7884,1786000.6191,2095939.1362
7885,1787691.8013,2096744.4144
7886,1788738.7381,2096210.694
7887,1786949.4841,2097516.18
7888,1784802.3008,2098500.3556
7889,1782786.6636,2097633.9367
7890,1782357.0692,2098269.4484
7891,1779453.3024,2097435.357
7892,1778852.2756,2099352.5156
7893,1777983.3509,2096616.9501
7894,1773868.2715,2096901.5204
7895,1773865.8769,2096899.5459
7896,1773641.1297,2096809.8716
7897,1774917.5922,2091447.513
7898,1777622.098,2090812.6396
7899,1779222.1255,2089775.669
7900,1786946.9908,2089387.7243
7901,1789530.5211,2090176.3175
7902,1786875.4451,2091517.7976
7903,1789430.4953,2092397.1699
7904,1791148.7335,2092440.5245
7905,1788669.6777,2091804.8044
7906,1790881.8627,2093505.2533
7907,1783653.4256,2090798.6895
7908,1785694.5182,2092354.9013
7909,1790846.921,2094696.7007
7910,1789728.3976,2095419.2246
7911,1778436.1324,2094750.3696
7912,1778697.2632,2094817.2594
7913,1772953.8894,2091237.6656
7914,1770940.9273,2093393.0478
7915,1770951.2442,2093406.7822
7916,1772723.322,2090772.8563
7917,1771969.4826,2090647.1556
7918,1770742.9728,2092806.7784
7919,1762806.9224,2104763.2096
7920,1779854.457,2087994.2841
7921,1730266.1788,2110731.4646
7922,1730621.9958,2108673.0052
7923,1778677.5874,2087444.4453
7924,1731302.9457,2111784.3156
7925,1806341.2004,2093561.9968
7926,1738153.0565,2113489.1797
7927,1740384.7287,2116461.9763
7928,1740416.5694,2116492.7279
7929,1740612.9883,2116583.8736
7930,1758220.1284,2102827.076
7931,1758286.3913,2102739.551
7932,1758091.3113,2102958.0618
7933,1802384.9285,2092656.8924
7934,1802457.6279,2094462.1273
7935,1776294.2291,2110098.7411
7936,1777911.1286,2107772.0018
7937,1777967.1235,2107716.0011
7938,1767693.077,2097356.4002
7939,1803586.0516,2094108.0997
7940,1781792.496,2106685.8819
7941,1782330.3136,2104967.8555
7942,1799468.1139,2091676.7213
7943,1801673.927,2093009.819
7944,1804490.1274,2096465.2367
7945,1802568.6697,2095523.8485
7946,1805510.2163,2098064.9025
7947,1805466.4681,2107126.6978
7948,1805246.5436,2107373.1492
7949,1805223.2954,2107417.7634
7950,1755857.308,2112902.6721
7951,1780327.5971,2107946.3532
7952,1780660.0965,2107502.4271
7953,1780756.0714,2107500.7302
7954,1804685.9504,2106501.1566
7955,1804363.7886,2106273.8905
7956,1804694.1784,2106521.4827
7957,1804819.1211,2106584.6353
7958,1805548.1663,2106785.0766
7959,1799079.127,2097328.0006
7960,1802481.1218,2094485.8745
7961,1802215.1278,2094905.8683
7962,1801823.1239,2095213.8789
7963,1805141.1225,2107506.0018
7964,1802481.1297,2110305.9942
7965,1778905.1285,2099357.9977
7966,1743442.9585,2105084.3779
7967,1743548.1244,2104965.0028
7968,1793402.1243,2100513.0043
7969,1780837.1221,2107561.9971
7970,1735747.0156,2054585.4055
7971,1734692.3894,2054515.2008
7972,1737969.1229,2053367.8658
7973,1738147.0329,2054061.5842
7974,1738011.122,2053227.8786
7975,1738361.1201,2052555.8717
7976,1740951.127,2050063.8721
7977,1739831.1265,2050441.8682
7978,1745141.82,2049497.2028
7979,1743149.6474,2050068.1062
7980,1743145.8063,2050064.2418
7981,1746604.9775,2049467.8323
7982,1747009.5129,2049457.2041
7983,1747617.8866,2049352.327
7984,1747939.4679,2049273.5209
7985,1749037.9231,2049273.0959
7986,1753155.3905,2047793.5858
7987,1751233.7564,2049224.8808
7988,1751230.0442,2049215.8748
7989,1750831.7521,2049326.907
7990,1753209.6124,2046822.8793
7991,1754091.168,2045855.6255
7992,1754532.3537,2045231.4969
7993,1755105.7574,2044731.5079
7994,1755755.485,2044721.5502
7995,1755529.7334,2044773.6262
7996,1757050.3362,2044075.1869
7997,1756039.0936,2044629.8451
7998,1756034.7752,2044627.9648
7999,1739285.12,2059779.8774
8000,1738032.1263,2059268.8775
8001,1739831.1259,2060087.8755
8002,1739509.1266,2059905.8754
8003,1742855.1233,2060577.8765
8004,1746719.1259,2062551.8689
8005,1747120.45,2059985.3258
8006,1747355.6353,2062102.2493
8007,1747120.5111,2059984.3981
8008,1748938.1922,2058257.6796
8009,1750465.3551,2058188.8552
8010,1749937.4469,2058265.4038
8011,1749931.4071,2058252.1226
8012,1750496.0878,2058109.0054
8013,1751497.7202,2057297.4018
8014,1751281.8981,2057385.8451
8015,1752060.1562,2057089.3007
8016,1752110.3207,2057061.0901
8017,1754497.9575,2056708.7438
8018,1754541.7783,2056524.0895
8019,1755280.0535,2056071.4396
8020,1757559.3548,2054783.0191
8021,1757649.3991,2054703.2742
8022,1759064.5541,2054338.6675
8023,1759058.2077,2054240.0124
8024,1758935.8902,2053482.1918
8025,1758797.7279,2052540.6752
8026,1759714.4233,2051646.9376
8027,1759823.1185,2051477.8752
8028,1760642.2764,2050818.7594
8029,1759975.9486,2051203.4456
8030,1759973.2314,2051203.2978
8031,1761419.9728,2050235.5971
8032,1761806.5019,2049775.3045
8033,1761927.9895,2048225.7471
8034,1762104.701,2049098.2139
8035,1761995.5291,2049575.7458
8036,1747773.6205,2063315.1893
8037,1749463.1239,2065421.8785
8038,1748973.1245,2064693.8663
8039,1753901.1244,2067521.8706
8040,1757653.1239,2064903.8747
8041,1757065.1119,2065127.8778
8042,1758213.1258,2064665.8668
8043,1756127.1251,2065715.8757
8044,1758787.1263,2064203.8712
8045,1759413.5163,2063949.6861
8046,1759273.8883,2063939.534
8047,1759620.2567,2063139.2386
8048,1754293.1303,2069915.871
8049,1753089.1204,2075963.8701
8050,1759984.9846,2073165.7726
8051,1759901.0968,2073160.1842
8052,1754657.129,2075650.8612
8053,1756523.9773,2073913.3469
8054,1759901.3906,2073155.0752
8055,1761118.7298,2072790.872
8056,1761928.0631,2072748.1879
8057,1761568.146,2072730.9109
8058,1761236.5868,2072783.0271
8059,1761565.4824,2072729.6246
8060,1762143.9171,2072671.0864
8061,1762689.6183,2072064.2314
8062,1762146.5731,2072670.8324
8063,1762773.8693,2071767.7379
8064,1763256.2287,2071502.2954
8065,1763330.9755,2071248.3644
8066,1763365.603,2071324.4029
8067,1763292.8163,2070714.347
8068,1764676.1517,2067880.6092
8069,1766616.0307,2064587.7115
8070,1767608.7978,2064601.615
8071,1766713.0517,2064579.7074
8072,1767902.3376,2064639.0684
8073,1767815.0814,2064648.2583
8074,1767656.0212,2064609.6565
8075,1767808.3979,2064646.0975
8076,1770103.5767,2063648.6834
8077,1768622.4771,2064000.0011
8078,1768395.1126,2064137.8857
8079,1768615.9248,2063995.7329
8080,1757345.1188,2079253.8796
8081,1762258.222,2080133.8315
8082,1761255.5691,2081042.4341
8083,1758322.1793,2080528.2636
8084,1757863.1249,2080303.8662
8085,1762989.7224,2079386.7112
8086,1762896.4616,2079632.5675
8087,1763466.1934,2079031.9425
8088,1762990.8573,2079383.0233
8089,1766417.8305,2077861.7209
8090,1770724.1779,2076626.9883
8091,1767144.2048,2077560.6131
8092,1772481.7122,2074447.8583
8093,1760803.1208,2084209.8668
8094,1758031.1282,2081605.881
8095,1758008.1395,2081498.6143
8096,1761727.1264,2085427.8771
8097,1762301.12,2086351.8742
8098,1761939.8351,2085826.255
8099,1762889.1216,2087401.8797
8100,1771919.1259,2084923.871
8101,1771023.1254,2085497.8693
8102,1769035.1273,2086533.8676
8103,1772311.1217,2084811.874
8104,1775217.2502,2083896.8174
8105,1774324.7149,2084670.4028
8106,1778711.0574,2082533.3129
8107,1778752.784,2082474.3887
8108,1779634.3474,2082068.9705
8109,1780242.3256,2081549.1251
8110,1780699.3696,2080737.5279
8111,1784601.222,2080480.7779
8112,1784689.056,2080172.0153
8113,1787541.1246,2079511.723
8114,1785255.046,2079703.9659
8115,1787958.4086,2079415.1972
8116,1788060.2596,2079399.0485
8117,1788085.6619,2079265.4358
8118,1788285.4696,2079024.4455
8119,1788307.6394,2078724.3638
8120,1788293.9158,2078784.3524
8121,1788408.2461,2078668.4849
8122,1788948.9575,2077558.488
8123,1789013.2903,2077333.8145
8124,1789074.463,2076637.548
8125,1789251.7983,2076212.5119
8126,1789634.1703,2075568.7138
8127,1790429.4498,2075016.7777
8128,1793045.0109,2076104.657
8129,1791047.1437,2075105.5306
8130,1793479.4092,2076317.185
8131,1795056.1963,2076628.0064
8132,1794768.2162,2076588.4088
8133,1795517.6572,2076812.5093
8134,1797480.1097,2076611.7644
8135,1796270.6574,2077145.2609
8136,1798323.6978,2076254.9715
8137,1798792.7172,2075446.823
8138,1798996.2502,2075211.9172
8139,1778090.3364,2085699.3987
8140,1774253.936,2084777.9706
8141,1780279.7269,2085655.933
8142,1780078.561,2085392.2933
8143,1780508.3114,2085352.6871
8144,1780829.5562,2085827.4875
8145,1784594.4099,2085503.0261
8146,1784700.5986,2085490.5079
8147,1786747.8424,2085619.771
8148,1788632.0769,2085569.6215
8149,1790390.9696,2084746.3528
8150,1793288.8382,2084962.2799
8151,1793675.757,2085032.3951
8152,1794263.2789,2085106.3154
8153,1797012.0387,2086369.1207
8154,1795902.3736,2086025.8314
8155,1798139.2027,2086929.4843
8156,1802161.9687,2088946.4742
8157,1800730.9325,2088619.18
8158,1802404.7567,2089296.5896
8159,1804973.215,2090096.4623
8160,1803502.4691,2089963.229
8161,1805952.959,2090676.1092
8162,1807600.1347,2091889.3646
8163,1752552.4735,2084280.8261
8164,1752662.8498,2084179.3587
8165,1752376.3878,2087727.8185
8166,1751645.2147,2087709.0649
8167,1746175.8811,2089716.6266
8168,1742407.1276,2064399.8681
8169,1741735.1157,2064161.8762
8170,1741133.127,2063559.8809
8171,1739873.1235,2062341.8794
8172,1740121.9661,2061573.8934
8173,1743581.896,2065205.408
8174,1743409.3299,2064736.7179
8175,1743373.1265,2064637.8684
8176,1743907.7407,2067493.5108
8177,1737516.9464,2070446.2296
8178,1737236.6612,2070489.4478
8179,1736109.2086,2071427.745
8180,1735325.7728,2073437.054
8181,1734556.387,2075136.9578
8182,1733731.8899,2075777.0232
8183,1732423.1445,2075724.7184
8184,1732246.5357,2075825.3456
8185,1732324.367,2075787.4387
8186,1730426.6553,2076652.8482
8187,1730272.1454,2076815.6911
8188,1730055.3909,2076804.6608
8189,1727180.6158,2077247.1318
8190,1726350.9377,2077641.7643
8191,1723617.845,2078435.7131
8192,1725579.9426,2077828.7935
8193,1725713.7892,2077748.0435
8194,1738587.6194,2061696.3704
8195,1739321.5936,2061419.6608
8196,1739571.6301,2061092.9211
8197,1735673.6783,2064352.0581
8198,1735116.1254,2066553.0528
8199,1734155.2285,2067706.6294
8200,1733810.5186,2068334.355
8201,1733597.3114,2068833.5144
8202,1733198.355,2069262.8339
8203,1731471.4435,2070194.8929
8204,1731222.3803,2069956.1624
8205,1728813.8118,2070716.8108
8206,1728907.1448,2070784.6587
8207,1728405.6075,2070755.419
8208,1728363.9452,2070804.0012
8209,1727650.3464,2071478.98
8210,1728099.4952,2070974.1304
8211,1728365.8586,2070807.3361
8212,1727019.8504,2072151.2747
8213,1726901.479,2073377.6813
8214,1725286.8641,2073811.8314
8215,1721669.1946,2073917.5357
8216,1723032.8486,2073966.3399
8217,1718665.8311,2075776.8324
8218,1735770.0865,2061915.4231
8219,1737727.4377,2059949.4891
8220,1731272.3421,2066046.7082
8221,1730501.3701,2067087.1998
8222,1729508.4959,2068338.7055
8223,1727663.6476,2069197.4208
8224,1724764.3102,2070359.1063
8225,1724426.0025,2070431.5296
8226,1724055.8213,2069853.5631
8227,1723792.6288,2069714.0871
8228,1722287.0718,2070518.8795
8229,1720924.9186,2070972.3696
8230,1721199.5725,2070788.0981
8231,1721405.7102,2070859.2212
8232,1721218.531,2070797.1524
8233,1720018.0106,2071160.7
8234,1719993.1294,2071189.8703
8235,1718314.9595,2071703.1433
8236,1719692.9997,2071197.5346
8237,1717450.3202,2075974.07
8238,1718162.2716,2072677.6447
8239,1731979.6358,2060711.8341
8240,1736778.5519,2058768.6318
8241,1737269.124,2058197.8724
8242,1731095.6799,2061189.1155
8243,1730736.9255,2061611.5459
8244,1730121.1136,2061843.3653
8245,1728678.3417,2062609.6362
8246,1727616.0559,2062889.9794
8247,1726720.8063,2063278.0678
8248,1726429.6204,2063429.1567
8249,1726184.7445,2063054.7517
8250,1725212.8344,2063614.9823
8251,1724826.7256,2064278.2067
8252,1724054.0436,2064858.7264
8253,1723549.1033,2065487.819
8254,1721538.3418,2065657.9983
8255,1720469.2495,2064981.7512
8256,1719452.9798,2065104.2847
8257,1719209.3292,2064885.8964
8258,1718342.5865,2064972.7523
8259,1716045.7433,2064609.108
8260,1760047.4011,2062023.2791
8261,1759916.2078,2061570.9361
8262,1759793.1463,2061243.9154
8263,1761177.8543,2059779.385
8264,1761437.9163,2059585.1831
8265,1762036.8322,2058786.071
8266,1762248.7727,2058368.2808
8267,1763656.7485,2057515.8964
8268,1763540.4748,2057482.0517
8269,1763827.1245,2057525.8686
8270,1763918.1204,2057518.8748
8271,1764001.3522,2057358.9401
8272,1763964.7047,2057476.9026
8273,1763959.1005,2057477.5071
8274,1764701.5133,2056198.7579
8275,1764633.9168,2056270.3859
8276,1764490.8212,2056414.4976
8277,1764631.3303,2056270.2808
8278,1765432.6566,2055408.1076
8279,1765828.0211,2055047.0156
8280,1765694.8419,2055285.3125
8281,1766313.0794,2052723.2243
8282,1761379.1208,2063211.2958
8283,1761684.713,2063494.9731
8284,1761563.7501,2063470.5911
8285,1761549.7399,2063442.0758
8286,1762841.9857,2063338.1425
8287,1762370.3725,2063301.1984
8288,1761910.6013,2063361.4643
8289,1763660.8976,2063171.4448
8290,1763080.1572,2063207.3597
8291,1762112.5539,2063427.5662
8292,1762031.6859,2063420.0297
8293,1762028.2823,2063416.7026
8294,1764752.7409,2062463.9618
8295,1765885.4269,2062417.1989
8296,1766614.6337,2062317.1935
8297,1767221.0618,2062318.5029
8298,1767742.1975,2062173.4358
8299,1768212.2982,2061814.9315
8300,1768448.2734,2061368.1747
8301,1768851.3783,2060978.1779
8302,1769006.8122,2060952.8483
8303,1769678.2238,2060791.7947
8304,1770107.8943,2060683.8782
8305,1770877.3796,2059803.5406
8306,1770361.7737,2060325.8537
8307,1755169.4091,2054995.6343
8308,1756384.2121,2052894.0554
8309,1755463.7946,2054601.5204
8310,1755458.6949,2054601.8454
8311,1756461.7291,2052003.2913
8312,1757414.9262,2050692.0441
8313,1757432.1486,2050522.4556
8314,1758241.245,2049163.228
8315,1757745.2279,2049767.2336
8316,1760262.9,2048566.1242
8317,1750228.2197,2057382.6488
8318,1750286.6522,2057432.0538
8319,1750306.117,2056487.3341
8320,1752718.4145,2053378.8028
8321,1754917.1662,2052127.6247
8322,1796314.333,2083931.5275
8323,1796444.9543,2083800.9526
8324,1796437.8432,2083854.5691
8325,1796868.4674,2084252.9517
8326,1798453.4191,2083760.6413
8327,1799725.8823,2084385.7856
8328,1803570.983,2083339.7514
8329,1804677.5248,2082793.1664
8330,1803966.2845,2083090.8245
8331,1803964.8021,2083091.4495
8332,1804786.9088,2082597.2105
8333,1809902.1454,2081536.2111
8334,1775340.9128,2080756.9579
8335,1776128.8374,2080743.1147
8336,1777075.6795,2077479.0268
8337,1770856.4414,2088421.3503
8338,1769127.8853,2087068.4501
8339,1777217.6029,2089209.6998
8340,1799214.589,2075680.13
8341,1799304.3011,2075863.7541
8342,1799449.094,2076088.9094
8343,1799762.6132,2076197.4601
8344,1801035.1559,2077488.1801
8345,1790494.2349,2086406.136
8346,1791591.0236,2089096.9678
8347,1792673.5273,2089343.9188
8348,1736375.2618,2066140.1075
8349,1738362.4645,2062904.5619
8350,1738433.3857,2062851.9246
8351,1737359.4347,2066588.1903
8352,1737396.3149,2066467.6543
8353,1739821.997,2062330.9008
8354,1737267.0779,2066948.5825
8355,1727036.5723,2060361.9966
8356,1723169.7043,2060887.8318
8357,1722540.6052,2061173.4073
8358,1720392.189,2061335.5563
8359,1718627.8008,2061426.4103
8360,1720143.7613,2061423.1808
8361,1720389.0927,2061334.8792
8362,1777601.2685,2087306.3943
8363,1782526.2779,2087149.4744
8364,1781513.1734,2086800.4988
8365,1780468.4101,2085698.5577
8366,1739215.0371,2057669.8418
8367,1739396.1742,2057830.5707
8368,1738082.2934,2052517.1818
8369,1737829.0476,2052823.7594
8370,1738049.5783,2052478.4745
8371,1794203.1616,2083393.2706
8372,1793767.757,2083851.2958
8373,1786565.0062,2074171.7181
8374,1786263.6253,2074296.1644
8375,1787720.7779,2072360.6513
8376,1788960.3941,2073975.5293
8377,1800940.4623,2087104.6332
8378,1800823.947,2086620.292
8379,1806385.3362,2086175.3868
8380,1806350.5589,2086180.4849
8381,1814082.6846,2087389.6261
8382,1812828.2981,2087170.2056
8383,1733357.2483,2055096.5909
8384,1733526.6234,2055018.3979
8385,1731921.1025,2056709.9951
8386,1733306.0652,2055129.9493
8387,1733356.4607,2055095.5914
8388,1734077.1168,2053984.5935
8389,1730286.8663,2057549.6438
8390,1728442.1477,2058875.8806
8391,1731681.5488,2057854.6388
8392,1729763.6796,2059500.8984
8393,1729809.9447,2059595.1412
8394,1732686.1895,2058525.2667
8395,1734180.2371,2055714.0267
8396,1734965.9439,2054866.1146
8397,1732307.1378,2062406.9275
8398,1731824.782,2062851.9899
8399,1730994.6854,2064055.4116
8400,1730187.0102,2062327.9393
8401,1729478.3578,2064219.879
8402,1730241.3889,2062455.4794
8403,1730242.4993,2062439.0418
8404,1728894.5942,2065755.9455
8405,1729465.0496,2064303.5957
8406,1729500.9123,2064398.1636
8407,1728050.665,2064227.9231
8408,1724924.1623,2067600.4573
8409,1725678.1662,2065140.9074
8410,1725052.9314,2066139.9818
8411,1724346.6676,2066115.4476
8412,1721438.1128,2065846.1011
8413,1721596.0788,2066966.952
8414,1721602.1404,2067081.1104
8415,1721007.5691,2067006.7939
8416,1719444.6454,2065414.7605
8417,1718727.7431,2066872.6025
8418,1718147.469,2067596.5233
8419,1716823.393,2070197.5084
8420,1718122.5649,2069391.3314
8421,1718479.4093,2069030.7605
8422,1716445.7647,2070558.7758
8423,1715754.1071,2070421.2901
8424,1714467.8282,2070114.9616
8425,1720318.2118,2067699.1019
8426,1718807.9442,2067107.8742
8427,1719052.7758,2067510.1974
8428,1720306.9907,2068851.3235
8429,1715064.4463,2071730.1727
8430,1715973.7749,2068891.9732
8431,1716383.0125,2067687.3211
8432,1714703.6438,2068594.4001
8433,1718250.5696,2062661.6998
8434,1718582.5761,2063054.1486
8435,1718593.1298,2063062.128
8436,1718626.0849,2063173.8379
8437,1718167.9911,2062614.8516
8438,1720219.2496,2063407.8564
8439,1723107.5853,2064936.7571
8440,1722607.4421,2063316.2864
8441,1723050.127,2064821.9008
8442,1723055.7688,2064825.6529
8443,1723583.0295,2062741.3538
8444,1726027.343,2062914.9922
8445,1721780.71,2063041.8432
8446,1721959.5313,2062540.1547
8447,1721959.1933,2062387.8675
8448,1722638.6717,2059208.1179
8449,1722441.8921,2057401.6892
8450,1723177.3099,2055858.5498
8451,1723342.9285,2056458.8487
8452,1722983.487,2058299.0343
8453,1726638.0726,2059386.4959
8454,1724674.8303,2058129.2015
8455,1725032.0617,2058262.7413
8456,1724448.8959,2057143.1089
8457,1725693.8505,2059564.1962
8458,1725503.5028,2059608.8604
8459,1723580.0516,2057985.3785
8460,1734453.3857,2063899.1391
8461,1731812.7107,2066683.2006
8462,1731711.2077,2066477.005
8463,1731637.1494,2066345.1317
8464,1731851.6518,2066818.3101
8465,1732036.1995,2067470.37
8466,1731847.0652,2066843.0697
8467,1731709.6763,2066466.2343
8468,1731647.4708,2066355.8265
8469,1725180.8157,2071732.4208
8470,1725158.7044,2071598.8767
8471,1721582.2859,2072603.1844
8472,1723424.458,2072119.5233
8473,1723560.0859,2072077.8938
8474,1723560.3997,2072075.9895
8475,1724191.424,2070933.8266
8476,1724272.3434,2070812.488
8477,1724270.8988,2070812.278
8478,1720974.8079,2072423.9032
8479,1717313.3932,2071781.6177
8480,1716569.928,2072428.8441
8481,1716600.3347,2072336.4568
8482,1716645.5431,2072315.873
8483,1717223.5093,2071874.8904
8484,1715190.9409,2073981.2464
8485,1716208.2727,2073830.0995
8486,1716294.0813,2073767.4337
8487,1716216.6323,2073820.9846
8488,1715071.1629,2073915.8018
8489,1715220.1725,2073006.1873
8490,1715129.0839,2072915.5163
8491,1719424.0636,2072953.284
8492,1720021.0932,2071324.0812
8493,1720030.3511,2071234.2097
8494,1721094.5463,2070098.6893
8495,1719574.9892,2070177.2689
8496,1720973.7328,2070109.1435
8497,1720985.311,2070106.372
8498,1721084.2546,2070098.4083
8499,1723348.3085,2068922.8229
8500,1723885.571,2067901.7324
8501,1723938.9808,2067858.3833
8502,1722903.7867,2068459.7489
8503,1721841.7485,2068004.5195
8504,1723312.5593,2067693.9021
8505,1724193.7878,2069765.8361
8506,1724289.0477,2069708.0801
8507,1725848.9599,2068306.0355
8508,1729080.764,2068068.4224
8509,1728196.924,2065552.1618
8510,1727965.7891,2067208.0089
8511,1729087.1265,2066449.6525
8512,1735517.1327,2068920.7836
8513,1734216.8838,2070128.1667
8514,1732641.1083,2071193.3611
8515,1732172.9149,2073398.2068
8516,1730997.289,2071865.3919
8517,1728768.2384,2073261.6905
8518,1727762.0719,2073228.7979
8519,1728718.207,2074377.1301
8520,1728804.9144,2074475.0252
8521,1727283.5001,2074299.5765
8522,1727816.3591,2074795.5452
8523,1727711.825,2075153.4383
8524,1727250.6863,2074671.1713
8525,1727269.0401,2074998.0027
8526,1725402.5045,2075920.1378
8527,1725489.718,2074284.0506
8528,1723471.3904,2075333.9482
8529,1724380.6508,2074040.2433
8530,1722429.764,2077953.0414
8531,1722956.2904,2075249.1843
8532,1722711.7916,2075176.8597
8533,1721686.3493,2075722.5907
8534,1721710.116,2077907.1615
8535,1721779.3515,2076213.1028
8536,1721690.5729,2076054.3534
8537,1719912.5853,2076158.4257
8538,1720051.6597,2076052.2546
8539,1721006.4334,2073298.9554
8540,1723089.308,2073756.3468
8541,1723320.9045,2073301.9336
8542,1730633.2668,2073434.1177
8543,1729775.0398,2071280.6982
8544,1733520.7903,2066222.2596
8545,1739258.7662,2068674.4087
8546,1741673.5874,2064235.9097
8547,1741216.5994,2067244.2779
8548,1743184.998,2065204.5748
8549,1743119.7159,2065130.0778
8550,1743105.3514,2065115.4548
8551,1743185.5754,2065197.166
8552,1742937.0308,2064944.0014
8553,1743689.7179,2064774.8791
8554,1743738.2415,2064706.7884
8555,1743861.5394,2064568.5469
8556,1743948.0118,2064269.8648
8557,1741958.6501,2074053.9249
8558,1736248.7643,2077813.2542
8559,1736961.5694,2076813.2705
8560,1740817.0494,2077666.1822
8561,1740828.0395,2077638.3509
8562,1740496.1793,2078408.2587
8563,1737418.6821,2071769.0023
8564,1735461.1963,2076155.7407
8565,1733570.9935,2076204.0459
8566,1733612.8978,2076072.4824
8567,1731866.3364,2079175.9158
8568,1730403.8733,2079937.8206
8569,1734632.244,2078911.4744
8570,1729420.908,2077846.2809
8571,1728679.308,2078730.3678
8572,1728597.2171,2078903.9345
8573,1727738.5302,2078155.272
8574,1725406.7054,2079597.0447
8575,1726256.8458,2076384.3122
8576,1728428.0686,2075776.1724
8577,1730170.2077,2076155.1652
8578,1730174.6323,2076392.4453
8579,1729326.5078,2074962.937
8580,1729444.5163,2075153.4688
8581,1732213.8642,2075762.9949
8582,1730099.8223,2074356.2772
8583,1732154.5576,2075749.8677
8584,1731834.9488,2074310.9844
8585,1732924.6873,2073508.868
8586,1735059.4466,2070715.7232
8587,1736304.1975,2069514.4721
8588,1743109.21,2064226.7648
8589,1743014.1647,2064190.0603
8590,1742819.5742,2064317.6475
8591,1742792.122,2064350.8693
8592,1741957.4373,2063673.5019
8593,1741760.5784,2063572.3377
8594,1741384.7958,2063349.8738
8595,1751076.9458,2090104.2838
8596,1750938.6327,2090273.0605
8597,1750641.9725,2086447.347
8598,1756774.5186,2081710.6773
8599,1757726.6347,2081999.3976
8600,1759657.6277,2087831.9137
8601,1761287.2084,2085975.6104
8602,1755664.9096,2090750.1449
8603,1754956.2845,2091046.4848
8604,1754279.2769,2091651.9643
8605,1753607.3855,2093598.4067
8606,1754050.3305,2094099.2251
8607,1755307.7515,2097771.4045
8608,1755178.1622,2097831.7867
8609,1759962.8579,2090175.1412
8610,1758923.5614,2091259.4058
8611,1757964.9355,2092918.573
8612,1758147.8294,2093555.7401
8613,1756091.2039,2093440.8889
8614,1753517.992,2094865.7155
8615,1752546.0348,2095578.7254
8616,1751077.605,2094793.8183
8617,1750954.2764,2094687.452
8618,1752555.8653,2098008.31
8619,1750201.3473,2097921.3941
8620,1749959.0133,2098174.6511
8621,1748774.6488,2099573.1156
8622,1745440.6907,2098949.5189
8623,1745322.033,2098718.1301
8624,1752920.8498,2098812.2063
8625,1752934.3107,2102450.9223
8626,1751943.4153,2100971.4244
8627,1749012.1637,2100335.4319
8628,1748059.9404,2101607.0626
8629,1747249.1695,2102279.7904
8630,1751174.1033,2101608.7952
8631,1746940.5682,2098125.9208
8632,1746012.8521,2097924.0232
8633,1748461.6464,2097496.199
8634,1749304.0113,2097768.3319
8635,1747704.7768,2096436.6444
8636,1749480.3099,2097718.3706
8637,1752606.3494,2095828.6345
8638,1752598.0854,2095958.15
8639,1753220.939,2093630.3657
8640,1750666.774,2092253.6338
8641,1753043.1987,2093582.7974
8642,1751923.3944,2091120.7991
8643,1763106.6218,2088693.4203
8644,1763407.1221,2088269.8662
8645,1762657.7114,2090016.7269
8646,1759878.3978,2097148.308
8647,1759013.8385,2096762.2329
8648,1759421.9767,2097034.5752
8649,1757013.4959,2097111.815
8650,1760060.9208,2099253.0933
8651,1758362.3227,2098224.5646
8652,1761222.6949,2089261.0956
8653,1762043.1731,2092506.5622
8654,1760036.2832,2095296.5952
8655,1760858.6719,2092538.3688
8656,1760160.2834,2091960.9767
8657,1760499.466,2092210.0578
8658,1760498.7163,2092241.4152
8659,1760209.8619,2093527.2749
8660,1760665.6422,2088852.8908
8661,1761177.6135,2089219.3422
8662,1773616.7375,2086306.0188
8663,1785467.0288,2084658.4558
8664,1785642.3561,2084648.6222
8665,1791057.4171,2083391.5754
8666,1792653.2946,2084635.3543
8667,1799768.1576,2080723.2851
8668,1800435.0851,2080483.8909
8669,1800533.0647,2080416.8661
8670,1802370.6967,2079937.5664
8671,1802167.9134,2079988.5116
8672,1802436.454,2079921.0503
8673,1802528.0862,2079915.6963
8674,1802694.1328,2079822.145
8675,1802845.7811,2079746.3516
8676,1802985.5294,2078107.931
8677,1801363.9915,2079878.2904
8678,1800965.8927,2082228.3469
8679,1800843.0965,2082234.4537
8680,1800787.1243,2082277.8713
8681,1812002.065,2078874.4919
8682,1815660.2315,2078255.5759
8683,1814233.3451,2079651.8509
8684,1808787.4881,2084039.1524
8685,1809437.3471,2083989.6436
8686,1810921.7824,2083572.7632
8687,1809884.206,2084079.9913
8688,1812355.8577,2082815.1991
8689,1811639.3016,2082951.9524
8690,1815857.9842,2084734.3415
8691,1814815.3661,2083232.1372
8692,1814054.1207,2081597.6339
8693,1811098.8474,2083276.8688
8694,1813119.9938,2084760.9711
8695,1811189.6217,2084090.1704
8696,1813217.7068,2085031.0108
8697,1800747.7168,2085090.3618
8698,1804027.977,2087055.8513
8699,1801905.4204,2086149.5501
8700,1801424.7844,2086184.2949
8701,1801434.5089,2086141.8065
8702,1801414.2744,2085450.241
8703,1801374.9562,2085438.8349
8704,1801423.2069,2085452.8367
8705,1802986.822,2086175.9123
8706,1802722.7832,2086065.5568
8707,1804447.637,2086723.0591
8708,1798293.0533,2085139.1411
8709,1797865.6891,2085257.0825
8710,1795227.0983,2087283.8952
8711,1794744.9442,2085484.8298
8712,1798481.3094,2087760.0327
8713,1798519.5881,2087705.6548
8714,1798337.1246,2087919.8688
8715,1798374.652,2088282.7508
8716,1798318.7117,2088109.5092
8717,1798401.8727,2089112.2964
8718,1798385.6854,2089171.7331
8719,1798337.1212,2089571.8721
8720,1795522.7024,2089695.2088
8721,1795564.6681,2089681.1415
8722,1795985.8881,2089522.3527
8723,1797601.4894,2089573.6493
8724,1797822.5424,2089555.8351
8725,1797853.1404,2089557.5797
8726,1798273.9282,2089603.8571
8727,1797988.6137,2089541.2189
8728,1795255.9618,2089935.2958
8729,1793922.5291,2089305.447
8730,1794156.7455,2089230.1404
8731,1794306.5901,2089117.1224
8732,1798248.2794,2087909.264
8733,1798302.4702,2089783.99
8734,1798353.6198,2089616.8117
8735,1798359.3934,2089605.5981
8736,1798264.7294,2089948.9638
8737,1800360.287,2090962.2267
8738,1797557.7585,2090463.5658
8739,1797609.5903,2090475.4753
8740,1795836.112,2090514.423
8741,1799141.0079,2089878.4748
8742,1798631.3519,2087736.4867
8743,1799711.1334,2089972.037
8744,1799750.6073,2088297.6194
8745,1801353.1549,2089569.0096
8746,1800532.2265,2088697.3614
8747,1803724.2444,2088643.5292
8748,1802283.5435,2091057.5123
8749,1802436.2914,2089587.887
8750,1804621.4949,2091570.5224
8751,1803299.7346,2090364.0293
8752,1804827.6149,2091963.0702
8753,1806682.4119,2093472.6027
8754,1804804.606,2092127.987
8755,1804968.9382,2091677.3303
8756,1806438.3048,2092062.4254
8757,1805588.1924,2092273.4787
8758,1806919.0129,2093053.6533
8759,1804952.0766,2092162.0351
8760,1808507.3359,2091230.9292
8761,1804863.1172,2089255.0136
8762,1802959.4779,2089344.5616
8763,1798866.8174,2087316.8724
8764,1798801.5431,2087365.0798
8765,1800736.3434,2087804.999
8766,1799108.0448,2087414.1357
8767,1796701.7437,2087160.9209
8768,1796686.86,2087177.2364
8769,1795044.6086,2088115.4335
8770,1796447.3034,2087155.3138
8771,1796754.5214,2087404.4724
8772,1796709.6094,2087194.2888
8773,1796701.8274,2085003.9742
8774,1795006.2677,2085539.3661
8775,1793858.7866,2088330.7623
8776,1788623.7423,2088292.8854
8777,1792690.6504,2090499.6597
8778,1790522.9436,2088853.3227
8779,1790437.3217,2088833.7918
8780,1790444.4084,2089930.3917
8781,1788711.3122,2088440.039
8782,1790231.4298,2091233.6978
8783,1784731.6642,2086336.754
8784,1786002.2028,2087613.993
8785,1786055.1623,2087834.1082
8786,1785880.8626,2087794.3391
8787,1783939.8131,2088836.1626
8788,1784324.2356,2087439.2324
8789,1778583.518,2077180.9377
8790,1780614.3381,2080040.068
8791,1780410.014,2075895.3918
8792,1779188.6618,2073623.9735
8793,1777677.8472,2073261.4924
8794,1771176.4461,2073358.81
8795,1775022.3492,2074719.8246
8796,1777099.4003,2072462.9754
8797,1776882.237,2070431.5845
8798,1776378.6272,2070044.3228
8799,1774705.5062,2069863.3072
8800,1773463.5587,2069921.7204
8801,1773220.5525,2069740.5765
8802,1774566.6633,2071322.615
8803,1774202.1116,2069121.1555
8804,1773572.836,2067851.0115
8805,1773581.5121,2067860.2824
8806,1773531.5889,2067302.7105
8807,1773661.7233,2068063.0234
8808,1773665.4677,2068046.4538
8809,1773474.0803,2066769.1303
8810,1773660.1394,2064050.5621
8811,1773467.5678,2066181.3573
8812,1773501.6395,2066738.5578
8813,1773473.1231,2066186.3321
8814,1773470.0822,2066318.6426
8815,1773566.2835,2066429.7801
8816,1773575.8505,2066437.4749
8817,1776224.0667,2069951.5503
8818,1775703.6986,2068553.5523
8819,1775916.2815,2068709.4039
8820,1775263.2954,2069474.0945
8821,1774965.3287,2067434.8926
8822,1775485.4657,2065796.2061
8823,1775660.7643,2066550.9608
8824,1775426.1903,2066994.8357
8825,1775382.584,2067050.713
8826,1775247.5488,2067088.5333
8827,1775230.7395,2067105.7829
8828,1775671.233,2066721.5971
8829,1775100.8477,2067223.6477
8830,1775086.6971,2067251.9974
8831,1775514.5561,2066912.2985
8832,1776614.2109,2069755.7976
8833,1779893.6193,2071567.0089
8834,1779856.6057,2071582.3152
8835,1780674.9969,2071399.1835
8836,1780796.4325,2071353.0182
8837,1780830.1241,2071350.8802
8838,1781663.0652,2071333.2774
8839,1781499.2682,2071269.9732
8840,1782254.9974,2071204.1214
8841,1784690.7437,2069803.7456
8842,1784501.5211,2069887.1988
8843,1785651.4019,2069048.0624
8844,1785309.3518,2069430.856
8845,1785979.8287,2067960.2039
8846,1781914.2314,2071227.0298
8847,1781879.8366,2070853.8299
8848,1781927.292,2070940.7917
8849,1781937.1519,2070939.1516
8850,1782768.6569,2070975.8028
8851,1782385.1284,2071199.3597
8852,1786096.5023,2070173.9415
8853,1784938.3172,2069701.9483
8854,1786266.0982,2070120.2518
8855,1786085.5063,2069114.5908
8856,1780794.3924,2071076.509
8857,1780792.4307,2071302.1702
8858,1780605.1784,2070497.4113
8859,1780669.9095,2070725.0087
8860,1780738.451,2071027.0651
8861,1780682.0736,2070853.9423
8862,1780557.64,2070273.7183
8863,1779534.2629,2071044.1113
8864,1779453.4469,2071470.1609
8865,1779649.6322,2070917.8321
8866,1780185.7781,2070731.2626
8867,1779653.008,2070918.4588
8868,1778812.2104,2070880.9332
8869,1779304.929,2071373.4993
8870,1778486.6521,2070699.5488
8871,1778086.8511,2069076.445
8872,1778256.6842,2069467.1315
8873,1777471.7504,2067846.3253
8874,1777788.6314,2068420.1188
8875,1777543.1806,2067541.722
8876,1778350.9433,2069107.2192
8877,1778352.2474,2069444.04
8878,1778989.4102,2068052.6446
8879,1778967.7131,2068102.9497
8880,1779496.3318,2066495.0861
8881,1779684.6112,2066027.5897
8882,1779656.9512,2065887.2528
8883,1779371.7314,2064807.9376
8884,1779533.9997,2065551.8518
8885,1779548.8178,2065557.863
8886,1779204.5604,2068414.1351
8887,1778969.0776,2068542.3156
8888,1779356.0395,2068040.8643
8889,1779317.1514,2068087.2777
8890,1779530.2194,2067738.4415
8891,1779582.1675,2067702.851
8892,1779987.6336,2067576.2789
8893,1779951.3627,2067565.4545
8894,1780025.1255,2067591.8759
8895,1780511.7085,2067747.3048
8896,1780524.3999,2067805.3817
8897,1780466.2475,2067868.4919
8898,1780160.0142,2067772.9741
8899,1780581.8695,2067905.1355
8900,1780567.9053,2067909.8618
8901,1781758.4999,2067587.3762
8902,1780196.8766,2067484.2261
8903,1779519.0905,2065937.6003
8904,1778673.255,2065225.863
8905,1778729.4877,2065125.5109
8906,1778547.1897,2065086.9365
8907,1777498.7337,2063729.9256
8908,1777236.0172,2063373.4438
8909,1776324.6471,2063020.1928
8910,1776021.6953,2063035.8288
8911,1779044.6296,2064176.622
8912,1778866.6156,2067293.986
8913,1778666.6171,2068452.9286
8914,1777740.1449,2066716.0064
8915,1777761.3563,2066804.9282
8916,1777949.8463,2067147.2624
8917,1778284.13,2068500.561
8918,1775620.4628,2064525.2759
8919,1776959.5323,2065727.1554
8920,1777139.5836,2065809.916
8921,1777670.5522,2066190.2186
8922,1778546.6435,2069840.2726
8923,1781354.535,2079529.0649
8924,1782395.7283,2076212.6167
8925,1782797.4482,2075782.8624
8926,1782764.4992,2075654.4973
8927,1784518.2503,2074702.073
8928,1781035.4466,2072511.2267
8929,1783371.485,2073756.8045
8930,1783744.686,2073338.9923
8931,1784758.6866,2075305.8399
8932,1784240.3787,2077599.4928
8933,1787754.2323,2078873.9091
8934,1787937.4006,2078547.5586
8935,1788042.9707,2078379.6856
8936,1788369.8632,2078328.2376
8937,1787755.4142,2078676.8839
8938,1788322.379,2077215.1409
8939,1788770.7151,2077367.2433
8940,1801033.5556,2076806.4967
8941,1799085.6135,2077113.2173
8942,1800526.9551,2078253.1616
8943,1799289.2833,2077272.9358
8944,1798620.493,2078051.164
8945,1796795.7699,2075166.1938
8946,1795762.174,2076771.1133
8947,1791190.6065,2074083.483
8948,1790712.7071,2074794.8626
8949,1791238.7411,2073918.2338
8950,1791228.582,2073815.9512
8951,1788379.0489,2070872.4137
8952,1788939.1898,2079226.6766
8953,1789133.9797,2079210.7438
8954,1790703.2166,2078730.7377
8955,1790486.1086,2079115.0957
8956,1789789.832,2079121.4621
8957,1790735.1258,2078665.8791
8958,1793740.0795,2077842.0814
8959,1790875.3137,2078633.3218
8960,1790871.9497,2078625.5667
8961,1791273.6505,2078032.6402
8962,1790731.3836,2078539.8749
8963,1790737.9004,2078544.8323
8964,1793226.9235,2079960.6351
8965,1793653.0063,2080265.9567
8966,1793663.6545,2080320.9942
8967,1793528.2292,2080495.2051
8968,1790145.9704,2080612.9523
8969,1787578.5743,2075950.5473
8970,1785092.7687,2079532.6585
8971,1788696.8845,2075567.2676
8972,1786529.0174,2075536.6716
8973,1788386.657,2082262.1521
8974,1788018.1367,2081806.9039
8975,1792237.7056,2082285.9119
8976,1789698.7456,2083075.3913
8977,1782719.2178,2082137.66
8978,1782013.9606,2082951.007
8979,1784027.3634,2083934.2641
8980,1786259.3349,2082674.8892
8981,1778876.4645,2082384.043
8982,1772405.1079,2076796.6503
8983,1772306.3091,2084714.0654
8984,1771677.3887,2084572.3549
8985,1771797.9704,2084735.5948
8986,1771554.6646,2084544.7072
8987,1771292.482,2082849.3621
8988,1770419.6689,2084288.9365
8989,1771025.4916,2085354.9043
8990,1770281.8627,2083619.8972
8991,1770368.1842,2084277.3327
8992,1764103.361,2085540.731
8993,1763666.9711,2086249.1122
8994,1763669.7867,2086253.6577
8995,1763697.0145,2086438.3543
8996,1768286.3852,2081049.885
8997,1767716.4176,2083679.802
8998,1764146.4614,2085589.8933
8999,1763874.7167,2086140.9854
9000,1762433.691,2083627.8762
9001,1762446.0539,2083572.8438
9002,1764418.4276,2082936.6366
9003,1764479.9381,2082950.5077
9004,1761441.0496,2084026.3901
9005,1764529.1429,2082755.7021
9006,1764925.3074,2081288.9379
9007,1767246.7196,2079710.665
9008,1764914.2496,2081086.642
9009,1764922.6572,2081091.7944
9010,1766544.616,2081662.9642
9011,1763537.0348,2076173.4396
9012,1763694.3229,2076092.9434
9013,1763730.3035,2076058.9391
9014,1771011.544,2071473.2771
9015,1764130.0146,2076077.1845
9016,1763816.765,2075925.8341
9017,1763847.2694,2075777.6268
9018,1771462.05,2077782.3017
9019,1768136.674,2078628.9298
9020,1767660.95,2078129.6462
9021,1767234.3659,2077675.6524
9022,1767673.3479,2078139.9645
9023,1770666.6555,2076790.1259
9024,1770404.2956,2076854.3843
9025,1762677.3605,2071599.0729
9026,1762473.6242,2071390.694
9027,1768105.3954,2064642.9126
9028,1769325.3383,2064853.0605
9029,1769748.3422,2065014.4319
9030,1769646.5231,2064996.6641
9031,1769648.9171,2064986.077
9032,1770567.354,2064600.1642
9033,1770644.0065,2064512.3249
9034,1770215.8476,2065435.6344
9035,1770435.4168,2065606.2438
9036,1769408.5501,2066288.9984
9037,1765855.1002,2068398.5916
9038,1768980.1795,2067167.5729
9039,1770852.9816,2067435.9128
9040,1771786.8291,2067381.5014
9041,1765034.9871,2072049.0163
9042,1771861.0571,2067761.105
9043,1771873.4631,2067737.9953
9044,1771872.2488,2067744.154
9045,1755399.1185,2070167.8759
9046,1754560.4492,2070083.8739
9047,1755849.8062,2069349.8163
9048,1755381.6011,2069852.2314
9049,1755889.122,2069327.8754
9050,1757254.787,2070036.5789
9051,1756770.2408,2069618.3816
9052,1756134.3034,2069531.5772
9053,1755920.8479,2069355.1706
9054,1756768.1137,2069612.2035
9055,1756153.6961,2069537.5331
9056,1757692.497,2070641.4103
9057,1757649.0471,2070581.791
9058,1758095.1724,2070917.8519
9059,1758209.6818,2070982.8256
9060,1758858.2262,2071290.5099
9061,1758906.9341,2071280.3541
9062,1759756.8163,2070928.8073
9063,1760880.2301,2071339.8511
9064,1761090.5801,2071137.1893
9065,1755920.169,2070629.3512
9066,1755821.1086,2070368.1281
9067,1755568.0955,2070230.1919
9068,1755440.0937,2070191.1123
9069,1755819.6424,2070359.2506
9070,1756467.1574,2071022.0941
9071,1756567.4552,2071196.8837
9072,1756732.7674,2071265.3233
9073,1757431.6113,2069984.1029
9074,1757317.3353,2070045.2987
9075,1758355.1295,2069672.6468
9076,1759364.4805,2069924.2504
9077,1755883.1292,2069015.689
9078,1755884.3536,2069017.0495
9079,1755916.1974,2068902.2078
9080,1756444.3725,2068720.5888
9081,1756822.0303,2068854.828
9082,1756708.9843,2068829.5847
9083,1756648.2301,2068731.9533
9084,1757427.4928,2068685.1986
9085,1757460.4539,2068653.1394
9086,1757935.0858,2068688.1563
9087,1758342.2584,2068597.759
9088,1758342.2212,2068601.2642
9089,1758738.058,2068257.8354
9090,1758429.3932,2068554.1451
9091,1760276.9366,2068102.1173
9092,1758066.4532,2068712.2252
9093,1755005.0621,2067274.4648
9094,1754685.1234,2067185.8743
9095,1755464.9455,2067537.6183
9096,1755638.0876,2067513.2128
9097,1756246.6689,2067433.6174
9098,1756749.7055,2067133.4231
9099,1756652.6379,2067198.4503
9100,1756982.841,2067082.9901
9101,1756409.2114,2067341.1694
9102,1756484.6899,2065581.7943
9103,1756353.0938,2065662.7828
9104,1756206.5713,2065729.1185
9105,1756698.8424,2065500.8565
9106,1757936.4539,2065065.101
9107,1757682.5649,2064942.7267
9108,1758336.1501,2064938.8745
9109,1758246.0234,2064695.3974
9110,1758713.1571,2064810.1929
9111,1760050.0787,2057123.3129
9112,1761816.6323,2057068.3466
9113,1761990.6321,2057317.4085
9114,1762169.9932,2055612.6592
9115,1761404.3111,2056419.2421
9116,1761280.2102,2056420.4362
9117,1762946.5785,2056340.4585
9118,1762324.5349,2057173.8394
9119,1764850.9181,2058880.7815
9120,1763947.3862,2057554.4945
9121,1765130.5212,2058772.3974
9122,1767144.4528,2053991.408
9123,1767202.3332,2053720.52
9124,1767155.9752,2053754.8613
9125,1767159.2181,2053759.4938
9126,1767260.9982,2053573.3363
9127,1767268.4819,2053493.5437
9128,1768537.2025,2054304.8679
9129,1765604.8577,2057109.8515
9130,1765087.9629,2056489.9757
9131,1764916.6461,2056252.0367
9132,1765693.868,2057242.7142
9133,1763709.6456,2056862.8945
9134,1763608.8515,2057245.062
9135,1763559.2472,2057386.3812
9136,1763772.7966,2054546.2232
9137,1763717.4862,2056712.241
9138,1763609.7939,2057245.7478
9139,1763742.3601,2053757.5776
9140,1764546.1636,2052236.8621
9141,1764804.9706,2052244.6988
9142,1762823.3661,2061815.2436
9143,1762817.0477,2061809.1425
9144,1760127.0652,2061943.8375
9145,1760482.0697,2061844.4033
9146,1760350.8101,2061854.5241
9147,1763760.189,2060955.3425
9148,1763718.1809,2061042.741
9149,1760674.5287,2061779.6432
9150,1760668.7071,2061773.1578
9151,1760925.6603,2061567.6809
9152,1760924.1208,2061566.7392
9153,1762440.4873,2061512.6243
9154,1762430.98,2061504.3012
9155,1760807.2505,2061635.8426
9156,1763680.1836,2061155.1237
9157,1764780.5996,2060709.6897
9158,1763759.6275,2060949.5207
9159,1762660.1682,2061760.4106
9160,1762658.3515,2061746.8666
9161,1763208.1882,2061651.5082
9162,1763206.7495,2061650.6345
9163,1762910.2697,2061818.8698
9164,1763344.0273,2061597.7481
9165,1764819.7105,2060534.4876
9166,1762692.8862,2061775.5958
9167,1763676.6765,2061156.0295
9168,1765766.1778,2060501.343
9169,1765671.8412,2060353.2257
9170,1766704.9686,2059843.7615
9171,1765671.7957,2060346.2713
9172,1766944.0176,2059755.2157
9173,1771253.6372,2061050.7481
9174,1770315.8421,2060654.6497
9175,1767791.1173,2062173.9927
9176,1767853.4959,2062274.8605
9177,1764910.0073,2064093.9794
9178,1763175.2779,2064907.6086
9179,1759455.0661,2064006.2503
9180,1759553.4609,2064177.9939
9181,1759124.8806,2060782.0405
9182,1758655.7188,2063969.6822
9183,1759060.4038,2059984.6163
9184,1758563.0484,2059508.3389
9185,1758428.1203,2059488.7285
9186,1758483.0834,2059485.234
9187,1758294.5232,2059532.4766
9188,1757463.2065,2062597.247
9189,1757078.8966,2065081.2192
9190,1754623.4627,2065702.2544
9191,1754352.9167,2066590.3899
9192,1754352.4985,2066714.4046
9193,1754545.1289,2067325.8717
9194,1750163.1232,2063713.8712
9195,1749787.9383,2064136.3267
9196,1751108.9844,2063532.7144
9197,1750504.5512,2063547.5124
9198,1752510.9309,2063759.0951
9199,1752444.9363,2063731.2113
9200,1753944.1494,2064192.1165
9201,1752601.7465,2063803.0186
9202,1752601.2844,2063800.0762
9203,1751783.1115,2062732.075
9204,1751701.554,2062808.446
9205,1754406.9256,2062500.7975
9206,1754309.9591,2062484.4074
9207,1754118.5137,2062452.1628
9208,1753502.8269,2062367.2263
9209,1754433.1245,2062481.8727
9210,1754664.6252,2062513.6683
9211,1754565.4313,2062507.2871
9212,1755512.5398,2061720.2738
9213,1756194.1703,2060608.5824
9214,1752990.8347,2062707.4855
9215,1753003.6943,2062592.104
9216,1752643.6618,2062771.8453
9217,1752346.1934,2062786.8674
9218,1753340.4769,2062585.8664
9219,1754494.5275,2061403.6233
9220,1754457.5444,2061476.8204
9221,1755473.7136,2059641.0248
9222,1754461.927,2061249.193
9223,1754568.3867,2062110.2051
9224,1754512.9026,2061841.2886
9225,1754569.3866,2062027.3301
9226,1754466.4782,2061251.777
9227,1754569.2771,2062108.7581
9228,1754481.6281,2061750.221
9229,1754458.8357,2061481.4481
9230,1755623.1807,2059479.9488
9231,1752013.8568,2062103.0456
9232,1752054.6682,2062590.3918
9233,1751969.1268,2062019.8723
9234,1752051.5269,2061945.9165
9235,1752003.8271,2061974.6775
9236,1752454.9536,2061386.9868
9237,1752476.5235,2061336.6257
9238,1752884.3284,2060723.4825
9239,1752985.9872,2060557.005
9240,1753033.5856,2060494.0592
9241,1751595.3374,2061943.8937
9242,1751639.1215,2061932.6572
9243,1751514.8547,2061518.6247
9244,1751517.0745,2061566.4157
9245,1751463.2135,2061796.1435
9246,1751448.1223,2061863.7213
9247,1751641.6431,2061412.9439
9248,1751524.9732,2061570.0952
9249,1751207.2078,2063231.4506
9250,1751354.0757,2063382.4996
9251,1751039.0704,2063464.5494
9252,1751185.0271,2062961.1159
9253,1750047.9109,2063582.1578
9254,1750139.9485,2063655.2662
9255,1749965.2495,2063547.9245
9256,1750271.3412,2063390.3236
9257,1749776.6611,2061527.2149
9258,1749390.3101,2062055.7986
9259,1750644.1274,2060819.6736
9260,1748618.2515,2061862.3273
9261,1748532.8073,2062626.2646
9262,1748539.1252,2062817.8743
9263,1750784.0553,2059534.4568
9264,1749824.4939,2059903.4909
9265,1748308.341,2062187.2569
9266,1750417.341,2058115.071
9267,1750391.6612,2058056.7769
9268,1752473.0111,2058579.4231
9269,1750882.9039,2058155.9911
9270,1756365.8701,2051485.2446
9271,1756361.1913,2051321.2696
9272,1758260.3549,2049054.49
9273,1758210.7915,2048848.9711
9274,1757847.561,2052105.1624
9275,1757919.0483,2052073.8275
9276,1757795.6901,2054071.1212
9277,1757850.8867,2054020.3697
9278,1761956.2078,2051427.4398
9279,1760601.4457,2051348.3437
9280,1760027.1913,2051574.8853
9281,1759902.5325,2051520.7627
9282,1762949.2146,2051254.9643
9283,1762515.4835,2051360.4727
9284,1762511.7157,2051360.2728
9285,1760599.8577,2051348.517
9286,1763100.4555,2051293.9795
9287,1763675.5973,2051051.8563
9288,1763255.9317,2051302.4051
9289,1763697.7189,2051056.7859
9290,1763936.9655,2051152.244
9291,1763143.0307,2051022.307
9292,1763192.6465,2050880.9754
9293,1763721.7444,2050949.1604
9294,1763828.5431,2050794.3199
9295,1760673.2321,2050691.67
9296,1760627.4806,2050318.8079
9297,1760639.646,2050518.6106
9298,1760642.4042,2050523.8735
9299,1760539.9144,2050225.684
9300,1761331.3214,2050031.8494
9301,1761216.9518,2049885.4402
9302,1761964.3097,2049865.7253
9303,1762328.7539,2050186.2163
9304,1762354.6396,2052462.3843
9305,1760680.2839,2052451.2105
9306,1760663.752,2052536.8717
9307,1760687.8539,2052456.8986
9308,1761259.5041,2054941.6923
9309,1760419.5933,2056115.3235
9310,1755809.7317,2056137.1523
9311,1755729.7562,2056114.0351
9312,1755597.6151,2056139.7142
9313,1756342.8162,2056568.8781
9314,1755932.1318,2056259.0783
9315,1755730.4162,2056107.332
9316,1758614.2314,2057522.7356
9317,1756376.9706,2056739.4322
9318,1757185.2462,2058365.1277
9319,1756663.5596,2057050.4189
9320,1757177.2988,2058481.598
9321,1754942.9992,2058043.1403
9322,1754279.1086,2049508.2558
9323,1755543.7092,2049690.8114
9324,1754437.2501,2049585.6222
9325,1743420.6821,2059363.8039
9326,1743177.6258,2059764.539
9327,1743186.6354,2059768.3099
9328,1744011.2228,2059176.2424
9329,1744131.2521,2059158.0581
9330,1746909.1759,2057431.313
9331,1743149.2156,2059133.2794
9332,1742936.4149,2058823.7598
9333,1740893.7449,2059458.0081
9334,1740715.7838,2059095.7743
9335,1740695.3166,2059083.3745
9336,1740184.6929,2058721.3254
9337,1740098.7446,2058655.1091
9338,1740056.6913,2057886.913
9339,1740039.6524,2058303.3313
9340,1740192.4264,2058557.5953
9341,1740192.6301,2058591.7704
9342,1740775.8534,2058998.7201
9343,1741664.7743,2058112.7694
9344,1739580.343,2058351.7458
9345,1738893.1212,2058113.8712
9346,1744540.1117,2053525.9752
9347,1742235.4082,2056647.1819
9348,1745157.8984,2052992.4996
9349,1745514.0905,2052721.7469
9350,1747311.0346,2052172.3939
9351,1746224.4372,2052481.7729
9352,1745974.995,2052560.7197
9353,1747386.9645,2052073.5831
9354,1747447.2718,2051987.0779
9355,1746394.795,2051697.3333
9356,1749610.6009,2051607.2835
9357,1748339.1061,2054447.6822
9358,1743160.1847,2056732.8713
9359,1750278.5951,2052728.7685
9360,1748330.9279,2053941.3359
9361,1750316.4894,2052582.1975
9362,1748335.1559,2053945.6339
9363,1743521.7595,2056250.6027
9364,1745737.607,2053380.2568
9365,1745829.4779,2053361.1154
9366,1743470.0621,2056391.5087
9367,1743279.3631,2056601.5673
9368,1738008.2702,2055565.5181
9369,1738948.8188,2055930.4611
9370,1738988.0105,2055930.0672
9371,1742463.5367,2051589.7197
9372,1740975.0609,2050085.0513
9373,1745669.0524,2048263.56
9374,1746905.8214,2047144.3108
9375,1746046.8606,2047976.5518
9376,1746032.5428,2047978.4528
9377,1746046.6365,2047976.9612
9378,1746040.8204,2047977.3484
9379,1747395.3352,2046151.8429
9380,1747391.9698,2046061.8127
9381,1748293.4957,2047001.1215
9382,1747667.7839,2048155.2938
9383,1750217.487,2047121.6011
9384,1749644.2745,2045414.2123
9385,1749838.7583,2047050.1378
9386,1755733.3397,2044947.8625
9387,1755524.1576,2044798.6676
9388,1755867.0119,2045053.9176
9389,1755862.5816,2045039.6132
9390,1755758.588,2044953.5082
9391,1758385.3122,2046183.9023
9392,1755052.4269,2043121.8351
9393,1755134.2062,2044280.6041
9394,1754101.5831,2047022.09
9395,1754181.1207,2046997.8654
9396,1756316.9617,2046828.3559
9397,1754265.0054,2046914.0621
9398,1756568.1851,2048164.2128
9399,1754253.8191,2047079.7508
9400,1754288.783,2048367.3117
9401,1754830.3302,2048795.7077
9402,1754372.219,2048409.5889
9403,1754303.1581,2048364.4578
9404,1754911.7491,2048858.5599
9405,1750561.4867,2050987.7671
9406,1748571.7893,2050574.8331
9407,1746709.5642,2050737.2719
9408,1739705.176,2050348.6892
9409,1739791.4236,2050401.8558
9410,1739911.6869,2050160.4841
9411,1738334.5098,2052552.5463
9412,1738308.0003,2052417.2762
9413,1739098.5298,2050422.3966
9414,1737524.4574,2052872.1368
9415,1737880.4568,2053058.3119
9416,1737941.119,2053101.8778
9417,1737408.8602,2053232.6971
9418,1737871.352,2053345.1812
9419,1737906.1199,2053332.8711
9420,1735299.9983,2053056.5212
9421,1735204.8755,2053300.7832
9422,1733335.1319,2053241.876
9423,1735433.1925,2052896.8155
9424,1735458.8337,2052920.8476
9425,1735386.6521,2053049.3759
9426,1735897.1292,2052242.8008
9427,1735973.6948,2052222.9332
9428,1736011.6321,2052249.6768
9429,1736283.301,2052619.4671
9430,1735893.9145,2052210.5907
9431,1735982.3597,2051891.321
9432,1736274.9888,2052060.8881
9433,1736976.9233,2051800.7577
9434,1768920.1386,2061861.3807
9435,1768603.3549,2061823.9251
9436,1768926.1223,2061852.2515
9437,1769272.2783,2061559.7697
9438,1769118.7267,2061588.1568
9439,1769991.6243,2061711.9279
9440,1769473.4249,2061526.3775
9441,1770034.1079,2061695.2297
9442,1770274.5403,2061636.5371
9443,1770154.6946,2062703.2109
9444,1768970.0076,2061880.5572
9445,1771061.6472,2062516.5327
9446,1805372.6017,2078930.0952
9447,1803756.2715,2080293.9369
9448,1808524.9465,2077963.7754
9449,1806350.8157,2079237.9725
9450,1792368.3446,2073282.3415
9451,1791725.3114,2073485.044
9452,1803504.3634,2076664.0462
9453,1799098.8982,2075090.7089
9454,1797457.7397,2073684.0249
9455,1755231.9178,2081258.6217
9456,1755436.1851,2080922.6192
9457,1757156.2538,2079591.7248
9458,1713453.6169,2071649.0584
9459,1713559.4658,2072880.8031
9460,1806000.5063,2079007.933
9461,1795202.5375,2074588.5584
9462,1793454.427,2073570.3448
9463,1796700.1554,2073834.2582
9464,1794380.4043,2073553.3567
9465,1792306.1193,2072436.7952
9466,1792422.5554,2073192.1516
9467,1801664.6801,2074962.1422
9468,1799585.5585,2074239.2448
9469,1801673.2116,2072678.0774
9470,1801069.8195,2073260.8354
9471,1799289.022,2072069.5094
9472,1799634.5854,2072658.9175
9473,1799598.7893,2074147.5513
9474,1806482.41,2078436.8253
9475,1792293.3061,2071623.6115
9476,1799659.2758,2073138.0819
9477,1802025.5942,2080576.7729
9478,1801646.874,2080290.2226
9479,1737598.7451,2053634.3359
9480,1737935.0742,2053816.1661
9481,1742438.3541,2057340.5465
9482,1739262.5297,2057945.5421
9483,1814006.8516,2086366.6161
9484,1807670.3372,2086351.9708
9485,1809845.4068,2084057.8311
9486,1795246.7732,2083426.8606
9487,1787113.6918,2081447.3213
9488,1789830.4081,2072927.7217
9489,1791795.9891,2073469.6584
9490,1803457.5288,2074283.1743
9491,1754373.7141,2067494.8703
9492,1746148.7756,2056742.9888
9493,1742970.8245,2057205.8233
9494,1743048.9813,2056839.6597
9495,1739663.1256,2050791.8703
9496,1806504.8366,2086150.4333
9497,1793565.7778,2083955.0366
9498,1763207.239,2057715.0951
9499,1736765.123,2057441.8693
9500,1742480.3329,2056892.87
9501,1772527.1564,2084763.8439
9502,1746293.3007,2056520.1208
9503,1747441.2978,2056157.5089
9504,1747597.2322,2056071.5753
9505,1763388.993,2087425.1186
9506,1724381.0434,2074013.7233
9507,1724186.354,2073997.5308
9508,1795085.4361,2081614.3453
9509,1796951.2547,2091511.3037
9510,1798286.8136,2090630.8994
9511,1795090.3202,2083083.308
9512,1809799.8197,2085426.507
9513,1789115.3308,2072282.633
9514,1793060.3562,2084470.706
9515,1792823.7279,2083619.5206
9516,1793124.5893,2083467.3908
9517,1801678.9942,2080194.9619
9518,1803229.7998,2081872.8364
9519,1803874.7492,2087917.7542
9520,1804520.8823,2085058.9734
9521,1802479.547,2085841.5807
9522,1798015.9375,2086056.9032
9523,1809346.4912,2093176.6424
9524,1776120.7735,2068923.8841
9525,1776270.9364,2068910.5103
9526,1779313.9438,2071961.8108
9527,1779227.3972,2072607.3955
9528,1779353.8171,2073030.3169
9529,1779238.6113,2072613.1138
9530,1779737.18092658,2064643.34808519
9531,1783254.454,2073246.6139
9532,1762216.9526,2058279.7177
9533,1748730.601,2062757.1746
9534,1740888.392,2057166.9245
9535,1739859.2063,2057578.1464
9536,1737003.1232,2057525.8731
9537,1738970.3312,2055961.4614
9538,1738983.0455,2056394.9525
9539,1738975.0257,2056464.9271
9540,1740146.2261,2055212.3167
9541,1739133.5391,2055829.3775
9542,1739888.9604,2056227.036
9543,1739003.1179,2056467.6516
9544,1738091.9174,2057173.3438
9545,1761947.9515,2057497.0725
9546,1761974.9504,2057792.1367
9547,1762269.4586,2058160.0605
9548,1762414.009,2058171.2977
9549,1762382.7113,2058311.4583
9550,1772089.652,2065493.8641
9551,1772113.6557,2066301.1798
9552,1772237.9919,2067178.5164
9553,1772404.6896,2067765.6878
9554,1772129.0445,2066472.9264
9555,1772170.1136,2067044.865
9556,1772606.9841,2068126.9337
9557,1772245.162,2064805.9927
9558,1772120.8547,2065161.7447
9559,1772097.5158,2065356.2895
9560,1772087.9077,2065398.8221
9561,1772415.332,2067770.0707
9562,1772172.0118,2067050.5078
9563,1772118.3538,2066305.5621
9564,1774159.7531,2067515.6903
9565,1774320.4299,2067375.8608
9566,1774289.0866,2067400.3309
9567,1774484.1244,2067234.0876
9568,1774376.3283,2067356.9482
9569,1774592.7161,2066057.1123
9570,1774617.6142,2067111.7814
9571,1780915.7495,2070562.3425
9572,1780905.9458,2070594.2982
9573,1780955.1287,2070376.6878
9574,1780946.6531,2070414.2144
9575,1780843.6493,2070995.6181
9576,1780886.9785,2070792.4604
9577,1780973.5652,2070215.2329
9578,1792231.4356,2073324.0033
9579,1795302.6685,2072796.3249
9580,1795606.9193,2072821.215
9581,1795549.0848,2072836.924
9582,1795907.9106,2072857.004
9583,1804215.7683,2078307.7594
9584,1807270.7716,2077180.8428
9585,1804369.3623,2078200.8442
9586,1805658.6637,2086567.7012
9587,1804889.0018,2087334.2812
9588,1805773.7978,2086349.5846
9589,1805825.3532,2086272.0384
9590,1801843.7476,2072203.1833
9591,1800719.0126,2082313.92
9592,1737989.2113,2053188.4339
9593,1737935.5067,2053007.4218
9594,1750686.1769,2057581.2529
9595,1737948.0943,2053356.1947
9596,1737327.8935,2053015.2459
9597,1737881.8342,2053297.5998
9598,1737896.2208,2053300.7744
9599,1732288.9575,2052316.7505
9600,1755492.5483,2044794.5531
9601,1755154.1221,2044680.8769
9602,1750557.968,2057773.8398
9603,1750642.8604,2057847.6075
9604,1750349.7842,2057502.5396
9605,1767117.1229,2077629.8762
9606,1785037.1257,2079687.8743
9607,1790679.1251,2074983.8714
9608,1795663.1251,2076831.866
9609,1794781.1254,2085441.8742
9610,1794949.1255,2085553.8759
9611,1800533.5191,2088662.6631
9612,1798561.1226,2087653.8709
9613,1799754.449,2088222.4118
9614,1798729.13,2087359.873
9615,1798498.1281,2087268.8683
9616,1802495.1253,2089431.8779
9617,1802509.1222,2089487.8756
9618,1802887.1214,2090005.8758
9619,1730423.1261,2070279.872
9620,1770197.12,2060605.8709
9621,1801319.1262,2080191.8724
9622,1801561.8446,2080219.8742
9623,1809659.9025,2084014.7608
9624,1801347.1209,2085931.879
9625,1800871.1206,2085203.8743
9626,1802397.1238,2085861.8742
9627,1779441.8304,2071513.0116
9628,1779431.6781,2071845.5883
9629,1782300.1267,2071182.875
9630,1784939.1245,2069635.8756
9631,1778317.1267,2069523.8743
9632,1778891.1218,2068515.8726
9633,1778639.1277,2068655.8721
9634,1778429.1216,2068977.876
9635,1757275.1272,2070069.8777
9636,1751199.1242,2063587.8806
9637,1751395.1229,2063475.8783
9638,1752067.1273,2062635.8725
9639,1752983.8566,2062558.9059
9640,1774215.1302,2084727.8682
9641,1811127.3147,2083342.5723
9642,1757504.6421,2050452.7537
9643,1768427.3615,2061832.1634
9644,1786256.57792048,2082621.88457774
9645,1730044.7673,2054625.9633
9646,1730254.3879,2053792.4637
9647,1727633.744,2059185.9865
9648,1726082.1978,2055758.1111
9649,1729757.8335,2053635.6552
9650,1726004.3763,2053703.1187
9651,1725703.4904,2054038.5201
9652,1723803.8649,2054779.8257
9653,1727802.0863,2054635.4468
9654,1724235.7649,2053624.6162
9655,1724056.5078,2053110.567
9656,1730885.5183,2053479.3237
9657,1735883.5957,2048410.9252
9658,1735923.2158,2048535.2011
9659,1736483.2167,2048298.918
9660,1736720.1727,2048183.098
9661,1737089.3573,2047887.1414
9662,1736738.909,2048121.5684
9663,1737682.1136,2047432.2211
9664,1738085.1824,2046247.3789
9665,1737748.4455,2047108.0638
9666,1738124.1475,2046059.0111
9667,1738137.7073,2045985.8365
9668,1740542.418,2044480.7804
9669,1741177.8181,2044019.47
9670,1741523.6961,2043959.175
9671,1742206.0944,2043623.7854
9672,1742454.528,2043502.5924
9673,1744126.2724,2042936.2316
9674,1744486.8704,2042645.4291
9675,1745273.7672,2042876.6928
9676,1745948.9005,2042726.1535
9677,1748376.1816,2042848.8953
9678,1749121.2032,2042732.1249
9679,1750811.8366,2041260.1512
9680,1751642.9446,2041211.9227
9681,1752675.1371,2041452.9927
9682,1754232.732,2042402.6848
9683,1736212.7696,2049092.782
9684,1735597.642,2048678.7498
9685,1737962.2824,2047178.8666
9686,1737728.6102,2047174.5988
9687,1735763.725,2047995.8126
9688,1735235.7542,2045104.2153
9689,1734357.5794,2046677.977
9690,1735989.5601,2044012.4988
9691,1737074.4904,2046119.0332
9692,1735396.3429,2047322.0428
9693,1737039.3243,2044630.0723
9694,1737259.0124,2047924.5452
9695,1737516.2759,2047038.4891
9696,1741670.8966,2042063.9424
9697,1742168.1665,2043105.9094
9698,1742213.4883,2043368.0348
9699,1742170.8292,2043108.5634
9700,1745511.5463,2041891.7347
9701,1748995.5181,2040495.7047
9702,1746777.7464,2040440.1548
9703,1753371.1847,2040357.5651
9704,1748598.9097,2044095.565
9705,1745952.4551,2044323.6811
9706,1745495.5379,2044911.0396
9707,1742538.0959,2043649.7025
9708,1742854.2022,2044192.1315
9709,1743540.7044,2045814.1818
9710,1742495.1206,2046124.6599
9711,1740593.0601,2046519.4019
9712,1736794.6819,2048231.0434
9713,1738847.0655,2048581.1715
9714,1735079.5244,2049730.502
9715,1735396.0325,2050575.0275
9716,1741416.256,2047147.3741
9717,1735023.7238,2050362.2888
9718,1731167.8683,2050878.3341
9719,1735302.1248,2047522.8745
9720,1747122.92,2071301.7843
9721,1747587.126,2067479.8763
9722,1748291.1826,2075305.2361
9723,1749211.127,2066779.8717
9724,1746264.1283,2079750.8783
9725,1746807.1771,2078997.7772
9726,1748117.8895,2075468.4557
9727,1745186.1246,2080100.8754
9728,1745073.5509,2082739.5325
9729,1745208.4953,2080147.638
9730,1743704.7263,2084120.5192
9731,1741868.1502,2088058.3262
9732,1741213.1549,2088287.7112
9733,1741244.9502,2088723.0522
9734,1741574.0708,2090033.9513
9735,1742059.4431,2090518.0549
9736,1741468.2282,2092033.2067
9737,1740150.9878,2094673.4672
9738,1741322.838,2092649.6379
9739,1740095.5576,2095002.5915
9740,1739932.7824,2095084.4493
9741,1739861.268,2095173.5708
9742,1738456.0305,2095758.1109
9743,1738169.6445,2096416.5741
9744,1737498.6478,2096522.811
9745,1737121.5,2098198.6764
9746,1734389.9736,2098271.2394
9747,1735333.8974,2103640.7187
9748,1735744.1212,2104376.9728
9749,1740517.1242,2082837.872
9750,1741518.1233,2082102.8721
9751,1739201.1195,2083915.8744
9752,1737899.1293,2085105.8685
9753,1738991.1242,2084097.8693
9754,1737325.1255,2085301.8713
9755,1737563.1227,2085329.8712
9756,1735057.1245,2084727.8701
9757,1734847.1277,2084825.8712
9758,1731809.123,2088255.8715
9759,1730829.1246,2088521.8745
9760,1728491.1191,2088465.8782
9761,1727511.1279,2088269.8814
9762,1726391.1239,2087303.8666
9763,1722051.121,2085301.8801
9764,1721589.1243,2087149.8802
9765,1721701.1207,2085399.8695
9766,1722908.1976,2088075.3302
9767,1721751.8967,2087155.9611
9768,1722815.5626,2089091.9742
9769,1722801.3549,2089472.1746
9770,1722126.4095,2090638.642
9771,1721295.2049,2090969.8581
9772,1721121.3595,2091863.5483
9773,1720530.0081,2092276.5508
9774,1720678.3176,2092855.3663
9775,1721002.2488,2095058.6889
9776,1720928.6187,2095228.8593
9777,1720628.6121,2096063.1813
9778,1720626.309,2096467.9386
9779,1720643.2926,2097528.7679
9780,1720618.1312,2096496.6941
9781,1720326.2026,2097902.497
9782,1720007.2685,2098506.8572
9783,1719688.9402,2099728.2979
9784,1719629.2695,2100022.2911
9785,1718999.5163,2101264.273
9786,1719957.9154,2102661.5636
9787,1721725.4812,2104773.6778
9788,1721837.3449,2105774.9535
9789,1721241.9548,2106895.8659
9790,1720682.7587,2107712.3454
9791,1721986.9466,2109856.0589
9792,1721970.9304,2110314.5538
9793,1723212.8782,2111150.2698
9794,1724740.4145,2112573.967
9795,1724817.566,2112680.2295
9796,1728025.9868,2115464.1659
9797,1728548.2593,2115973.0662
9798,1729345.9087,2117256.6967
9799,1731795.0232,2120584.3486
9800,1731963.7692,2120836.7859
9801,1733834.1539,2122797.3673
9802,1733957.1301,2125690.4147
9803,1733985.0718,2125854.2473
9804,1718149.524,2102383.3695
9805,1717762.5677,2103319.2356
9806,1718397.5879,2104099.9179
9807,1718122.3851,2105698.382
9808,1718057.4249,2105899.3221
9809,1718013.9647,2105897.6155
9810,1717926.3258,2106096.1673
9811,1717903.8134,2106256.5962
9812,1716727.5755,2107695.6145
9813,1716127.5577,2108287.8044
9814,1715976.1143,2108272.7641
9815,1715516.8812,2108869.7513
9816,1715097.5592,2109215.6384
9817,1714852.6796,2110185.4277
9818,1714928.6257,2111092.1221
9819,1715413.2572,2110894.5307
9820,1714896.4622,2111179.5251
9821,1711816.4009,2113321.7437
9822,1711799.4258,2113252.4442
9823,1711153.7143,2114659.4267
9824,1711236.2915,2114671.6611
9825,1709772.8082,2117405.1183
9826,1711042.3001,2116002.4752
9827,1709696.6715,2117648.2655
9828,1708964.9044,2119327.9633
9829,1708025.2396,2119511.6493
9830,1706781.1304,2119033.5451
9831,1703841.6179,2123026.3253
9832,1702758.4961,2120542.2462
9833,1719419.125,2087415.8709
9834,1719923.1201,2087611.8761
9835,1720945.1226,2087919.8712
9836,1721141.1214,2087849.8748
9837,1720217.1253,2087821.8749
9838,1719027.1286,2087289.8745
9839,1718949.0598,2087315.8879
9840,1717291.1281,2088115.871
9841,1716675.1255,2090663.8745
9842,1715597.1272,2089193.8678
9843,1714967.124,2091209.8755
9844,1709990.1266,2093848.876
9845,1710431.1232,2093519.88
9846,1708667.1258,2095843.8743
9847,1708989.1273,2095227.8713
9848,1707757.1219,2097440.0018
9849,1706868.1241,2097349.004
9850,1702458.1313,2097026.868
9852,1702408.635,2098073.7423
9853,1702531.3293,2097948.2928
9854,1702460.867,2097085.6966
9855,1702262.5066,2098354.14
9856,1702177.8575,2098553.4783
9857,1701067.0308,2099594.5244
9858,1699333.5514,2100914.4564
9859,1695652.8344,2102061.9521
9860,1695695.4643,2102611.7267
9861,1695694.4955,2102852.8849
9862,1694141.0577,2103464.1774
9863,1694476.8629,2104786.2252
9864,1693704.403,2105740.8221
9865,1692701.2946,2107529.3157
9866,1692972.7391,2107987.2635
9867,1693039.1265,2110226.5434
9868,1691994.452,2110856.8136
9869,1691829.6106,2111495.1367
9870,1692055.9599,2112562.3977
9871,1691936.7118,2113630.4236
9872,1692758.5374,2114662.1539
9873,1694676.0764,2116438.9456
9874,1697196.6389,2119412.1386
9875,1700645.1224,2096249.8719
9876,1698909.1274,2096403.8769
9877,1699350.1237,2096298.8723
9878,1697201.126,2096613.8667
9879,1696837.1228,2096683.874
9880,1694227.7521,2097382.5022
9881,1695399.639,2097679.6781
9882,1693302.1233,2097012.8685
9883,1693454.3923,2097071.9172
9884,1693722.1305,2097194.9953
9885,1692889.1259,2096781.8734
9886,1690019.1274,2097580.0034
9887,1692294.1188,2097110.8766
9888,1688059.1255,2097495.9951
9889,1688605.1281,2097187.9932
9890,1687163.1249,2097594.0023
9891,1685861.1239,2098055.9953
9892,1686421.1257,2097509.9954
9893,1684475.1223,2098406.0035
9894,1683453.1232,2098321.9973
9895,1680223.523,2098449.1502
9896,1682683.1269,2098545.9956
9897,1679246.1222,2099644.9991
9898,1680184.1271,2098468.9979
9899,1677391.1292,2101626.0032
9900,1675991.124,2103081.9965
9901,1675123.1239,2106889.9933
9902,1674248.1262,2111670.9987
9903,1674873.7957,2112285.3118
9904,1674263.919,2111718.8918
9905,1674267.237,2111709.8266
9906,1675861.6441,2113837.5787
9907,1675221.2335,2114515.2159
9908,1675986.2205,2113977.1034
9909,1677499.0254,2121177.071
9910,1677407.8599,2121060.1987
9911,1677657.0894,2121354.3007
9912,1677608.9911,2122788.4825
9913,1677966.2376,2124254.7567
9914,1677157.4801,2125955.287
9915,1677296.6361,2126698.2769
9916,1676365.7206,2129014.776
9917,1675827.9715,2129394.6117
9918,1674944.4555,2130483.9017
9919,1676225.5644,2133226.182
9920,1676593.5413,2134031.4452
9921,1676611.8091,2134929.2724
9922,1677212.544,2135574.8676
9923,1677441.99,2139637.4957
9924,1677319.4535,2139464.3516
9925,1677864.0198,2139903.8708
9926,1680524.8922,2141862.6027
9927,1683480.5346,2143289.5436
9928,1685612.5834,2143385.9084
9929,1686497.8652,2143093.043
9930,1686319.6697,2143217.3747
9931,1686504.1814,2143092.3407
9932,1687093.9026,2142835.2589
9933,1674087.1234,2111720.0019
9934,1671231.1244,2114645.9954
9935,1671203.1288,2114884.0023
9936,1671217.1241,2116703.9936
9937,1671168.1271,2115646.9954
9938,1670797.1235,2119069.9956
9939,1669763.5929,2119532.0021
9940,1669822.9783,2119532.0004
9941,1670107.5015,2119571.8427
9942,1670243.1683,2119557.3281
9943,1667984.1782,2120738.672
9944,1667752.1197,2121162.9954
9945,1665757.7461,2127524.973
9946,1666521.284,2127215.3661
9947,1664279.7584,2127342.3935
9948,1664247.8149,2127626.4301
9949,1663237.5047,2129887.8252
9950,1663038.187,2130123.236
9951,1664166.1156,2131069.9066
9952,1664137.6152,2131289.1559
9953,1664283.7283,2132493.8217
9954,1664126.6776,2132845.6185
9955,1664059.9153,2132978.1553
9956,1663681.0434,2134508.9212
9957,1664859.6895,2135366.451
9958,1664975.658,2137034.6633
9959,1664479.0865,2137148.324
9960,1664402.1198,2137239.7083
9961,1664443.2283,2137316.2376
9962,1664595.0714,2138420.7059
9963,1663913.8731,2138909.6461
9964,1664185.7467,2138521.6717
9965,1663738.671,2141683.3748
9966,1664135.1433,2141409.58
9967,1663574.0281,2141765.8958
9968,1663515.0616,2141884.2711
9969,1664561.6212,2145860.3931
9970,1665144.5109,2145894.0948
9971,1665456.7295,2147393.3039
9972,1665982.0501,2147383.1201
9973,1666698.4325,2147670.8933
9974,1666697.5174,2148058.6146
9975,1664895.2866,2150483.2827
9976,1664810.3167,2150758.5591
9977,1664114.3622,2152197.1627
9978,1661421.2215,2153179.8006
9979,1660840.0579,2154184.6899
9980,1660471.8238,2154311.195
9981,1660118.4101,2154799.3617
9982,1660089.6471,2155602.6124
9983,1659838.0294,2157359.1263
9984,1657604.2923,2158624.3849
9985,1656438.5633,2158667.7923
9986,1653791.4449,2157341.2792
9987,1661361.4068,2127139.7248
9988,1659685.6298,2127124.6841
9989,1659602.9795,2127162.161
9990,1659550.1447,2127289.7901
9991,1658586.7531,2128759.416
9992,1659026.0439,2128412.5201
9993,1656956.3484,2129573.9474
9994,1657053.286,2129274.9083
9995,1655187.2587,2131126.5951
9996,1655535.7955,2130273.1733
9997,1652855.7557,2131118.8934
9998,1652692.6658,2131147.1368
9999,1652474.0034,2131024.7349
10000,1652583.9635,2130749.418
10001,1651080.9085,2129605.0587
10002,1650289.0386,2130775.6101
10003,1649517.0375,2130069.3964
10004,1649389.5647,2130293.8171
10005,1645986.202,2132350.5549
10006,1645297.7854,2132233.1431
10007,1644463.2301,2131579.0782
10008,1643791.0497,2130998.5777
10009,1642780.4929,2130281.6079
10010,1675096.2569,2103811.8363
10011,1675948.1926,2103108.8372
10012,1674342.7823,2104260.6783
10013,1671826.2375,2104665.8194
10014,1671416.1333,2104672.2958
10015,1670627.8798,2105139.5162
10016,1668558.2356,2105428.8575
10017,1660809.3431,2109051.1262
10018,1661258.8581,2108680.13
10019,1660706.9042,2109254.7201
10020,1660265.3728,2110012.5655
10021,1660181.032,2110130.9246
10022,1660079.5789,2110269.2257
10023,1660151.6881,2114720.5574
10024,1659564.4916,2115303.348
10025,1658399.241,2115928.4546
10026,1657149.2494,2118849.6693
10027,1658326.0835,2117081.7867
10028,1656441.169,2119516.7996
10029,1654970.5964,2120294.5423
10030,1658605.5143,2107849.5646
10031,1658307.1461,2106987.032
10032,1656529.6144,2107343.2981
10033,1656494.6335,2107204.8496
10034,1656251.6683,2104711.1288
10035,1654176.885,2101823.1429
10036,1656448.5357,2103626.1878
10037,1656785.9458,2103868.1558
10038,1656461.4126,2103633.3106
10039,1653225.1311,2101479.5138
10040,1651444.7284,2101704.0581
10041,1651378.5406,2101700.4816
10042,1651175.3367,2101638.9739
10043,1649698.5601,2101731.9814
10044,1648931.5525,2100172.9192
10045,1647499.235,2100561.6589
10046,1643719.8696,2098630.7948
10047,1639368.8055,2098200.9718
10048,1640416.4788,2098726.9115
10049,1714884.0217,2087422.7365
10050,1717199.3615,2088057.9926
10051,1717207.5846,2088058.0043
10052,1713368.7687,2087042.9736
10053,1711757.8114,2087091.0258
10054,1709224.1932,2088027.036
10055,1709047.0272,2087503.0264
10056,1707840.5663,2087374.0798
10057,1707600.4483,2087707.5015
10058,1706377.9738,2087758.7136
10059,1705630.2807,2087724.4259
10060,1703384.3037,2088274.2157
10061,1701156.7536,2088526.1959
10062,1700999.8627,2088583.8405
10063,1698647.9932,2087903.4519
10064,1697877.868,2088871.7391
10065,1695464.8163,2089479.4293
10066,1694454.7242,2090667.7918
10067,1693509.411,2090763.5253
10068,1692674.2452,2090358.4998
10069,1691866.1154,2090942.5779
10070,1691310.6561,2091213.8744
10071,1681629.3699,2094898.9511
10072,1683454.6304,2098283.3076
10073,1683459.6763,2098286.4091
10074,1681519.9611,2094880.6686
10075,1681382.9015,2093553.2173
10076,1681413.5177,2094417.2528
10077,1681456.5192,2093219.4777
10078,1679788.4016,2091133.5113
10079,1676154.8609,2090033.7071
10080,1679767.7445,2091117.7596
10081,1674777.8222,2091525.7213
10082,1678925.9693,2099839.8076
10083,1679219.9268,2099682.7591
10084,1678530.6073,2099833.4329
10085,1677587.3383,2098253.9583
10086,1677491.4086,2096783.2831
10087,1676183.9645,2092090.4751
10088,1685542.4506,2100890.1661
10089,1685886.2975,2098116.4823
10090,1684816.5232,2101654.454
10091,1683904.8788,2101712.8
10092,1682646.7581,2103550.4158
10093,1682890.9673,2104858.8799
10094,1682375.5568,2105710.3464
10095,1682490.0397,2107059.0669
10096,1682292.9677,2106046.5494
10097,1682800.966,2109818.6694
10098,1682616.1552,2107167.4605
10099,1703209.2755,2086651.2558
10100,1699560.8023,2083332.1704
10101,1689311.5911,2115258.5742
10102,1691232.6804,2118270.093
10103,1706292.4297,2084895.7838
10104,1702503.1273,2083561.2993
10105,1705610.4541,2083553.3736
10106,1705684.0894,2083724.2157
10107,1705624.7483,2083558.7285
10108,1671672.6356,2103471.5526
10109,1670175.744,2101519.1498
10110,1669902.0559,2101377.2214
10111,1668490.1892,2100205.0567
10112,1668127.3266,2099913.1796
10113,1666176.7965,2096705.8337
10114,1666628.236,2097841.9823
10115,1663699.2637,2141674.8945
10116,1663449.5423,2141559.123
10117,1663538.0453,2141554.0238
10118,1661675.5944,2143037.3972
10119,1659415.0195,2142403.1283
10120,1657875.8582,2141573.5109
10121,1728556.7667,2083941.5117
10122,1728469.5413,2088372.6184
10123,1729656.1325,2082311.9081
10124,1712821.5233,2110221.9332
10125,1713890.3753,2110408.8632
10126,1708838.8904,2110044.9062
10127,1670657.9369,2130275.0217
10128,1670425.2015,2130434.6773
10129,1671592.0785,2132389.6159
10130,1688798.8834,2094378.9036
10131,1690010.2007,2097555.5066
10132,1690016.921,2097557.1631
10133,1687628.2902,2092873.8462
10134,1686903.6731,2091810.7918
10135,1688092.2069,2090487.8193
10136,1688199.1613,2090253.8523
10137,1686491.6482,2088982.0506
10138,1681598.0997,2087145.5871
10139,1709402.1751,2121676.6113
10140,1709807.9438,2122559.8268
10141,1710708.3882,2123288.8364
10142,1712920.1363,2127270.6363
10143,1722153.9936,2106642.8673
10144,1722295.7783,2107847.6197
10145,1724173.2825,2109356.451
10146,1726684.3784,2111629.6842
10147,1725419.9211,2110954.4661
10148,1725273.2541,2110882.7331
10149,1725420.1137,2110952.4206
10150,1726784.5281,2111725.27
10151,1666501.615,2138398.4364
10152,1671764.9313,2142047.1212
10153,1699350.989,2101366.917
10154,1699731.8299,2102470.5188
10155,1700405.8076,2107447.5156
10156,1698173.1238,2111153.6476
10157,1669110.5859,2141208.7847
10158,1670198.3124,2141998.4858
10159,1669313.7779,2141210.5586
10160,1669313.4436,2141209.4789
10161,1677209.2446,2110949.7181
10162,1675181.4416,2106913.6334
10163,1675178.5128,2106906.4073
10164,1677342.4562,2111049.1479
10165,1682448.4801,2112800.024
10166,1690708.1047,2110571.8694
10167,1686522.9462,2111476.2028
10168,1683092.6749,2111601.3609
10169,1715760.0381,2113882.3548
10170,1714983.2173,2114808.2386
10171,1714681.4352,2115159.0445
10172,1714646.6362,2115316.7592
10173,1712756.6926,2117020.7873
10174,1712318.2749,2117593.4552
10175,1712345.1405,2118442.0187
10176,1712393.7988,2121366.5287
10177,1738699.5994,2079726.7933
10178,1740449.9218,2082782.9108
10179,1735496.2971,2080244.1526
10180,1735014.9725,2080731.4301
10181,1734031.3145,2081157.8184
10182,1655133.2719,2107238.0676
10183,1653380.006,2106679.6934
10184,1653188.3354,2106866.9441
10185,1652864.0695,2106866.2136
10186,1651508.9693,2108082.4221
10187,1651116.9114,2109843.8045
10188,1651388.5524,2109110.1848
10189,1667620.333,2121695.1154
10190,1667720.1892,2121200.1661
10191,1667079.736,2122471.2303
10192,1666779.1466,2122504.4172
10193,1665683.8514,2121926.2183
10194,1663823.8979,2121141.2272
10195,1663570.4676,2120733.7488
10196,1662102.5845,2120673.8069
10197,1659618.1251,2119834.7866
10198,1653073.0997,2101237.5896
10199,1652978.2813,2101102.1558
10200,1652967.7874,2098799.2362
10201,1652325.2091,2097824.224
10202,1650155.7102,2093947.6791
10203,1650356.7241,2094793.7723
10204,1716620.0444,2101460.4592
10205,1712987.5898,2099772.0013
10206,1715329.9467,2093213.578
10207,1715020.9031,2091270.2707
10208,1715023.3967,2091264.325
10209,1715147.5449,2094016.1218
10210,1714098.9916,2094677.2865
10211,1715895.4327,2096868.3093
10212,1693124.6523,2097411.9718
10213,1693271.0974,2097042.2582
10214,1692958.9058,2097392.08
10215,1692475.1011,2097689.3131
10216,1691103.7901,2099586.7138
10217,1691113.3199,2099829.9948
10218,1691029.1346,2099922.0227
10219,1690727.1218,2101398.9157
10220,1690686.7122,2101838.603
10221,1690444.534,2102030.4096
10222,1687665.5445,2106365.1683
10223,1687415.9576,2106723.1671
10224,1687322.1419,2106883.924
10225,1687093.42,2107684.2714
10226,1687044.9888,2108017.3446
10227,1686498.6058,2110283.2447
10228,1666823.4792,2152410.3591
10229,1667419.4463,2152910.7364
10230,1670650.8585,2158234.1735
10231,1708499.639,2093415.9951
10232,1709934.0457,2093835.9563
10233,1706676.6263,2093194.7233
10234,1706382.692,2092650.5475
10235,1705568.1333,2092355.0595
10236,1702352.6581,2092326.2668
10237,1702265.2717,2092467.2712
10238,1699665.0372,2093199.486
10239,1699283.9307,2093150.5481
10240,1671429.1157,2119747.8828
10241,1670831.2991,2119113.2758
10242,1671385.8277,2119866.9389
10243,1672649.5794,2125997.7911
10244,1659173.1716,2153852.3405
10245,1657361.0477,2153009.5104
10246,1657002.2888,2153656.3245
10247,1657155.8534,2153272.4377
10248,1655444.0878,2155185.3839
10249,1656738.6634,2154655.9465
10250,1660742.2609,2131501.3487
10251,1660581.4972,2131967.6206
10252,1660412.752,2132374.5439
10253,1659000.0043,2134298.9019
10254,1659106.2978,2135387.6857
10255,1658495.0369,2136156.517
10256,1657867.9349,2137254.6682
10257,1656634.1862,2138844.9024
10258,1657486.2992,2137184.148
10259,1673950.7885,2134446.1733
10260,1671281.1816,2134758.0339
10261,1669295.6148,2133243.0265
10262,1730601.3958,2116732.8429
10263,1730392.4078,2115715.4914
10264,1733481.8579,2114406.7287
10265,1670195.5105,2105260.0343
10266,1667803.3485,2108646.2933
10267,1668980.7479,2105864.4002
10268,1669174.9475,2105737.9031
10269,1664393.7354,2112458.4096
10270,1664967.4073,2112278.8405
10271,1653062.995,2126976.4197
10272,1655620,2128651.0499
10273,1650787.7628,2125406.0965
10274,1650648.7049,2125284.8626
10275,1650106.4583,2124721.7082
10276,1668968.2931,2130871.0075
10277,1666189.9842,2129138.4898
10278,1648830.1098,2125760.5989
10279,1655539.238,2129977.871
10280,1679874.2687,2125399.017
10281,1680666.2173,2126161.7433
10282,1683612.5603,2126299.603
10283,1683838.6796,2126709.9781
10284,1688594.3658,2123568.722
10285,1688656.6031,2123582.1483
10286,1689491.0336,2122927.4498
10287,1691132.1524,2120695.8365
10288,1695926.3807,2120604.5162
10289,1734691.546,2091369.8314
10290,1732042.5643,2088997.7836
10291,1731780.9676,2088323.4311
10292,1736407.9894,2092076.4263
10293,1722228.1304,2091007.6471
10294,1722262.9167,2091107.2124
10295,1722380.4158,2091264.4072
10296,1722318.6843,2092012.1791
10297,1722441.997,2092259.932
10298,1722940.2082,2092585.1354
10299,1722996.1279,2092775.9933
10300,1723425.4052,2094033.7635
10301,1723937.6588,2095231.0682
10302,1724510.4614,2095837.8848
10303,1724621.0095,2096705.0187
10304,1725689.5731,2098046.0082
10305,1725364.8359,2099331.7033
10306,1725656.2929,2099834.4292
10307,1725653.5859,2100876.0747
10308,1725754.9223,2101176.7255
10309,1727097.0772,2104506.5933
10310,1727073.5482,2106858.8932
10311,1727408.5477,2107725.5853
10312,1728143.6968,2108520.359
10313,1729403.8501,2109811.5305
10314,1664431.3525,2100866.1854
10315,1664694.4036,2103641.9968
10316,1662432.2402,2100580.7465
10317,1662110.7909,2100918.6946
10318,1660195.7649,2099194.1001
10319,1660140.9288,2097984.9129
10320,1658485.8784,2096527.7064
10321,1659770.423,2097644.2044
10322,1657086.5744,2095321.2928
10323,1660544.0227,2124875.5866
10324,1657834.1547,2123569.5
10325,1708124.5294,2090568.8042
10326,1715513.8619,2089147.3112
10327,1678008.3952,2134102.3536
10328,1681576.2512,2134670.1495
10329,1682368.5965,2134376.4813
10330,1683235.2308,2132250.6347
10331,1717157.0532,2103679.2033
10332,1715705.1276,2103784.1321
10333,1714214.1687,2103102.8764
10334,1713769.5418,2102966.7325
10335,1713574.3077,2102939.9764
10336,1711951.9392,2102933.125
10337,1710763.2497,2103041.6521
10338,1709974.6038,2104213.263
10339,1708643.3641,2105639.2768
10340,1707461.2174,2107221.0443
10341,1707193.1605,2107007.8733
10342,1704439.3532,2107402.5477
10343,1703506.9769,2108854.9767
10344,1702972.8946,2109662.1693
10345,1702194.0565,2111415.6077
10346,1701164.7704,2112650.0922
10347,1699726.6631,2115359.1272
10348,1725557.3285,2084621.5962
10349,1726428.8057,2087218.8465
10350,1726429.8906,2087220.4161
10351,1725187.9458,2082846.6081
10352,1724349.1293,2079820.6195
10353,1717593.725,2109965.8974
10354,1718240.6157,2112248.1203
10355,1718302.239,2112833.9993
10356,1718780.7909,2114207.5126
10357,1718998.4804,2114693.9193
10358,1719006.3587,2114588.038
10359,1718921.0823,2114834.3573
10360,1718648.2883,2117895.3939
10361,1719215.1669,2118120.1894
10362,1718930.2737,2119154.6068
10363,1718824.0842,2120887.3114
10364,1719159.8603,2121271.1343
10365,1719857.7584,2122784.7931
10366,1719140.7077,2123240.8795
10367,1719285.7443,2124758.5679
10368,1717043.2471,2128329.8719
10369,1722945.1777,2083018.7452
10370,1722031.7307,2085266.9116
10371,1722040.1457,2085270.7473
10372,1722005.0614,2081621.9181
10373,1720980.7812,2081109.7241
10374,1720715.59,2080862.1665
10375,1720466.0717,2080707.3497
10376,1718307.8169,2080430.0463
10377,1716150.9565,2078155.2101
10378,1715822.3037,2078007.5584
10379,1715347.9607,2077901.6654
10380,1712844.2281,2077860.3494
10381,1678924.2515,2115626.2676
10382,1680315.6572,2116284.667
10383,1680646.6523,2116243.1158
10384,1684571.9787,2116560.095
10385,1685095.8479,2115956.9702
10386,1685179.2872,2115796.6107
10387,1706044.4996,2099191.0021
10388,1706820.6732,2097363.7734
10389,1703051.6898,2102991.6611
10390,1734261.9418,2084474.9538
10391,1734788.6243,2084788.0012
10392,1732598.7072,2083585.7172
10393,1733130.6044,2083886.7933
10394,1734012.757,2084283.4793
10395,1733260.0884,2083931.0972
10396,1733135.6124,2083887.8997
10397,1730629.2277,2081184.8198
10398,1730525.436,2081140.9122
10399,1728403.6021,2080612.5649
10400,1670772.0131,2115028.9068
10401,1671182.8527,2114640.1163
10402,1670741.1226,2115037.9952
10403,1670076.3461,2115615.9394
10404,1669966.6632,2115778.4903
10405,1668786.5018,2116982.5787
10406,1668042.9018,2117357.0042
10407,1666078.5404,2115766.3214
10408,1665942.2622,2115886.7536
10409,1665070.3533,2115615.244
10410,1664759.0641,2115407.6882
10411,1663455.4302,2112985.0556
10412,1662463.7978,2113605.1897
10413,1663572.2015,2114812.5399
10414,1663720.663,2114998.6459
10415,1663578.9962,2114811.1462
10416,1711560.6175,2113550.7406
10417,1711568.7605,2113667.1113
10418,1710908.3361,2113912.5524
10419,1710840.0908,2113935.7765
10420,1707116.5106,2115066.4718
10421,1710769.8932,2114056.9126
10422,1706655.4347,2114934.6033
10423,1703536.5077,2114389.2121
10424,1700746.4058,2118181.0841
10425,1700825.6233,2120551.5378
10426,1697964.7852,2120607.8349
10427,1644994.3406,2133468.0609
10428,1642440.1864,2132016.8722
10429,1641446.0781,2132609.7846
10430,1637396.5305,2135329.8747
10431,1636839.1012,2135189.5276
10432,1635143.3731,2133713.6706
10433,1634831.5947,2133420.5631
10434,1682810.6106,2122321.2185
10435,1682821.0053,2122121.1887
10436,1681700.2685,2123712.6189
10437,1649457.5143,2145978.1754
10438,1648675.1445,2144337.3281
10439,1650600.8855,2145372.1841
10440,1649131.3715,2144347.7533
10441,1648559.2476,2143888.3645
10442,1646304.1795,2141963.602
10443,1747369.8264,2067372.0842
10444,1746384.8902,2066884.0709
10445,1745958.9369,2078808.9942
10446,1746240.8565,2079718.7492
10447,1734676.3556,2080302.2889
10448,1733901.3613,2080425.4966
10449,1737038.6071,2079342.2465
10450,1737922.8434,2081881.895
10451,1738825.9182,2084055.4348
10452,1737275.1094,2083779.2046
10453,1737851.9757,2085069.5085
10454,1737861.9279,2085070.2369
10455,1737098.5978,2083737.6632
10456,1730578.4189,2082725.3566
10457,1732234.8977,2083434.6084
10458,1728419.0467,2083010.5509
10459,1728424.5636,2082856.8513
10460,1726494.582,2081060.5755
10461,1726076.6066,2084289.796
10462,1727785.7315,2082198.692
10463,1727118.5082,2081914.9992
10464,1720859.1553,2081216.8145
10465,1720711.3841,2081302.3515
10466,1715104.4667,2079423.0652
10467,1716180.2558,2078221.9339
10468,1716333.1787,2078407.4208
10469,1714045.0091,2075374.4151
10470,1716297.2533,2075919.8672
10471,1721856.3659,2080846.0509
10472,1717723.8165,2076647.64
10473,1723484.7453,2079062.7861
10474,1723888.2744,2081864.1054
10475,1720137.3124,2083730.4258
10476,1721651.5165,2085377.3193
10477,1719012.8269,2086619.8741
10478,1719020.5448,2087228.0684
10479,1715344.5301,2083613.3543
10480,1717560.5238,2085048.2633
10481,1714392.1994,2083287.9307
10482,1714281.6371,2083085.4226
10483,1712549.9601,2083262.0452
10484,1710616.5789,2083050.9617
10485,1709693.0557,2081456.5201
10486,1709193.5325,2081762.3172
10487,1707980.2446,2080125.7419
10488,1705871.0094,2079159.8958
10489,1703654.8336,2079561.4232
10490,1718524.2489,2084741.1215
10491,1718043.874,2085077.3851
10492,1718958.8491,2084759.5599
10493,1719107.5412,2084763.4782
10494,1718983.9942,2082888.979
10495,1717666.1525,2084764.2546
10496,1717641.4485,2085055.3782
10497,1717565.073,2082197.006
10498,1717142.6157,2082942.083
10499,1710234.1181,2083481.9555
10500,1710151.7592,2083813.0087
10501,1710176.7622,2083556.0525
10502,1710038.9256,2083940.6274
10503,1709868.6755,2084024.2513
10504,1709648.5532,2083910.7087
10505,1708187.3724,2083377.3229
10506,1708786.6147,2085336.7136
10507,1707885.1076,2084943.5655
10508,1708285.4517,2082322.872
10509,1706745.5407,2082210.5082
10510,1704518.3091,2081455.1001
10511,1706679.2737,2082017.6452
10512,1706687.2553,2082023.9676
10513,1703366.4219,2080542.9211
10514,1706530.6642,2083173.9112
10515,1706425.4712,2083266.463
10516,1704648.0679,2081297.065
10517,1704801.1233,2081233.3155
10518,1705939.8563,2080583.9761
10519,1705834.8976,2080616.1983
10520,1704331.3982,2080052.5456
10521,1709994.9253,2080614.355
10522,1709795.9108,2079657.8812
10523,1709366.4958,2078244.4779
10524,1707364.4224,2076774.5921
10525,1709894.895,2080647.6868
10526,1709830.1011,2080649.3108
10527,1709407.1896,2076731.4176
10528,1709489.7017,2076660.1688
10529,1711113.5548,2078766.645
10530,1711964.4209,2080943.5236
10531,1711754.7821,2079100.4501
10532,1713008.1486,2079570.1606
10533,1715454.7675,2082372.6019
10534,1714121.4675,2080825.4427
10535,1716707.9207,2081978.9258
10536,1713738.0004,2088697.6921
10537,1706388.4229,2089770.8586
10538,1706970.0671,2089147.1261
10539,1705216.1103,2089638.8247
10540,1697348.9623,2091584.9325
10541,1695603.6897,2092058.0017
10542,1694493.7938,2088735.8023
10543,1693696.8998,2087901.0927
10544,1693563.2611,2087743.8914
10545,1690103.2996,2087039.3983
10546,1689957.8826,2087044.8637
10547,1694002.2069,2086708.0638
10548,1698075.0837,2087539.8451
10549,1697107.3576,2087000.9715
10550,1697007.537,2086903.1327
10551,1697412.1674,2086477.0252
10552,1697236.6543,2086454.5375
10553,1699796.5808,2086167.4859
10554,1696949.781,2085133.698
10555,1694612.3548,2084599.8439
10556,1692813.4478,2084388.8461
10557,1692288.9385,2084336.3936
10558,1690373.3235,2082427.2648
10559,1696412.0706,2086221.7273
10560,1696363.8298,2086434.2603
10561,1694339.065,2086135.4072
10562,1693364.3639,2086272.0335
10563,1691507.9924,2084949.9448
10564,1691399.6643,2084926.654
10565,1698051.7312,2084155.2289
10566,1697917.7169,2084036.8158
10567,1702808.5931,2086786.9999
10568,1702509.5651,2086858.2855
10569,1705268.9915,2086436.1139
10570,1705659.0172,2084833.9064
10571,1704564.9938,2085325.0436
10572,1704524.1687,2085654.6453
10573,1704543.219,2085496.1143
10574,1704552.6847,2085807.7831
10575,1705466.9764,2084603.1657
10576,1705416.3399,2084492.4285
10577,1709490.795,2086731.1661
10578,1709557.9963,2086635.5946
10579,1711658.8903,2086242.9594
10580,1711816.1171,2086290.3258
10581,1711929.5642,2086301.9009
10582,1709751.2609,2085688.4803
10583,1711546.8049,2086213.3144
10584,1711869.7347,2084528.235
10585,1709304.9469,2091445.1191
10586,1710347.1863,2093477.2773
10587,1702946.4926,2093872.4763
10588,1703422.182,2092942.3458
10589,1701751.9028,2093523.0075
10590,1701934.4089,2093347.6164
10591,1702025.8458,2093081.5481
10592,1701938.0335,2093345.2394
10593,1701617.4157,2093572.4162
10594,1700647.035,2091269.843
10595,1707216.3523,2090987.6163
10596,1708268.958,2091657.6643
10597,1701379.9312,2094698.731
10598,1700667.8054,2096217.5074
10599,1700669.9932,2096220.7873
10600,1701406.9339,2094586.5566
10601,1697882.4216,2093834.3012
10602,1698880.2511,2096365.8743
10603,1697870.0674,2093737.158
10604,1696534.3462,2095799.5362
10605,1697171.1858,2096568.0143
10606,1697176.4863,2096568.2153
10607,1693836.2351,2094648.9587
10608,1693697.3514,2094564.0288
10609,1697011.452,2092306.3907
10610,1692612.7264,2095044.1039
10611,1692877.2835,2096753.089
10612,1692883.1744,2096755.6613
10613,1690334.8336,2092530.1535
10614,1693327.5181,2092580.8945
10615,1690922.9608,2095981.7213
10616,1692258.8235,2097089.5496
10617,1687128.1245,2093343.1708
10618,1687064.3298,2093484.1526
10619,1684608.1927,2090829.4402
10620,1682777.7183,2089830.0565
10621,1684367.523,2090630.8579
10622,1687565.6196,2087317.157
10623,1690160.3325,2091664.0639
10624,1689355.2128,2094031.7827
10625,1689610.6026,2093874.2944
10626,1687864.0605,2095531.3916
10627,1688559.8778,2097159.8695
10628,1687032.5506,2095840.3768
10629,1688024.4576,2097469.5672
10630,1686371.7455,2097476.1444
10631,1686388.1884,2097475.5214
10632,1687041.6807,2095102.8825
10633,1684304.6882,2095539.7394
10634,1684455.0448,2098375.1526
10635,1683345.0749,2093904.322
10636,1683265.7905,2092436.5499
10637,1679556.2151,2093422.6046
10638,1678652.0331,2092592.6187
10639,1678679.7944,2092727.0715
10640,1675948.3576,2088502.5242
10641,1679857.565,2090819.8144
10642,1681864.9059,2089570.7991
10643,1679200.3516,2090473.908
10644,1679291.9829,2090574.9022
10645,1679502.4826,2090662.1437
10646,1679309.6469,2090576.6089
10647,1679023.1665,2090375.48
10648,1682122.4246,2090433.8095
10649,1678988.6659,2093426.4074
10650,1681208.8968,2094554.1736
10651,1681555.9811,2094773.0381
10652,1679052.7022,2095189.1778
10653,1680078.8584,2096526.9017
10654,1680218.5909,2096619.8791
10655,1680194.2377,2098434.4104
10656,1679029.6731,2099429.4645
10657,1680155.9856,2098444.5354
10658,1675856.5376,2097150.1164
10659,1675862.6526,2094725.9274
10660,1674717.5095,2098098.1506
10661,1677347.3984,2101597.9569
10662,1674010.8986,2095586.2409
10663,1673409.8591,2095338.9332
10664,1673053.2065,2097008.5557
10665,1673573.4005,2093951.2975
10666,1673579.5528,2094544.5326
10667,1673739.743,2093794.6474
10668,1673725.6882,2093860.4411
10669,1674343.4331,2093153.5957
10670,1674456.5604,2091992.6939
10671,1673463.1691,2092311.0177
10672,1673050.4943,2093455.1632
10673,1673953.9487,2092791.8499
10674,1670241.3637,2106317.9155
10675,1669840.5031,2107333.4073
10676,1669561.7977,2108015.8414
10677,1670489.4957,2107599.5053
10678,1670474.3114,2109081.3583
10679,1670619.3383,2108402.348
10680,1669545.6799,2111088.649
10681,1668863.3461,2109851.2076
10682,1666167.918,2103711.0198
10683,1666733.8337,2104174.3776
10684,1665637.4849,2102631.5246
10685,1664880.2611,2103773.1545
10686,1666311.7304,2102402.5125
10687,1660184.9024,2100858.3811
10688,1659502.3872,2100980.7806
10689,1658418.6515,2098615.0412
10690,1657691.9484,2097708.6808
10691,1661033.2002,2098632.9122
10692,1661625.8726,2099285.4251
10693,1664355.4783,2099573.9337
10694,1664318.4567,2096169.9462
10695,1661142.4497,2096444.4328
10696,1662024.8706,2096665.8128
10697,1661783.43,2102691.3438
10698,1664441.3628,2104227.6608
10699,1660744.2522,2102504.8202
10700,1658676.324,2104120.1639
10701,1659629.8982,2104443.158
10702,1663372.692,2105271.7211
10703,1660049.0969,2106010.0257
10704,1662708.019,2107614.7051
10705,1659344.3118,2105642.9014
10706,1661547.4927,2111856.8978
10707,1660788.7376,2112605.0385
10708,1660751.5731,2113265.3124
10709,1660937.8932,2116147.7537
10710,1659380.712,2115720.2213
10711,1659289.3267,2117286.9017
10712,1658053.0449,2120026.6227
10713,1658325.1992,2119811.9004
10714,1660148.7949,2116383.7489
10715,1660747.9372,2116909.2017
10716,1657191.899,2121633.28
10717,1657147.5635,2121393.3052
10718,1657444.1228,2122810.7653
10719,1655242.6401,2121269.2763
10720,1657238.9608,2116420.9893
10721,1655459.5891,2118451.6912
10722,1655564.4389,2117169.16
10723,1656194.5933,2116630.4353
10724,1657227.8964,2116849.0612
10725,1657669.55,2111324.4477
10726,1657796.2515,2111673.6362
10727,1657833.9702,2112284.2991
10728,1656941.3387,2113286.9506
10729,1655386.3302,2114122.7397
10730,1654199.907,2115623.6616
10731,1654241.9219,2115134.7638
10732,1654507.3789,2116273.4813
10733,1658026.9764,2114492.1731
10734,1657797.8465,2113691.5317
10735,1655149.1211,2116173.723
10736,1654088.6073,2115953.752
10737,1654016.8061,2117812.6487
10738,1653991.2899,2117471.867
10739,1654075.3451,2116182.0925
10740,1653201.9036,2116023.076
10741,1653223.5173,2116001.8728
10742,1652506.6429,2119019.4873
10743,1652559.603,2118260.4527
10744,1654010.598,2113762.4684
10745,1653286.4904,2113461.9505
10746,1653853.5021,2113689.7969
10747,1653869.4694,2113693.1912
10748,1655370.8258,2111915.8662
10749,1652634.6406,2112602.9535
10750,1654048.3721,2112444.6777
10751,1651600.7485,2111348.3882
10752,1652131.6716,2110533.5939
10753,1655167.5499,2110096.1973
10754,1654727.9686,2109680.5557
10755,1657892.0609,2108250.9675
10756,1658556.721,2107873.2883
10757,1657134.9942,2108724.3303
10758,1656338.5071,2108146.4449
10759,1655671.8234,2108885.2878
10760,1656218.5143,2108529.7302
10761,1653883.5944,2109097.7166
10762,1654551.3352,2108256.9342
10763,1652706.3492,2108203.1099
10764,1652352.3504,2109021.436
10765,1649008.6816,2107801.7147
10766,1649574.9693,2108617.5308
10767,1650245.1667,2106152.7295
10768,1651201.7516,2106243.249
10769,1651335.0594,2104985.0082
10770,1650558.3652,2104799.068
10771,1656248.5944,2104652.8288
10772,1654285.1102,2104951.2234
10773,1655507.1389,2104749.5593
10774,1653616.7332,2102351.3966
10775,1654154.9842,2101865.6495
10776,1653197.8383,2103245.0809
10777,1653092.4892,2104323.2439
10778,1652064.5022,2102847.1526
10779,1651601.0614,2103841.4124
10780,1650829.1216,2102432.7807
10781,1651435.6718,2101746.6838
10782,1650551.1797,2103450.7042
10783,1649704.9476,2101775.2213
10784,1648897.4799,2103308.2932
10785,1649414.4186,2102560.2397
10786,1647034.9326,2100972.4552
10787,1647358.8692,2102030.1907
10788,1646190.1692,2103395.9209
10789,1646918.347,2102634.5055
10790,1647206.7441,2103886.4363
10791,1647424.9123,2102918.6907
10792,1645888.1404,2102405.6061
10793,1645871.4577,2102952.047
10794,1642785.7495,2100448.9256
10795,1642988.9455,2101038.8119
10796,1644321.6775,2102095.7856
10797,1643742.2675,2101471.5982
10798,1648975.7529,2096620.6004
10799,1649039.9931,2097972.2626
10800,1653900.4915,2094115.4059
10801,1652579.6282,2097377.7424
10802,1654764.1534,2093648.9318
10803,1652380.3834,2097576.5172
10804,1654064.8192,2098070.5041
10805,1654798.0691,2097696.9031
10806,1654414.393,2097866.981
10807,1656626.5858,2097621.3603
10808,1654775.4305,2097658.029
10809,1654621.2929,2097620.0564
10810,1657816.6351,2105234.7076
10811,1658374.0609,2106453.5955
10812,1658341.0041,2106742.6751
10813,1663021.2454,2112471.0464
10814,1662414.6127,2111689.8526
10815,1663157.2741,2109028.076
10816,1663442.9884,2111745.6761
10817,1664186.6408,2111080.743
10818,1665085.6779,2108798.0062
10819,1667366.9894,2102343.4371
10820,1668102.5116,2101983.304
10821,1667627.4046,2100776.6697
10822,1666894.6975,2101572.4014
10823,1667741.5208,2100093.3517
10824,1666417.9976,2100700.8282
10825,1667184.5943,2100279.1531
10826,1667084.2459,2100836.9723
10827,1667531.8279,2100329.253
10828,1668944.5204,2097578.7882
10829,1670441.0539,2095003.2512
10830,1670206.7821,2095755.4238
10831,1667178.8875,2095223.0204
10832,1665638.8339,2095637.8205
10833,1672837.4996,2103593.3695
10834,1673637.2918,2102737.5887
10835,1671734.6243,2112194.6587
10836,1674059.8472,2111685.4748
10837,1671465.3899,2112044.9836
10838,1671263.1561,2111907.0779
10839,1669879.9486,2111863.7808
10840,1670382.5456,2110084.1713
10841,1669691.7321,2114421.5302
10842,1670528.3766,2115023.6746
10843,1669509.1807,2114012.5745
10844,1669596.867,2114335.5806
10845,1669292.6852,2111771.2656
10846,1669506.4318,2112317.0888
10847,1669474.7899,2113630.9605
10848,1668158.0579,2113878.2512
10849,1669418.3204,2114024.8173
10850,1666841.4108,2113627.6757
10851,1668251.8008,2112939.1324
10852,1668992.9149,2113195.9528
10853,1667509.3421,2118221.1063
10854,1666978.2022,2118924.1594
10855,1665301.2504,2119942.9333
10856,1666550.7856,2118284.9539
10857,1666180.8339,2118099.0201
10858,1664907.6378,2117291.6873
10859,1663837.1116,2118255.298
10860,1662188.2323,2118195.1002
10861,1664734.4287,2118840.1651
10862,1664869.3435,2118475.111
10863,1661643.3325,2116803.1866
10864,1662719.1076,2116635.8948
10865,1664676.1153,2114221.4876
10866,1664004.7943,2113368.9167
10867,1666188.745,2114325.0188
10868,1666103.4719,2113816.9473
10869,1669009.8502,2115937.0358
10870,1669957.9761,2118070.6742
10871,1671197.907,2116738.181
10872,1664904.2282,2125358.0107
10873,1665257.5828,2122296.8951
10874,1663981.5452,2122267.2124
10875,1664866.558,2122525.7225
10876,1663652.6396,2123792.9714
10877,1663203.2334,2122112.5422
10878,1661711.8622,2122199.5668
10879,1660932.3103,2122062.9614
10880,1662978.3383,2120296.3363
10881,1661853.322,2119494.3135
10882,1665718.3569,2131346.5207
10883,1665986.1092,2131414.3057
10884,1666491.5902,2133245.3195
10885,1665436.2994,2132666.974
10886,1665448.4877,2132609.9443
10887,1669562.6251,2139777.8299
10888,1668075.4137,2143541.7969
10889,1668424.9224,2145223.7835
10890,1667445.2849,2150968.8989
10891,1667450.6947,2149877.0998
10892,1667316.753,2149816.8468
10893,1667448.6898,2149880.5414
10894,1660068.7205,2157795.7009
10895,1660515.2937,2158410.0932
10896,1660053.3267,2157867.7624
10897,1663483.8059,2160940.9957
10898,1665612.7231,2160497.399
10899,1656042.6786,2157292.5116
10900,1655617.4517,2156990.1498
10901,1659663.5689,2155789.8656
10902,1658080.5697,2155663.5702
10903,1659443.6115,2155916.0777
10904,1657591.8925,2156400.6856
10905,1655892.5546,2156349.1833
10906,1656405.4028,2156578.4883
10907,1658024.5922,2155769.5651
10908,1659226.0467,2155084.1474
10909,1658981.5549,2154500.5701
10910,1657018.0864,2152695.7767
10911,1657254.2606,2152808.7406
10912,1656712.8983,2152701.7435
10913,1656773.6433,2152706.777
10914,1655469.4266,2153585.1306
10915,1656423.3243,2152621.9568
10916,1653954.3894,2152022.0858
10917,1655138.8667,2152739.6861
10918,1656162.6879,2152624.2747
10919,1655657.7542,2154154.1904
10920,1660478.8245,2152445.1108
10921,1661107.1555,2152934.3216
10922,1658793.0215,2151553.142
10923,1658423.1824,2151451.0937
10924,1656499.3371,2149945.4247
10925,1651845.4453,2147917.8624
10926,1651187.0184,2147804.3228
10927,1650060.2237,2146244.9465
10928,1650733.6588,2147270.6452
10929,1655917.3301,2151802.1406
10930,1657406.7076,2151471.1917
10931,1652026.9165,2149538.4941
10932,1653879.8105,2150128.1963
10933,1654021.4975,2150176.5957
10934,1663373.8754,2149621.6285
10935,1663487.2104,2149768.8706
10936,1663359.8199,2149618.2643
10937,1662542.2747,2148842.1611
10938,1664286.0893,2149026.0102
10939,1663190.4632,2148009.2205
10940,1663442.7857,2141845.8576
10941,1663467.4462,2141884.5136
10942,1663519.9079,2143814.5139
10943,1663220.0775,2143042.5803
10944,1660754.4251,2144623.2273
10945,1660697.9306,2144962.2609
10946,1661325.954,2147189.6347
10947,1660824.4851,2147659.5153
10948,1660413.3703,2145441.4841
10949,1659128.2826,2144943.4911
10950,1660091.1403,2144471.9908
10951,1661058.5891,2141478.7958
10952,1660445.4357,2141249.1395
10953,1660597.4571,2139549.8269
10954,1662590.4037,2140486.1736
10955,1661206.9785,2137345.0542
10956,1662331.8072,2136850.226
10957,1663330.3884,2136234.2881
10958,1663003.9716,2132408.2997
10959,1662120.1537,2133187.4709
10960,1659563.0864,2127350.1821
10961,1661183.1769,2133950.0876
10962,1660571.5661,2136358.8137
10963,1660058.9935,2137900.4305
10964,1659552.6077,2138830.3523
10965,1659846.4226,2138161.8342
10966,1658998.5956,2138977.3768
10967,1657818.4968,2139793.0926
10968,1659489.0898,2140792.082
10969,1658302.3917,2139078.4677
10970,1658333.2367,2134516.2903
10971,1657833.1087,2134336.7902
10972,1657255.8965,2130103.8576
10973,1657901.9559,2132022.4331
10974,1658442.0929,2132171.1392
10975,1658283.6207,2131134.1306
10976,1656025.3612,2129640.9284
10977,1655667.8057,2130075.8959
10978,1654988.7356,2131637.2268
10979,1655088.7252,2135412.5246
10980,1655381.8897,2138277.8177
10981,1653381.6071,2136357.3403
10982,1653561.6742,2134805.4215
10983,1652518.1562,2135317.3835
10984,1648997.9209,2134855.4327
10985,1650255.9114,2137566.7318
10986,1645545.5628,2143756.6837
10987,1644320.6502,2143339.4095
10988,1643946.4361,2143136.8241
10989,1642658.2889,2142847.534
10990,1649399.5136,2135207.9387
10991,1649946.2734,2135737.9423
10992,1649988.8921,2135731.2735
10993,1650810.8902,2136238.5326
10994,1656929.6058,2140971.878
10995,1654357.2601,2138749.2643
10996,1653717.5619,2141374.5239
10997,1655839.1641,2142796.7828
10998,1656296.2632,2144331.9224
10999,1657371.5278,2145466.5259
11000,1657714.9789,2145952.0539
11001,1656721.407,2148085.6287
11002,1659074.9432,2147566.0227
11003,1659708.1235,2148344.7317
11004,1656973.7153,2145889.0635
11005,1655749.8307,2146656.2006
11006,1655693.1471,2146644.1638
11007,1653222.0536,2145800.1875
11008,1653112.6888,2145805.795
11009,1652497.5276,2145379.2255
11010,1652032.9097,2145202.0282
11011,1651761.26865234,2144761.35589042
11012,1656020.4401,2148039.0341
11013,1656329.0302,2146876.0249
11014,1655004.2216,2147414.7846
11015,1655042.3636,2145390.1802
11016,1655371.8548,2143360.3133
11017,1654674.7994,2144702.8576
11018,1651765.2114,2144752.2905
11019,1645447.291,2144110.41
11020,1646908.6762,2146301.4549
11021,1647296.0653,2146187.2472
11022,1648022.9851,2146645.4298
11023,1649040.0073,2147277.8444
11024,1646799.5304,2146985.528
11025,1647502.2741,2147703.1474
11026,1644384.0303,2144618.0704
11027,1644140.4211,2144443.228
11028,1643763.6109,2144082.9337
11029,1643918.0471,2145223.7419
11030,1643022.6641,2144758.5489
11031,1642414.6881,2144383.2126
11032,1644396.9688,2146522.5367
11033,1644183.6631,2134144.6507
11034,1643072.5848,2138272.9483
11035,1643095.0042,2138458.4662
11036,1642414.979,2139226.9772
11037,1641930.4164,2138910.8033
11038,1641388.8419,2138645.5215
11039,1639328.3224,2137792.3827
11040,1644964.1768,2135562.6439
11041,1641963.8347,2141331.5821
11042,1642264.7378,2139944.2567
11043,1641735.9314,2140527.2571
11044,1641550.7058,2141755.5398
11045,1639647.7379,2141231.2476
11046,1640806.8167,2139335.179
11047,1640897.3497,2139210.1577
11048,1639619.7774,2141573.5901
11049,1640093.2808,2142316.7993
11050,1641075.3415,2143072.1712
11051,1640261.1297,2131963.6166
11052,1639480.1198,2131993.74
11053,1637722.7524,2132261.7649
11054,1637934.5371,2130968.2855
11055,1639026.5021,2130817.4253
11056,1639916.3531,2131459.3993
11057,1640174.4124,2130460.9527
11058,1645104.4322,2130305.8597
11059,1646338.5949,2129478.1771
11060,1646221.5826,2128028.1538
11061,1649179.2085,2130047.4146
11062,1650934.0669,2129605.3136
11063,1650803.3984,2129517.3053
11064,1646312.6435,2126289.588
11065,1647938.6552,2127533.5518
11066,1657579.8064,2127400.8154
11067,1655839.7333,2126730.1877
11068,1657047.661,2127445.0644
11069,1654906.6015,2123920.0574
11070,1653304.7973,2125036.6702
11071,1653509.0491,2123358.7369
11072,1653423.124,2121810.4615
11073,1650072.696,2119458.9654
11074,1649949.1794,2120829.1723
11075,1657388.5454,2125159.5232
11076,1657949.032,2125794.6159
11077,1672007.6729,2128240.0721
11078,1669059.3428,2123726.0089
11079,1669060.8187,2123717.6878
11080,1669033.1227,2123690.0019
11081,1670568.1998,2122113.2064
11082,1670235.3987,2119572.5301
11083,1671885.4693,2119974.0244
11084,1673378.7304,2120294.0387
11085,1671960.035,2119989.9968
11086,1673127.2947,2118668.6478
11087,1671187.7234,2115671.5464
11088,1673004.2873,2116078.0933
11089,1671229.6127,2114901.8777
11090,1681049.4176,2112992.1029
11091,1682176.211,2113934.4278
11092,1683765.62,2114690.4122
11093,1685460.3215,2118659.742
11094,1674305.9393,2118890.7357
11095,1675281.509,2117577.33
11096,1674730.0315,2119063.2477
11097,1676292.953,2118277.2978
11098,1675932.2685,2119906.4754
11099,1676892.4923,2118760.1947
11100,1674963.1039,2120303.6408
11101,1674436.9784,2121663.3318
11102,1674737.9774,2120585.3551
11103,1675757.3252,2120803.8027
11104,1674667.7468,2120119.5131
11105,1674540.3173,2120029.1845
11106,1682411.906,2121540.6102
11107,1681165.2064,2121488.0479
11108,1680646.8698,2121777.7008
11109,1680606.7956,2121845.9045
11110,1683001.2984,2121552.4834
11111,1680118.5696,2123603.3093
11112,1680998.6312,2123800.3592
11113,1680255.1083,2123711.3102
11114,1680255.8336,2123701.2611
11115,1682873.9454,2124389.5961
11116,1685165.3607,2124121.8358
11117,1692256.6576,2118823.7861
11118,1692988.5788,2122055.262
11119,1683717.9703,2127415.4525
11120,1686764.3797,2128358.537
11121,1687412.8288,2129693.3074
11122,1687485.0747,2130067.5838
11123,1687518.1622,2131549.0086
11124,1688539.9012,2132799.9165
11125,1688833.5663,2134209.5463
11126,1688734.9333,2135313.3613
11127,1688462.9744,2127720.438
11128,1688979.7009,2128082.2453
11129,1689833.2055,2128779.7242
11130,1688917.6988,2128213.0049
11131,1688936.1766,2128518.6978
11132,1688349.9348,2128026.3347
11133,1688372.7526,2128241.177
11134,1688382.0867,2129796.1253
11135,1689595.1704,2130464.4159
11136,1690423.067,2131741.2724
11137,1690245.1953,2130060.4139
11138,1688779.3794,2129274.1157
11139,1686457.9215,2136309.7165
11140,1686553.5917,2135278.726
11141,1684346.618,2132342.7095
11142,1685550.9723,2131450.7003
11143,1684376.8128,2131638.7652
11144,1680581.2259,2127587.9574
11145,1680043.2788,2128064.7707
11146,1678473.8316,2130367.2367
11147,1680434.0695,2129650.9314
11148,1681868.1754,2131993.4991
11149,1684717.2889,2135329.568
11150,1682542.8561,2135711.5393
11151,1682873.8391,2135981.9145
11152,1682650.001,2135860.4051
11153,1682651.6137,2135842.4423
11154,1679767.276,2135413.7264
11155,1680337.5374,2137088.199
11156,1681477.2549,2138043.5932
11157,1684065.0499,2140390.1919
11158,1683117.2045,2136959.585
11159,1681370.5605,2140002.3935
11160,1685633.9329,2142459.4198
11161,1685184.7713,2141763.523
11162,1685114.7033,2141659.0757
11163,1681675.7136,2146602.7982
11164,1681478.0323,2144908.9438
11165,1677795.3096,2140463.1651
11166,1677837.9546,2141942.8861
11167,1678536.2672,2142638.2413
11168,1673286.3704,2137488.2545
11169,1671044.0382,2136340.1261
11170,1668226.1339,2135112.6865
11171,1672553.6143,2129547.6608
11172,1676667.6932,2125860.4703
11173,1675677.512,2125684.2508
11174,1674627.6936,2126588.383
11175,1683167.6021,2100193.4026
11176,1682685.9678,2098587.3837
11177,1686169.4982,2102383.2154
11178,1684556.2222,2104650.5623
11179,1685043.565,2103318.4582
11180,1685186.7997,2103047.7185
11181,1683883.6754,2103465.0125
11182,1683676.5369,2107615.7037
11183,1681351.2286,2107826.283
11184,1682073.197,2105894.4232
11185,1682606.652,2103581.1336
11186,1682641.04,2103816.6472
11187,1687146.1659,2100943.8625
11188,1687134.4529,2097619.1265
11189,1692757.5225,2099635.321
11190,1693978.537,2101405.8485
11191,1692941.0027,2101502.3562
11192,1692827.0119,2102607.9812
11193,1691935.6727,2103111.2785
11194,1690083.9964,2102569.1065
11195,1688914.0536,2107580.0665
11196,1690909.2199,2105381.6261
11197,1684813.4691,2108486.7826
11198,1687485.6167,2106530.9936
11199,1685517.9131,2106732.0444
11200,1690325.5851,2099815.3867
11201,1688312.9632,2099542.758
11202,1687202.4219,2103570.1674
11203,1689689.2546,2100294.8221
11204,1685674.1972,2105669.6372
11205,1687090.6956,2103514.7016
11206,1689981.894,2100323.6371
11207,1693783.364,2099213.3495
11208,1694223.4156,2097393.7217
11209,1694553.6238,2101108.7621
11210,1695386.4482,2097687.796
11211,1696745.7432,2097719.0009
11212,1696833.0348,2096714.7182
11213,1695902.3095,2100597.1547
11214,1698246.1673,2098995.7225
11215,1699478.8752,2098980.9224
11216,1699360.0155,2096328.7228
11217,1700988.5937,2099635.1719
11218,1701875.1638,2102819.3542
11219,1700834.813,2099927.0078
11220,1700987.5241,2099641.2603
11221,1698082.301,2107250.9368
11222,1697864.7314,2107374.0763
11223,1699763.1812,2102847.2808
11224,1697944.4381,2105990.4142
11225,1700168.365,2105058.1219
11226,1697342.4677,2103878.3784
11227,1696100.0774,2103156.4145
11228,1696307.9025,2103243.6665
11229,1696202.8917,2106056.9937
11230,1696601.9971,2106485.0264
11231,1696869.3341,2108642.1756
11232,1693329.1568,2110717.4066
11233,1694786.4656,2113020.9739
11234,1696038.3471,2114492.6831
11235,1696987.9693,2117233.8358
11236,1695512.2509,2111085.5195
11237,1697256.8284,2110969.7602
11238,1697655.0164,2113863.703
11239,1693946.6605,2117148.3852
11240,1694191.2958,2119161.3909
11241,1693907.6544,2117315.644
11242,1692934.4937,2118339.2536
11243,1690649.8147,2115514.3669
11244,1690163.8041,2116999.1054
11245,1688768.021,2112561.8157
11246,1683713.5199,2113279.1411
11247,1683607.7618,2112189.2943
11248,1690540.1618,2108021.3264
11249,1691736.4162,2107945.4217
11250,1689379.1543,2108172.9617
11251,1692301.4018,2107743.8973
11252,1691833.1088,2106057.3787
11253,1691865.9822,2104981.5586
11254,1706313.1049,2101508.5441
11255,1708745.3543,2099226.006
11256,1708390.7521,2098309.1827
11257,1708213.3712,2097939.9697
11258,1707784.1573,2097484.4019
11259,1710662.1834,2101232.8887
11260,1712188.4765,2101077.1915
11261,1711277.0042,2098465.4755
11262,1708691.9147,2095871.7337
11263,1711705.9355,2098010.53
11264,1709019.3573,2095279.2485
11265,1717140.5052,2093426.844
11266,1717211.076,2094568.7309
11267,1712928.1424,2096516.1311
11268,1717014.4455,2092661.9636
11269,1716600.4038,2090703.6635
11270,1719445.6072,2089674.339
11271,1719884.5911,2087636.6584
11272,1720568.0966,2090045.4039
11273,1720940.4717,2087958.8982
11274,1725955.4951,2090383.2477
11275,1725277.3473,2092160.7804
11276,1726433.9205,2093628.8395
11277,1725452.2066,2095987.8461
11278,1727057.2497,2096357.6184
11279,1726857.9148,2094021.6632
11280,1725811.3179,2096686.6628
11281,1725959.4859,2096821.7376
11282,1725756.7689,2098068.7094
11283,1725969.3232,2098133.9642
11284,1728031.2387,2098221.1763
11285,1727795.7113,2095932.3965
11286,1729134.0807,2097944.5682
11287,1732631.9663,2099542.868
11288,1729749.3781,2096405.2616
11289,1727815.1165,2101190.0377
11290,1728089.3941,2101150.7681
11291,1733207.3701,2102103.4176
11292,1730674.3742,2104376.5401
11293,1730834.6172,2105813.7573
11294,1727823.2938,2101328.3637
11295,1727879.2233,2101519.2143
11296,1730029.6874,2106762.5132
11297,1726938.2847,2110220.8455
11298,1726549.1271,2109751.7445
11299,1725375.4873,2108805.1286
11300,1724937.7004,2102896.2622
11301,1724922.8509,2105384.385
11302,1724821.3409,2107236.4297
11303,1723530.4839,2102458.1609
11304,1722944.986,2103149.8225
11305,1723775.3182,2101336.0254
11306,1723182.5206,2100737.9489
11307,1722831.609,2097686.0025
11308,1721809.7664,2100004.5475
11309,1723065.5479,2102509.5825
11310,1723847.6579,2106131.7296
11311,1725708.9537,2109889.375
11312,1723044.4109,2109493.369
11313,1722138.2822,2109918.3194
11314,1722288.2589,2109846.3755
11315,1729027.8844,2113540.3554
11316,1728658.7352,2113834.3583
11317,1730091.5979,2112131.5419
11318,1731132.2845,2112347.8516
11319,1732157.3408,2116086.1782
11320,1733940.8425,2115051.5379
11321,1732161.598,2118313.1562
11322,1732540.5378,2120501.9239
11323,1732685.8177,2120439.5392
11324,1733602.823,2120505.1926
11325,1736198.7303,2117155.5976
11326,1735682.5958,2115595.6078
11327,1735208.6526,2122051.1477
11328,1733246.1537,2124494.1155
11329,1726733.1495,2116859.1497
11330,1722370.1672,2113135.3973
11331,1721540.8997,2112241.0843
11332,1718401.8035,2108863.0641
11333,1719580.9984,2107188.4082
11334,1720115.2671,2106017.2788
11335,1719928.3415,2103193.229
11336,1719793.1039,2103782.958
11337,1719761.0729,2103928.1771
11338,1720745.8521,2104549.6917
11339,1719795.543,2106589.9274
11340,1720254.4599,2115243.9869
11341,1720411.5093,2114286.3292
11342,1720576.344,2114041.8146
11343,1719284.6025,2110905.9643
11344,1719150.4915,2110718.8554
11345,1721398.5259,2116359.9831
11346,1724702.9417,2116778.9836
11347,1721710.1912,2116502.2142
11348,1724830.2078,2116985.5352
11349,1720202.606,2115327.0435
11350,1720137.1987,2115740.5076
11351,1722517.3063,2118596.5202
11352,1724331.3187,2119049.0529
11353,1724021.8093,2117996.4079
11354,1722786.1296,2121868.7955
11355,1720940.2074,2125315.0991
11356,1715859.415,2128913.9197
11357,1718961.1505,2123329.8952
11358,1717789.9233,2124699.0035
11359,1714985.7886,2127085.9095
11360,1714951.1591,2124062.2493
11361,1716017.229,2121100.2446
11362,1713470.2161,2123058.2664
11363,1714382.3572,2122419.5306
11364,1715874.2637,2120052.8258
11365,1712258.2711,2108819.0385
11366,1707017.6954,2117710.3714
11367,1704988.9418,2115413.8539
11368,1703259.8921,2116535.3144
11369,1701725.9381,2121838.9186
11370,1699254.3729,2116746.385
11371,1708337.6195,2116964.1179
11372,1710680.553,2115094.7243
11373,1711496.7954,2126297.7201
11374,1710688.2314,2127460.6277
11375,1710899.7722,2127507.2997
11376,1708857.152,2122924.7403
11377,1705391.3669,2125202.7099
11378,1708695.0857,2123041.5913
11379,1707556.2888,2121783.6983
11380,1701626.4465,2122887.5838
11381,1705546.5371,2118452.5364
11382,1705161.2416,2116469.2713
11383,1702638.4301,2119980.9356
11384,1717355.9593,2115919.762
11385,1716667.4203,2116340.1291
11386,1716425.0212,2117053.1696
11387,1714283.4877,2120061.4822
11388,1713462.4015,2118533.6742
11389,1713633.0813,2120799.9899
11390,1711519.6961,2120593.5199
11391,1714795.6481,2109251.4079
11392,1714684.8388,2109169.1913
11393,1715503.5991,2106556.5978
11394,1716761.308,2105251.067
11395,1712989.8456,2107293.9413
11396,1709812.6535,2108402.0556
11397,1712843.2341,2104368.1493
11398,1709355.7332,2107339.7035
11399,1706949.8792,2109581.1263
11400,1706308.4134,2112917.6398
11401,1707529.4586,2109961.8153
11402,1708247.0948,2112230.0098
11403,1707476.9076,2112274.8295
11404,1705113.9027,2108530.6797
11405,1703819.3195,2112084.3968
11406,1704996.883,2111530.1614
11407,1703088.7222,2114018.8531
11408,1697816.077,2112828.3962
11409,1700516.8074,2110097.9095
11410,1701610.3421,2108864.2814
11411,1701797.8041,2108133.7715
11412,1707627.3657,2104599.4671
11413,1706454.5634,2104267.9997
11414,1705167.6769,2104803.7081
11415,1702637.5285,2106739.8726
11416,1706259.2329,2105555.6599
11417,1703018.1357,2104731.7338
11418,1702860.148,2104794.3882
11419,1704335.9704,2103746.2531
11420,1705482.9659,2102846.8862
11421,1712912.3382,2101386.9452
11422,1716262.7848,2100085.423
11423,1719621.3335,2099765.8832
11424,1716923.9597,2099110.3093
11425,1716850.4274,2099233.2336
11426,1716450.7801,2098320.6766
11427,1715412.9492,2099499.817
11428,1715363.7084,2097760.0719
11429,1712470.5159,2098748.9709
11430,1712734.3872,2097951.1074
11431,1712963.487,2097940.6429
11432,1712497.1528,2098922.689
11433,1713935.2448,2099041.6678
11434,1720591.8207,2096265.096
11435,1719188.9248,2095598.5058
11436,1720323.3933,2097681.347
11437,1716705.6192,2097001.2224
11438,1720416.6388,2092755.6301
11439,1720136.5359,2092961.6145
11440,1719990.7466,2093517.5618
11441,1717589.0754,2094339.7267
11442,1718258.6348,2093279.7642
11443,1718435.5437,2091974.5571
11444,1721250.6335,2090973.1466
11445,1719510.2382,2090772.9382
11446,1726770.4463,2090499.9876
11447,1727424.2318,2088341.6077
11448,1731363.0631,2091179.39
11449,1730842.5065,2088580.8742
11450,1730626.9131,2091547.4105
11451,1732206.7473,2093914.7737
11452,1733225.9161,2097878.0671
11453,1734565.4469,2093521.1622
11454,1734683.1383,2093712.5272
11455,1735474.5436,2096252.4964
11456,1728939.0918,2091681.9187
11457,1728999.6302,2091886.9308
11458,1729881.8424,2095675.7222
11459,1727934.9495,2093663.2286
11460,1728029.787,2091326.4692
11461,1727882.6193,2091233.63
11462,1735453.585,2092756.056
11463,1737102.6759,2089942.7653
11464,1735052.4086,2084796.2664
11465,1738483.4936,2091142.4438
11466,1736771.2604,2091305.8463
11467,1738348.2505,2088059.1651
11468,1737288.5303,2085344.3969
11469,1739301.6884,2086904.0489
11470,1737560.1943,2085375.4014
11471,1740709.4501,2085713.5112
11472,1739227.6094,2083999.58
11473,1743097.8453,2081292.002
11474,1741529.2291,2082158.0474
11475,1744882.5193,2084091.9382
11476,1744864.3647,2086218.5631
11477,1742159.4625,2088533.2423
11478,1743634.3594,2089600.9103
11479,1744901.0241,2089058.8838
11480,1745637.1887,2091632.3687
11481,1741541.2703,2092191.3889
11482,1742625.5316,2093148.1426
11483,1743701.5563,2093829.8288
11484,1746497.5301,2096608.407
11485,1748547.1996,2094165.8076
11486,1749162.766,2094297.9866
11487,1744602.8774,2096634.5411
11488,1744312.8233,2097263.3087
11489,1743254.5001,2097103.1317
11490,1742569.2369,2096797.72
11491,1743377.2558,2097616.5398
11492,1740104.1368,2095322.3831
11493,1739945.723,2095292.2533
11494,1739782.553,2097733.1142
11495,1739877.6223,2097862.0641
11496,1739566.6338,2098919.586
11497,1738399.8035,2099326.1908
11498,1738471.9698,2099499.9228
11499,1737890.4022,2102023.2666
11500,1736070.911,2100718.4433
11501,1736836.0658,2095281.9438
11502,1739962.07,2094907.0958
11503,1737234.9434,2092875.7104
11504,1738140.1754,2093238.0301
11505,1739045.7068,2091384.3658
11506,1666611.8307,2127163.5199
11507,1666685.4834,2127108.2792
11508,1667856.9903,2121334.0934
11509,1668384.8448,2153802.4345
11510,1667527.9874,2153148.9994
11511,1686805.51429863,2087528.11960606
11512,1686630.1578,2087498.8389
11513,1686768.6337,2087801.3162
11514,1686815.9684,2087557.1434
11515,1664051.0564,2140518.6111
11516,1664029.3631,2140403.8462
11517,1663843.6903,2140123.0459
11518,1663757.9334,2139947.9929
11519,1659228.1573,2127727.1033
11520,1659302.0008,2127682.5064
11521,1659459.1231,2127524.6046
11522,1669495.888,2113661.6526
11523,1669482.6303,2113723.7146
11524,1655336.6274,2143368.5557
11525,1655202.5717,2143405.5942
11526,1655206.1023,2143401.0702
11527,1654870.204,2143576.0442
11528,1663855.4071,2140068.224
11529,1715345.124,2110838.0021
11530,1714785.124,2110235.9994
11531,1714719.4286,2111187.5092
11532,1711761.1222,2113623.9963
11533,1710907.1268,2114939.9999
11534,1675753.1258,2117362
11535,1676201.1256,2117992.0015
11536,1677111.127,2118454.0052
11537,1656055.1235,2128603.9985
11538,1655579.1244,2130003.9942
11539,1662768.1276,2108213.0036
11540,1663139.1294,2107828.0001
11541,1661260.9009,2108680.0142
11542,1664847.1238,2103823.996
11543,1664735.1285,2104467.9989
11544,1667983.1297,2105783.9976
11545,1664371.1232,2105629.9959
11546,1666261.1231,2106777.9964
11547,1665911.1195,2107086.0009
11548,1681283.1271,2094611.8799
11549,1682305.1237,2105784.0042
11550,1657315.1227,2153020.0048
11551,1717627.1291,2085077.8731
11552,1718033.1248,2085161.8713
11553,1648797.141,2144116.0735
11554,1682657.1927,2121874.8476
11555,1726584.6209,2044680.2875
11556,1726853.4012,2044546.4304
11557,1728396.4409,2043670.5071
11558,1722260.1187,2033691.2894
11559,1722485.8224,2033583.581
11560,1724117.7029,2032445.275
11561,1722490.9833,2027984.8782
11562,1724063.5198,2029425.7911
11563,1724253.9028,2025666.5791
11564,1727334.7851,2027247.0335
11565,1726046.0376,2016583.7519
11566,1728662.0449,2016740.791
11567,1725887.1278,2014587.8803
11568,1728953.5187,2015415.6419
11569,1726740.415,2012710.9983
11570,1729511.326,2014266.9978
11571,1727940.1,2011559.3632
11572,1730075.7834,2013109.4667
11573,1729003.7785,2050345.5751
11574,1730475.5614,2049616.4865
11575,1726243.4956,2039144.5124
11576,1727240.4522,2038809.1388
11577,1729850.2812,2048361.6507
11578,1727868.3464,2041826.2631
11579,1726013.3861,2035117.1766
11580,1726938.8459,2027470.8905
11581,1729481.2107,2024938.3243
11582,1728749.4183,2021722.6801
11583,1728822.695,2018406.4764
11584,1730631.1866,2018235.8615
11585,1729131.3642,2015058.3016
11586,1730236.4189,2015278.24
11587,1730543.588,2012239.3582
11588,1733206.3908,2012083.23
11589,1735532.8251,2010601.1924
11590,1736467.1502,2009499.5137
11591,1737048.3468,2008886.8719
11592,1738149.1884,2007808.0502
11593,1738453.5433,2007482.6609
11594,1738648.0886,2007279.7914
11595,1738967.7906,2006934.328
11596,1739352.8236,2006546.662
11597,1739977.4005,2005977.7014
11598,1741196.7586,2004882.5538
11599,1741980.2383,2004145.8371
11600,1743417.9113,2002911.659
11601,1746209.7725,2000516.5982
11602,1747126.4759,1999668.1304
11603,1748357.1286,2004339.8757
11604,1748692.7062,1998293.0661
11605,1750645.9589,1996660.5775
11606,1751561.6795,1995733.9882
11607,1747610.9941,1999242.7546
11608,1733629.1244,2005977.8796
11609,1737945.5601,2001825.0134
11610,1723268.2077,2025822.0927
11611,1732301.1865,2008351.3775
11612,1740658.305,2000561.1127
11613,1728432.6271,2048976.4156
11614,1725005.832,2036346.0139
11615,1727721.121,2009603.871
11616,1727959.1218,2009533.8788
11617,1723532.7161,2002136.8177
11618,1723938.854,2002401.1589
11619,1722723.7365,2001663.9799
11620,1722066.0955,1999964.0137
11621,1721090.046,1995952.7704
11622,1719623.1493,2008058.0713
11623,1719761.0203,2008560.6183
11624,1719770.2289,2008561.4022
11625,1719839.1182,2008623.8775
11626,1719081.626,2005280.8808
11627,1718564.9112,2004294.1491
11628,1717819.8489,2003693.4423
11629,1716564.513,2001556.1103
11630,1720305.3612,2047231.0765
11631,1721174.863,2046993.58
11632,1719972.7085,2049737.5984
11633,1720728.1258,2048194.8726
11634,1717137.1271,2054389.871
11635,1717192.1022,2053888.7759
11636,1717902.243,2054730.3476
11637,1714227.4232,2059362.5674
11638,1714904.1246,2058974.8749
11639,1711196.2111,2063660.5878
11640,1710801.7828,2062241.5187
11641,1711491.1009,2064223.4297
11642,1711319.0307,2063889.3995
11643,1710902.8626,2064924.5788
11644,1710784.2827,2065066.7044
11645,1710779.3766,2065112.8659
11646,1710196.9937,2065432.1515
11647,1710391.851,2065306.6419
11648,1709989.5946,2065591.669
11649,1708914.2383,2066304.8102
11650,1708728.2214,2066650.0512
11651,1708352.4247,2066801.7422
11652,1707772.9055,2066764.7269
11653,1706623.539,2067687.3775
11654,1704177.1137,2069632.0629
11655,1704402.4118,2070196.4058
11656,1703998.8129,2070452.2454
11657,1703800.0623,2071957.1492
11658,1703266.9705,2073423.3425
11659,1703246.7437,2073930.6086
11660,1702132.4496,2074763.7219
11661,1702045.8532,2074865.5616
11662,1701839.2322,2074938.6189
11663,1700736.1239,2074666.7947
11664,1699801.6022,2075336.9786
11665,1698409.9097,2077210.8809
11666,1697227.343,2076948.8527
11667,1693487.1608,2079527.7323
11668,1691986.4651,2079115.9508
11669,1688788.3887,2078236.94
11670,1687041.1279,2078073.62
11671,1709190.488,2062410.1726
11672,1708498.0206,2062915.4131
11673,1708097.2175,2062673.2555
11674,1708140.9137,2062590.923
11675,1706869.8863,2061091.0964
11676,1705370.0413,2061777.3309
11677,1704718.5925,2062307.2175
11678,1703558.165,2062062.2597
11679,1703744.5006,2061029.5115
11680,1702023.3304,2061844.3184
11681,1701697.2021,2061648.3281
11682,1700917.0962,2061467.5332
11683,1700187.8181,2061457.6449
11684,1699847.6018,2061662.5115
11685,1699266.9628,2063428.6655
11686,1697432.7607,2063742.4747
11687,1697152.4185,2063776.6141
11688,1694508.529,2067739.2619
11689,1694539.248,2067548.3703
11690,1695133.274,2064758.7362
11691,1694583.0021,2067533.1737
11692,1694260.3405,2066502.0525
11693,1692065.6779,2069519.257
11694,1692495.672,2069016.3934
11695,1692611.0125,2068839.2576
11696,1692612.5279,2068841.4636
11697,1692304.1229,2070063.5483
11698,1692882.8055,2072673.8585
11699,1692417.1438,2074726.9336
11700,1692878.6153,2072699.3678
11701,1691392.9981,2074842.4078
11702,1689395.2169,2074622.6643
11703,1689215.9642,2074641.8179
11704,1688821.5886,2074918.9047
11705,1683218.495,2075439.4475
11706,1683218.6422,2077319.7233
11707,1698598.7747,2059337.8366
11708,1693540.5734,2059063.3166
11709,1692934.3312,2060601.0076
11710,1691840.6408,2060656.935
11711,1690057.5184,2061679.2084
11712,1685768.746,2064604.154
11713,1722513.126,2041271.8748
11714,1723003.1259,2041551.8768
11715,1725061.1243,2043399.8709
11716,1722177.1273,2041103.879
11717,1721043.1197,2040823.8754
11718,1720672.1252,2040550.8714
11719,1718530.1206,2038044.8727
11720,1716772.6268,2037924.2387
11721,1716779.4167,2037927.4056
11722,1716222.9989,2038696.9142
11723,1717361.1235,2038051.8748
11724,1718505.5607,2038069.4422
11725,1716419.1803,2039345.9644
11726,1716419.609,2042881.5213
11727,1715556.9635,2045756.3847
11728,1714178.1983,2048324.7491
11729,1713870.2752,2048614.6106
11730,1711672.4719,2049335.3399
11731,1709798.2468,2049942.7545
11732,1709729.0475,2051360.6541
11733,1707721.2753,2053148.8133
11734,1707522.1941,2055257.4774
11735,1706288.6958,2056957.0634
11736,1715694.3642,2038521.4205
11737,1712610.6892,2036933.653
11738,1711490.4154,2035996.658
11739,1711505.8457,2035511.8189
11740,1710436.7804,2035806.4689
11741,1708183.1601,2034926.9841
11742,1707728.7836,2034871.3801
11743,1706708.3467,2037521.7391
11744,1705803.702,2038423.7418
11745,1706182.8358,2039079.6901
11746,1705957.3613,2039805.0323
11747,1704833.7514,2040515.6722
11748,1705006.9312,2041027.6784
11749,1705022.6003,2043006.4597
11750,1703842.8949,2045667.0165
11751,1702607.2972,2046670.9319
11752,1702155.6442,2048603.9911
11753,1702099.5578,2048673.2479
11754,1701706.1725,2050802.3836
11755,1701394.1908,2051391.0518
11756,1700785.8498,2054016.8792
11757,1701614.0646,2055734.5067
11758,1703937.1141,2041419.7113
11759,1702510.2205,2042427.1434
11760,1700900.8214,2044630.7151
11761,1699376.3947,2045205.2965
11762,1697657.3014,2046661.2598
11763,1696219.942,2049465.5983
11764,1694686.6641,2051470.2612
11765,1718470.2591,2037985.0051
11766,1718173.125,2037099.8711
11767,1718411.868,2037876.1273
11768,1718425.1291,2037897.8775
11769,1718021.1263,2036497.9602
11770,1716844.774,2033937.1982
11771,1715630.531,2032355.0814
11772,1715500.6828,2032276.9181
11773,1715277.7801,2030910.7081
11774,1715129.1003,2031723.525
11775,1713800.7069,2029423.5541
11776,1707309.7654,2031226.9485
11777,1705773.3083,2034049.7226
11778,1704735.7933,2035390.081
11779,1701238.9939,2039425.4444
11780,1718657.5017,2008304.4849
11781,1719545.4372,2008639.6634
11782,1719564.8375,2008653.6922
11783,1719819.0189,2008648.0079
11784,1714517.7722,2005772.4236
11785,1717237.5472,2007987.2821
11786,1721283.2008,2012761.5148
11787,1722682.3257,2012677.7471
11788,1720669.328,2012409.9259
11789,1719683.8427,2013114.043
11790,1719441.0784,2013720.0476
11791,1718066.0112,2013835.2487
11792,1716341.8931,2014939.108
11793,1716142.5074,2015323.4566
11794,1726431.8586,2010827.2681
11795,1726570.9925,2010933.7004
11796,1726643.1193,2010947.8761
11797,1726366.805,2010747.4739
11798,1725566.9375,2009854.0186
11799,1725714.2966,2010064.6124
11800,1725454.513,2009459.4069
11801,1722556.1552,2007271.5081
11802,1722393.952,2041442.4249
11803,1722434.9207,2041372.6023
11804,1722151.6233,2041691.5019
11805,1722179.4712,2041610.953
11806,1722356.8255,2041541.9606
11807,1722302.704,2041530.1806
11808,1722300.9336,2041527.7753
11809,1722142.1277,2041726.8667
11810,1721216.8493,2042304.2309
11811,1722083.3021,2041744.8692
11812,1721186.3059,2042468.189
11813,1721053.8073,2042615.18
11814,1720056.4293,2042450.4747
11815,1718782.8241,2042572.0656
11816,1717471.1911,2043294.2931
11817,1718191.904,2045429.9745
11818,1717887.8323,2045773.1757
11819,1717754.7908,2046668.0557
11820,1717693.5728,2045990.7196
11821,1717801.3272,2046856.6596
11822,1717782.1582,2046755.3642
11823,1717782.9679,2046743.8348
11824,1717843.4543,2046947.193
11825,1710040.4037,2038205.7486
11826,1708776.4772,2040305.7087
11827,1707634.0353,2041138.1329
11828,1708577.7978,2040354.2865
11829,1713801.7654,2029300.4055
11830,1711655.0069,2028202.7819
11831,1709907.5277,2026090.2726
11832,1710696.2372,2027033.2025
11833,1709507.3187,2026143.29
11834,1709317.9533,2026149.8047
11835,1709057.585,2026450.6143
11836,1707459.4057,2029189.4169
11837,1712513.1988,2037156.5134
11838,1709513.1243,2041489.8369
11839,1709288.8919,2041963.2889
11840,1709456.4366,2043858.1136
11841,1722186.7562,2021805.7155
11842,1722191.1253,2022245.8707
11843,1717460.4301,2016878.3651
11844,1713714.0098,2051047.6219
11845,1713695.6673,2051676.1179
11846,1713466.993,2051956.9912
11847,1712671.1716,2052972.5476
11848,1712979.5591,2054609.129
11849,1712815.3026,2054665.222
11850,1703788.3336,2070448.3796
11851,1703238.9794,2070047.9269
11852,1702792.1785,2069756.3988
11853,1702655.4473,2069626.8962
11854,1702327.8978,2069474.2008
11855,1701793.4768,2069407.6252
11856,1700022.3482,2070484.7507
11857,1699182.8797,2071059.6255
11858,1699061.3292,2071085.9521
11859,1699058.4824,2071051.2442
11860,1696608.6781,2071773.0013
11861,1694588.9929,2073992.7669
11862,1708051.5637,2062658.0526
11863,1705044.5768,2064359.5947
11864,1702045.4733,2065243.9529
11865,1701666.5599,2066675.5967
11866,1698691.8451,2058665.4377
11867,1697522.764,2058736.6927
11868,1697308.4934,2058559.4917
11869,1696931.3606,2057319.1433
11870,1694939.1748,2056439.6923
11871,1693000.7281,2055789.4431
11872,1692581.844,2054647.6343
11873,1691283.6021,2054289.747
11874,1691149.1565,2054208.3672
11875,1690425.7474,2055775.9633
11876,1704035.611,2037125.5728
11877,1704162.1793,2037039.987
11878,1702475.1171,2039053.8094
11879,1696303.8263,2076655.9522
11880,1692817.8942,2077548.218
11881,1710649.2405,2059345.1318
11882,1713613.2526,2059851.6009
11883,1713651.1228,2059863.8768
11884,1710024.9603,2059371.8613
11885,1708326.8167,2058886.4734
11886,1705258.3601,2058126.1463
11887,1711088.2298,2067114.2256
11888,1711935.0991,2067876.0138
11889,1712754.0604,2069227.4159
11890,1712785.1101,2069334.1655
11891,1712539.1733,2069776.2982
11892,1712759.6145,2069414.9308
11893,1712104.7623,2071001.6714
11894,1712494.383,2069887.2621
11895,1708250.7809,2068356.7743
11896,1708172.7346,2071794.3645
11897,1707787.0854,2070415.6785
11898,1707825.0953,2070335.9854
11899,1707822.8881,2070250.1055
11900,1708890.9111,2072958.4365
11901,1709512.6328,2073665.873
11902,1709875.7377,2073821.0507
11903,1710627.612,2074569.945
11904,1710023.4493,2073994.914
11905,1710020.8408,2073980.1195
11906,1710701.4633,2074656.8739
11907,1711297.5256,2074925.7532
11908,1710832.1879,2074766.6959
11909,1710830.8786,2074756.5718
11910,1711650.0402,2075188.8251
11911,1713934.8553,2074447.7593
11912,1707937.6676,2048902.3234
11913,1706724.2852,2051018.3927
11914,1705180.962,2053915.4708
11915,1704800.2139,2054740.563
11916,1704184.1185,2056385.6846
11917,1702959.5689,2056244.0152
11918,1702803.8649,2056273.4971
11919,1701281.0216,2042023.9133
11920,1700469.8502,2041844.2873
11921,1700384.1907,2041715.7032
11922,1697630.5053,2042582.0972
11923,1697436.6873,2043112.2373
11924,1696527.6124,2043819.072
11925,1697464.5626,2043293.9641
11926,1696263.5281,2044795.7314
11927,1695519.0973,2046629.0771
11928,1725704.5825,2017529.1705
11929,1725574.9887,2017367.0752
11930,1721542.671,2007465.523
11931,1721071.3992,2008848.6736
11932,1720973.1273,2008875.8775
11933,1728473.4868,2009129.7733
11934,1727939.0845,2009501.6786
11935,1727967.4479,2007549.5386
11936,1727287.3598,2008708.7428
11937,1728959.5575,2008009.7054
11938,1726900.2691,2009102.216
11939,1726911.8228,2009100.5829
11940,1726944.1222,2009148.8737
11941,1721538.0728,2001678.7486
11942,1720971.2665,2001371.5193
11943,1717608.2313,2000040.4066
11944,1720651.248,2003278.5465
11945,1718428.987,1998554.8249
11946,1719659.7965,1997812.2513
11947,1722818.0118,1998652.4398
11948,1721176.1293,2004156.7929
11949,1724221.4003,2003363.1247
11950,1724276.4692,2003288.2585
11951,1724305.1216,2003317.8745
11952,1724271.6002,2003286.1211
11953,1722427.8076,2005636.9852
11954,1725865.567,2005052.1308
11955,1725936.1222,2005004.8721
11956,1723214.0251,2010543.881
11957,1722039.3819,2011004.6845
11958,1722016.1258,2011024.8738
11959,1716199.2141,2005054.5918
11960,1717764.8647,2007695.2624
11961,1721046.413,2014203.5776
11962,1720169.3628,2014752.7992
11963,1715074.3626,2013199.2499
11964,1718068.7873,2010971.9427
11965,1714931.5659,2010519.4768
11966,1715188.5184,2011882.7368
11967,1723640.9323,2012582.018
11968,1723661.1247,2012585.8793
11969,1726652.6667,2012605.2562
11970,1726444.1706,2012651.7305
11971,1726312.975,2012544.4096
11972,1726222.86629444,2012403.91619093
11973,1726233.85351459,2012397.6489926
11974,1726484.1114,2012775.9335
11975,1726676.21966771,2012791.92902475
11976,1726681.69,2012803.2132
11977,1726230.4081,2012403.06
11978,1721542.4111,2015191.0066
11979,1724260.1694,2014446.7708
11980,1726026.9232,2014555.8991
11981,1725744.0151,2014305.2975
11982,1725746.3334,2014312.884
11983,1725719.1276,2014363.8752
11984,1725817.0687,2014596.8128
11985,1725741.1834,2014874.2953
11986,1725849.6,2014624.9127
11987,1720188.0089,2016089.047
11988,1723368.6722,2016957.5697
11989,1725729.0975,2016444.0518
11990,1725806.48,2016573.7751
11991,1725815.8466,2016577.2175
11992,1725831.1267,2016617.8751
11993,1725691.1242,2016449.8784
11994,1724490.005,2015378.8382
11995,1725284.6577,2016166.1317
11996,1725511.2526,2016320.4792
11997,1725579.1259,2016309.8778
11998,1722497.5638,2016379.379
11999,1716984.2966,2019242.1229
12000,1717020.4501,2019478.3632
12001,1717018.6266,2019758.8363
12002,1717067.1212,2019893.874
12003,1716852.3883,2018617.5287
12004,1717237.4166,2018541.2741
12005,1717359.2657,2018431.3053
12006,1716690.1496,2018002.0634
12007,1716504.2926,2019683.5637
12008,1716542.1194,2019774.8753
12009,1715619.6281,2016766.1641
12010,1715677.8591,2019574.4174
12011,1715723.4772,2019703.3367
12012,1715017.9769,2018435.0865
12013,1715078.8049,2018575.0706
12014,1715004.7111,2018430.3222
12015,1714261.0424,2018142.3147
12016,1715309.3805,2020142.512
12017,1714560.6126,2021084.4979
12018,1714402.5485,2021632.8149
12019,1723897.71661588,2023038.87879096
12020,1723145.1383,2024053.9709
12021,1722970.3337,2024336.1346
12022,1719935.8164,2023706.8409
12023,1719440.3839,2023816.8101
12024,1714478.5643,2024465.8556
12025,1721235.793,2026740.8137
12026,1721638.7689,2027185.5439
12027,1721229.4386,2026521.5587
12028,1721362.9301,2026133.2666
12029,1721267.7452,2025907.8074
12030,1722294.4102,2034018.9851
12031,1722096.4448,2033744.8989
12032,1722069.6719,2033773.1857
12033,1721660.5589,2033841.5859
12034,1721154.4165,2033870.4925
12035,1720340.956,2035073.9754
12036,1722081.5097,2034014.6222
12037,1721159.9161,2035454.4166
12038,1720861.8381,2033462.9235
12039,1719052.4137,2032176.4475
12040,1720577.7883,2033217.334
12041,1718255.8346,2030758.7924
12042,1718345.1988,2033164.2092
12043,1721677.1939,2033729.7293
12044,1723248.2308,2041187.49
12045,1723039.5258,2041483.2527
12046,1723040.4403,2041486.1519
12047,1722254.62,2040863.5257
12048,1722189.9067,2041030.5312
12049,1722201.0864,2041035.962
12050,1722290.6404,2040745.3881
12051,1719144.0101,2037695.2762
12052,1718740.2523,2037455.1119
12053,1719382.6982,2037959.8698
12054,1719486.8223,2037919.5471
12055,1719694.8576,2038088.2212
12056,1719465.5308,2037993.6544
12057,1720046.3018,2037243.4727
12058,1720045.4441,2037140.9265
12059,1719531.6216,2037855.8152
12060,1720400.1762,2038588.2901
12061,1720350.4031,2038509.2027
12062,1720425.9328,2038777.6231
12063,1714609.4513,2034712.8132
12064,1713541.8164,2031771.4812
12065,1703822.6954,2034115.6816
12066,1706608.1373,2030561.9898
12067,1705685.9952,2030731.019
12068,1702945.5184,2033788.0937
12069,1703733.9588,2033414.5926
12070,1704923.5586,2029294.8891
12071,1709472.9089,2026243.4481
12072,1709408.6475,2026410.6514
12073,1708993.8605,2025980.4825
12074,1709607.0841,2024517.345
12075,1713418.9448,2028597.5514
12076,1711713.2716,2023747.9556
12077,1712584.1022,2027888.0842
12078,1713804.7861,2025820.5166
12079,1713536.0782,2028284.4737
12080,1714263.9997,2033033.827
12081,1715219.232,2032409.8578
12082,1713821.2387,2033008.2592
12083,1714156.6842,2034165.3568
12084,1716007.1588,2032400.3583
12085,1716203.9005,2032301.4786
12086,1715621.0905,2046195.532
12087,1716356.4527,2048722.9998
12088,1715947.7976,2050066.997
12089,1715270.2255,2050764.5199
12090,1715440.2949,2051651.8925
12091,1714105.1636,2053274.3762
12092,1714126.5278,2053389.2547
12093,1712546.0528,2053168.3803
12094,1712006.5993,2054887.986
12095,1712043.5457,2055037.7537
12096,1711169.8437,2055393.3381
12097,1713676.7905,2051656.2624
12098,1713568.1527,2051291.4147
12099,1711581.2482,2051031.882
12100,1709788.5166,2052578.2403
12101,1709989.3644,2054732.0369
12102,1709155.9276,2053802.526
12103,1708467.5123,2054880.799
12104,1708506.37,2054986.3711
12105,1707676.7437,2055600.8409
12106,1707910.0426,2056777.5236
12107,1707927.0389,2056912.4505
12108,1708500.9907,2056040.2162
12109,1708903.4277,2056274.8555
12110,1708589.5813,2056106.7511
12111,1709018.5274,2056349.788
12112,1703752.0124,2058120.7275
12113,1704484.5327,2054805.6281
12114,1704419.2523,2054927.8754
12115,1702543.4467,2054418.2801
12116,1702572.6525,2054581.9225
12117,1706574.2307,2051056.5582
12118,1705986.8831,2051114.9287
12119,1705205.9533,2050973.6609
12120,1707308.2901,2049153.6346
12121,1706597.6771,2049221.899
12122,1706105.4897,2047707.924
12123,1705385.6651,2048847.5993
12124,1706816.9345,2047694.9562
12125,1714267.6639,2044092.472
12126,1715184.1241,2040982.4908
12127,1714440.0795,2039074.9839
12128,1713306.2607,2041121.9878
12129,1712701.0191,2042339.2153
12130,1709896.5512,2045694.08
12131,1709846.5504,2045746.1696
12132,1707981.5582,2046122.0083
12133,1713719.2239,2042692.2561
12134,1708287.283,2047403.7738
12135,1708440.1045,2045046.1019
12136,1710591.4263,2042835.059
12137,1712571.0943,2040368.6451
12138,1712187.6906,2040531.8433
12139,1710000.0153,2042900.4405
12140,1707517.7507,2042774.37
12141,1707408.9943,2042847.7825
12142,1711322.0454,2037715.9295
12143,1710616.7842,2037263.0498
12144,1708052.5625,2038743.7574
12145,1708357.1102,2037203.7897
12146,1707557.6596,2039809.1468
12147,1707574.0787,2039899.3489
12148,1707063.8224,2042042.9434
12149,1705285.0237,2043199.26
12150,1706453.5973,2044867.8933
12151,1706498.5843,2045371.1257
12152,1706811.7154,2045956.3682
12153,1707025.9199,2046546.3272
12154,1707001.1191,2046577.8751
12155,1706624.8472,2047015.3354
12156,1706978.6623,2046633.1367
12157,1707810.7843,2045415.5506
12158,1706982.4382,2046450.2322
12159,1706956.4692,2046486.5873
12160,1706955.143,2046485.574
12161,1706927.2006,2046372.5966
12162,1705398.8201,2045293.2211
12163,1704148.8094,2046052.7575
12164,1705722.0319,2046889.5089
12165,1704198.3287,2048038.4673
12166,1703350.06,2049241.0464
12167,1703625.9121,2049263.591
12168,1703524.7547,2049254.9738
12169,1703951.8532,2049220.8671
12170,1703222.3343,2052434.4666
12171,1701958.8884,2051842.9016
12172,1701868.0493,2051726.3357
12173,1701960.1578,2051833.1716
12174,1701878.0252,2051728.4833
12175,1699997.4267,2055132.5801
12176,1699946.3988,2055250.1219
12177,1699630.2067,2052205.2658
12178,1697030.4179,2054020.0023
12179,1699815.2271,2053189.2448
12180,1699817.1684,2053467.681
12181,1699886.5386,2053540.292
12182,1698483.11,2055635.8417
12183,1699939.8284,2049399.7856
12184,1699713.3985,2049901.9088
12185,1699479.1932,2050176.8054
12186,1699392.8485,2050362.8216
12187,1698523.7943,2049853.3797
12188,1698197.496,2049777.9789
12189,1698073.8622,2049837.961
12190,1696088.1695,2052713.2124
12191,1699454.2145,2048699.9968
12192,1699358.7785,2048592.9225
12193,1700011.6969,2047232.9955
12194,1700558.1808,2046104.5954
12195,1700562.3896,2046228.766
12196,1694830.3558,2049903.8547
12197,1695688.137,2047675.2391
12198,1697939.664,2044497.7349
12199,1700373.3217,2043095.6883
12200,1694966.1792,2045715.4451
12201,1694615.1015,2044845.2218
12202,1695701.7772,2042941.1821
12203,1700677.8481,2040493.5778
12204,1701527.3182,2040686.6683
12205,1703224.871,2040537.0277
12206,1703558.5727,2039176.5714
12207,1704315.9509,2037917.6836
12208,1705336.8472,2037229.5548
12209,1706548.0467,2035296.988
12210,1709106.8491,2032863.0771
12211,1717473.7659,2041342.0821
12212,1717328.5876,2038068.9464
12213,1720400.1052,2040588.2976
12214,1720631.8525,2040565.2783
12215,1720264.8312,2040653.3273
12216,1720888.6495,2040959.7793
12217,1721000.6521,2040847.7036
12218,1720812.4006,2040990.4301
12219,1721077.1447,2043620.273
12220,1719916.3859,2043637.8261
12221,1718991.3581,2044016.4245
12222,1718923.3848,2044248.0843
12223,1718889.0038,2045104.0892
12224,1718882.1766,2044425.4656
12225,1718926.5016,2044255.7141
12226,1719514.7911,2045508.0485
12227,1718539.8112,2046778.6168
12228,1717045.0169,2045300.9635
12229,1718163.6621,2048707.1048
12230,1718964.6197,2047632.2371
12231,1720293.8889,2047231.4093
12232,1718769.1558,2050292.927
12233,1719945.8679,2049740.785
12234,1718673.4552,2050188.1034
12235,1716924.27,2050458.1103
12236,1717088.2633,2050462.3116
12237,1717184.4694,2050422.9011
12238,1718060.6535,2050209.512
12239,1718175.1765,2050168.8376
12240,1716710.8266,2050527.1021
12241,1718728.3961,2050882.4363
12242,1717813.2567,2052173.8679
12243,1717622.9402,2051284.7389
12244,1717551.1098,2051389.8062
12245,1718464.1153,2049575.6385
12246,1718359.906,2049403.3475
12247,1719002.2436,2052180.8162
12248,1719332.832,2052496.8789
12249,1719360.7044,2052516.2907
12250,1718862.524,2052053.2802
12251,1716331.826,2052184.5904
12252,1717177.0793,2053864.5964
12253,1715548.631,2054029.6191
12254,1715759.2642,2054458.666
12255,1715834.7853,2054656.1844
12256,1717102.3957,2054396.8475
12257,1715766.1966,2054458.8233
12258,1715318.4235,2052436.3052
12259,1715734.8857,2052902.3013
12260,1713827.513,2059045.3442
12261,1714202.097,2059360.4911
12262,1710674.4593,2056555.6397
12263,1710814.1466,2056635.9448
12264,1711000.6409,2056820.9058
12265,1711998.4069,2057812.4331
12266,1710902.7464,2056726.1035
12267,1710923.5293,2056748.998
12268,1712181.567,2057870.6898
12269,1713360.7713,2058668.1321
12270,1712004.4914,2057814.0241
12271,1710607.4518,2056472.8212
12272,1709665.8606,2060322.39
12273,1709577.6028,2060384.5196
12274,1707276.6393,2057295.6504
12275,1710367.4715,2057976.8068
12276,1710320.9573,2057835.4588
12277,1708865.7011,2057027.7043
12278,1710278.455,2056729.204
12279,1710193.9452,2056608.4622
12280,1713005.3679,2066085.7959
12281,1710958.7954,2065377.6417
12282,1710992.1781,2065461.0161
12283,1712914.7646,2069779.3666
12284,1712793.2439,2069414.3773
12285,1712960.4565,2069889.0417
12286,1711936.738,2068542.9273
12287,1711931.585,2068625.7773
12288,1710508.0049,2068050.6789
12289,1710473.3229,2068127.0935
12290,1709590.6493,2068073.9188
12291,1712297.2438,2072120.5132
12292,1711057.7222,2071125.6795
12293,1710960.7986,2071083.177
12294,1711796.0383,2072848.4546
12295,1713077.8375,2073400.4679
12296,1713012.6859,2074197.1161
12297,1711763.3271,2075402.4316
12298,1711951.0917,2075842.1711
12299,1707291.2867,2075512.2535
12300,1706956.1861,2074565.4505
12301,1706489.6825,2072742.4644
12302,1703826.8504,2071952.4946
12303,1704575.4388,2073320.0218
12304,1704587.1589,2070638.1318
12305,1703939.6609,2075435.5697
12306,1706832.9668,2077191.5172
12307,1706506.9838,2075433.2507
12308,1702003.51,2075438.8561
12309,1702017.1885,2075470.7033
12310,1700959.6646,2076670.3723
12311,1701450.5996,2076131.8452
12312,1700561.3009,2077032.2867
12313,1700650.2343,2078269.1926
12314,1700214.8516,2078943.158
12315,1699609.0251,2079855.4911
12316,1697550.3919,2080707.9067
12317,1696977.2905,2081337.3295
12318,1697183.4005,2081169.2244
12319,1697410.7567,2080806.39
12320,1695994.795,2082757.2289
12321,1696197.9946,2082782.5389
12322,1696315.0962,2082645.1295
12323,1693887.5992,2083405.6446
12324,1702994.9876,2079632.8357
12325,1701004.6785,2079647.9176
12326,1700945.8664,2083185.272
12327,1700825.0786,2083266.5288
12328,1702605.3398,2080440.0785
12329,1700645.1643,2080600.7995
12330,1700157.8496,2081300.1577
12331,1699726.4594,2082263.6002
12332,1693348.3841,2081755.7032
12333,1696517.2052,2080745.4572
12334,1696539.2104,2080619.0794
12335,1700867.2273,2076597.767
12336,1700933.8579,2076457.4646
12337,1704154.9764,2076802.362
12338,1701645.9789,2076003.8428
12339,1698591.2831,2078717.9465
12340,1692685.0399,2081198.7786
12341,1691313.1267,2080547.2092
12342,1690188.2529,2080124.4307
12343,1691117.5592,2080594.3112
12344,1691230.952,2080581.9932
12345,1689836.5135,2079975.3839
12346,1689919.3576,2081519.3801
12347,1689913.0671,2081428.8607
12348,1688653.561,2078648.4961
12349,1693383.139,2077698.5814
12350,1695592.3226,2074549.3399
12351,1699672.458,2073420.1299
12352,1702024.2823,2072265.6684
12353,1700199.651,2072739.3194
12354,1697972.9617,2072375.6858
12355,1694981.2948,2071459.9054
12356,1697420.5193,2069492.869
12357,1701620.1171,2069077.0187
12358,1701719.0488,2069098.4987
12359,1701771.046,2069368.6278
12360,1701714.0711,2069133.1665
12361,1699935.2274,2068238.0164
12362,1697449.2856,2067103.0186
12363,1699766.7345,2068675.9688
12364,1699540.7025,2069046.4157
12365,1701775.8628,2067368.5981
12366,1702319.2183,2069228.77
12367,1702988.5416,2069374.0654
12368,1702952.4662,2068485.7182
12369,1702468.2718,2067419.7593
12370,1702948.6169,2068408.782
12371,1703500.7148,2066678.9956
12372,1706482.2696,2065567.6969
12373,1707428.9156,2064984.0218
12374,1709781.3212,2064926.9713
12375,1709591.8823,2064909.3386
12376,1710636.6751,2065081.7919
12377,1707313.0002,2064155.728
12378,1704078.4057,2066180.2852
12379,1701990.5448,2065247.732
12380,1703456.0723,2063252.4437
12381,1702908.6413,2063458.5678
12382,1701995.9774,2063566.7562
12383,1700946.808,2064120.2321
12384,1700493.652,2065916.3824
12385,1697585.4907,2065786.8863
12386,1694562.4623,2067763.9543
12387,1695769.7714,2069384.5586
12388,1694365.1617,2071366.7866
12389,1689681.1155,2072633.4222
12390,1685829.4051,2077312.1683
12391,1685167.2135,2078918.8584
12392,1684540.1944,2077546.2695
12393,1684440.9338,2077624.5676
12394,1679841.2463,2074891.2968
12395,1689235.7485,2074585.7451
12396,1686298.606,2072493.4695
12397,1690843.8803,2073310.8786
12398,1688131.5124,2070196.9992
12399,1689400.4593,2068678.7197
12400,1694728.4068,2061671.3261
12401,1698090.652,2061581.1764
12402,1693236.9912,2062079.7247
12403,1692131.7309,2061925.9771
12404,1689678.9625,2061679.0967
12405,1688566.9121,2061077.9733
12406,1687896.6928,2062074.6774
12407,1686275.446,2062392.094
12408,1687830.6468,2062202.1047
12409,1688371.6091,2059567.2597
12410,1689356.359,2060377.0343
12411,1688667.4263,2058227.7271
12412,1691222.4295,2056765.6103
12413,1690917.7185,2054134.9902
12414,1690433.4657,2052698.462
12415,1689515.031,2053125.1617
12416,1691516.5051,2052296.6624
12417,1692742.0922,2052130.0958
12418,1694978.6944,2055225.9701
12419,1696493.994,2056490.7257
12420,1697453.3629,2055322.6626
12421,1695877.7979,2054553.7821
12422,1694922.1291,2054051.9025
12423,1694813.7154,2053813.5375
12424,1694870.8938,2052745.2286
12425,1698766.5404,2058330.0464
12426,1699538.2328,2055938.7336
12427,1701537.6296,2056748.8269
12428,1702543.5055,2059173.404
12429,1702575.5282,2058293.7947
12430,1702572.53,2059098.3322
12431,1703403.2645,2059047.2645
12432,1704061.3138,2058605.3948
12433,1706532.9671,2059834.112
12434,1706481.2814,2059775.6193
12435,1708539.3535,2060832.8154
12436,1713858.2125,2066098.3257
12437,1713410.5603,2063610.1253
12438,1714636.122,2065958.0697
12439,1713491.6695,2061368.2296
12440,1713517.9489,2060111.6476
12441,1714265.7849,2062108.9298
12442,1713563.671,2061664.7276
12443,1717633.9519,2061493.4553
12444,1714369.7168,2062223.4148
12445,1713498.9796,2060100.1469
12446,1715526.0692,2061149.9361
12447,1714233.6613,2059653.4012
12448,1714217.1532,2059634.0481
12449,1714962.6816,2059051.1
12450,1714917.2874,2058999.2345
12451,1714929.8937,2059083.3369
12452,1716432.3629,2060893.2814
12453,1715474.4734,2059978.7493
12454,1715332.0048,2059840.1187
12455,1715434.2205,2059927.0824
12456,1715388.0625,2059910.3532
12457,1714640.5019,2059287.9922
12458,1714479.0152,2059426.0381
12459,1717957.2943,2060813.3047
12460,1716080.5268,2058142.4335
12461,1716059.1182,2058113.873
12462,1717176.4286,2057654.106
12463,1716779.6994,2057381.3989
12464,1716750.7185,2057370.7889
12465,1718560.2084,2057997.3967
12466,1719261.1958,2059677.4257
12467,1718926.9638,2057875.1862
12468,1718926.4021,2057830.4475
12469,1718959.9242,2057570.0565
12470,1720172.9358,2057443.1074
12471,1718319.1736,2059459.195
12472,1717994.9756,2056758.9608
12473,1716493.5518,2056103.9859
12474,1716472.1205,2056104.8718
12475,1718654.4295,2056511.5049
12476,1717891.1043,2054762.7833
12477,1718780.6827,2054476.2119
12478,1718667.1495,2054204.7966
12479,1718846.9355,2056018.0525
12480,1718800.4036,2054551.3585
12481,1718656.1288,2054172.8771
12482,1719312.0753,2054568.2939
12483,1718923.6748,2053866.9768
12484,1718896.0962,2053842.2928
12485,1719713.7011,2055445.6866
12486,1720940.6496,2057242.8353
12487,1722654.2702,2055526.8615
12488,1721196.3006,2054873.5409
12489,1719617.5171,2056159.5813
12490,1719745.8427,2056481.4566
12491,1719630.9419,2056251.7395
12492,1719876.3079,2056675.198
12493,1722763.027,2053571.7131
12494,1720322.1277,2051468.2546
12495,1720308.1239,2051442.8764
12496,1720988.8625,2048359.0585
12497,1720740.629,2048221.0086
12498,1721325.4047,2050552.9158
12499,1721090.8484,2048446.8625
12500,1720742.7088,2048210.1306
12501,1721567.6818,2048162.2527
12502,1721491.9095,2048025.0209
12503,1721443.2194,2047940.9316
12504,1721258.347,2047003.0937
12505,1721496.1803,2048016.2884
12506,1721613.103,2048284.9943
12507,1722750.4376,2048375.1219
12508,1721982.6375,2046966.5673
12509,1721970.3818,2046941.8672
12510,1726418.6604,2045182.2316
12511,1726286.1707,2045376.4762
12512,1725518.9786,2047198.3611
12513,1725359.2827,2047636.0139
12514,1725326.1383,2050024.9785
12515,1725111.4551,2051602.8107
12516,1723336.0276,2051247.8239
12517,1724151.2474,2050320.3824
12518,1723085.8396,2052917.6305
12519,1724238.6799,2050273.796
12520,1724237.0714,2050281.1983
12521,1725231.0958,2047668.4896
12522,1723727.7941,2049519.5766
12523,1725179.1828,2047717.5405
12524,1725230.8413,2047668.4874
12525,1723224.6603,2049037.3677
12526,1726206.3437,2045317.1032
12527,1726166.1017,2045135.1123
12528,1726041.1013,2044939.9265
12529,1727670.0099,2049530.0584
12530,1727745.6267,2049535.8017
12531,1692013.6717,2067604.159
12532,1693231.7477,2067265.5894
12533,1691235.1286,2067056.4942
12534,1690662.8327,2066456.7506
12535,1691009.4069,2066786.9593
12536,1691186.1249,2067032.8414
12537,1691067.0531,2066975.7799
12538,1691081.9885,2066976.8454
12539,1688708.3475,2065952.4553
12540,1687552.1169,2066566.1242
12541,1690310.3952,2066636.2342
12542,1725490.2086,2017957.6131
12543,1725512.5748,2017831.2401
12544,1725403.057,2018014.7599
12545,1725013.4207,2018171.4275
12546,1725283.3769,2018091.0877
12547,1725401.8964,2018020.0813
12548,1724344.7391,2018272.5864
12549,1725382.7697,2017054.8598
12550,1725509.8545,2017098.2739
12551,1724512.1045,2017054.2795
12552,1723768.2329,2017808.4309
12553,1724116.3588,2017724.1191
12554,1725489.9185,2016928.3101
12555,1725327.7039,2018987.9837
12556,1724953.4349,2018612.4904
12557,1725680.1418,2017972.7217
12558,1725660.6689,2017766.3657
12559,1725612.3561,2017929.0835
12560,1719960.9743,2027791.3683
12561,1720041.6008,2027811.5502
12562,1718154.9471,2027447.9141
12563,1718018.3049,2027436.5292
12564,1717534.6734,2029373.3198
12565,1717891.2323,2027416.7224
12566,1715847.355,2025905.846
12567,1716965.7378,2025372.493
12568,1717093.5862,2025164.0961
12569,1691832.7092,2063196.606
12570,1693306.1332,2064155.0056
12571,1694634.7715,2064945.5544
12572,1691091.1625,2062740.7666
12573,1691057.405,2064238.9305
12574,1691007.9296,2064325.3277
12575,1707451.2722,2026304.7626
12576,1708340.2165,2025367.8235
12577,1706955.8606,2026597.0009
12578,1707389.6639,2025441.5808
12579,1722015.3125,2041879.6622
12580,1722203.5981,2041807.8015
12581,1723852.79315486,2022985.7095881
12582,1723885.1229,2023001.8753
12583,1726535.4094,2024067.5392
12584,1723783.4136,2016555.5369
12585,1724543.7,2016743.5387
12586,1725962.7836,2010354.9855
12587,1715009.1212,2058883.8755
12588,1716397.7123,2057666.6072
12589,1723001.1487,2012001.3565
12590,1723801.1288,2012375.8767
12591,1724473.1169,2012865.866
12592,1724732.127,2012774.8752
12593,1725173.1347,2012347.8767
12594,1725047.1258,2011689.8663
12595,1725159.1288,2011479.8696
12596,1721519.3668,2010222.7346
12597,1725139.7744,2043470.6007
12598,1712849.7188,2061563.5056
12599,1712920.3362,2061550.5707
12600,1724526.4985,2016787.0612
12601,1724543.1252,2016813.8775
12602,1718437.5923,2037877.0959
12603,1722243.9852,2042367.78
12604,1722120.6162,2042094.2038
12605,1722122.8466,2042083.9625
12606,1722291.566,2042433.2653
12607,1708341.9981,2070268.7118
12608,1708450.8042,2070313.4099
12609,1712862.2568,2061595.9517
12610,1725754.1122,2016652.8773
12611,1725426.9188,2014191.521
12612,1725691.1211,2014335.8757
12613,1725593.1227,2011283.8769
12614,1725663.1232,2011213.8718
12615,1725922.1257,2011080.8756
12616,1726104.1205,2010996.876
12617,1726503.126,2011213.8751
12618,1727063.1271,2011311.873
12619,1727301.1231,2011395.8703
12620,1727700.1236,2011276.8659
12621,1727833.1273,2011437.873
12622,1728085.1216,2010401.8728
12623,1714911.3318,2057074.2663
12624,1715043.8541,2056974.526
12625,1712226.5516,2056137.8806
12626,1712087.4721,2056244.0636
12627,1716364.3468,2057655.7382
12628,1714996.6381,2055759.647
12629,1715162.7622,2055612.1148
12630,1714957.9898,2055475.657
12631,1713319.1563,2054942.9142
12632,1716334.6396,2055851.5523
12633,1716362.4116,2055835.2505
12634,1724042.0424,2016988.6936
12635,1725158.3219,2016855.8711
12636,1725187.1769,2016855.8771
12637,1725272.2422,2016827.9501
12638,1726567.3383,2009245.5238
12639,1726784.0298,2009163.8629
12640,1711922.0342,2061795.308
12641,1712360.1355,2061641.4199
12642,1688648.9693,2079672.8266
12643,1715387.1229,2032255.8725
12644,1717928.1242,2007972.8803
12645,1710725.1217,2027397.8778
12646,1713343.128,2028405.8712
12647,1701555.1248,2075921.8744
12648,1721321.5548,2028169.0251
12649,1721373.0396,2028165.7639
12650,1721707.9165,2027264.6328
12651,1726043.4865,2016610.4197
12652,1725991.6873,2017037.9648
12653,1725748.2244,2017034.2026
12654,1725378.8062,2050772.1488
12655,1726402.0576,2050473.4125
12656,1725983.4572,2051621.2041
12657,1727470.6043,2049577.349
12658,1727173.9844,2050681.9217
12659,1726345.8254,2051431.5787
12660,1728276.3728,2051175.1682
12661,1726102.7472,2052583.0754
12662,1725768.7913,2039251.2151
12663,1724114.7314,2038998.4401
12664,1724410.5068,2037092.9369
12665,1724939.9374,2036426.3944
12666,1723915.385,2037969.666
12667,1723814.6058,2037112.159
12668,1730227.9379,2008490.6333
12669,1730685.0451,2009088.9292
12670,1730207.9992,2008523.0399
12671,1729757.9176,2010199.5965
12672,1792513.1229,1994189.8727
12673,1792216.1282,1993032.2295
12674,1793150.1237,1994448.876
12675,1795817.1281,1995547.8757
12676,1795775.1273,1995673.8751
12677,1798535.7544,1993706.6477
12678,1795915.9001,1995376.4046
12679,1798813.1218,1993615.8746
12680,1801031.9776,1991761.6726
12681,1798996.4069,1993426.7661
12682,1791254.7593,1999740.7416
12683,1791521.0229,1995811.1901
12684,1793022.3865,2002778.1591
12685,1791066.865,2000731.8734
12686,1793562.1073,2002810.7183
12687,1779787.1255,1999817.8761
12688,1778793.1285,1997815.8685
12689,1780725.1232,2000811.8768
12690,1780655.1127,2000587.8722
12691,1780333.1297,2007013.8747
12692,1781649.123,2006019.8747
12693,1780223.7017,2007081.2943
12694,1781903.2245,2012466.494
12695,1781661.2456,2010831.2128
12696,1782716.2781,2015046.133
12697,1783534.2942,2017192.9444
12698,1782576.5711,2015629.944
12699,1784037.973,2019097.7166
12700,1784635.2974,2020405.6487
12701,1784174.0004,2021053.4891
12702,1784138.8865,2022441.964
12703,1784160.39,2022849.1893
12704,1784710.292,2024070.1044
12705,1784897.8916,2026437.2003
12706,1778361.8289,2011143.3779
12707,1778024.4446,2009951.0615
12708,1778121.1244,2009785.8767
12709,1778420.0281,2011703.0377
12710,1778533.3935,2011959.6309
12711,1778283.1259,2012928.779
12712,1778285.5968,2012755.8703
12713,1778438.3694,2012140.7945
12714,1778494.0388,2012134.8145
12715,1778438.7615,2012142.0619
12716,1778291.8882,2012748.8983
12717,1778128.351,2013390.999
12718,1778194.3621,2013468.7977
12719,1778242.2063,2013534.8428
12720,1778405.3607,2014502.7207
12721,1778333.9986,2015549.0503
12722,1779445.3728,2024184.222
12723,1779860.3618,2022005.9145
12724,1779427.5054,2024343.2302
12725,1778525.0723,2026040.5056
12726,1778362.0018,2026282.3968
12727,1778324.4453,2026368.5618
12728,1777722.2972,2028039.0478
12729,1778042.8757,2028573.0477
12730,1778050.5977,2029851.6841
12731,1777904.1237,2009736.88
12732,1777386.127,2010464.8748
12733,1774509.1254,2014685.8681
12734,1775272.1253,2012956.8743
12735,1774292.1201,2015042.8743
12736,1772865.0994,2016032.4361
12737,1774185.4703,2015617.5405
12738,1770124.9974,2020900.5664
12739,1770515.8543,2019889.2355
12740,1768984.2518,2021689.2865
12741,1768924.5368,2023273.8839
12742,1769068.723,2024407.2584
12743,1769161.2887,2024535.6748
12744,1768307.9912,2029144.2668
12745,1768274.9555,2028275.7705
12746,1768393.7678,2026911.1706
12747,1767650.4673,2031662.3142
12748,1767805.8598,2032075.4442
12749,1767980.5401,2032910.7088
12750,1767828.4394,2032771.643
12751,1768308.8537,2034802.5769
12752,1767351.4612,2037450.7088
12753,1767855.7122,2035931.3055
12754,1767439.3933,2038085.2647
12755,1767016.738,2042844.6715
12756,1766899.6584,2043993.2174
12757,1767189.0534,2045135.217
12758,1767103.075,2046976.5379
12759,1766424.7471,2049287.3733
12760,1766400.0287,2050842.77
12761,1766469.3888,2034607.4549
12762,1767160.0626,2033084.9729
12763,1766389.3208,2035393.7298
12764,1766251.3982,2036889.7905
12765,1765482.8649,2039304.1266
12766,1765556.1721,2039911.7621
12767,1763920.3135,2045333.1884
12768,1763467.5512,2045870.6609
12769,1765036.6314,2037940.4721
12770,1765438.0122,2037344.1829
12771,1762438.3322,2042195.7645
12772,1762101.8588,2042535.846
12773,1760740.0859,2043516.8358
12774,1761063.0537,2043087.02
12775,1759571.3759,2044753.7674
12776,1759702.2951,2046096.9363
12777,1759072.9907,2047078.5055
12778,1765993.2907,2024538.0002
12779,1764815.8987,2025606.4341
12780,1764924.993,2025313.9357
12781,1763990.4352,2026196.1678
12782,1762347.7946,2026783.3963
12783,1762859.9244,2026511.4101
12784,1761201.2736,2027297.4107
12785,1760302.4226,2027406.7989
12786,1760179.5717,2027437.1831
12787,1759922.782,2029303.5944
12788,1759502.5035,2028182.1651
12789,1759862.5934,2032207.288
12790,1759923.2273,2030433.765
12791,1759379.7736,2032856.3363
12792,1759316.1681,2033118.0782
12793,1759105.0379,2034040.6634
12794,1759075.7866,2034541.3326
12795,1758698.4254,2035642.2874
12796,1758400.5536,2036306.361
12797,1758326.596,2036337.1411
12798,1758170.3603,2036932.952
12799,1759206.2234,2038486.1453
12800,1748469.1211,2008175.8774
12801,1748413.1246,2008105.8788
12802,1750079.1264,2009407.8671
12803,1754923.123,2010261.8705
12804,1754783.1299,2010107.8744
12805,1757499.1233,2009939.8702
12806,1759803.7575,2011549.6433
12807,1759389.2537,2010991.8449
12808,1759857.4829,2011574.7727
12809,1760512.6805,2012036.502
12810,1760597.4336,2012084.3505
12811,1761161.0334,2012667.5343
12812,1763086.7221,2013018.7383
12813,1764916.6034,2014341.9837
12814,1756987.1507,2015985.2038
12815,1757043.5704,2015466.9001
12816,1757275.1223,2015049.8725
12817,1757096.6051,2016396.0049
12818,1756996.0936,2016880.8075
12819,1756658.5044,2017722.6423
12820,1755680.4551,2018429.323
12821,1755689.2895,2018412.8932
12822,1755542.8987,2018721.8645
12823,1754529.72,2019600.7972
12824,1754367.5204,2019903.8735
12825,1754344.2636,2020757.627
12826,1754272.8614,2021280.3326
12827,1753882.8788,2021517.4286
12828,1753746.0928,2021705.2806
12829,1753808.3916,2022428.1824
12830,1753606.6753,2022688.3986
12831,1753555.4795,2022721.7667
12832,1752901.6104,2023631.1907
12833,1753412.0938,2023068.8487
12834,1752320.1755,2024795.2489
12835,1752266.4648,2025471.5494
12836,1752143.4632,2025725.4672
12837,1751995.6249,2025963.4028
12838,1750885.8235,2030337.7956
12839,1751394.8992,2026466.5934
12840,1732649.1231,2018633.8788
12841,1732439.1262,2018465.8706
12842,1733496.1296,2019018.8732
12843,1736534.1227,2020432.8721
12844,1735169.1214,2019795.8766
12845,1736541.128,2020467.8681
12846,1736499.1218,2020537.8752
12847,1736289.1189,2020719.8727
12848,1736324.124,2020866.8732
12849,1736359.1219,2021629.8716
12850,1736660.1277,2021874.8768
12851,1739342.3643,2025581.935
12852,1739227.0409,2025461.9495
12853,1736863.1222,2022623.8766
12854,1738807.9199,2025052.018
12855,1738641.126,2024597.8782
12856,1736996.1226,2022588.8712
12857,1737327.8955,2023563.3635
12858,1740096.0008,2027179.5864
12859,1741525.6707,2028096.3573
12860,1741473.8657,2028284.5307
12861,1742227.9572,2027799.6478
12862,1742595.8927,2027849.088
12863,1743395.8417,2028324.8993
12864,1744588.8864,2030197.9984
12865,1744195.2149,2029890.571
12866,1746556.8202,2030836.749
12867,1751666.9435,2034143.1705
12868,1738443.7517,2031808.0856
12869,1738336.0507,2031934.0393
12870,1739709.3487,2030978.8489
12871,1739485.817,2031326.1409
12872,1742096.9515,2030334.0025
12873,1734315.1208,2037771.8779
12874,1732313.1289,2038653.871
12875,1738739.1232,2038051.8803
12876,1737899.1216,2037603.8773
12877,1736849.1212,2037799.8677
12878,1739473.2387,2037941.8796
12879,1739289.0753,2038040.4574
12880,1739285.6765,2038039.7083
12881,1739841.0559,2037723.5978
12882,1741091.209,2038180.491
12883,1741623.5703,2038560.5236
12884,1742018.4922,2038558.3049
12885,1743850.3421,2037756.7249
12886,1744437.698,2037747.0405
12887,1744365.8498,2037733.836
12888,1744036.9403,2037424.9301
12889,1745373.4613,2037759.0008
12890,1744854.7072,2037644.6324
12891,1744850.0049,2037647.4642
12892,1746380.9665,2037960.109
12893,1747533.8043,2036835.4374
12894,1749774.7444,2036165.9655
12895,1748420.6988,2036461.0436
12896,1750115.5543,2035918.0455
12897,1750317.4984,2035563.3672
12898,1750751.6207,2035511.9809
12899,1751006.6297,2035384.348
12900,1751328.0916,2035352.774
12901,1753476.9036,2034489.2761
12902,1752538.1155,2034707.9387
12903,1752219.9988,2034873.3896
12904,1752520.8288,2034708.6698
12905,1755729.6354,2017389.0223
12906,1756009.1489,2017454.0801
12907,1755068.017,2017463.2211
12908,1753337.138,2016346.1994
12909,1750799.3449,2016632.4624
12910,1748437.5352,2016576.6022
12911,1778105.3601,2018695.2543
12912,1776762.9645,2021573.8125
12913,1778008.9163,2018836.4971
12914,1778106.589,2018698.2415
12915,1772407.9763,2028918.8541
12916,1774546.2002,2029708.798
12917,1774637.5242,2029845.1485
12918,1777689.0184,2031839.4814
12919,1777623.1222,2009207.0492
12920,1778290.8692,2008953.9427
12921,1778401.1252,2008987.8811
12922,1777367.93,2009194.7774
12923,1775479.5894,2009196.4631
12924,1775367.4604,2009213.4785
12925,1771919.3173,2009813.1172
12926,1774829.1265,2009545.3904
12927,1768640.6266,2011236.3429
12928,1770507.1054,2030512.909
12929,1768516.3679,2029401.0206
12930,1768454.832,2029295.3097
12931,1768520.2915,2029389.4731
12932,1768464.6925,2029305.8011
12933,1772545.8218,2035096.5093
12934,1770548.9168,2031018.935
12935,1733629.1194,2027719.8743
12936,1733536.2447,2027693.1408
12937,1733496.127,2027698.8717
12938,1737143.1274,2029147.8673
12939,1736916.5594,2029194.1115
12940,1737908.7697,2029242.2503
12941,1737555.6153,2029148.5932
12942,1737553.7484,2029153.2773
12943,1738266.3873,2029292.2239
12944,1739348.4914,2029236.7199
12945,1758944.6434,2028139.068
12946,1759484.8709,2028099.3847
12947,1758134.3325,2029527.0507
12948,1754732.7122,2032330.9585
12949,1754605.2629,2032404.9859
12950,1770003.4454,2039067.5482
12951,1767925.4873,2036080.9246
12952,1771065.9134,2040571.3379
12953,1783838.0792,2008793.3858
12954,1781796.1311,2006398.6844
12955,1781728.9656,2006090.8403
12956,1784286.3447,2009641.6356
12957,1784387.8583,2009877.5961
12958,1786050.2141,2009727.4308
12959,1786557.3683,2009984.1023
12960,1788022.3589,2013013.5297
12961,1744373.9357,2036446.0693
12962,1745998.4453,2034374.853
12963,1754575.3086,2034156.4445
12964,1759426.3075,2030059.9981
12965,1779730.6548,2025342.7105
12966,1780793.3765,2029192.842
12967,1779899.6374,2030509.0461
12968,1770763.8734,2022417.7123
12969,1775091.6811,2025042.0459
12970,1745511.5989,2033928.7049
12971,1736422.6882,2034566.5467
12972,1735273.5476,2034294.6884
12973,1764285.1961,2049453.6018
12974,1764017.916,2046340.4055
12975,1727838.0183,2031136.5215
12976,1727865.1692,2030005.8745
12977,1729209.5692,2030813.0091
12978,1729228.6718,2030748.9106
12979,1729268.5367,2030660.4715
12980,1729235.4721,2030658.5247
12981,1731760.286,2023451.6032
12982,1731620.7906,2025193.0588
12983,1742537.5765,2024781.6117
12984,1740903.6066,2025130.4222
12985,1734502.8873,2020687.5628
12986,1734191.8532,2020823.8095
12987,1732282.024,2031575.6443
12988,1732356.712,2031786.4934
12989,1732397.1276,2031835.874
12990,1762226.4919,2025108.4875
12991,1763391.3822,2025471.0907
12992,1761563.9001,2025026.225
12993,1734031.0651,2016957.9791
12994,1733914.4395,2016469.9699
12995,1741382.4332,2014529.4841
12996,1741836.2604,2014797.7097
12997,1741848.9157,2014853.8782
12998,1762083.421,2024997.8922
12999,1762174.449,2025018.1557
13000,1760916.2127,2024738.1051
13001,1757459.4929,2010531.9072
13002,1757331.1145,2010298.2224
13003,1757494.3328,2010063.9619
13004,1757595.434,2010396.6832
13005,1765694.683,2010302.6034
13006,1765098.475,2008744.9309
13007,1766626.004,2008591.8961
13008,1763918.4039,2008208.0575
13009,1763657.8542,2007792.425
13010,1763542.6797,2007488.096
13011,1762551.7277,2006346.8722
13012,1764054.4656,2008488.1383
13013,1767242.2645,2009909.6029
13014,1770865.9342,2009517.5086
13015,1762021.0166,2003444.9227
13016,1760691.5973,2003657.9143
13017,1768312.2783,2002494.7928
13018,1768425.059,2001573.7553
13019,1776824.6812,2001703.6826
13020,1774678.7221,2002362.7558
13021,1777331.7453,2001454.1479
13022,1776540.7595,1999312.6377
13023,1768770.6099,2007719.7763
13024,1794012.5958,2000201.0312
13025,1793641.7181,1998804.8374
13026,1793399.3942,2000630.5099
13027,1728164.5754,2030370.293
13028,1728090.5269,2029716.328
13029,1729198.1254,2029112.872
13030,1728981.1287,2028853.8751
13031,1728673.1247,2028377.8748
13032,1728743.1262,2027831.8672
13033,1729289.1292,2029511.8694
13034,1729289.1277,2029329.8714
13035,1729540.9619,2029882.4596
13036,1729495.3007,2029796.4029
13037,1728278.5534,2029006.558
13038,1728576.8345,2028606.8885
13039,1729117.3433,2030538.3257
13040,1729195.6439,2030166.8918
13041,1729264.9221,2029824.9993
13042,1729267.0349,2029556.0559
13043,1730206.9751,2030492.0227
13044,1730252.5866,2029087.1706
13045,1729934.3921,2028868.2947
13046,1729934.1245,2028869.0392
13047,1729304.6209,2029106.6091
13048,1729802.8469,2028632.2827
13049,1729082.0446,2028333.644
13050,1728820.6144,2027909.3618
13051,1729780.805,2028887.3514
13052,1729911.8264,2028474.9094
13053,1730049.7132,2028161.0548
13054,1730185.1761,2027917.5519
13055,1730248.1236,2027628.8775
13056,1730248.1263,2027446.869
13057,1730647.1243,2027075.866
13058,1730199.1272,2027873.8696
13059,1730283.1238,2027663.8763
13060,1730166.5196,2028441.0925
13061,1729358.9819,2027866.3301
13062,1730173.5035,2027450.4136
13063,1730184.6746,2027439.162
13064,1729759.123,2027969.1723
13065,1730212.3886,2027650.4974
13066,1729895.4069,2028408.3326
13067,1730171.3784,2028276.7743
13068,1730199.645,2027910.2043
13069,1730441.1684,2027723.9102
13070,1730304.2255,2027678.3634
13071,1730596.8275,2027411.3116
13072,1730623.2692,2027277.9599
13073,1730654.1221,2027250.8743
13074,1730479.7421,2027818.9429
13075,1730478.9098,2027787.2579
13076,1730272.5352,2028380.1732
13077,1730649.193,2027845.3194
13078,1730601.9602,2027955.7842
13079,1730803.6534,2027976.0567
13080,1730786.9163,2027804.428
13081,1730750.9041,2027946.207
13082,1730852.5962,2028023.4669
13083,1731030.2987,2028154.0092
13084,1731556.0676,2026685.6522
13085,1731148.6459,2026864.7043
13086,1731081.1242,2026767.8772
13087,1731123.1248,2026655.8687
13088,1731422.6368,2026541.1175
13089,1731210.6032,2026639.3306
13090,1731210.1986,2026641.6283
13091,1731546.0312,2027116.3568
13092,1732474.6998,2027452.5795
13093,1732770.9429,2027336.7034
13094,1732287.9793,2027831.6213
13095,1732124.3989,2027194.0609
13096,1732632.4397,2026959.4461
13097,1732649.1219,2026907.8736
13098,1732929.1234,2027187.8716
13099,1732931.0192,2027180.2869
13100,1732943.1283,2027131.8803
13101,1731773.8507,2029157.5097
13102,1732547.2337,2028818.5949
13103,1732049.3554,2029381.1293
13104,1732157.1052,2029231.5545
13105,1732953.323,2029887.8508
13106,1732749.0735,2029574.8974
13107,1731852.9734,2031218.352
13108,1732355.5005,2031242.5494
13109,1731679.8164,2031524.2199
13110,1731805.6588,2031467.9336
13111,1731791.2437,2031790.4301
13112,1731533.6476,2032093.4147
13113,1731405.0873,2032138.6054
13114,1731538.2351,2029641.3339
13115,1732033.7252,2029755.89
13116,1731094.1645,2031397.6384
13117,1733412.0417,2032074.4644
13118,1733181.3225,2031624.3352
13119,1733285.5379,2032180.4977
13120,1733421.1591,2032150.0093
13121,1733141.6901,2032224.9315
13122,1732698.0202,2032389.6979
13123,1732846.8989,2032532.8605
13124,1732384.7172,2032197.1419
13125,1732433.5,2032139.6106
13126,1731504.9847,2032433.788
13127,1732152.4512,2032537.2401
13128,1732719.9802,2031869.2575
13129,1732564.309,2031827.0335
13130,1732472.8313,2031766.2968
13131,1730728.3533,2032635.3997
13132,1731755.54,2032688.6799
13133,1732178.8326,2032592.9572
13134,1731180.8455,2033856.7188
13135,1731664.5688,2034094.7466
13136,1730501.6812,2037052.8952
13137,1731046.8585,2036621.3659
13138,1730470.8223,2037040.836
13139,1730480.93,2036924.878
13140,1732510.5842,2040440.2338
13141,1732067.4026,2038837.5783
13142,1732103.1221,2038737.8713
13143,1734742.7094,2040898.4617
13144,1736341.1851,2042745.385
13145,1734827.5911,2041670.9315
13146,1738912.5359,2043688.0255
13147,1737925.55,2044200.4663
13148,1737187.5834,2041198.6969
13149,1735295.5442,2040928.4754
13150,1739017.6104,2042182.6977
13151,1740728.6201,2042139.8066
13152,1738276.789,2040924.1656
13153,1739818.2461,2041650.1582
13154,1739987.513,2041490.5152
13155,1739981.382,2041541.6904
13156,1739921.6594,2041602.0512
13157,1739877.6627,2041602.8574
13158,1740069.1258,2041397.8716
13159,1740241.4613,2041344.2936
13160,1740183.3919,2041397.1457
13161,1740360.6797,2041318.0543
13162,1740655.1914,2041128.2413
13163,1740071.4126,2041367.2007
13164,1732723.6552,2040841.787
13165,1732798.2458,2040971.1692
13166,1733137.3467,2043034.0904
13167,1732667.2791,2044931.6296
13168,1732817.3708,2045876.0458
13169,1732842.6115,2045831.7151
13170,1734522.4803,2043872.7503
13171,1734513.523,2044684.9189
13172,1733124.0383,2039178.3389
13173,1732335.0613,2038676.0107
13174,1733858.534,2039004.1853
13175,1735244.7926,2039451.7957
13176,1733215.0801,2039046.1016
13177,1733573.9294,2039043.8456
13178,1736340.3801,2039732.8278
13179,1736182.83,2038109.1426
13180,1736149.1274,2038079.8726
13181,1737154.1818,2038696.3347
13182,1736821.957,2037806.2584
13183,1737411.8665,2039433.378
13184,1738977.3927,2038331.549
13185,1738735.2951,2038073.2832
13186,1739472.8814,2039790.7344
13187,1739429.2658,2040222.3386
13188,1739029.9269,2039028.5954
13189,1738757.4491,2039995.4013
13190,1738623.9084,2039466.9471
13191,1738753.6726,2040094.3647
13192,1738721.0765,2039283.5219
13193,1738817.1184,2039233.7793
13194,1742869.6896,2034136.7311
13195,1744622.3601,2036324.8777
13196,1744634.467,2036320.5224
13197,1746347.0108,2035179.1976
13198,1744721.5634,2036330.9839
13199,1744721.2363,2036330.047
13200,1747678.9524,2037077.5398
13201,1747665.9522,2037019.5135
13202,1752042.9233,2039466.9738
13203,1747765.0434,2037072.8844
13204,1752134.3098,2037116.9472
13205,1752011.5261,2038406.139
13206,1748929.6071,2034737.3961
13207,1747804.9213,2036716.6109
13208,1747527.6221,2039365.8579
13209,1743259.6407,2039745.9368
13210,1743609.5351,2040450.7606
13211,1744931.4105,2040009.4741
13212,1742179.4924,2040973.2594
13213,1742044.1174,2039073.4737
13214,1741986.9925,2038958.4325
13215,1742045.4733,2039059.1831
13216,1741995.8944,2038963.8331
13217,1742011.394,2041104.2685
13218,1740586.7602,2040327.8994
13219,1738984.7724,2035924.7999
13220,1737903.1062,2037579.8545
13221,1737907.655,2037579.441
13222,1736241.5135,2036709.1086
13223,1735301.3627,2037780.7734
13224,1735281.1233,2037799.8674
13225,1734376.002,2037405.96
13226,1734563.0903,2037820.1617
13227,1734539.1253,2037841.8803
13228,1734194.4924,2036943.0675
13229,1734210.8934,2036938.8158
13230,1734297.8481,2036918.5922
13231,1734551.0219,2036764.3313
13232,1733778.011,2036575.4317
13233,1731899.6248,2037166.9605
13234,1733879.3223,2036490.097
13235,1731865.1258,2037169.8758
13236,1732860.9881,2036735.582
13237,1731943.9891,2036533.2709
13238,1731921.122,2036567.8727
13239,1734167.4698,2034552.3403
13240,1734350.8574,2033954.5795
13241,1737281.5009,2034038.9661
13242,1736779.0558,2032541.3926
13243,1737458.7406,2035175.8829
13244,1739011.6801,2035276.7536
13245,1737726.166,2034512.601
13246,1737672.445,2034463.9884
13247,1737693.8131,2034468.7071
13248,1739568.6179,2034574.8876
13249,1738027.5722,2033215.9811
13250,1740078.0107,2033387.1728
13251,1738214.6972,2033139.0524
13252,1740973.3282,2034354.1401
13253,1741037.6378,2034436.6259
13254,1741608.7434,2033272.9921
13255,1740538.2846,2032527.4055
13256,1739365.9326,2031530.83
13257,1733595.6041,2028682.1737
13258,1733590.6317,2028003.4451
13259,1733494.4437,2027995.3511
13260,1733461.1232,2027957.8738
13261,1733670.4543,2027992.1621
13262,1733657.9142,2027745.1231
13263,1733707.0199,2028013.3645
13264,1734284.6722,2027930.66
13265,1733734.4186,2028216.3874
13266,1734845.7341,2028285.5707
13267,1734773.9405,2028014.9635
13268,1734710.4106,2027835.4746
13269,1734713.2273,2027799.3318
13270,1734717.5913,2027772.9983
13271,1736942.3991,2029719.8454
13272,1737519.7938,2030947.692
13273,1736993.1612,2029875.4996
13274,1737285.8472,2028805.4327
13275,1737152.0333,2029119.9695
13276,1737515.5088,2028406.9534
13277,1735499.3137,2027040.3286
13278,1735060.8413,2027684.2714
13279,1735071.1273,2027733.8704
13280,1736944.4193,2026823.3043
13281,1736849.1827,2026881.0839
13282,1738938.2586,2026619.5834
13283,1737085.5047,2026557.6166
13284,1737087.0489,2026559.7919
13285,1735779.8754,2025662.908
13286,1735691.65,2026355.2117
13287,1735630.3032,2026528.1638
13288,1735658.2358,2026623.626
13289,1735698.5504,2026362.2117
13290,1736236.2403,2025674.2599
13291,1736182.6582,2025683.4555
13292,1736038.6703,2025670.0768
13293,1736349.0302,2025712.2724
13294,1735464.8256,2024461.3613
13295,1731222.5269,2025696.9622
13296,1731295.5317,2025775.8461
13297,1731252.5083,2026094.7791
13298,1730923.825,2025708.0798
13299,1730841.7632,2025540.5935
13300,1731948.3642,2018339.0874
13301,1732036.6307,2018655.6166
13302,1731824.7754,2018528.1377
13303,1731774.1209,2018472.8797
13304,1732677.1279,2018787.8717
13305,1732677.126,2018709.4293
13306,1732598.2776,2018809.3547
13307,1732641.1863,2018813.453
13308,1732375.1441,2019159.7959
13309,1732567.2828,2019235.747
13310,1732693.1503,2018929.7638
13311,1732719.1153,2018899.8711
13312,1733109.3617,2019645.0947
13313,1732802.7115,2018864.3693
13314,1732733.1294,2018857.8766
13315,1732718.4507,2020056.136
13316,1732605.6097,2020089.3136
13317,1733686.2721,2020357.6843
13318,1733694.5537,2020086.3515
13319,1733681.4691,2020543.1129
13320,1735257.6563,2020701.7236
13321,1735259.1991,2020507.7018
13322,1734992.2064,2021917.0446
13323,1735195.5854,2020948.0617
13324,1735313.0631,2020380.3629
13325,1735094.9415,2020282.3513
13326,1735015.1249,2020285.8751
13327,1735279.4376,2020147.0725
13328,1735189.7061,2020074.7296
13329,1735085.127,2019879.8687
13330,1735951.8613,2020195.5993
13331,1735779.4648,2022894.4329
13332,1736325.3002,2021670.0611
13333,1737871.2503,2024280.395
13334,1737322.7582,2023576.3172
13335,1739956.2823,2025533.4827
13336,1740289.3445,2025449.3367
13337,1744245.2071,2027009.8538
13338,1744133.8639,2029829.7715
13339,1743993.453,2029683.2399
13340,1749009.5146,2030773.3998
13341,1749709.3062,2031072.1218
13342,1750572.9716,2031294.0273
13343,1752235.318,2031600.0448
13344,1751077.6671,2031331.738
13345,1752465.2948,2031637.9043
13346,1751312.7183,2031937.728
13347,1751048.6101,2031369.9861
13348,1751437.4806,2032248.8653
13349,1744887.0703,2030552.6507
13350,1745714.7112,2031838.2237
13351,1747499.1674,2034361.651
13352,1746026.9558,2033356.8508
13353,1744679.0102,2031683.401
13354,1744311.7719,2028146.0329
13355,1744258.3729,2028189.4153
13356,1746258.9142,2029872.8303
13357,1744704.7175,2028526.8441
13358,1745407.3183,2027935.8559
13359,1744693.8556,2028377.3604
13360,1746479.1386,2028195.8074
13361,1746153.5211,2028129.2684
13362,1748105.0552,2028514.8795
13363,1748956.4461,2029330.3036
13364,1748351.3934,2028590.2033
13365,1747235.6651,2029628.5543
13366,1748304.1491,2027728.8154
13367,1746132.879,2027954.0035
13368,1741671.0834,2028325.4031
13369,1741895.3637,2023812.6329
13370,1739579.4421,2024693.9247
13371,1739013.3603,2024618.9785
13372,1738680.7406,2024592.9218
13373,1739478.2941,2024708.3995
13374,1736948.7907,2021613.2081
13375,1736696.537,2021857.0113
13376,1736694.2136,2021855.4913
13377,1737056.488,2021721.0321
13378,1736903.606,2021537.598
13379,1736699.8298,2020906.9127
13380,1736351.7535,2020872.1594
13381,1744575.9721,2023720.8854
13382,1737150.884,2021082.584
13383,1736877.8755,2020964.5884
13384,1736585.8232,2020687.4171
13385,1736560.2533,2020639.7237
13386,1736529.6131,2020584.2929
13387,1736799.1454,2020737.0865
13388,1736652.2866,2020783.4845
13389,1736551.5428,2020737.6259
13390,1736661.9792,2020494.0766
13391,1736640.1017,2020499.7443
13392,1736637.3055,2020497.065
13393,1736581.2378,2020491.9357
13394,1737023.0851,2020095.6973
13395,1737152.4725,2020631.1612
13396,1737184.9235,2020659.3253
13397,1737529.4368,2019564.0286
13398,1737280.0126,2019842.4304
13399,1737810.5092,2019165.5263
13400,1738020.1782,2019138.2508
13401,1738206.1497,2018961.2499
13402,1735088.9584,2019327.5704
13403,1735147.8192,2019750.312
13404,1735156.1071,2019245.1977
13405,1735039.6868,2019597.7521
13406,1734805.0115,2019679.9397
13407,1734799.9464,2019675.7769
13408,1734735.1193,2019669.8801
13409,1734916.7384,2019231.8073
13410,1734830.4593,2019436.0157
13411,1734785.6157,2019619.39
13412,1734707.1206,2019641.8711
13413,1734861.1213,2019459.8668
13414,1732952.628,2018041.7486
13415,1732948.5626,2018050.0591
13416,1732469.2529,2018452.8736
13417,1733456.0562,2018478.004
13418,1733608.1222,2018164.8708
13419,1733644.3813,2018115.0472
13420,1733379.0742,2018651.6523
13421,1733027.5358,2018574.8345
13422,1733395.918,2018042.4433
13423,1733393.4539,2018017.7493
13424,1734218.7909,2017427.5498
13425,1733869.7365,2017116.7447
13426,1734662.0865,2017299.4548
13427,1734165.7997,2017071.7671
13428,1735249.2487,2016764.4603
13429,1735394.7559,2016478.7603
13430,1735809.0032,2015220.0715
13431,1731201.7141,2014690.3966
13432,1731724.1993,2016219.0195
13433,1731746.4855,2016292.3096
13434,1731753.13,2016323.8745
13435,1731642.2693,2016405.929
13436,1731683.1345,2016449.8702
13437,1736399.8294,2014867.1148
13438,1737400.3582,2014491.5976
13439,1737861.7529,2014561.8648
13440,1738780.403,2014136.7518
13441,1738020.3679,2015093.2952
13442,1738036.3349,2015044.2809
13443,1738354.7045,2015505.8919
13444,1738144.4532,2015196.8507
13445,1738323.1829,2016712.4308
13446,1738021.882,2016430.5798
13447,1737740.8615,2016232.01
13448,1736734.6549,2017743.5957
13449,1738986.0171,2013625.2651
13450,1738921.1287,2013649.8769
13451,1739417.5204,2014088.1959
13452,1739333.6171,2012582.8274
13453,1739327.1258,2012543.8797
13454,1739733.1236,2012571.8727
13455,1740678.1294,2013250.8754
13456,1740601.1236,2013369.8732
13457,1740566.3233,2014454.5442
13458,1740457.4896,2013776.7966
13459,1740596.8231,2014503.2958
13460,1740620.4267,2014571.5454
13461,1742001.1105,2018994.6229
13462,1741328.0951,2016377.1702
13463,1743030.902,2021047.7979
13464,1742847.512,2020733.1209
13465,1742144.9263,2020142.6397
13466,1743262.4162,2021505.9527
13467,1739359.1134,2014177.7358
13468,1739520.1297,2014499.5736
13469,1740496.3413,2014467.9941
13470,1739486.0638,2014689.0432
13471,1739536.095,2016086.9444
13472,1744473.095,2020818.9714
13473,1742679.8573,2019388.6045
13474,1745610.3647,2021343.0226
13475,1744983.4563,2021557.1552
13476,1744516.7174,2021101.1042
13477,1741424.6026,2014607.0857
13478,1741567.2928,2014825.0477
13479,1741637.121,2014825.8791
13480,1739851.3443,2016130.2298
13481,1740856.1177,2013701.5779
13482,1740619.341,2013407.6918
13483,1741013.1126,2013644.2703
13484,1740846.8786,2013100.6689
13485,1740711.2831,2013236.2337
13486,1740710.3595,2013235.4569
13487,1741311.0787,2013134.7686
13488,1741164.0889,2013123.3505
13489,1741548.6742,2013202.9429
13490,1740587.1237,2012081.8737
13491,1740167.1222,2012221.8762
13492,1739723.9417,2012544.3278
13493,1740920.0975,2012055.6389
13494,1740737.5619,2012170.351
13495,1740736.3611,2012158.2831
13496,1740930.3454,2012465.0303
13497,1740608.9753,2012110.4692
13498,1740907.4466,2012557.1642
13499,1740961.0274,2012781.7542
13500,1740464.3248,2010872.9087
13501,1740109.3401,2012155.2291
13502,1740121.1279,2012156.1907
13503,1741044.7008,2010777.6604
13504,1742477.1233,2011101.8687
13505,1742127.1195,2010639.8726
13506,1742624.1252,2011542.8755
13507,1744238.1258,2016226.6613
13508,1743891.1236,2016113.8679
13509,1742757.126,2016267.8763
13510,1744236.659,2016233.3155
13511,1745524.6503,2016693.3628
13512,1745795.657,2017556.862
13513,1746346.5826,2018156.3948
13514,1742056.7443,2010606.9012
13515,1741424.7472,2010456.9851
13516,1742099.1285,2010583.8735
13517,1741713.1377,2015566.4072
13518,1741705.7519,2015331.0225
13519,1741721.1266,2015259.8706
13520,1741957.6022,2015848.8524
13521,1742001.128,2015805.8769
13522,1743195.6469,2016862.6214
13523,1742779.0926,2016308.4573
13524,1742904.9738,2018356.087
13525,1744410.0177,2019024.2365
13526,1748274.3655,2015750.0104
13527,1748829.0788,2017910.5772
13528,1750579.9149,2019018.9361
13529,1748697.6902,2019313.1083
13530,1749282.5583,2022155.3612
13531,1746683.3588,2020486.8985
13532,1747827.5904,2021833.5
13533,1747126.5642,2021107.3239
13534,1748186.0287,2022418.2718
13535,1748233.0863,2022520.5738
13536,1746650.0715,2021738.1633
13537,1746561.743,2021553.4753
13538,1746677.8113,2021799.4419
13539,1746834.836,2021284.6296
13540,1748201.9414,2018486.7336
13541,1746414.4504,2018468.1687
13542,1746415.3497,2015471.4069
13543,1742045.4475,2014620.5879
13544,1742008.1206,2014622.8756
13545,1742764.5137,2012832.8211
13546,1742618.5378,2012734.9768
13547,1742849.0913,2013127.2755
13548,1742532.6608,2012645.1088
13549,1742505.1262,2012613.8709
13550,1742927.9471,2011179.9264
13551,1742731.7703,2011520.1623
13552,1743010.5484,2011156.117
13553,1743134.0409,2011285.7957
13554,1743615.3168,2011499.6395
13555,1746571.4274,2011560.592
13556,1744954.6508,2011960.505
13557,1745416.7089,2012448.5378
13558,1746301.1286,2012751.2741
13559,1747011.9043,2012999.9491
13560,1746928.3692,2012957.8945
13561,1747104.1241,2012998.8787
13562,1748916.2227,2015305.8169
13563,1747207.1062,2013190.0969
13564,1746480.8016,2013993.9061
13565,1746535.0662,2013338.6927
13566,1748078.9916,2015268.2946
13567,1746480.9832,2014156.7931
13568,1746486.032,2013995.0602
13569,1748251.0246,2013669.8207
13570,1747135.766,2012964.2242
13571,1745578.3206,2014404.259
13572,1744007.0045,2008297.4071
13573,1743634.6656,2008010.3944
13574,1743053.0911,2007396.9545
13575,1744109.528,2009328.6798
13576,1744894.8832,2010279.3943
13577,1745095.9368,2008666.2893
13578,1748292.6986,2004409.3966
13579,1746709.6716,2005696.7654
13580,1748355.8219,2008179.5225
13581,1747182.5924,2009034.53
13582,1746190.1804,2010635.9667
13583,1749040.271,2012942.9099
13584,1749344.1516,2012944.2615
13585,1750117.7518,2009763.1892
13586,1750086.7553,2009459.542
13587,1750201.0218,2009794.692
13588,1750195.1557,2009493.9653
13589,1750805.49,2011811.3112
13590,1750514.9909,2010872.5613
13591,1751823.3829,2013624.8502
13592,1751548.1219,2012348.0198
13593,1751636.6241,2012601.3066
13594,1752871.7789,2013698.3958
13595,1749660.5947,2010340.0825
13596,1749117.2947,2012371.524
13597,1750470.5477,2012254.9013
13598,1750587.3132,2014718.183
13599,1750795.8527,2013035.8336
13600,1750247.9332,2013989.3173
13601,1750228.7947,2012684.9043
13602,1750188.9453,2009463.6919
13603,1750149.1228,2009407.8788
13604,1751926.4321,2012187.1576
13605,1751293.7073,2010088.1528
13606,1751241.1278,2009995.8724
13607,1752464.672,2011756.8558
13608,1751821.5811,2010125.7364
13609,1751773.1214,2010037.875
13610,1752462.9866,2010829.2669
13611,1751969.7372,2010108.4911
13612,1753189.2135,2013030.2929
13613,1752626.2212,2011141.049
13614,1751913.127,2010037.8792
13615,1753109.5811,2009860.7406
13616,1753013.5125,2009571.6325
13617,1752914.1261,2009470.875
13618,1753065.2752,2010470.8696
13619,1753018.9805,2010634.0242
13620,1753845.9663,2012284.6574
13621,1753988.2802,2009686.7138
13622,1754013.1259,2009603.8752
13623,1754507.0022,2010736.1775
13624,1754724.7881,2010145.8983
13625,1754365.4122,2011109.4651
13626,1754962.6501,2011288.4178
13627,1754884.1925,2010346.5228
13628,1754769.4367,2011416.5499
13629,1758023.3848,2010339.8233
13630,1757828.3225,2011536.8259
13631,1758413.9984,2011362.7513
13632,1754266.1948,2013149.5286
13633,1757295.6963,2011646.5144
13634,1758553.6015,2011372.9087
13635,1758619.1272,2011367.8772
13636,1753336.9177,2013927.0344
13637,1757743.564,2013741.405
13638,1757849.1275,2013733.8747
13639,1749459.3358,2015496.4831
13640,1751569.2443,2014695.6631
13641,1757762.0776,2020184.7314
13642,1754946.5032,2020168.1971
13643,1757537.0605,2021966.3277
13644,1755570.3581,2020562.4867
13645,1755563.7403,2020553.7241
13646,1754960.0887,2020179.4311
13647,1754774.2224,2022718.4937
13648,1755881.2927,2023617.4155
13649,1755898.9942,2023676.9947
13650,1756690.247,2025759.1159
13651,1755999.3465,2023886.02
13652,1755907.9784,2023677.5744
13653,1757211.9664,2022879.2821
13654,1754132.1284,2023228.1329
13655,1754210.2315,2026734.7443
13656,1749225.3831,2027256.9083
13657,1750142.8667,2026626.5837
13658,1750310.0041,2026558.3681
13659,1751456.6816,2026338.3787
13660,1751767.944,2027814.776
13661,1751714.4262,2026689.3646
13662,1753267.9477,2030261.3917
13663,1751860.3273,2028050.5113
13664,1751860.3713,2028031.9023
13665,1749764.2466,2025222.0074
13666,1750286.3158,2023719.1654
13667,1751473.976,2023500.3294
13668,1751792.8567,2022790.5476
13669,1751880.779,2022730.1068
13670,1750038.5116,2021182.0652
13671,1752907.8654,2021005.6935
13672,1750771.4543,2019389.4921
13673,1751156.6384,2018016.6596
13674,1756792.7959,2016104.7466
13675,1756736.1284,2016148.8768
13676,1753110.4811,2014357.7774
13677,1756403.8383,2016067.7951
13678,1758149.3153,2015840.0395
13679,1757429.3846,2015148.3251
13680,1757314.4204,2015108.8205
13681,1761243.0851,2018491.6613
13682,1758077.703,2016391.7437
13683,1758872.6098,2018330.2056
13684,1758050.4692,2016317.3307
13685,1761025.8377,2015294.5202
13686,1758524.4933,2013374.4137
13687,1758204.8664,2012974.2706
13688,1758227.122,2012851.8739
13689,1763641.2994,2015040.1827
13690,1759907.1635,2010266.4589
13691,1759306.3647,2010623.7742
13692,1759306.3876,2010623.986
13693,1759235.1204,2010639.869
13694,1762135.6972,2010162.2904
13695,1762752.3562,2009306.5072
13696,1749917.8836,2007559.9746
13697,1748566.8236,2008157.7575
13698,1748560.1696,2008149.3334
13699,1750230.3996,2006423.2274
13700,1748962.9077,2004806.7302
13701,1748959.2818,2004799.5716
13702,1748847.1258,2004815.8679
13703,1752262.2458,2004362.7062
13704,1751701.2472,2004475.4095
13705,1751682.1306,2004430.8732
13706,1752659.1067,2004807.4284
13707,1753530.5755,2005390.9605
13708,1751272.0284,2006574.0943
13709,1751280.7743,2006218.7891
13710,1752169.6449,2007670.3502
13711,1751561.0574,2008150.8041
13712,1751645.048,2005151.2284
13713,1753507.9989,2004277.4967
13714,1753748.9635,2005370.8127
13715,1757090.1659,2008022.2658
13716,1756707.6812,2007021.2156
13717,1754635.9952,2000622.8069
13718,1755953.3274,2001007.8047
13719,1756043.1159,2000951.8687
13720,1755678.2532,2001320.1599
13721,1754956.1759,2001368.4838
13722,1754273.4992,2000805.5656
13723,1753943.5825,2005820.857
13724,1755344.7492,2005533.4902
13725,1755371.1212,2005543.8707
13726,1758607.8433,2009316.5403
13727,1756090.2235,2006606.6764
13728,1756134.1216,2006544.8673
13729,1757067.5553,2006675.0296
13730,1757346.5962,2006660.3601
13731,1759119.1886,2008043.0066
13732,1760853.4167,2007980.9016
13733,1758605.184,2005793.987
13734,1757387.6889,2005059.2431
13735,1757386.826,2005048.5133
13736,1756318.8005,2004814.3664
13737,1756295.1234,2004703.8754
13738,1757909.2564,2004026.3336
13739,1756159.7954,2003438.408
13740,1756033.4307,2003405.465
13741,1755945.1217,2003359.8719
13742,1758003.6246,2002557.7526
13743,1756740.201,2001893.1265
13744,1756659.1191,2001777.8739
13745,1759837.1293,2003765.8748
13746,1759812.9447,2003371.0109
13747,1759550.1205,2003128.8797
13748,1758758.0196,2001180.5969
13749,1760103.361,2003855.0694
13750,1760101.1248,2003859.7007
13751,1761154.1403,2004116.0442
13752,1762029.2682,2006122.4356
13753,1758178.4037,2003799.3403
13754,1759511.5693,2003120.9948
13755,1758673.7545,2004920.9171
13756,1759776.9486,2003387.9079
13757,1760376.4362,2005427.3679
13758,1759804.4288,2003796.1776
13759,1760298.6122,2006676.8598
13760,1760850.7026,2006329.685
13761,1762274.507,2005162.6677
13762,1763575.1174,2002141.8673
13763,1763162.1211,2000804.8733
13764,1766755.7853,2005238.1966
13765,1766529.384,2004438.5552
13766,1767525.9275,2006987.1735
13767,1760783.5772,2001651.9637
13768,1760620.4891,2000603.6032
13769,1760579.1295,2000573.8762
13770,1760447.3014,2002615.0706
13771,1761286.478,2003223.0396
13772,1762236.7868,2000780.6198
13773,1762217.1268,2000741.8755
13774,1762161.5741,2002711.4432
13775,1763641.1374,2000497.6011
13776,1763330.1168,2000562.1888
13777,1764235.4058,2000296.5103
13778,1764738.7674,2000952.9949
13779,1764295.7066,2000754.1716
13780,1764930.4878,2001029.9816
13781,1764434.573,2000086.0273
13782,1764628.3168,2000084.6178
13783,1762298.7,2000641.9815
13784,1762287.1341,2000699.8702
13785,1762550.7323,1998981.9197
13786,1761337.3818,1999922.6326
13787,1761335.1204,1999943.8748
13788,1761733.6811,1998760.0107
13789,1763175.4454,1998043.7833
13790,1766092.8318,1998203.7829
13791,1765795.9986,1996621.8795
13792,1767870.7547,1996593.6803
13793,1767038.5726,1996612.86
13794,1767929.1252,1996499.8775
13795,1766374.6363,1996396.508
13796,1767630.6095,1995104.9122
13797,1767931.6612,1996436.4229
13798,1767935.781,1996437.7775
13799,1768019.7276,1996584.887
13800,1767959.3262,1996531.97
13801,1769020.363,1996319.4405
13802,1768336.3647,1996379.6049
13803,1769768.9273,1996686.3431
13804,1769799.0493,1996343.49
13805,1770007.4702,1996634.4728
13806,1770967.17618034,1996548.38901158
13807,1770977.53264569,1996563.60562952
13808,1770896.7379,1996070.7807
13809,1768276.1959,1994639.2713
13810,1769194.6736,1995561.9266
13811,1769311.7414,1995811.4952
13812,1769313.2122,1995735.5908
13813,1769477.8842,1995922.1968
13814,1769198.7006,1995520.7891
13815,1768959.1116,1995288.5353
13816,1767995.8272,1996992.2182
13817,1765408.6555,2002030.4225
13818,1766606.406,2000870.6615
13819,1766952.1038,2001031.9602
13820,1766683.3796,2000780.0851
13821,1767122.7091,2001180.4491
13822,1768042.6715,2000710.372
13823,1768127.8991,2000663.6964
13824,1767755.9846,2000827.7199
13825,1768518.3885,1999838.8318
13826,1768457.8012,1999659.7108
13827,1768495.8581,1999258.1716
13828,1768487.7642,1999017.1761
13829,1768721.3135,1998872.208
13830,1768477.7783,2000147.7923
13831,1768279.9889,1999751.4281
13832,1769251.1809,1997214.7044
13833,1772203.6047,1997529.5951
13834,1771056.9144,1998091.0129
13835,1770346.0304,1999334.8502
13836,1768815.3862,1999132.3906
13837,1768835.6625,1998902.9954
13838,1769085.2458,1999379.2605
13839,1769092.64407859,1999396.87380842
13840,1768902.5335,1999412.0604
13841,1767631.1479,1997239.3444
13842,1767467.5952,1997486.6855
13843,1768166.907,1994528.1141
13844,1767853.4751,1994418.704
13845,1770586.0292,1992403.0152
13846,1768371.3271,1992226.5349
13847,1770782.1998,1992136.6771
13848,1769231.3624,1991609.0085
13849,1770790.2801,1994953.5619
13850,1771167.22,1994328.0363
13851,1769579.7854,1995708.3811
13852,1769811.7191,1996159.7061
13853,1769981.0951,1996278.9892
13854,1770918.6733,1995452.7236
13855,1772791.8491,1997274.5421
13856,1772419.9273,1996999.6389
13857,1772402.6547,1997781.6839
13858,1772438.6091,1997805.4751
13859,1772481.1992,1998088.3472
13860,1772808.2139,1998379.5032
13861,1772773.3754,2000730.9889
13862,1772878.2839,1999521.6893
13863,1773193.514,2001090.253
13864,1773983.2226,2001319.1126
13865,1774310.9105,2001641.9531
13866,1774832.753,2002770.372
13867,1774835.9319,2003010.2579
13868,1775066.2263,2003411.2495
13869,1774023.8894,2006474.5001
13870,1775004.5875,1999793.9696
13871,1775744.478,2000592.584
13872,1777200.9952,2002421.1088
13873,1771510.0005,2005269.3673
13874,1772201.5855,2001305.118
13875,1772307.046,2002138.1987
13876,1770435.3824,2004572.1251
13877,1770368.6396,2004917.308
13878,1770662.2327,2001037.6765
13879,1772307.9001,1998876.5684
13880,1771534.6178,1997372.344
13881,1777583.5173,1995623.803
13882,1777594.4888,1995563.1514
13883,1776969.2741,1998259.6778
13884,1775675.7119,2000461.5715
13885,1775482.6734,2000263.4127
13886,1776818.8298,1997408.6523
13887,1778066.5464,2000900.6241
13888,1778376.1628,1996636.5617
13889,1779711.8731,2000242.7728
13890,1779733.9346,1999912.3635
13891,1777558.2538,2002287.9696
13892,1777040.3655,2003625.8492
13893,1780348.4099,2001885.6326
13894,1780521.5037,2001918.9963
13895,1780522.6286,2001916.7448
13896,1780599.1274,2001945.8743
13897,1780456.8148,2003397.4642
13898,1780541.865,2002278.3694
13899,1780613.1261,2002225.8765
13900,1776549.1097,2005884.3294
13901,1779695.4038,2006752.1225
13902,1779703.1247,2006752.5245
13903,1779829.1251,2006803.8739
13904,1771835.4641,2006595.745
13905,1774925.5537,2009275.1639
13906,1774263.4888,2011143.2745
13907,1775808.4454,2011674.7407
13908,1775881.1278,2011619.8771
13909,1766824.0101,2013527.3478
13910,1774264.8532,2015030.7657
13911,1767870.2207,2018880.7323
13912,1771080.3938,2017568.3996
13913,1766215.183,2019107.8178
13914,1765408.8961,2018848.9503
13915,1761060.0352,2020466.6127
13916,1764413.7846,2017541.2993
13917,1773197.5589,2024918.8944
13918,1771144.1276,2025740.448
13919,1774678.5591,2028626.6803
13920,1774700.8404,2031768.615
13921,1772885.3665,2032084.4172
13922,1770806.0733,2030629.5695
13923,1760587.6133,2037070.6652
13924,1765465.6324,2037116.4656
13925,1760331.5951,2046918.0459
13926,1758462.1088,2044950.1931
13927,1758444.3787,2043319.5829
13928,1761320.9524,2044624.1057
13929,1761378.688,2043094.4218
13930,1759064.9457,2042562.045
13931,1761822.245,2042089.7442
13932,1761954.6077,2042074.6233
13933,1761950.8771,2042068.6228
13934,1764795.6803,2038141.595
13935,1764426.0038,2038426.1203
13936,1764409.4161,2038439.0388
13937,1761248.764,2039528.2596
13938,1760693.1513,2039971.8266
13939,1757886.3471,2040677.4379
13940,1756551.3226,2042555.207
13941,1756488.6441,2042685.7447
13942,1755471.9078,2040122.4592
13943,1761484.8739,2034611.4994
13944,1761432.9416,2034670.8485
13945,1767261.8954,2042959.8309
13946,1768406.4032,2042871.0608
13947,1768470.0612,2042990.3749
13948,1768294.2687,2043905.0671
13949,1768087.7138,2048875.4782
13950,1767699.0917,2049264.3595
13951,1772099.9482,2039359.3963
13952,1771690.5586,2036697.9104
13953,1768377.3809,2035212.0712
13954,1767422.2277,2032060.7587
13955,1765439.9163,2025746.1937
13956,1765762.907,2025650.8267
13957,1765518.1311,2026308.6098
13958,1764115.0968,2028584.0207
13959,1765553.2812,2026497.7973
13960,1762297.9481,2022916.5597
13961,1765002.6524,2025139.4361
13962,1763738.397,2026042.6565
13963,1763563.9343,2026119.3363
13964,1761238.1571,2027744.5213
13965,1762004.1432,2030541.0109
13966,1762769.8729,2029156.1733
13967,1762821.2646,2029099.3208
13968,1754304.0397,2030311.4876
13969,1757355.6427,2027434.6538
13970,1761127.8561,2033680.3068
13971,1761205.566,2034499.2041
13972,1759877.0304,2037850.1737
13973,1755696.179,2039533.9607
13974,1756408.5945,2036770.7846
13975,1754479.4968,2036849.7694
13976,1754388.217,2035849.1331
13977,1754728.0017,2038613.4539
13978,1753184.3165,2038179.3169
13979,1761514.1119,2032158.1977
13980,1760047.4526,2030293.3095
13981,1758969.1286,2025834.4289
13982,1761209.6422,2025596.2734
13983,1775672.0122,2016306.7704
13984,1775718.0316,2016227.6832
13985,1775915.4047,2016048.3457
13986,1774536.6299,2014726.1013
13987,1775481.4249,2016605.9082
13988,1774538.3169,2014718.5775
13989,1777212.2352,2011070.7888
13990,1777327.0139,2010625.9448
13991,1776360.6297,2012644.2679
13992,1777705.1449,2012479.1552
13993,1778344.9072,2022738.8537
13994,1779545.5642,2021571.8198
13995,1781675.5823,2025963.875
13996,1777259.5169,2028396.5114
13997,1776535.2196,2028620.2022
13998,1777163.6415,2028374.9138
13999,1776704.4192,2026833.267
14000,1777738.0032,2024384.6311
14001,1783971.8978,2013007.822
14002,1787089.2785,2018180.6532
14003,1787084.6017,2020964.5623
14004,1786574.223,2023405.3344
14005,1786477.1447,2025581.8586
14006,1782842.4995,2025425.6002
14007,1782821.6139,2022446.6099
14008,1781721.3097,2020509.5355
14009,1784009.2673,2016290.4642
14010,1782827.8112,2015329.0763
14011,1782868.6759,2015022.7246
14012,1782793.3291,2015047.7744
14013,1783231.8133,2014957.5528
14014,1783230.9329,2014959.9584
14015,1784148.9608,2015204.3618
14016,1785885.4559,2015696.8452
14017,1785851.4508,2014705.5843
14018,1785339.8688,2007515.4823
14019,1784331.2954,2009625.4857
14020,1784728.8581,2009739.0377
14021,1788486.8957,2008697.6696
14022,1785648.0632,2012842.3581
14023,1784767.3945,2012217.2263
14024,1783765.8536,2006578.422
14025,1781724.1977,2005906.3978
14026,1781721.9209,2005899.7745
14027,1781621.1266,2005907.872
14028,1783646.0235,2004768.2003
14029,1781859.1014,2004556.1508
14030,1785090.1634,2004886.9361
14031,1783820.2788,2004636.644
14032,1781915.1251,2004465.8746
14033,1784669.1182,2003050.6954
14034,1782394.7627,2003796.2325
14035,1782315.6667,2003786.2095
14036,1782195.1258,2003709.8738
14037,1779806.4287,1997300.1328
14038,1780114.9446,1997466.2455
14039,1779718.5599,1997162.2439
14040,1779699.4772,1997097.5207
14041,1779661.1218,1996905.8755
14042,1781402.6021,1994031.7735
14043,1780084.4083,1994633.865
14044,1782116.5001,1994114.8783
14045,1782090.4012,1993977.636
14046,1782360.3981,1994923.6825
14047,1781825.4726,1995222.2087
14048,1782113.0066,1996024.9748
14049,1781737.0409,1995144.661
14050,1781382.1296,1995244.1825
14051,1788872.155,1999778.1472
14052,1789967.792,1994234.4703
14053,1789288.4467,2000984.7664
14054,1789415.9417,2001573.763
14055,1789036.8701,2001869.4296
14056,1787713.6119,2004446.4444
14057,1786735.0771,2007028.7697
14058,1789269.3685,2006994.1454
14059,1791292.542,1993876.4167
14060,1793240.1263,1994587.5463
14061,1793241.1162,1994567.8684
14062,1795666.5423,1997552.9497
14063,1795816.3329,1995714.214
14064,1795509.1336,1998237.9876
14065,1795288.8186,2000731.4194
14066,1799608.9791,1997578.6088
14067,1799092.4694,1997511.8608
14068,1801430.3838,1997237.9805
14069,1797048.688,1997625.9742
14070,1796904.8251,1996275.8186
14071,1796904.5259,1996268.0743
14072,1796960.3266,1998576.4835
14073,1797856.9701,2001414.3461
14074,1801253.0364,1996698.2166
14075,1800532.6055,1998515.8126
14076,1801476.6641,1999533.8986
14077,1799082.53,1999508.4062
14078,1800433.7311,1993609.5319
14079,1798842.0213,1993641.7251
14080,1802142.7833,1995650.0008
14081,1802009.7113,1995793.5071
14082,1801560.7957,1995210.7876
14083,1796575.1727,1992116.8593
14084,1794292.406,1994772.7708
14085,1794263.1203,1994791.8799
14086,1794992.8097,1992324.6963
14087,1792525.1993,1994131.3651
14088,1796965.1203,1988295.8779
14089,1796881.1326,1988309.8752
14090,1797099.9951,1988253.5224
14091,1798619.9117,1987705.4225
14092,1797280.7989,1985969.3542
14093,1795751.413,1987438.4671
14094,1795663.1266,1988264.3168
14095,1795663.126,1988281.8749
14096,1795341.5541,1983600.5101
14097,1793216.6184,1985192.7419
14098,1795417.5402,1983625.6932
14099,1797839.0954,1984241.2912
14100,1795711.8547,1983594.787
14101,1796979.9104,1982676.7969
14102,1795678.4671,1983137.4777
14103,1797157.4904,1980281.3755
14104,1792382.0843,1981726.9054
14105,1792949.4881,1978383.3067
14106,1791638.3627,1978681.3396
14107,1794458.7242,1976512.4688
14108,1793528.8706,1978514.2856
14109,1794916.3354,1977810.0402
14110,1795021.8805,1977799.7104
14111,1795283.5406,1978171.8524
14112,1797107.4957,1979349.5191
14113,1795598.1533,1978229.8071
14114,1795598.898,1978222.4605
14115,1742555.1116,2026794.7485
14116,1743326.7521,2026253.1263
14117,1744104.7856,2026138.4178
14118,1743923.108,2026237.5558
14119,1743809.3039,2026286.0062
14120,1743921.1076,2026237.3209
14121,1744340.9226,2026376.9596
14122,1745288.6617,2026509.7793
14123,1745449.6463,2025662.7827
14124,1745648.8178,2025683.0461
14125,1748039.8161,2026659.3544
14126,1745530.147,2024748.116
14127,1745642.0273,2024462.8577
14128,1745982.5326,2025186.6794
14129,1746408.7746,2025112.5658
14130,1747930.8186,2025306.322
14131,1747736.8181,2025168.9985
14132,1747553.2058,2025031.3305
14133,1748058.6395,2025463.2019
14134,1744157.9219,2026575.622
14135,1744106.9262,2026643.1792
14136,1732038.5301,2025572.9452
14137,1731737.9498,2025757.2254
14138,1732760.6851,2021128.4248
14139,1766710.3101,2030766.5209
14140,1767319.7313,2029596.4372
14141,1767505.8382,2029375.1648
14142,1767743.2231,2029005.0529
14143,1764059.5596,2033570.1397
14144,1762201.5006,2031759.8154
14145,1769309.6667,1997819.1716
14146,1769314.4574,1997843.8804
14147,1769165.628,1998048.8327
14148,1785482.9883,2000227.0446
14149,1784380.2293,1994693.9435
14150,1731051.1317,2036614.953
14151,1731069.254,2036587.7299
14152,1731675.6515,2021579.9868
14153,1731438.4853,2021675.3643
14154,1731868.9732,2021141.7075
14155,1732590.2377,2019248.6071
14156,1732751.3932,2019029.0564
14157,1731960.4146,2027551.8575
14158,1732146.3029,2027293.4588
14159,1728945.6721,2030427.4558
14160,1742393.1237,2013369.8745
14161,1742432.5812,2013401.4421
14162,1740926.6911,2014725.7747
14163,1740961.4521,2014732.2279
14164,1755875.125,2004045.8754
14165,1795432.3804,1983586.8529
14166,1795482.1943,1983503.4263
14167,1763367.3252,2046192.5437
14168,1731228.9026,2036491.6532
14169,1765911.0148,2036519.4779
14170,1734388.842,2033957.7073
14171,1732476.5534,2032072.9443
14172,1732742.266,2031931.9486
14173,1728793.5645,2030711.9527
14174,1740479.0145,2028435.4584
14175,1768942.9138,2025317.4215
14176,1779632.5743,2020981.3963
14177,1779624.5956,2020879.6603
14178,1733570.5973,2020508.1385
14179,1746358.8808,2018626.6378
14180,1734707.1291,2019949.8688
14181,1733679.5645,2020072.526
14182,1733651.6109,2020105.7735
14183,1733643.1226,2019851.8754
14184,1733643.1216,2019823.866
14185,1733881.1251,2019389.8747
14186,1734329.1221,2019319.876
14187,1750284.9492,2020017.6743
14188,1732905.7289,2019527.2734
14189,1731543.1206,2018395.8802
14190,1732257.1229,2018297.8658
14191,1731835.3441,2018314.4048
14192,1731515.1258,2018073.8765
14193,1731163.4621,2018168.0158
14194,1735250.1081,2019062.9619
14195,1734706.6771,2017973.8196
14196,1733097.1224,2017919.8752
14197,1741581.1251,2015063.8769
14198,1738931.4596,2014398.5999
14199,1738655.1209,2013061.8669
14200,1740460.1291,2013524.7854
14201,1775097.1269,2012655.8726
14202,1775531.1218,2012123.8733
14203,1744341.2768,2011667.6355
14204,1744177.8801,2011660.4879
14205,1757820.2556,2010302.344
14206,1758934.1221,2010744.8792
14207,1758283.1192,2010303.8742
14208,1750365.0538,2010243.2508
14209,1770895.5727,2009522.3199
14210,1752067.1234,2009743.877
14211,1752613.1226,2009379.8759
14212,1752123.1254,2009477.8725
14213,1753061.1258,2009337.8695
14214,1750387.1156,2009253.8774
14215,1778387.1255,2009281.871
14216,1754670.2873,2003764.1073
14217,1755368.4772,2003531.8925
14218,1755980.1199,2005074.8715
14219,1755946.8862,2003333.4191
14220,1756022.1285,2002288.8773
14221,1765213.1286,2002645.8669
14222,1754780.826,2002280.7106
14223,1754797.1201,2002337.878
14224,1762105.1247,2000237.8699
14225,1759933.6401,1999604.3179
14226,1780739.1228,2000419.8721
14227,1779927.1323,1999957.875
14228,1772747.471,1999229.6358
14229,1772314.9442,1998833.4463
14230,1766831.26,1999285.9899
14231,1770945.8668,1997895.3686
14232,1779507.1167,1996989.8781
14233,1779801.1229,1996751.8741
14234,1779822.1257,1996506.872
14235,1795841.6979,1995523.3069
14236,1779766.1221,1996324.8746
14237,1779633.128,1996177.8764
14238,1770976.5783,1996556.4703
14239,1793189.0588,1994499.7919
14240,1796306.9533,1991887.9084
14241,1794693.705,1990371.3145
14242,1794333.1271,1989205.8772
14243,1793269.2903,1989229.5474
14244,1758973.8991,2010746.605
14245,1779318.3037,1996148.9734
14246,1778877.1266,2008973.872
14247,1779528.1516,2007531.401
14248,1779663.9087,2006927.0906
14249,1779398.1933,2008109.9503
14250,1768321.4213,2026391.5428
14251,1762922.3146,2048116.6256
14252,1765807.6627,2036751.3129
14253,1751577.1207,2009995.8738
14254,1753166.1252,2008966.8683
14255,1757975.1279,2010261.8743
14256,1757821.1228,2010233.8702
14257,1759350.0715,2010959.4274
14258,1758045.1222,2012879.8749
14259,1758549.1333,2012361.8712
14260,1731550.315,2018252.1478
14261,1731046.931,2035652.4406
14262,1731109.2504,2037978.8708
14263,1735666.2147,2028025.3056
14264,1733793.8922,2020617.8197
14265,1733761.7413,2019668.7556
14266,1728621.7917,2029666.6205
14267,1728910.3875,2028944.6065
14268,1730683.1369,2027298.8583
14269,1732053.8315,2027215.8708
14270,1731991.1245,2027145.8715
14271,1731992.9436,2026757.5079
14272,1731935.1265,2026641.8728
14273,1732530.4178,2031711.8669
14274,1732569.9953,2031497.3467
14275,1731303.367,2036539.0328
14276,1731281.7927,2036531.6462
14277,1731422.1975,2036444.4302
14278,1735957.9246,2034873.753
14279,1736819.4048,2036531.9069
14280,1736260.9341,2035148.0614
14281,1742913.1195,2028959.1318
14282,1732388.3403,2018435.1993
14283,1738923.301,2013687.5999
14284,1738799.2883,2015173.2018
14285,1741091.125,2016095.9955
14286,1746732.1236,2020791.8407
14287,1757450.1545,2009992.9
14288,1757359.7687,2010089.1026
14289,1756531.9783,2000656.8299
14290,1755939.1166,2002275.1101
14291,1755870.2276,2003395.5785
14292,1765298.8283,2002684.0134
14293,1765298.9654,2002675.0649
14294,1772429.4847,1998597.2218
14295,1770114.4709,2007407.4171
14296,1797668.9847,1996548.4527
14297,1793088.0698,1991481.2389
14298,1798746.9882,1989643.5855
14299,1797135.2017,1988440.3205
14300,1796919.4646,1988342.735
14301,1797130.0359,1988440.1703
14302,1727590.3169,2028806.8491
14303,1727543.5545,2028740.9033
14304,1726962.4238,2027457.56
14305,1727984.7354,2027008.5441
14306,1733434.5356,2028718.1179
14307,1731669.1249,2026333.8747
14308,1731277.1233,2026081.8665
14309,1730997.1649,2026172.5036
14310,1729104.5569,2026113.4617
14311,1730407.1741,2026434.9786
14312,1730703.1237,2026921.8752
14313,1734398.6909,2011997.746
14314,1735075.6648,2011151.123
14315,1739194.1167,2012858.8738
14316,1772381.1259,1993741.8701
14317,1772652.5497,1993865.7994
14318,1772003.4926,1994092.992
14319,1771844.256,1993964.0239
14320,1751636.6512,2004476.1899
14321,1767919.4288,2003539.4821
14322,1763792.1245,2003030.8761
14323,1763597.87,2002187.3599
14324,1765649.7126,2006807.4101
14325,1764493.7499,2005492.6899
14326,1764282.3695,2005353.4736
14327,1763831.473,2003433.9677
14328,1764490.2602,2005487.4807
14329,1763833.4541,2003426.2719
14330,1755965.2688,2005187.7282
14331,1755462.1301,2005438.8723
14332,1753663.2455,2007828.9132
14333,1754953.1485,2006011.9039
14334,1742785.1252,2011983.8798
14335,1742505.1248,2011857.8706
14336,1742547.1271,2011661.8738
14337,1756365.126,2005921.8788
14338,1756205.8229,2006608.516
14339,1756205.054,2006603.2257
14340,1780817.5007,2001791.8781
14341,1781015.6941,2000909.5863
14342,1780690.1293,2002358.8864
14343,1772465.1288,1995911.867
14344,1772101.1275,1995631.8751
14345,1772457.2494,1996035.4438
14346,1773263.125,1994651.8798
14347,1773005.7994,1994263.9738
14348,1772297.1232,1995253.8737
14349,1763878.4806,2025808.1981
14350,1735246.1153,2003492.8646
14351,1782714.4716,2015080.3331
14352,1782713.1225,2015105.8728
14353,1779739.4441,2021148.7496
14354,1779766.8624,2021371.4976
14355,1771793.1231,2017373.8665
14356,1767767.1239,2032309.6228
14357,1767887.1242,2032633.8727
14358,1768223.1291,2034999.8772
14359,1767929.1299,2035937.8733
14360,1765521.1312,2037113.8685
14361,1761391.1227,2043021.8745
14362,1765052.1269,2025150.8749
14363,1763659.1234,2026277.8797
14364,1763923.5174,2026206.6904
14365,1759613.1241,2027929.871
14366,1759893.1236,2029581.8809
14367,1759956.1226,2030162.8741
14368,1756533.1234,2017765.8794
14369,1756421.1288,2017695.8747
14370,1751710.1222,2026340.8783
14371,1751500.1229,2026382.8791
14372,1743989.1268,2029637.8707
14373,1744164.1227,2028314.8723
14374,1739341.127,2031485.8694
14375,1747629.1242,2036875.8732
14376,1747825.1205,2036763.874
14377,1775041.1205,2009351.8693
14378,1770601.2645,2030622.542
14379,1728071.1228,2029693.8662
14380,1734875.1212,2041033.8779
14381,1735673.1271,2026837.8768
14382,1732383.1258,2019865.873
14383,1732313.1154,2019459.8689
14384,1751059.1294,2031331.875
14385,1750737.1235,2031079.8738
14386,1750739.4799,2031018.1895
14387,1744619.1233,2028419.8704
14388,1746019.125,2027999.8769
14389,1736989.1228,2020019.8762
14390,1738044.5956,2015027.0175
14391,1738581.5052,2015329.849
14392,1741987.12,2019039.869
14393,1741119.1231,2013103.8668
14394,1746397.1262,2018423.8766
14395,1746887.1249,2021083.8771
14396,1742869.1262,2013229.8716
14397,1746416.1502,2012795.96
14398,1750429.1305,2012613.87
14399,1758157.8776,2015843.8706
14400,1758087.1222,2016281.8718
14401,1768335.1274,2001091.8698
14402,1768419.1221,2000181.8741
14403,1768181.1284,1999803.8754
14404,1767831.1228,1999915.8733
14405,1766669.1278,2000727.8792
14406,1768335.1217,2000629.8766
14407,1780116.1196,1997500.877
14408,1738025.1202,2033179.8697
14409,1732411.1236,2031261.879
14410,1732537.1213,2031233.8746
14411,1733909.1223,2031919.873
14412,1734105.1247,2031303.8752
14413,1736709.1267,2032353.8749
14414,1733139.1262,2031569.8704
14415,1733489.1226,2028797.8789
14416,1733811.1293,2029637.8723
14417,1733489.1255,2030211.8674
14418,1733097.124,2030883.8756
14419,1732186.0838,2032517.6336
14420,1732228.4196,2032587.0616
14421,1734369.6768,2033883.4468
14422,1732793.2141,2028834.4921
14423,1731054.3792,2035649.4926
14424,1733881.1263,2032339.8713
14425,1737451.1246,2032297.8756
14426,1732915.1181,2032955.8769
14427,1733181.1256,2032941.8734
14428,1733013.1242,2032983.8805
14429,1732738.3577,2032068.4999
14430,1763882.101,2025985.5432
14431,1731672.5934,2025820.2407
14432,1731621.0775,2025872.8458
14433,1750871.6469,2030442.948
14434,1742020.034,2026064.7868
14435,1740551.9076,2025357.5412
14436,1740507.8639,2025232.8328
14437,1740460.3904,2025268.0922
14438,1792565.8382,1975171.8508
14439,1792171.6683,1974313.1349
14440,1791622.0825,1973548.3711
14441,1790921.5473,1973576.7469
14442,1793401.8796,1973311.592
14443,1793654.9017,1969920.5224
14444,1791127.5445,1968407.4991
14445,1775545.1222,1948045.8701
14446,1778737.1236,1947149.8745
14447,1774849.868,1947765.8769
14448,1772092.5453,1950325.5263
14449,1771730.6757,1950029.126
14450,1771718.1909,1949957.993
14451,1772312.5661,1950529.7522
14452,1772613.8366,1948441.4008
14453,1772398.7203,1950617.3602
14454,1771458.2292,1951330.0184
14455,1772229.4088,1950763.5556
14456,1770987.8194,1951046.1925
14457,1770529.4123,1950870.201
14458,1767943.271,1949012.0969
14459,1767922.1225,1948948.8775
14460,1767733.6305,1948934.3745
14461,1767805.0042,1948902.8181
14462,1765806.7273,1948065.5846
14463,1765934.9206,1948162.1532
14464,1761313.2432,1947639.7036
14465,1765006.0712,1947886.4343
14466,1770539.3083,1945291.4861
14467,1771073.3011,1945359.2746
14468,1771107.123,1945385.8745
14469,1768546.0266,1943625.1892
14470,1768376.124,1943495.7748
14471,1767387.1748,1943106.9817
14472,1766367.417,1942916.3435
14473,1766420.0699,1942946.3338
14474,1766493.5821,1943057.1163
14475,1766622.9304,1943125.043
14476,1765791.468,1942805.123
14477,1765852.7107,1942784.4715
14478,1765339.2224,1942834.1439
14479,1763977.1735,1941940.0955
14480,1760508.6290076,1939486.56847321
14481,1761125.1185,1961485.8755
14482,1761209.1293,1961569.8754
14483,1756855.0378,1961954.6716
14484,1757032.2902,1961980.6304
14485,1757467.5263,1961538.0475
14486,1757986.073,1961781.1148
14487,1756543.5621,1961836.0653
14488,1757993.811,1961783.9777
14489,1758570.1245,1961212.8778
14490,1759229.7808,1960921.1325
14491,1756224.8579,1961773.6563
14492,1755354.327,1960987.9499
14493,1755258.1491,1959285.3596
14494,1754998.3013,1958839.245
14495,1755413.1979,1958781.0018
14496,1754792.5142,1956476.715
14497,1755014.2627,1956522.9863
14498,1753121.3352,1955511.7749
14499,1753044.5885,1955392.3737
14500,1752369.8617,1955448.4755
14501,1752065.4099,1955368.1901
14502,1750358.9296,1954773.7278
14503,1750871.6369,1954716.0529
14504,1749506.746,1953986.7549
14505,1748886.9442,1953595.2003
14506,1746683.5218,1953792.3655
14507,1748114.7283,1953742.7435
14508,1748417.5044,1953725.4589
14509,1748450.983,1953667.164
14510,1743611.7254,1951564.025
14511,1761881.1142,1960757.8721
14512,1762194.5874,1961351.331
14513,1761729.7069,1958432.0571
14514,1761691.6231,1959048.9329
14515,1761619.6523,1957832.4514
14516,1761536.6274,1958279.1404
14517,1761821.6404,1957348.9279
14518,1761763.6594,1957717.0736
14519,1761340.1413,1957381.9997
14520,1761269.0838,1956932.8572
14521,1761217.5224,1955413.483
14522,1760379.4322,1953066.5285
14523,1761228.5353,1951506.6727
14524,1758678.1447,1951782.3786
14525,1758865.3784,1952207.2198
14526,1757724.6622,1951185.9196
14527,1757841.7824,1951227.5029
14528,1756742.7737,1950028.8352
14529,1757007.7162,1950510.2459
14530,1756080.9942,1949360.0812
14531,1754693.0267,1947672.0732
14532,1754426.1746,1947187.6025
14533,1754257.6085,1947063.7254
14534,1754167.6158,1946431.7289
14535,1754406.0766,1944088.2894
14536,1752274.7077,1969367.7716
14537,1752410.7525,1969720.9039
14538,1752171.1677,1968446.4756
14539,1752111.8876,1968785.4339
14540,1751618.4628,1967633.6547
14541,1750336.1937,1966599.516
14542,1750136.3353,1966079.9376
14543,1749411.9206,1965893.8945
14544,1748317.6896,1965865.3428
14545,1748216.137,1964537.0735
14546,1747914.9427,1963892.0008
14547,1747794.1509,1963119.2592
14548,1747662.0541,1962830.0278
14549,1746520.1315,1962538.7031
14550,1744770.0902,1962496.9869
14551,1744677.4567,1962461.0719
14552,1743274.4044,1961286.5694
14553,1743621.86,1961997.5817
14554,1742072.121,1960869.8965
14555,1741067.6466,1960491.0354
14556,1740227.9299,1960006.2577
14557,1738667.0539,1961543.6503
14558,1738412.7739,1961918.8523
14559,1738265.7948,1962359.6554
14560,1738316.9307,1962370.8131
14561,1737233.7342,1963929.176
14562,1747067.9159,1960978.2035
14563,1746670.1197,1960409.6795
14564,1744040.3892,1957260.3404
14565,1744113.8964,1957313.0995
14566,1743760.5672,1957125.9034
14567,1743967.1563,1957218.1366
14568,1744151.8892,1957363.3819
14569,1745650.4791,1959388.3414
14570,1742768.0236,1955095.5389
14571,1742758.2504,1954205.9661
14572,1742478.3632,1951351.4053
14573,1750435.2518,1973034.0345
14574,1750691.068,1973124.5984
14575,1751885.1271,1972909.8745
14576,1751970.6764,1972942.8748
14577,1749942.3362,1972920.0538
14578,1749590.6496,1972937.0627
14579,1749365.4242,1973081.7924
14580,1748089.1517,1973761.7946
14581,1748579.4729,1973478.5112
14582,1747065.2784,1974127.0436
14583,1747590.2558,1973861.9209
14584,1746619.4698,1973963.0273
14585,1746267.4893,1974670.8621
14586,1746334.4867,1974530.6586
14587,1745307.7835,1975504.7258
14588,1744645.5124,1975936.5784
14589,1744398.2829,1976029.1444
14590,1744327.9343,1976079.31
14591,1744006.9037,1976074.1625
14592,1743891.6517,1976164.3286
14593,1742647.0623,1976501.8527
14594,1742785.4472,1976563.9006
14595,1742827.5625,1977681.7974
14596,1742967.6941,1977245.1053
14597,1741816.1537,1978148.4398
14598,1741963.3983,1978051.8479
14599,1741630.7718,1978704.0503
14600,1739475.5111,1981894.6213
14601,1740534.579,1979869.9897
14602,1737303.2809,1983080.9181
14603,1735714.556,1983787.7659
14604,1734775.4606,1981913.5778
14605,1732959.4878,1980777.7955
14606,1732400.9481,1980645.6662
14607,1731838.8864,1979512.5031
14608,1729423.3995,1979225.3707
14609,1727543.4621,1980039.3313
14610,1725732.0254,1981745.033
14611,1741630.2066,1991802.9505
14612,1741973.1267,1991669.875
14613,1741105.1209,1991459.8736
14614,1733655.2427,1989411.6777
14615,1733746.806,1989476.2512
14616,1733439.3289,1989220.2893
14617,1732092.1559,1988995.1685
14618,1730664.0928,1988692.0541
14619,1730727.7544,1988719.0451
14620,1730472.1235,1988722.8705
14621,1730165.1374,1988712.0339
14622,1730445.215,1988691.6482
14623,1730447.4876,1988691.8223
14624,1729834.3381,1988007.2904
14625,1728320.5201,1986761.3635
14626,1728856.7479,1987232.5706
14627,1727380.9991,1986296.8287
14628,1726460.6867,1984975.3691
14629,1725208.8983,1984679.0841
14630,1725019.6762,1984057.6669
14631,1726387.3907,1982378.7161
14632,1734676.1237,2002874.0003
14633,1734987.1233,2002785.8663
14634,1734329.1248,2002617.8777
14635,1732588.3112,1999590.8218
14636,1732355.8693,1999912.9839
14637,1731691.2784,1997203.4869
14638,1731582.1314,1996817.4512
14639,1728174.3041,1995668.4986
14640,1727684.821,1995372.8955
14641,1726245.8212,1994232.5813
14642,1727342.5631,1994862.5839
14643,1724409.1315,1992588.2116
14644,1724116.3676,1992146.42
14645,1723634.4351,1991414.019
14646,1722118.9017,1989939.2982
14647,1732018.0522,1977010.1699
14648,1730155.7507,1976158.2819
14649,1758890.5798,1951613.7804
14650,1758810.9637,1951659.277
14651,1758892.4174,1950962.6465
14652,1758737.9916,1950190.3435
14653,1758416.4425,1949720.104
14654,1757860.7712,1945391.3786
14655,1758702.0898,1947852.0952
14656,1758458.792,1948476.2604
14657,1758709.6799,1947862.7813
14658,1756936.0812,1944196.9973
14659,1742855.1277,1995155.8684
14660,1742799.1243,1995239.878
14661,1742701.1326,1996415.8725
14662,1742141.1297,1997017.8744
14663,1741777.1261,1997255.8724
14664,1739245.6485,1998925.1664
14665,1739278.1149,1999040.8761
14666,1737097.5289,1988071.4679
14667,1737790.0491,1990380.2425
14668,1737773.1271,1990409.879
14669,1736797.0258,1987333.9752
14670,1734297.5746,1986036.2853
14671,1740980.9707,1977583.3285
14672,1741236.7362,1977662.6327
14673,1740748.1233,1977422.3727
14674,1739872.8244,1977029.6708
14675,1737594.9261,1976370.9809
14676,1735299.3346,1975876.4219
14677,1736302.7403,1976213.0349
14678,1735144.9363,1975792.9098
14679,1733827.3636,1974639.6308
14680,1729617.5434,1976405.9951
14681,1730779.0649,1975306.885
14682,1730879.2865,1975047.7948
14683,1750053.1161,1951766.4634
14684,1750682.9773,1954437.9958
14685,1750188.4346,1951176.2798
14686,1750861.2167,1949890.2248
14687,1750496.8311,1948504.1422
14688,1752027.2254,1947559.6329
14689,1731888.8799,1995526.9972
14690,1729822.7794,1994510.0891
14691,1729391.2319,1993321.3967
14692,1728761.9162,1992331.1542
14693,1724375.7762,1988459.2886
14694,1738569.101,1985595.9051
14695,1739506.3273,1986532.4109
14696,1737550.0757,1985248.0301
14697,1722008.488,1993013.0493
14698,1767013.665,1936010.547
14699,1767235.899,1943068.3835
14700,1729640.3256,2002954.9599
14701,1732101.0025,2001036.2014
14702,1732145.1271,2001035.8692
14703,1729217.0724,2003064.9323
14704,1725201.4954,1998247.4849
14705,1762489.1314,1957921.6968
14706,1762187.2998,1958004.8799
14707,1762076.4705,1958413.9323
14708,1762020.7435,1958409.5332
14709,1763986.8894,1957043.4184
14710,1764279.6124,1956545.7584
14711,1764286.0484,1956481.4966
14712,1764299.061,1956410.7922
14713,1765712.1666,1955624.1638
14714,1765562.6252,1955659.5074
14715,1767472.8526,1953448.2057
14716,1766204.1084,1955567.1192
14717,1764198.6714,1951092.2636
14718,1761564.8356,1949817.9732
14719,1762794.473,1946345.3061
14720,1764768.9647,1947524.1472
14721,1759971.9333,1945050.3755
14722,1761892.8369,1946238.46
14723,1758316.2894,1943781.5136
14724,1759834.4266,1944972.7542
14725,1747665.78678129,1947794.31913162
14726,1748756.8682,1952817.7578
14727,1742816.4743,1976610.1632
14728,1742525.026,1976572.6168
14729,1740591.4705,1974166.901
14730,1740626.9686,1974074.8744
14731,1739642.7379,1972952.2158
14732,1738735.128,1972234.7946
14733,1738298.2274,1972194.8066
14734,1737889.462,1968062.645
14735,1737903.8354,1971793.8856
14736,1737683.5742,1997308.2735
14737,1738476.2891,1997586.915
14738,1735874.8704,1995594.0777
14739,1738626.8406,1996214.7737
14740,1737483.7807,2000824.8204
14741,1737314.9317,2001157.9414
14742,1737343.4539,2001580.8137
14743,1739143.7004,1999375.9052
14744,1739103.1988,1999359.9238
14745,1739046.0015,1999328.0882
14746,1739030.5981,1999370.4372
14747,1739161.9329,1999293.2533
14748,1739159.6518,1999336.4838
14749,1739540.2273,1996946.9004
14750,1739835.5089,1997103.9831
14751,1739945.0361,1996899.5991
14752,1739132.117,1996202.7868
14753,1739156.57,1996723.0362
14754,1747872.6616,1988417.2155
14755,1748918.0781,1989123.2645
14756,1749155.4523,1979187.9456
14757,1748947.8467,1979042.352
14758,1756166.2121,1966692.4976
14759,1758782.893,1966863.8816
14760,1759539.8172,1966282.4369
14761,1762022.5095,1962129.9471
14762,1762021.127,1961961.8695
14763,1762163.6726,1959315.8805
14764,1761803.8804,1959065.8041
14765,1761689.8082,1959075.2122
14766,1763853.4793,1953990.1393
14767,1765325.414,1955683.4017
14768,1773538.9112,1948398.2722
14769,1773771.2661,1948373.9247
14770,1773851.1595,1948343.3735
14771,1773415.7259,1949146.2568
14772,1777941.3653,1945958.647
14773,1778020.9392,1946052.6565
14774,1779684.7227,1944496.8969
14775,1779667.6605,1944532.85
14776,1778646.881,1947083.6011
14777,1780236.312,1943221.8475
14778,1779679.6347,1944490.8401
14779,1775794.9355,1947579.7887
14780,1775578.8653,1948004.7294
14781,1775579.3663,1948006.5709
14782,1776854.3804,1945710.6641
14783,1776241.9643,1946005.0409
14784,1776945.2528,1945084.2623
14785,1775974.9649,1943101.0007
14786,1774250.3216,1941123.5664
14787,1773143.0801,1939107.0482
14788,1775304.9201,1946794.7408
14789,1775717.4962,1946090.3466
14790,1774340.2993,1944936.2856
14791,1774269.583,1944710.1976
14792,1777231.9542,1944793.3949
14793,1777354.2818,1944268.6427
14794,1777196.9058,1944754.0231
14795,1777198.1631,1944748.4008
14796,1777610.1276,1944034.8719
14797,1777901.8486,1942532.324
14798,1777641.4495,1943941.0782
14799,1778932.0316,1943369.6314
14800,1777634.9369,1944039.5223
14801,1773712.0191,1946583.6037
14802,1773894.9287,1947531.4022
14803,1773764.1777,1946211.4303
14804,1773488.9869,1947790.3706
14805,1773515.123,1947821.8748
14806,1772439.1441,1945978.5946
14807,1773251.0639,1947724.0947
14808,1773144.7772,1944377.4808
14809,1772386.8342,1945843.3483
14810,1773263.123,1947751.8732
14811,1771393.6608,1943123.1868
14812,1771112.9837,1945331.2468
14813,1771078.0273,1942462.4821
14814,1769961.8581,1934795.1673
14815,1770987.9373,1939269.6759
14816,1770980.1953,1939538.5737
14817,1766212.8212,1941876.0085
14818,1766122.5802,1942250.2073
14819,1765783.0134,1940517.5567
14820,1765098.5241,1937542.9563
14821,1765087.6476,1936505.4125
14822,1763367.2749,1935915.8742
14823,1762308.9915,1934392.5086
14824,1762808.637,1937455.7578
14825,1762594.0352,1935705.9496
14826,1762967.7934,1934022.8262
14827,1759920.2189,1940212.6983
14828,1768855.8223,1941927.9707
14829,1769716.0473,1941988.8554
14830,1770670.9195,1943841.3676
14831,1772707.7661,1950018.6532
14832,1772158.7137,1950156.2872
14833,1770816.9848,1951383.9539
14834,1770603.0768,1951267.84
14835,1768061.6994,1948849.0636
14836,1768025.0204,1948875.1331
14837,1768236.1204,1948806.0696
14838,1768177.3788,1948803.6311
14839,1768178.8315,1948794.7687
14840,1768552.3777,1948634.0759
14841,1768653.4763,1948514.4911
14842,1768660.154,1948121.8856
14843,1768680.4569,1947971.3532
14844,1768566.2126,1947531.0737
14845,1766657.7943,1945678.5201
14846,1768282.1587,1947486.8419
14847,1768525.2343,1947529.9151
14848,1763001.8657,1944633.411
14849,1765042.2615,1947605.4118
14850,1761048.5769,1943966.2818
14851,1761946.5159,1946181.9892
14852,1764799.3613,1949548.543
14853,1766738.0646,1948785.8191
14854,1770973.8908,1950611.9548
14855,1771036.7198,1950590.6691
14856,1771123.8627,1950563.9581
14857,1771037.0936,1950594.5409
14858,1772258.0061,1948729.9817
14859,1771302.1086,1948437.6152
14860,1771411.122,1948977.2158
14861,1771944.4063,1948933.3271
14862,1772092.5662,1948974.3102
14863,1775011.7286,1949124.1408
14864,1774827.9342,1947810.7406
14865,1775490.8555,1948768.4507
14866,1775512.2399,1948591.8451
14867,1760594.9101,1958575.9178
14868,1759833.5553,1958978.1359
14869,1759594.8299,1958260.8217
14870,1759918.2788,1957717.4008
14871,1757231.2875,1955246.448
14872,1760026.7771,1953041.3088
14873,1756456.0775,1946326.9187
14874,1756557.9609,1945093.5667
14875,1759195.3882,1948478.4284
14876,1751013.8158,1945891.12
14877,1756141.2151,1944342.2234
14878,1756524.0673,1951102.4186
14879,1757026.2109,1950777.0432
14880,1756416.9478,1951331.0194
14881,1757156.0016,1952923.1895
14882,1759423.2837,1953008.0645
14883,1762165.8415,1952585.5629
14884,1763348.7342,1956653.1516
14885,1763296.1944,1955091.5367
14886,1763036.5403,1952388.7114
14887,1763199.0514,1951499.7786
14888,1769758.6112,1953305.8251
14889,1765954.9484,1956019.234
14890,1764898.2801,1956626.9788
14891,1765779.6278,1956206.5136
14892,1764176.9789,1957537.2043
14893,1764216.5812,1957427.7061
14894,1762708.2511,1958272.1364
14895,1762539.5339,1958896.9664
14896,1762806.2536,1958879.595
14897,1761342.9631,1960653.4303
14898,1761168.6429,1961455.6569
14899,1761196.3432,1960266.4259
14900,1760524.3264,1959866.0587
14901,1760252.5621,1960969.9491
14902,1760229.1237,1960995.8782
14903,1759974.8832,1960546.1663
14904,1760108.9028,1960943.5246
14905,1760131.1304,1960967.8716
14906,1759967.184,1959879.8028
14907,1759371.5491,1959764.2349
14908,1757979.7024,1958747.9845
14909,1758522.2195,1961184.7663
14910,1754986.638,1964934.225
14911,1756518.3261,1962219.3125
14912,1753929.6365,1963626.6239
14913,1753016.9224,1961980.4207
14914,1751580.3416,1962183.7291
14915,1751315.0002,1962650.6401
14916,1752755.8358,1958875.3528
14917,1752423.6469,1958967.6072
14918,1751838.1788,1959285.0808
14919,1749755.7851,1958326.5957
14920,1750826.8937,1958074.2112
14921,1751006.9922,1957152.3955
14922,1752443.7318,1952133.4922
14923,1751775.4984,1954812.9665
14924,1749323.8596,1948295.3043
14925,1752994.6597,1948361.5034
14926,1743837.3427,1954845.2456
14927,1750179.307,1955272.6868
14928,1750982.4056,1955008.4634
14929,1748777.4342,1956721.0307
14930,1748115.0978,1955166.7588
14931,1754840.178,1955407.4604
14932,1754972.7159,1956419.2418
14933,1754859.7619,1954991.4281
14934,1754838.125,1954563.6702
14935,1753300.433,1950036.7961
14936,1755709.1731,1952740.7358
14937,1757109.0163,1957460.4575
14938,1755477.5923,1957799.5121
14939,1759306.5197,1961473.2932
14940,1759216.229,1960959.4928
14941,1759392.2456,1961844.2331
14942,1759682.548,1962362.7406
14943,1759388.8066,1962479.245
14944,1759658.9887,1962843.5582
14945,1760307.4069,1963514.5776
14946,1760116.5617,1963561.8308
14947,1760295.1916,1964166.051
14948,1758506.1621,1964693.6697
14949,1760653.0017,1964331.6285
14950,1759049.5978,1965840.7006
14951,1760127.192,1965862.8865
14952,1758422.2164,1964945.7682
14953,1758931.1634,1965898.6532
14954,1757603.1027,1965960.4635
14955,1756164.608,1965354.2637
14956,1757287.53,1965953.9218
14957,1757395.2756,1963069.4737
14958,1758625.2214,1962213.671
14959,1758583.2369,1962404.0767
14960,1761039.4998,1963011.3418
14961,1761147.971,1961642.8995
14962,1761969.571,1962557.0032
14963,1761370.0645,1963031.6852
14964,1761198.4198,1963739.9447
14965,1761236.7172,1961778.0485
14966,1761314.129,1961772.8696
14967,1757083.3526,1967769.5412
14968,1758351.2168,1967980.7868
14969,1758476.1553,1968641.4478
14970,1756897.7824,1969627.9865
14971,1757052.9429,1969754.1459
14972,1756158.7167,1969835.4558
14973,1754827.9753,1969991.2398
14974,1755032.093,1970561.6543
14975,1754957.111,1968774.4868
14976,1753278.93,1964707.3477
14977,1754536.0545,1965926.2825
14978,1755259.9528,1968733.5553
14979,1755487.1472,1968907.1312
14980,1756539.3401,1969488.5389
14981,1756470.123,1969066.0839
14982,1756616.7027,1968903.9953
14983,1755179.3726,1970898.8704
14984,1751397.4006,1969804.7801
14985,1750984.4002,1969866.0776
14986,1748086.4127,1968982.5737
14987,1748433.4608,1968741.2508
14988,1746298.1359,1967274.5985
14989,1743341.6281,1965463.6363
14990,1743978.7933,1966405.7071
14991,1743092.124,1965296.4259
14992,1740532.5618,1964500.3241
14993,1739018.7706,1963018.1867
14994,1745728.7232,1968407.3586
14995,1744080.6307,1970200.6165
14996,1739867.5263,1969624.856
14997,1738416.156,1968731.2793
14998,1746107.1339,1968982.0868
14999,1746139.9433,1969312.4565
15000,1743936.4612,1970386.8708
15001,1743807.0127,1970590.0519
15002,1738757.89,1968427.6195
15003,1743564.0987,1967659.6782
15004,1744684.0725,1966973.7161
15005,1739342.435,1966795.8253
15006,1742732.7614,1967053.4108
15007,1739015.6377,1966711.548
15008,1738167.6567,1968251.8542
15009,1737008.97435124,1967906.87900678
15010,1738657.783,1964924.4577
15011,1741297.0069,1968324.0015
15012,1743127.0029,1967916.3516
15013,1741814.797,1965378.0715
15014,1738835.1978,1964227.9529
15015,1747119.6603,1964296.0587
15016,1746919.4763,1964316.935
15017,1746984.7555,1964266.4137
15018,1745226.1794,1965380.4541
15019,1745632.7757,1963969.231
15020,1738801.3155,1962476.6291
15021,1738730.5078,1962461.1517
15022,1737916.1165,1964426.9239
15023,1737838.2269,1962085.1888
15024,1735941.14426992,1962608.66385911
15025,1737525.6996,1962197.977
15026,1737596.4841,1962213.4535
15027,1737753.8696,1962247.8279
15028,1739158.2097,1959796.9601
15029,1738513.587,1959433.4317
15030,1738871.3042,1957329.4925
15031,1739055.7086,1959640.7508
15032,1739057.0333,1959433.6256
15033,1741933.7243,1957933.2794
15034,1739917.4047,1961810.6502
15035,1743542.9776,1962324.348
15036,1746207.9471,1959738.1256
15037,1746327.9837,1959869.1889
15038,1746612.7362,1955903.6758
15039,1747207.0187,1957367.6653
15040,1741385.237,1955046.5252
15041,1740249.041,1955615.6896
15042,1738099.5933,1956709.8492
15043,1740749.1314,1957187.0036
15044,1738861.3258,1955494.6705
15045,1743807.5537,1952462.6071
15046,1744274.9432,1955497.1327
15047,1744377.2343,1959368.4703
15048,1745645.5595,1959410.9079
15049,1747980.946,1957866.7864
15050,1748573.424,1962542.4335
15051,1749829.9252,1961332.6447
15052,1749201.5081,1959975.032
15053,1749364.0232,1965468.258
15054,1749456.1727,1965436.0355
15055,1749593.365,1965421.6353
15056,1749246.2525,1964763.51
15057,1751099.5387,1965170.8978
15058,1750585.2045,1962991.449
15059,1751680.0245,1967366.1455
15060,1752577.0419,1965495.6674
15061,1751642.4132,1967326.3108
15062,1751644.3219,1966990.4766
15063,1752934.2365,1966762.6649
15064,1752685.8241,1968263.1253
15065,1749767.1674,1971108.177
15066,1751851.298,1972865.5704
15067,1747052.4272,1975949.9913
15068,1745197.0657,1977116.9169
15069,1738405.4776,1973819.6602
15070,1736461.2254,1973107.5597
15071,1737856.9898,1972387.5322
15072,1738714.2424,1970733.7332
15073,1736895.2664,1974674.9084
15074,1737353.5957,1976118.9046
15075,1736674.7654,1974682.0352
15076,1734576.7926,1977585.727
15077,1733980.3361,1972281.1926
15078,1734994.8979,1971454.5794
15079,1740756.8421,1977335.0183
15080,1741207.8528,1978895.5166
15081,1741425.6297,1978900.9249
15082,1738224.7607,1978458.7654
15083,1740938.9879,1978899.9994
15084,1736393.1204,1978010.0894
15085,1737099.322,1979605.1857
15086,1734877.9419,1984009.9022
15087,1733788.9232,1984515.7442
15088,1731509.2814,1983533.6357
15089,1729672.4435,1983073.2145
15090,1727187.1583,1982408.5347
15091,1731769.8378,1985199.6934
15092,1729965.9248,1980944.9811
15093,1730526.7453,1982545.1804
15094,1734219.3229,1983627.5932
15095,1730699.7956,1981845.151
15096,1733894.9386,1983425.6767
15097,1730926.4063,1981135.794
15098,1728724.8755,1980942.4787
15099,1725217.0819,1981057.9224
15100,1729675.9955,1977474.133
15101,1732630.4519,1979461.7204
15102,1730547.3024,1977317.3452
15103,1743175.4335,1976980.9488
15104,1743206.2624,1976549.0356
15105,1742195.6943,1973376.6973
15106,1746163.247,1973928.0717
15107,1744941.3146,1972234.6738
15108,1748064.3997,1972004.1025
15109,1747481.8627,1970414.9671
15110,1746390.4499,1970922.9304
15111,1749833.7285,1977771.8543
15112,1750488.1523,1978228.7966
15113,1747141.586,1977509.0858
15114,1749475.0654,1978533.3958
15115,1749309.6526,1978804.2597
15116,1746737.8513,1978486.5985
15117,1749311.102,1978799.0012
15118,1745808.8786,1982114.4415
15119,1747868.3655,1982663.2764
15120,1749113.7804,1982906.4348
15121,1745381.1866,1981915.0169
15122,1743388.8012,1982218.9369
15123,1738531.0896,1984492.8706
15124,1742522.7252,1981155.7159
15125,1743343.1441,1979726.3722
15126,1741321.9145,1982204.6784
15127,1743849.3123,1980586.7117
15128,1745956.7199,1979141.7851
15129,1748548.1356,1983028.6254
15130,1748868.7455,1984134.3595
15131,1747291.695,1983174.4317
15132,1748136.813,1982953.6608
15133,1747337.7423,1983339.5792
15134,1747320.0461,1983314.6641
15135,1747545.9803,1983330.3384
15136,1747635.1962,1984188.032
15137,1747689.8481,1984068.7323
15138,1746628.522,1985000.9931
15139,1744456.6995,1984353.7983
15140,1745051.0207,1984230.0805
15141,1748729.0592,1984849.5945
15142,1748682.6166,1986567.8742
15143,1747685.1266,1986993.8668
15144,1747460.8505,1987671.21
15145,1747419.127,1987721.872
15146,1748571.8733,1986485.6523
15147,1747712.7191,1986968.6553
15148,1747710.9496,1986967.9369
15149,1745968.6766,1987957.8475
15150,1746004.9723,1988436.0713
15151,1746019.1287,1988463.8718
15152,1745333.2809,1987426.2824
15153,1743662.2963,1984157.5358
15154,1741337.8807,1985265.5753
15155,1746185.8487,1987522.4028
15156,1745133.0717,1985564.2816
15157,1743481.6516,1987816.4035
15158,1743997.2578,1989183.1877
15159,1744032.1515,1989216.1355
15160,1741666.8643,1988448.4245
15161,1743479.4562,1989754.5743
15162,1743527.1269,1989793.8755
15163,1739423.4718,1984369.4796
15164,1741115.502,1985818.0779
15165,1745487.9862,1989693.2836
15166,1745499.1815,1989467.2159
15167,1745487.1251,1989429.8713
15168,1745417.0725,1991697.7145
15169,1746941.6163,1991435.0608
15170,1747974.4747,1990877.4438
15171,1740905.6513,1990812.8156
15172,1740816.961,1991331.758
15173,1740811.1326,1991361.8727
15174,1740589.8277,1990223.0169
15175,1740892.4855,1990147.93
15176,1739205.5588,1988706.311
15177,1739398.2634,1990837.9935
15178,1739412.72,1990857.0866
15179,1734889.1729,1987175.846
15180,1736798.4604,1985564.823
15181,1733516.4649,1989528.4893
15182,1733252.5466,1989699.4073
15183,1730726.5422,1987151.4858
15184,1731304.5223,1988471.8623
15185,1730482.2743,1985079.4367
15186,1731382.9446,1985296.576
15187,1728292.6925,1989280.811
15188,1725045.2256,1987050.8142
15189,1724178.6614,1986570.6439
15190,1724860.7791153,1982498.84282476
15191,1726006.436,1983311.7405
15192,1728296.571,1985984.3124
15193,1727908.555,1983720.8048
15194,1729742.5138,1984655.7977
15195,1726442.0451,1988218.7999
15196,1729043.2451,1987771.9917
15197,1729593.567,1990049.7579
15198,1730414.6348,1988761.1266
15199,1731031.5308,1989585.7851
15200,1731096.442,1989025.1196
15201,1730983.8133,1989887.8045
15202,1733156.795,1986129.1673
15203,1734695.5166,1992184.4334
15204,1735507.6701,1990607.5609
15205,1735503.5407,1990576.6464
15206,1734795.7039,1993652.7624
15207,1732489.4861,1991964.0602
15208,1736035.7146,1992725.587
15209,1736623.2014,1990997.4274
15210,1736723.132,1990927.8753
15211,1737725.0441,1992100.9818
15212,1738692.4029,1990613.4394
15213,1738725.1265,1990591.8774
15214,1739159.1258,1991441.7992
15215,1739238.2088,1991076.178
15216,1739236.126,1991046.8771
15217,1739078.6579,1991870.5729
15218,1740486.3417,1994597.0854
15219,1741570.8118,1994050.8771
15220,1740486.3028,1994725.7932
15221,1740697.873,1995274.1867
15222,1739675.94146497,1996016.22343258
15223,1739945.327,1996313.8922
15224,1741818.0814,1994402.2727
15225,1740383.4651,1995110.2659
15226,1740609.9429,1995252.1563
15227,1742189.8211,1994586.7153
15228,1742772.8486,1995203.912
15229,1741575.9064,1994553.7405
15230,1741204.1232,1994731.7849
15231,1741085.9499,1995478.0029
15232,1741570.0152,1995655.6996
15233,1741595.1242,1995687.8707
15234,1741009.7396,1995928.7637
15235,1740701.2434,1996275.7519
15236,1740718.4754,1996150.8383
15237,1740243.4451,1996773.6749
15238,1741276.3572,1996426.2688
15239,1741036.4451,1996310.3015
15240,1740525.4707,1997458.4502
15241,1740559.1194,1997465.8726
15242,1739106.4996,1998936.9033
15243,1739212.5461,1998923.5285
15244,1739185.9424,1999321.5358
15245,1738921.13,1999355.8697
15246,1740035.6015,1998803.0126
15247,1739601.7404,1999122.3363
15248,1741419.8253,1998966.5098
15249,1741300.9221,1998512.1175
15250,1740671.9747,1999400.468
15251,1741142.6501,1998540.247
15252,1739624.1714,1999920.571
15253,1739548.1134,1999961.5986
15254,1747121.9159,1993365.5521
15255,1746212.227,1993025.6969
15256,1746191.5372,1993058.3182
15257,1740811.026,1999880.3154
15258,1740879.6807,1999732.605
15259,1738819.8025,2000342.0348
15260,1738794.2723,2000270.7292
15261,1738795.1295,2000237.8727
15262,1739391.1829,1999761.4793
15263,1738850.682,1999991.6044
15264,1738158.6631,2000195.6465
15265,1737034.4463,1999343.2605
15266,1737188.747,1999072.3254
15267,1737978.5106,2000077.6303
15268,1737059.1246,2001189.8724
15269,1737171.1221,2001399.8681
15270,1736885.3658,2000680.8715
15271,1737031.1249,2000839.8755
15272,1736183.2643,1999454.6352
15273,1736773.7982,2000291.966
15274,1735507.7147,1997588.0558
15275,1735304.787,1995372.8538
15276,1737059.1616,2000769.4533
15277,1737073.1218,2000615.8711
15278,1737031.3048,2000576.3969
15279,1736856.4431,2000669.5942
15280,1736641.3575,2000580.7848
15281,1735441.803,1999925.8814
15282,1735865.7249,2000215.048
15283,1736978.1664,2001152.507
15284,1736611.1285,2000601.8672
15285,1736877.126,2001105.8705
15286,1735165.5094,1999857.8644
15287,1736829.0064,2001138.7813
15288,1736767.0018,2001198.7866
15289,1735012.5754,2001790.8262
15290,1735986.116,2001519.7155
15291,1736051.1257,2001483.8685
15292,1737019.4892,2001389.038
15293,1736611.1252,2001245.8772
15294,1736758.1195,2001238.8786
15295,1736021.0734,2001453.8136
15296,1736574.344,2001219.8532
15297,1736817.9969,2001698.1675
15298,1737041.7468,2001557.8608
15299,1737095.7594,2001550.6122
15300,1737276.1253,2001518.8799
15301,1735603.1265,2002746.2889
15302,1731823.5148,1999755.0733
15303,1731842.1094,1999835.2603
15304,1731689.8482,1999647.2233
15305,1731083.2833,1998990.1239
15306,1730486.4274,1998773.5312
15307,1730197.3815,1998965.2506
15308,1728709.3749,2000415.8677
15309,1727586.4144,1998995.2435
15310,1724022.5272,1994730.2145
15311,1721124.4665,1994836.6775
15312,1722572.8307,1996383.3798
15313,1721905.677,1991651.7868
15314,1724467.5861,1989469.012
15315,1726589.2008,1995790.6187
15316,1727228.4595,1995291.9028
15317,1725827.8418,1996483.2494
15318,1724592.0945,1998112.1449
15319,1723280.4143,1996884.0232
15320,1724994.9636,1995469.6648
15321,1726411.7584,1991530.5997
15322,1724970.1369,1990662.7059
15323,1725503.5545,1989810.1511
15324,1729170.5447,1990844.9846
15325,1732085.8344,1995367.7371
15326,1732376.5615,1995286.6498
15327,1735179.0649,1994424.0098
15328,1731295.5256,1992407.6733
15329,1733822.0681,1996113.2549
15330,1734137.6582,1996071.7147
15331,1733770.2319,1998126.0132
15332,1730940.1821,2003657.9996
15333,1727754.6278,2004137.8165
15334,1731897.681,2002727.157
15335,1733186.6298,2001776.5748
15336,1733254.6884,2001817.7419
15337,1732513.7691,2003257.6813
15338,1734292.521,2002613.2492
15339,1733314.12,2003959.5887
15340,1734671.3467,2002884.7257
15341,1732749.0946,2005915.6714
15342,1732681.1014,2006050.4977
15343,1732670.9487,2006082.755
15344,1732677.1243,2006131.8755
15345,1732719.9107,2006061.5779
15346,1733377.3669,2005999.9442
15347,1731150.0582,2006255.3056
15348,1731201.1609,2006269.0646
15349,1731151.13438765,2006250.35401061
15350,1731716.2239,2006163.3206
15351,1731781.1202,2006201.8718
15352,1731146.52854341,2006255.86535332
15353,1731295.1767,2006334.165
15354,1731585.3819,2006326.4704
15355,1731601.5669,2006284.0976
15356,1738476.67111583,1998490.62077155
15357,1738563.8429,1998346.9894
15358,1738777.0859,1998186.5172
15359,1738772.9503,1997854.6249
15360,1738505.4435,1997396.3344
15361,1738535.3466,1997342.5148
15362,1738521.9018,1997134.6648
15363,1738462.725,1997087.4573
15364,1739401.0871,1996853.1587
15365,1738700.0355,1996572.4086
15366,1738477.969,1998490.9063
15367,1761938.3684,1932765.9264
15368,1760997.79580217,1933122.43962229
15369,1738638.36,1998838.8867
15370,1738512.8038,1999010.8105
15371,1738520.3261,1999049.8179
15372,1755330.014,1956563.7172
15373,1778121.3118,1947116.0922
15374,1777714.342,1946709.7626
15375,1760582.6475,1965527.2127
15376,1760029.6935,1965954.3563
15377,1739313.129,2000167.8682
15378,1745699.4578,1990160.2342
15379,1746050.0076,1990171.8773
15380,1737521.1219,2001861.8738
15381,1738994.6875,1999069.8418
15382,1738792.9719,1998862.4752
15383,1738823.8418,1998745.8324
15384,1738741.1593,1999130.6835
15385,1738371.3003,1998530.4218
15386,1740241.50977514,1996774.11289277
15387,1740018.2903,1996427.173
15388,1740045.4851,1996596.0466
15389,1739792.8192,1996327.5316
15390,1738990.8225,1996095.4349
15391,1745384.6711,1991993.1749
15392,1745571.1291,1991949.8735
15393,1744730.2065,1991620.1899
15394,1742323.1218,1991529.873
15395,1743121.1273,1991403.8709
15396,1743870.082,1991338.8133
15397,1744276.125,1991438.871
15398,1743758.13,1991326.8716
15399,1743156.4927,1991411.2319
15400,1739355.1267,1990857.8756
15401,1743415.1235,1995015.8761
15402,1741343.1242,1997479.8752
15403,1741273.1259,1997451.8779
15404,1740511.6861,1997507.5794
15405,1740335.1208,1997465.8747
15406,1739901.125,1997409.8774
15407,1739785.8808,1997537.8213
15408,1739817.1247,1998319.8671
15409,1739740.9734,1998568.2723
15410,1742232.3827,1990638.4234
15411,1743261.1273,1990675.8808
15412,1743674.1265,1990598.8705
15413,1743688.1268,1990500.8748
15414,1744352.7769,1989088.4654
15415,1745704.43,1989053.5383
15416,1745713.598,1989012.238
15417,1746971.1284,1989723.8797
15418,1747897.3736,1990119.6627
15419,1748623.1336,1987077.881
15420,1748757.6427,1986946.6463
15421,1753107.7995,1971372.5981
15422,1752628.5505,1972208.2114
15423,1752075.0347,1969116.1996
15424,1759749.9163,1963097.4309
15425,1761280.2309,1963006.6185
15426,1761391.1234,1961919.8714
15427,1744466.564,1991524.1447
15428,1760551.1171,1961513.8674
15429,1760678.8277,1961588.5774
15430,1759712.1537,1961002.5575
15431,1761762.5529,1960483.6954
15432,1732892.2557,1961188.6318
15433,1735509.1444,1960301.977
15434,1761652.4404,1959775.8867
15435,1755391.1072,1958308.4965
15436,1774467.1207,1948311.8795
15437,1774831.1253,1947765.8731
15438,1776601.621,1946958.1334
15439,1738251.9984,1999818.5015
15440,1742981.1264,1995099.8734
15441,1752095.1265,1970305.8707
15442,1752634.1283,1970522.8685
15443,1772736.3638,1948115.5935
15444,1773029.0992,1948157.8736
15445,1738301.2062,1999334.4016
15446,1746523.1227,1988631.8676
15447,1772717.2131,1948151.6633
15448,1762138.3905,1961903.2416
15449,1755440.0558,1956590.6093
15450,1761716.0985,1960352.1302
15451,1752582.8151,1970097.734
15452,1752469.6294,1970235.8709
15453,1746635.1306,1991067.8799
15454,1747113.4998,1992409.2432
15455,1747405.266,1992409.5014
15456,1742244.7579,1990619.644
15457,1766133.7489,1956084.9222
15458,1759709.2081,1967068.7708
15459,1747708.7527,1983936.2824
15460,1749263.4091,1986161.0526
15461,1745758.6372,1989062.1059
15462,1738151.1246,2000433.8763
15463,1738585.1268,2000195.8676
15464,1738749.6761,2000215.1459
15465,1738704.5683,2000537.2667
15466,1737486.1205,2001826.8722
15467,1737439.5325,2001669.2045
15468,1739089.1271,1990801.8674
15469,1735197.1196,2003051.8766
15470,1732318.7202,1999965.278
15471,1732304.8244,2000003.3799
15472,1737717.1129,2001413.8757
15473,1778834.7817,1947125.9568
15474,1766865.1246,1948689.8751
15475,1765164.1306,1947842.8719
15476,1765031.1243,1947709.8671
15477,1767271.1238,1943131.8707
15478,1766221.1209,1942795.871
15479,1750961.1277,1954695.8677
15480,1751199.1286,1954877.8727
15481,1751906.1228,1955262.8678
15482,1748847.1246,1953561.8743
15483,1759599.1263,1952971.8667
15484,1759522.1238,1952784.8686
15485,1758703.1294,1951727.8744
15486,1757135.1262,1950733.8742
15487,1743807.1273,1962297.8706
15488,1745682.0097,1959416.5972
15489,1745837.1242,1960015.8743
15490,1746621.1344,1960351.8744
15491,1745984.1278,1960036.8673
15492,1742946.1226,1976654.871
15493,1742015.1271,1978019.8714
15494,1742071.1261,1977963.8715
15495,1742791.4173,1977689.5866
15496,1741245.1279,1979097.8681
15497,1741469.1199,1978929.8726
15498,1731543.1274,1988883.8763
15499,1731235.1243,1988869.8707
15500,1729254.1237,1987770.8734
15501,1727665.1251,1995337.8739
15502,1737381.1245,1976199.8787
15503,1761979.1259,1946225.8716
15504,1738207.1251,1972139.8752
15505,1743471.1273,1967687.8745
15506,1747727.1226,1984039.8802
15507,1747867.1228,1983969.8746
15508,1747279.1228,1983297.8766
15509,1740160.126,1995848.8767
15510,1739682.079,1996011.5169
15511,1740657.125,1995309.8733
15512,1741014.1252,1995960.8751
15513,1786256.67570673,2082623.76457833
