"fromedge","toedge"
2,14866
3,4
4,55
5,3
6,5
7,6
8,7
9,8
10,12
11,9
12,13
13,11
14,10
15,14
16,15
17,16
18,17
19,18
20,23
21,24
22,19
23,22
24,20
25,3
26,25
27,26
28,29
29,27
30,32
31,28
32,31
33,30
34,33
35,34
36,1105
37,36
38,37
39,38
40,39
41,40
42,43
43,41
44,42
45,44
46,47
47,48
48,45
49,46
50,51
51,49
52,50
53,52
54,53
55,56
56,57
57,54
58,55
59,58
60,59
61,60
62,61
63,62
64,63
65,64
66,65
67,66
68,70
69,67
70,69
71,68
72,71
73,72
74,73
75,74
76,75
77,76
78,77
79,1093
80,81
81,79
82,80
83,84
84,82
85,83
86,85
87,86
88,87
89,88
90,79
91,90
92,94
93,92
94,91
95,93
96,97
97,98
98,95
99,1111
100,99
101,100
102,104
103,101
104,103
105,1145
106,1158
107,106
108,107
109,108
110,109
111,110
112,111
113,112
114,113
115,114
116,115
117,116
118,117
119,118
120,119
121,120
122,121
123,122
124,123
125,124
126,125
127,126
128,127
129,128
130,129
131,130
132,131
133,132
134,133
135,134
136,135
137,1112
138,137
139,138
140,138
141,140
142,141
143,142
144,143
145,144
146,145
147,146
148,147
149,148
150,144
151,150
152,151
153,152
154,153
155,154
156,155
157,156
158,157
159,162
160,163
161,158
162,160
163,164
164,161
165,117
166,165
167,166
168,167
169,168
170,169
171,170
172,171
173,172
174,173
175,174
176,177
177,178
178,175
179,850
180,179
181,180
182,181
183,182
184,183
185,1150
186,185
187,186
188,187
189,188
190,189
191,190
192,191
193,192
194,195
195,101
196,194
197,196
198,197
199,198
200,199
201,200
202,201
203,204
204,99
205,203
206,205
207,206
208,207
209,208
210,209
211,210
212,211
213,212
214,213
215,214
216,215
217,216
218,217
219,218
220,219
221,1162
222,208
223,222
224,223
225,224
226,225
227,228
228,71
229,227
230,229
231,230
232,231
233,232
234,233
235,234
236,235
237,236
238,237
239,238
240,241
241,242
242,70
243,156
244,243
245,246
246,67
247,245
248,28
249,248
250,25
251,213
252,1142
253,1166
254,253
255,254
256,255
257,256
258,257
259,258
260,152
261,260
262,261
263,262
264,265
265,60
266,264
267,266
268,267
269,268
270,9
271,270
272,271
273,272
274,273
275,274
276,153
277,10
278,277
279,1133
280,279
281,280
282,281
283,209
284,283
285,284
286,285
287,17
288,287
289,291
290,65
291,290
292,289
293,292
294,293
295,109
296,295
297,298
298,299
299,1108
300,297
301,300
302,301
303,302
304,303
305,199
306,150
307,306
308,206
309,310
310,41
311,309
312,311
313,312
314,1126
315,314
316,315
317,316
318,317
319,318
320,319
321,189
322,321
323,1152
324,158
325,326
326,91
327,325
328,327
329,328
330,329
331,15445
332,331
333,334
334,53
335,333
336,335
337,336
338,339
339,340
340,58
341,338
342,341
343,342
344,229
345,1168
346,345
347,346
348,347
349,348
350,349
351,350
352,351
353,354
354,62
355,353
356,355
357,356
358,357
359,358
360,359
361,360
362,363
363,50
364,362
365,364
366,365
367,366
368,367
369,368
370,1172
371,370
372,371
373,374
374,39
375,373
376,375
377,376
378,379
379,381
380,377
381,380
382,378
383,382
384,1098
385,1132
386,1131
387,1130
388,389
389,37
390,388
391,390
392,388
393,375
394,393
395,377
396,395
397,396
398,397
399,378
400,399
401,376
402,401
403,402
404,403
405,404
406,405
407,403
408,407
409,402
410,401
411,410
412,373
413,412
414,413
415,412
416,417
417,40
418,420
419,43
420,419
421,422
422,42
423,421
424,423
425,421
426,427
427,44
428,426
429,428
430,426
431,430
432,428
433,434
434,48
435,436
436,51
437,364
438,365
439,440
440,438
441,439
442,441
443,366
444,367
445,444
446,445
447,446
448,368
449,448
450,448
451,1171
452,451
453,451
454,371
455,370
456,455
457,362
458,457
459,458
460,459
461,460
462,461
463,462
464,463
465,464
466,465
467,457
468,458
469,459
470,469
471,469
472,471
473,461
474,462
475,474
476,463
477,476
478,477
479,481
480,464
481,480
482,465
483,460
484,333
485,335
486,485
487,336
488,489
489,54
490,56
491,490
492,341
493,492
494,342
495,494
496,338
497,496
498,499
499,59
500,502
501,61
502,501
503,500
504,503
505,500
506,503
507,355
508,356
509,357
510,509
511,510
512,509
513,512
514,510
515,358
516,515
517,516
518,520
519,517
520,519
521,518
522,521
523,522
524,515
525,524
526,360
527,526
528,527
529,526
530,1174
531,530
532,1173
533,359
534,533
535,353
536,535
537,539
538,537
539,66
540,541
541,69
542,1167
543,542
544,348
545,544
546,548
547,347
548,547
549,1177
550,549
551,550
552,551
553,552
554,555
555,553
556,1178
557,556
558,232
559,558
560,559
561,558
562,561
563,233
564,563
565,235
566,565
567,566
568,567
569,568
570,569
571,565
572,571
573,568
574,236
575,574
576,237
577,576
578,577
579,578
580,234
581,580
582,581
583,580
584,231
585,584
586,230
587,588
588,586
589,587
590,589
591,590
592,591
593,592
594,596
595,593
596,595
597,594
598,227
599,598
600,599
601,600
602,599
603,602
604,598
605,604
606,607
607,72
608,606
609,608
610,612
611,613
612,611
613,609
614,610
615,616
616,74
617,615
618,617
619,618
620,621
621,76
622,620
623,622
624,623
625,626
626,1093
627,625
628,627
629,628
630,629
631,630
632,631
633,632
634,625
635,634
636,635
637,636
638,627
639,638
640,628
641,640
642,641
643,642
644,642
645,630
646,645
647,631
648,647
649,648
650,649
651,648
652,651
653,647
654,653
655,629
656,655
657,658
658,90
659,657
660,657
661,660
662,325
663,662
664,663
665,664
666,328
667,666
668,331
669,330
670,669
671,15445
672,671
673,329
674,673
675,327
676,677
677,93
678,676
679,678
680,679
681,302
682,303
683,1107
684,683
685,301
686,297
687,688
688,1110
689,687
690,203
691,205
692,214
693,692
694,692
695,215
696,1163
697,696
698,696
699,219
700,218
701,700
702,700
703,217
704,216
705,707
706,212
707,706
708,211
709,708
710,709
711,210
712,285
713,284
714,283
715,223
716,715
717,224
718,717
719,718
720,719
721,720
722,721
723,225
724,723
725,222
726,207
727,728
728,100
729,727
730,727
731,730
732,731
733,730
734,733
735,734
736,734
737,733
738,200
739,198
740,197
741,196
742,194
743,742
744,743
745,744
746,745
747,743
748,745
749,744
750,742
751,1146
752,751
753,751
754,756
755,1148
756,755
757,754
758,754
759,186
760,190
761,192
762,191
763,321
764,188
765,187
766,185
767,280
768,279
769,1143
770,772
771,769
772,771
773,254
774,253
775,1165
776,1139
777,776
778,777
779,1144
780,779
781,779
782,106
783,784
784,824
785,121
786,128
787,130
788,787
789,787
790,135
791,790
792,791
793,146
794,793
795,148
796,147
797,145
798,155
799,157
800,799
801,154
802,801
803,801
804,260
805,806
806,151
807,143
808,140
809,810
810,808
811,809
812,809
813,808
814,815
815,813
816,817
817,137
818,1112
819,820
820,131
821,129
822,821
823,821
824,118
825,167
826,170
827,172
828,174
829,173
830,171
831,830
832,830
833,169
834,168
835,166
836,165
837,181
838,182
839,838
840,839
841,839
842,838
843,183
844,180
845,844
846,844
847,179
848,847
849,847
850,115
851,295
852,108
853,107
854,1160
855,854
856,855
857,859
858,856
859,858
860,856
861,862
862,860
863,855
864,854
865,1141
866,865
867,866
868,867
869,865
870,866
871,1155
872,874
873,871
874,873
875,876
876,877
877,1111
878,880
879,875
880,879
881,875
882,884
883,882
884,885
885,1104
886,887
887,888
888,96
889,886
890,886
891,1180
892,891
893,894
894,895
895,98
896,898
897,896
898,95
899,80
900,86
901,87
902,901
903,85
904,83
905,904
906,905
907,82
908,909
909,77
910,908
911,908
912,913
913,75
914,912
915,916
916,73
917,919
918,917
919,68
920,921
921,918
922,920
923,925
924,923
925,918
926,245
927,926
928,64
929,930
930,928
931,929
932,929
933,932
934,936
935,63
936,935
937,934
938,937
939,938
940,939
941,940
942,941
943,940
944,943
945,939
946,945
947,938
948,937
949,948
950,949
951,950
952,949
953,948
954,934
955,956
956,268
957,267
958,957
959,266
960,959
961,264
962,961
963,275
964,963
965,274
966,965
967,16
968,1182
969,1184
970,971
971,19
972,287
973,972
974,277
975,974
976,8
977,6
978,977
979,5
980,979
981,33
982,30
983,982
984,983
985,982
986,985
987,27
988,987
989,26
990,991
991,57
992,993
993,994
994,52
995,992
996,995
997,998
998,996
999,997
1000,999
1001,995
1002,992
1003,1004
1004,49
1005,1006
1006,46
1007,1005
1008,1005
1009,1010
1010,47
1011,1012
1012,45
1013,1011
1014,1011
1015,1014
1016,309
1017,1018
1018,1016
1019,1017
1020,1019
1021,1020
1022,1021
1023,1022
1024,1021
1025,1024
1026,1027
1027,311
1028,1026
1029,1028
1030,1032
1031,1029
1032,1033
1033,1031
1034,1030
1035,1034
1036,1030
1037,1036
1038,1039
1039,1029
1040,1126
1041,1042
1042,1043
1043,1040
1044,1041
1045,1044
1046,1045
1047,317
1048,1047
1049,1048
1050,318
1051,1050
1052,316
1053,1052
1054,1053
1055,1052
1056,1055
1057,315
1058,1057
1059,1058
1060,1057
1061,1060
1062,1063
1063,314
1064,1062
1065,1066
1066,1067
1067,38
1068,1070
1069,1105
1070,1069
1071,1068
1072,1071
1073,1068
1074,1073
1075,1076
1076,1122
1077,1075
1078,1079
1079,300
1080,1078
1081,1080
1082,1081
1083,1096
1084,1094
1085,1095
1086,1085
1087,1086
1088,1087
1089,1088
1090,1085
1091,1049
1092,1049
1093,78
1094,1095
1095,1123
1096,1094
1097,439
1098,813
1099,1110
1100,1101
1101,1109
1102,1103
1103,1104
1104,1108
1105,1106
1106,1122
1107,682
1108,96
1109,1102
1110,1100
1111,1099
1112,1115
1113,136
1114,1113
1115,1116
1116,1114
1117,1098
1118,1136
1119,1097
1120,1181
1121,136
1122,4461
1123,1185
1124,1128
1125,1124
1126,1130
1127,313
1128,1127
1129,1125
1130,1129
1131,387
1132,386
1133,1149
1134,1154
1135,1134
1136,1134
1137,1157
1138,1137
1139,1137
1140,1138
1141,1138
1142,1157
1143,1135
1144,1140
1145,1140
1146,1156
1147,1156
1148,1147
1149,1147
1150,1149
1151,102
1152,1151
1153,1151
1154,1153
1155,1153
1156,1154
1157,1135
1158,1159
1159,105
1160,1159
1161,220
1162,1161
1163,1161
1164,252
1165,1164
1166,1164
1167,1169
1168,1169
1169,344
1170,369
1171,1170
1172,1170
1173,1175
1174,1175
1175,361
1176,546
1177,1176
1178,1176
1179,890
1180,1179
1181,1179
1182,1183
1183,967
1184,1183
1185,380
1186,1585
1187,1189
1188,1187
1189,1186
1190,1188
1191,1192
1192,1193
1193,1577
1194,1195
1195,1196
1196,1191
1197,1198
1198,1586
1199,1197
1200,1588
1201,1200
1202,1203
1203,1204
1204,1201
1205,1202
1206,1205
1207,1206
1208,1207
1209,1208
1210,1209
1211,1210
1212,1211
1213,1212
1214,1213
1215,1214
1216,1215
1217,1216
1218,1217
1219,1218
1220,1219
1221,1220
1222,1223
1223,1221
1224,1222
1225,1212
1226,1225
1227,1226
1228,1227
1229,1228
1230,1229
1231,1230
1232,1231
1233,1205
1234,1233
1235,1236
1236,1234
1237,1238
1238,1600
1239,1237
1240,1239
1241,1240
1242,1241
1243,1242
1244,1243
1245,1244
1246,1245
1247,1246
1248,1247
1249,1248
1250,1249
1251,1250
1252,1251
1253,1252
1254,1253
1255,1257
1256,1255
1257,1577
1258,1256
1259,1258
1260,1259
1261,1260
1262,1261
1263,1262
1264,1263
1265,1264
1266,1265
1267,1266
1268,1267
1269,1268
1270,1269
1271,1270
1272,1271
1273,1272
1274,1273
1275,1274
1276,1275
1277,1276
1278,1277
1279,1278
1280,1621
1281,1607
1282,1281
1283,1282
1284,1283
1285,1284
1286,1285
1287,1286
1288,1287
1289,1288
1290,1289
1291,1284
1292,1291
1293,1292
1294,1296
1295,1293
1296,1295
1297,1283
1298,1297
1299,1298
1300,1299
1301,1281
1302,1301
1303,1302
1304,1303
1305,1620
1306,1260
1307,1306
1308,1307
1309,1308
1310,1309
1311,1312
1312,1313
1313,1190
1314,1311
1315,1314
1316,1315
1317,1316
1318,1317
1319,1589
1320,1321
1321,1319
1322,1320
1323,1322
1324,1323
1325,1324
1326,1325
1327,1326
1328,1327
1329,1250
1330,1329
1331,1330
1332,1616
1333,1332
1334,1297
1335,1337
1336,1239
1337,1336
1338,1301
1339,1340
1340,1272
1341,1314
1342,1344
1343,1188
1344,1343
1345,1342
1346,1611
1347,1199
1348,1352
1349,1351
1350,1349
1351,1347
1352,1350
1353,1291
1354,1588
1355,1356
1356,1354
1357,1363
1358,1361
1359,1360
1360,1358
1361,1249
1362,1357
1363,1364
1364,1359
1365,1228
1366,1365
1367,1366
1368,1367
1369,1370
1370,1235
1371,1207
1372,1373
1373,1194
1374,1372
1375,1374
1376,1375
1377,1376
1378,1379
1379,1377
1380,1378
1381,1380
1382,1381
1383,1382
1384,1282
1385,1584
1386,1385
1387,1386
1388,1387
1389,1388
1390,1389
1391,1576
1392,1593
1393,1582
1394,1589
1395,1324
1396,1326
1397,1325
1398,1323
1399,1322
1400,1320
1401,1319
1402,1404
1403,1402
1404,1189
1405,1406
1406,1407
1407,1187
1408,1316
1409,1315
1410,1311
1411,1267
1412,1268
1413,1414
1414,1416
1415,1413
1416,1412
1417,1619
1418,1417
1419,1417
1420,1419
1421,1618
1422,1421
1423,1422
1424,1423
1425,1422
1426,1425
1427,1425
1428,1421
1429,1287
1430,1292
1431,1299
1432,1298
1433,1303
1434,1302
1435,1608
1436,1437
1437,1591
1438,1591
1439,1387
1440,1389
1441,1388
1442,1386
1443,1276
1444,1275
1445,1271
1446,1264
1447,1446
1448,1447
1449,1447
1450,1449
1451,1450
1452,1446
1453,1263
1454,1308
1455,1309
1456,1307
1457,1306
1458,1256
1459,1460
1460,1461
1461,1195
1462,1465
1463,1464
1464,1462
1465,1583
1466,1200
1467,1466
1468,1206
1469,1468
1470,1208
1471,1211
1472,1471
1473,1471
1474,1473
1475,1213
1476,1623
1477,1622
1478,1477
1479,1215
1480,1479
1481,1480
1482,1216
1483,1484
1484,1485
1485,1482
1486,1483
1487,1218
1488,1491
1489,1220
1490,1489
1491,1490
1492,1488
1493,1492
1494,1493
1495,1219
1496,1495
1497,1496
1498,1495
1499,1500
1500,1501
1501,1498
1502,1499
1503,1217
1504,1503
1505,1214
1506,1505
1507,1231
1508,1507
1509,1230
1510,1509
1511,1510
1512,1514
1513,1509
1514,1513
1515,1512
1516,1229
1517,1366
1518,1517
1519,1518
1520,1519
1521,1365
1522,1521
1523,1227
1524,1523
1525,1210
1526,1525
1527,1209
1528,1527
1529,1237
1530,1529
1531,1240
1532,1531
1533,1532
1534,1533
1535,1534
1536,1535
1537,1242
1538,1537
1539,1253
1540,1248
1541,1540
1542,1544
1543,1241
1544,1543
1545,1542
1546,1547
1547,1600
1548,1546
1549,1550
1550,1234
1551,1549
1552,1202
1553,1552
1554,1354
1555,1554
1556,1557
1557,1347
1558,1559
1559,1197
1560,1561
1561,1586
1562,1560
1563,1372
1564,1374
1565,1375
1566,1377
1567,1376
1568,1569
1569,1196
1570,1342
1571,1573
1572,1186
1573,1572
1574,1571
1575,1571
1576,1581
1577,1578
1578,1580
1579,1190
1580,1579
1581,1593
1582,1232
1583,1194
1584,1278
1585,78
1586,1583
1587,1199
1588,1587
1589,1590
1590,1585
1591,1584
1592,1582
1593,1232
1594,1595
1595,1596
1596,1578
1597,1587
1598,1597
1599,1235
1600,1599
1601,1392
1602,1393
1603,1605
1604,1327
1605,1606
1606,1604
1607,1617
1608,1609
1609,1279
1610,1609
1611,1613
1612,1610
1613,1610
1614,1613
1615,1614
1616,1615
1617,1615
1618,1614
1619,1612
1620,1612
1621,1617
1622,1624
1623,1624
1624,1475
1625,1626
1626,4461
1627,1628
1628,1629
1629,1625
1630,1631
1631,1627
1632,1635
1633,1630
1634,1638
1635,1639
1636,1633
1637,1632
1638,1637
1639,1636
1640,1634
1641,1643
1642,1644
1643,1642
1644,1640
1645,1641
1646,1645
1647,1646
1648,1650
1649,1648
1650,2365
1651,2369
1652,1651
1653,1652
1654,1653
1655,1654
1656,1658
1657,1655
1658,1660
1659,1656
1660,1657
1661,1664
1662,1663
1663,1659
1664,1665
1665,1662
1666,1661
1667,1666
1668,1667
1669,1668
1670,1669
1671,1670
1672,1671
1673,1672
1674,1673
1675,1674
1676,1675
1677,2375
1678,1677
1679,1678
1680,1679
1681,1680
1682,1681
1683,1682
1684,1671
1685,1684
1686,1685
1687,1686
1688,1687
1689,1688
1690,1689
1691,2381
1692,1691
1693,1692
1694,1693
1695,1694
1696,1695
1697,1696
1698,1697
1699,1698
1700,1704
1701,1702
1702,1659
1703,1701
1704,1703
1705,1700
1706,1705
1707,1706
1708,1710
1709,2386
1710,1709
1711,1708
1712,1711
1713,1712
1714,1713
1715,1714
1716,1715
1717,1716
1718,1720
1719,1718
1720,1717
1721,1719
1722,1721
1723,1722
1724,1723
1725,1655
1726,1725
1727,2413
1728,1727
1729,1728
1730,1729
1731,1730
1732,1731
1733,1732
1734,1733
1735,1734
1736,1735
1737,1736
1738,1737
1739,1738
1740,1739
1741,1674
1742,1741
1743,1742
1744,1743
1745,1744
1746,1647
1747,1746
1748,1747
1749,1748
1750,1751
1751,1752
1752,1749
1753,1750
1754,1756
1755,1753
1756,1755
1757,1728
1758,1757
1759,1758
1760,1763
1761,1759
1762,1760
1763,1761
1764,1762
1765,1764
1766,1670
1767,1766
1768,1767
1769,1768
1770,1769
1771,1770
1772,1771
1773,1772
1774,1773
1775,1774
1776,1712
1777,1776
1778,1779
1779,1777
1780,2375
1781,1780
1782,1781
1783,1669
1784,1783
1785,1784
1786,1692
1787,1786
1788,1787
1789,1788
1790,1789
1791,1790
1792,1679
1793,1714
1794,1730
1795,1797
1796,1795
1797,1794
1798,1713
1799,1798
1800,1799
1801,1688
1802,1801
1803,1802
1804,1803
1805,2426
1806,1805
1807,1806
1808,1634
1809,1810
1810,1811
1811,1808
1812,1809
1813,1812
1814,1732
1815,1814
1816,1815
1817,1816
1818,1651
1819,1820
1820,1818
1821,1819
1822,1823
1823,1825
1824,2458
1825,1824
1826,2460
1827,1826
1828,1830
1829,1828
1830,2339
1831,2368
1832,1833
1833,1627
1834,1832
1835,1834
1836,1630
1837,1839
1838,1837
1839,1840
1840,1636
1841,1842
1842,1843
1843,1644
1844,1846
1845,1844
1846,1642
1847,1646
1848,1847
1849,1850
1850,1649
1851,1849
1852,1851
1853,1852
1854,1853
1855,1851
1856,1852
1857,1858
1858,1849
1859,1654
1860,1859
1861,1862
1862,1860
1863,1861
1864,1863
1865,1864
1866,1861
1867,1866
1868,1867
1869,1866
1870,1869
1871,1700
1872,1873
1873,1871
1874,2388
1875,1874
1876,1875
1877,1874
1878,1877
1879,1878
1880,1879
1881,1877
1882,1881
1883,1878
1884,1883
1885,1708
1886,1885
1887,1711
1888,1887
1889,1888
1890,1889
1891,1777
1892,1891
1893,1776
1894,1893
1895,1894
1896,1895
1897,1896
1898,1897
1899,1798
1900,1899
1901,1716
1902,1901
1903,1717
1904,1903
1905,1904
1906,1905
1907,1904
1908,1907
1909,1905
1910,1903
1911,1910
1912,1911
1913,1912
1914,1913
1915,1910
1916,1918
1917,1916
1918,1915
1919,1920
1920,1921
1921,1719
1922,1919
1923,1924
1924,1926
1925,1722
1926,1927
1927,1925
1928,2429
1929,1928
1930,1929
1931,2430
1932,1931
1933,1723
1934,1933
1935,1721
1936,1935
1937,1938
1938,1715
1939,1937
1940,1939
1941,1937
1942,1941
1943,1706
1944,1946
1945,1705
1946,1945
1947,1944
1948,1666
1949,1950
1950,1948
1951,1667
1952,1668
1953,1952
1954,1953
1955,1952
1956,1955
1957,1783
1958,1957
1959,1958
1960,1958
1961,1957
1962,1769
1963,1964
1964,1962
1965,1963
1966,1965
1967,1963
1968,1969
1969,1771
1970,1774
1971,1970
1972,1773
1973,1772
1974,1770
1975,1976
1976,1974
1977,1975
1978,1768
1979,1744
1980,1743
1981,1742
1982,1981
1983,1982
1984,1981
1985,1984
1986,1741
1987,1986
1988,1676
1989,1988
1990,1989
1991,1990
1992,1991
1993,1992
1994,2384
1995,1990
1996,1995
1997,1996
1998,1995
1999,1998
2000,1999
2001,1998
2002,1991
2003,1993
2004,2003
2005,1989
2006,1988
2007,1677
2008,2007
2009,1678
2010,2009
2011,2014
2012,2010
2013,2011
2014,2012
2015,1681
2016,1680
2017,2016
2018,2017
2019,2018
2020,2019
2021,2019
2022,2021
2023,2016
2024,2023
2025,1780
2026,1675
2027,2026
2028,1673
2029,2028
2030,1672
2031,2030
2032,2030
2033,1686
2034,1687
2035,2381
2036,2035
2037,2036
2038,2037
2039,2038
2040,1786
2041,2040
2042,1788
2043,2042
2044,2043
2045,1790
2046,2045
2047,1789
2048,2047
2049,1787
2050,2049
2051,1693
2052,2051
2053,2052
2054,1695
2055,1696
2056,1694
2057,2056
2058,2057
2059,2056
2060,2057
2061,1691
2062,2061
2063,2062
2064,2061
2065,2064
2066,2065
2067,1802
2068,2067
2069,1803
2070,2425
2071,2070
2072,2071
2073,2072
2074,2073
2075,2073
2076,2072
2077,1801
2078,1685
2079,1684
2080,2079
2081,2080
2082,2079
2083,2082
2084,1661
2085,2084
2086,2085
2087,2084
2088,2087
2089,2088
2090,2089
2091,2090
2092,2091
2093,2092
2094,2091
2095,2094
2096,2097
2097,2098
2098,2099
2099,1660
2100,2101
2101,2391
2102,2100
2103,2395
2104,2103
2105,2421
2106,2105
2107,2409
2108,2107
2109,2108
2110,2109
2111,2112
2112,2108
2113,2107
2114,2113
2115,2116
2116,2114
2117,2405
2118,2117
2119,2450
2120,2119
2121,2410
2122,2121
2123,1731
2124,2123
2125,1733
2126,2125
2127,1734
2128,2127
2129,2128
2130,2129
2131,2130
2132,2131
2133,2132
2134,2127
2135,2136
2136,2130
2137,2131
2138,2137
2139,2129
2140,2139
2141,2142
2142,2140
2143,2128
2144,2147
2145,1736
2146,2149
2147,2148
2148,2146
2149,2145
2150,1737
2151,2150
2152,1738
2153,2152
2154,1735
2155,2156
2156,2157
2157,2154
2158,2155
2159,1815
2160,2159
2161,2162
2162,2159
2163,1814
2164,2163
2165,2163
2166,2165
2167,2168
2168,1729
2169,2167
2170,1758
2171,2170
2172,1757
2173,2172
2174,1727
2175,2174
2176,2175
2177,2176
2178,2174
2179,2178
2180,2179
2181,2180
2182,2181
2183,2180
2184,2183
2185,2184
2186,2185
2187,2186
2188,2187
2189,2432
2190,2189
2191,2184
2192,2191
2193,2197
2194,2196
2195,2192
2196,2193
2197,2195
2198,2191
2199,2198
2200,2199
2201,2192
2202,2186
2203,2187
2204,2203
2205,2431
2206,2205
2207,2185
2208,2207
2209,2208
2210,2209
2211,2212
2212,2183
2213,2179
2214,2213
2215,2214
2216,2435
2217,2438
2218,2217
2219,2218
2220,2219
2221,2214
2222,2221
2223,2222
2224,2223
2225,2441
2226,2225
2227,2226
2228,2229
2229,2227
2230,2228
2231,2221
2232,2231
2233,2234
2234,2222
2235,2442
2236,2235
2237,2225
2238,2237
2239,2240
2240,2238
2241,2239
2242,2243
2243,2227
2244,2245
2245,2242
2246,2242
2247,2246
2248,2223
2249,2248
2250,2434
2251,2250
2252,2439
2253,2252
2254,2213
2255,2254
2256,2178
2257,2256
2258,2402
2259,2445
2260,2259
2261,2262
2262,2260
2263,2444
2264,2403
2265,2264
2266,2265
2267,2270
2268,2267
2269,2266
2270,2269
2271,2448
2272,2271
2273,2276
2274,2264
2275,2274
2276,2275
2277,2273
2278,2280
2279,2281
2280,2447
2281,2278
2282,2279
2283,2407
2284,2283
2285,2379
2286,2285
2287,2283
2288,2415
2289,2288
2290,2289
2291,2292
2292,2290
2293,2288
2294,2293
2295,2417
2296,2295
2297,2451
2298,2297
2299,2301
2300,2298
2301,2300
2302,2299
2303,2302
2304,2303
2305,2420
2306,2305
2307,2308
2308,2309
2309,2306
2310,2392
2311,2310
2312,2311
2313,2312
2314,2316
2315,2396
2316,2315
2317,2314
2318,2399
2319,2318
2320,2390
2321,2320
2322,2321
2323,2322
2324,1725
2325,2324
2326,2328
2327,2326
2328,2374
2329,2332
2330,2331
2331,2333
2332,2365
2333,2334
2334,2329
2335,1749
2336,2335
2337,1750
2338,2339
2339,1753
2340,1754
2341,2340
2342,1754
2343,2342
2344,1748
2345,1747
2346,2345
2347,2348
2348,1746
2349,2350
2350,1641
2351,2456
2352,2351
2353,2352
2354,2353
2355,2354
2356,2355
2357,2454
2358,2357
2359,2358
2360,2359
2361,2377
2362,1676
2363,2366
2364,2363
2365,2364
2366,2371
2367,2373
2368,1832
2369,2327
2370,2457
2371,2367
2372,1647
2373,2372
2374,1649
2375,2362
2376,2457
2377,1824
2378,2368
2379,2284
2380,2287
2381,1690
2382,1690
2383,2382
2384,1993
2385,2362
2386,2387
2387,1707
2388,2387
2389,1726
2390,2423
2391,2422
2392,2393
2393,2394
2394,2397
2395,2400
2396,2411
2397,2400
2398,2411
2399,2398
2400,2422
2401,2404
2402,2412
2403,2401
2404,2406
2405,2406
2406,2408
2407,2408
2408,2414
2409,2414
2410,2449
2411,2397
2412,2401
2413,2412
2414,2416
2415,2416
2416,2419
2417,2418
2418,2419
2419,2393
2420,2418
2421,2394
2422,2423
2423,2389
2424,1804
2425,2424
2426,2424
2427,1923
2428,2427
2429,2428
2430,2428
2431,2433
2432,2433
2433,2188
2434,2436
2435,2436
2436,2215
2437,2216
2438,2437
2439,2437
2440,2224
2441,2440
2442,2440
2443,2258
2444,2443
2445,2443
2446,2268
2447,2446
2448,2446
2449,2404
2450,2449
2451,2296
2452,2296
2453,2452
2454,2453
2455,2294
2456,2455
2457,2458
2458,2459
2459,2427
2460,2461
2461,2298
2462,4381
2463,2462
2464,2466
2465,2463
2466,2465
2467,2464
2468,2469
2469,2470
2470,2467
2471,2473
2472,2468
2473,2472
2474,2471
2475,2474
2476,2475
2477,2476
2478,2477
2479,2478
2480,2479
2481,2480
2482,2481
2483,2482
2484,2483
2485,2484
2486,2485
2487,2486
2488,2487
2489,2488
2490,2489
2491,2490
2492,2491
2493,2492
2494,2493
2495,2494
2496,2495
2497,2496
2498,2497
2499,2498
2500,2499
2501,2500
2502,2501
2503,2502
2504,2506
2505,4400
2506,2505
2507,2504
2508,2507
2509,4406
2510,2509
2511,2510
2512,2511
2513,2514
2514,2512
2515,2516
2516,2513
2517,2515
2518,2517
2519,2518
2520,2519
2521,2522
2522,2523
2523,2524
2524,2520
2525,2521
2526,2527
2527,2528
2528,2525
2529,2530
2530,2526
2531,2532
2532,2529
2533,2531
2534,4429
2535,2534
2536,2535
2537,2536
2538,2537
2539,2538
2540,2539
2541,2540
2542,2541
2543,2542
2544,2543
2545,2544
2546,2545
2547,2546
2548,2547
2549,2548
2550,2549
2551,2550
2552,2551
2553,2552
2554,2553
2555,2554
2556,2555
2557,2556
2558,2557
2559,2558
2560,2559
2561,2560
2562,2561
2563,2562
2564,2563
2565,2564
2566,2565
2567,2566
2568,2567
2569,2568
2570,4584
2571,2572
2572,2573
2573,2570
2574,2571
2575,2574
2576,4375
2577,2576
2578,2577
2579,2561
2580,2579
2581,2580
2582,2581
2583,2582
2584,4389
2585,2584
2586,2585
2587,2586
2588,2587
2589,2588
2590,2589
2591,2590
2592,2591
2593,2592
2594,2593
2595,2594
2596,2595
2597,2596
2598,2597
2599,2598
2600,2599
2601,2600
2602,2601
2603,4463
2604,2603
2605,2604
2606,2605
2607,2606
2608,2607
2609,2608
2610,2609
2611,2610
2612,2611
2613,2614
2614,2612
2615,4472
2616,2615
2617,2616
2618,2617
2619,2618
2620,2619
2621,2620
2622,2621
2623,2622
2624,2617
2625,2624
2626,2625
2627,2626
2628,2627
2629,2633
2630,2632
2631,2628
2632,2631
2633,2630
2634,2603
2635,2634
2636,2638
2637,2635
2638,2637
2639,4475
2640,2639
2641,2640
2642,2641
2643,2642
2644,2643
2645,2644
2646,2645
2647,2653
2648,2634
2649,2648
2650,2651
2651,2647
2652,2649
2653,2652
2654,2650
2655,2654
2656,2655
2657,2656
2658,2526
2659,2658
2660,2659
2661,2660
2662,2661
2663,2664
2664,2666
2665,2663
2666,15446
2667,2668
2668,2665
2669,2667
2670,2669
2671,2670
2672,2671
2673,2672
2674,4480
2675,2674
2676,2675
2677,2676
2678,2677
2679,2678
2680,2679
2681,4491
2682,2681
2683,2682
2684,2683
2685,2684
2686,2689
2687,2685
2688,2687
2689,2688
2690,2686
2691,2690
2692,2691
2693,2692
2694,2693
2695,2694
2696,2684
2697,2696
2698,2682
2699,2701
2700,2698
2701,2700
2702,2699
2703,2702
2704,2703
2705,4487
2706,2705
2707,2706
2708,2707
2709,2708
2710,2709
2711,2713
2712,2710
2713,2712
2714,2711
2715,2679
2716,2718
2717,2715
2718,2717
2719,4495
2720,2719
2721,4014
2722,4496
2723,4507
2724,2723
2725,2724
2726,2725
2727,2665
2728,2727
2729,2728
2730,2729
2731,2730
2732,2731
2733,2734
2734,2735
2735,4392
2736,2737
2737,4424
2738,2736
2739,2738
2740,2739
2741,2740
2742,2741
2743,2742
2744,4412
2745,2746
2746,4392
2747,2745
2748,2747
2749,2751
2750,2749
2751,2748
2752,4427
2753,2752
2754,2753
2755,2754
2756,2755
2757,2756
2758,2757
2759,2761
2760,2758
2761,2762
2762,2760
2763,2764
2764,2748
2765,2766
2766,4411
2767,2765
2768,2767
2769,2768
2770,2769
2771,2770
2772,2771
2773,2772
2774,2773
2775,2774
2776,2775
2777,2776
2778,2777
2779,2778
2780,4513
2781,2780
2782,2781
2783,2782
2784,2783
2785,2784
2786,2785
2787,2786
2788,2787
2789,2788
2790,2791
2791,2789
2792,2793
2793,2519
2794,2792
2795,2794
2796,2795
2797,2796
2798,2797
2799,2798
2800,2799
2801,2800
2802,2801
2803,2804
2804,2805
2805,2515
2806,2803
2807,2808
2808,2806
2809,2810
2810,2807
2811,2809
2812,2811
2813,4521
2814,2813
2815,2814
2816,2815
2817,2816
2818,2814
2819,2818
2820,2819
2821,2820
2822,2821
2823,2822
2824,2825
2825,2823
2826,2824
2827,2826
2828,2827
2829,2831
2830,2829
2831,2832
2832,4404
2833,2830
2834,2833
2835,2834
2836,2837
2837,2835
2838,2836
2839,2838
2840,4524
2841,4528
2842,2841
2843,2846
2844,2842
2845,2844
2846,2845
2847,2843
2848,2847
2849,2848
2850,2849
2851,2853
2852,2850
2853,2854
2854,2852
2855,2830
2856,2855
2857,2856
2858,2857
2859,2858
2860,2859
2861,2860
2862,2861
2863,2865
2864,2862
2865,2864
2866,2863
2867,2866
2868,2867
2869,2868
2870,2869
2871,2870
2872,2871
2873,2872
2874,2873
2875,2874
2876,2875
2877,2876
2878,2877
2879,2878
2880,2879
2881,2880
2882,2881
2883,2882
2884,4533
2885,2887
2886,2885
2887,4381
2888,2890
2889,2891
2890,2889
2891,2886
2892,2893
2893,4534
2894,2896
2895,2892
2896,2897
2897,2895
2898,15447
2899,2898
2900,2899
2901,2900
2902,2901
2903,2902
2904,2903
2905,2904
2906,2905
2907,2906
2908,2907
2909,2908
2910,2909
2911,2910
2912,4537
2913,2912
2914,2913
2915,2914
2916,2915
2917,2916
2918,4452
2919,2918
2920,2919
2921,2486
2922,2921
2923,2922
2924,2923
2925,2924
2926,2925
2927,2926
2928,2927
2929,2928
2930,2931
2931,2929
2932,2495
2933,2934
2934,2932
2935,2937
2936,2935
2937,2464
2938,2936
2939,2698
2940,2674
2941,2940
2942,2941
2943,2942
2944,2592
2945,2944
2946,2945
2947,2948
2948,2946
2949,2947
2950,2949
2951,2950
2952,2951
2953,4426
2954,2953
2955,2954
2956,2957
2957,2624
2958,2961
2959,2958
2960,2959
2961,2729
2962,2960
2963,2962
2964,2963
2965,2967
2966,2705
2967,2966
2968,2969
2969,2731
2970,2968
2971,2970
2972,2971
2973,4440
2974,2973
2975,2974
2976,2975
2977,2976
2978,2977
2979,2978
2980,2720
2981,2980
2982,2574
2983,2982
2984,2985
2985,2983
2986,2984
2987,2610
2988,2987
2989,2988
2990,2989
2991,2992
2992,2993
2993,2512
2994,2991
2995,2994
2996,2995
2997,2996
2998,2997
2999,2998
3000,2875
3001,3000
3002,3001
3003,3002
3004,3003
3005,3004
3006,3007
3007,2662
3008,3006
3009,2899
3010,3009
3011,3010
3012,3011
3013,3014
3014,3012
3015,3013
3016,4448
3017,3016
3018,3017
3019,3018
3020,3019
3021,3024
3022,3020
3023,3021
3024,3022
3025,2525
3026,3025
3027,3009
3028,3027
3029,3030
3030,3028
3031,3029
3032,3031
3033,3032
3034,3033
3035,3034
3036,3035
3037,3038
3038,3036
3039,3041
3040,2732
3041,3040
3042,3039
3043,3042
3044,2903
3045,4519
3046,3045
3047,3046
3048,3047
3049,2892
3050,3049
3051,3050
3052,3051
3053,3052
3054,2882
3055,3056
3056,3054
3057,3058
3058,2504
3059,3057
3060,3059
3061,3060
3062,3061
3063,3065
3064,4393
3065,3064
3066,3063
3067,3066
3068,3067
3069,4588
3070,3071
3071,4591
3072,3073
3073,4599
3074,4401
3075,3074
3076,4459
3077,3078
3078,3079
3079,15447
3080,3081
3081,4231
3082,3570
3083,3016
3084,3083
3085,3018
3086,3017
3087,3089
3088,3086
3089,3088
3090,4448
3091,4535
3092,3091
3093,2912
3094,3093
3095,3094
3096,3095
3097,3096
3098,3099
3099,3097
3100,3098
3101,3100
3102,3101
3103,3102
3104,3103
3105,3104
3106,3105
3107,3106
3108,3107
3109,3108
3110,3111
3111,3109
3112,3110
3113,3112
3114,3113
3115,3093
3116,3117
3117,3118
3118,3115
3119,3124
3120,3095
3121,3119
3122,3123
3123,3125
3124,3122
3125,3120
3126,3128
3127,3096
3128,3131
3129,3127
3130,3129
3131,3130
3132,3133
3133,3098
3134,3100
3135,3134
3136,3103
3137,3136
3138,3136
3139,3105
3140,3139
3141,3106
3142,3146
3143,3147
3144,15449
3145,3144
3146,3148
3147,3145
3148,3143
3149,15449
3150,3149
3151,3141
3152,3153
3153,3154
3154,3109
3155,3152
3156,3155
3157,3152
3158,3157
3159,3112
3160,3159
3161,3160
3162,4539
3163,3162
3164,3163
3165,3164
3166,3160
3167,3166
3168,3159
3169,3168
3170,3110
3171,3170
3172,3173
3173,3176
3174,3171
3175,3174
3176,3175
3177,3107
3178,3179
3179,3104
3180,3102
3181,3180
3182,3184
3183,3101
3184,3185
3185,3183
3186,3182
3187,3186
3188,3094
3189,3190
3190,2913
3191,2914
3192,3191
3193,3192
3194,3193
3195,3192
3196,3191
3197,3196
3198,3197
3199,3198
3200,3199
3201,3198
3202,3201
3203,3202
3204,3201
3205,3204
3206,3210
3207,3208
3208,3209
3209,4457
3210,3207
3211,4374
3212,3211
3213,4374
3214,3213
3215,3214
3216,3213
3217,2917
3218,3217
3219,3218
3220,3219
3221,3222
3222,3220
3223,3217
3224,3223
3225,3218
3226,3225
3227,3219
3228,3227
3229,3230
3230,3220
3231,3049
3232,3233
3233,3231
3234,3231
3235,3234
3236,2894
3237,3236
3238,2898
3239,3238
3240,3239
3241,3242
3242,3238
3243,3244
3244,2900
3245,2901
3246,3245
3247,3248
3248,3246
3249,2902
3250,3249
3251,3250
3252,3249
3253,3252
3254,2904
3255,3256
3256,3254
3257,3254
3258,3261
3259,3257
3260,3259
3261,3260
3262,3258
3263,3262
3264,3263
3265,3257
3266,3265
3267,3268
3268,2907
3269,2909
3270,3272
3271,3270
3272,3269
3273,2910
3274,3273
3275,3274
3276,3275
3277,3276
3278,3273
3279,3274
3280,3282
3281,3279
3282,3281
3283,3280
3284,2911
3285,3284
3286,3287
3287,3285
3288,3284
3289,3291
3290,3288
3291,3290
3292,3289
3293,3295
3294,3292
3295,3294
3296,3293
3297,3296
3298,3297
3299,3300
3300,3298
3301,3299
3302,3288
3303,3302
3304,3285
3305,3304
3306,3307
3307,3305
3308,3304
3309,3308
3310,3311
3311,3305
3312,2911
3313,3312
3314,3313
3315,3314
3316,3315
3317,3313
3318,3317
3319,3314
3320,2908
3321,3322
3322,3320
3323,3320
3324,3328
3325,3324
3326,3027
3327,3326
3328,3327
3329,3033
3330,3329
3331,3035
3332,3331
3333,3331
3334,3335
3335,3036
3336,3034
3337,3336
3338,3032
3339,3028
3340,3339
3341,3340
3342,3341
3343,3344
3344,3342
3345,3343
3346,3339
3347,3346
3348,3347
3349,3348
3350,3342
3351,3352
3352,3354
3353,3350
3354,3353
3355,3010
3356,3355
3357,3358
3358,3012
3359,3357
3360,3363
3361,3365
3362,3361
3363,3364
3364,2886
3365,3360
3366,3362
3367,3366
3368,3367
3369,3368
3370,3369
3371,3370
3372,3362
3373,3374
3374,3372
3375,3373
3376,3375
3377,3378
3378,3376
3379,3377
3380,3366
3381,3367
3382,3381
3383,3368
3384,3383
3385,3369
3386,3385
3387,3388
3388,3389
3389,2463
3390,3387
3391,3390
3392,3391
3393,3394
3394,3392
3395,2834
3396,2842
3397,3396
3398,2847
3399,3400
3400,2850
3401,3399
3402,2849
3403,3402
3404,3403
3405,2841
3406,3405
3407,3405
3408,4527
3409,4526
3410,3409
3411,2833
3412,3413
3413,3411
3414,3412
3415,3414
3416,3415
3417,3416
3418,3421
3419,3420
3420,3417
3421,3419
3422,2858
3423,3422
3424,3425
3425,3423
3426,3423
3427,3426
3428,3422
3429,3428
3430,3431
3431,3429
3432,3433
3433,3429
3434,3428
3435,3434
3436,3435
3437,3438
3438,3436
3439,2860
3440,3439
3441,2861
3442,3441
3443,3444
3444,2862
3445,2863
3446,2868
3447,3446
3448,3447
3449,3450
3450,2870
3451,2881
3452,3451
3453,4546
3454,3455
3455,4543
3456,4545
3457,3456
3458,4596
3459,3458
3460,3459
3461,3460
3462,3461
3463,3460
3464,3463
3465,3054
3466,3465
3467,3000
3468,3467
3469,3470
3470,3001
3471,3002
3472,3471
3473,3472
3474,3471
3475,3474
3476,3003
3477,3476
3478,3479
3479,3480
3480,3481
3481,3477
3482,3476
3483,3482
3484,2874
3485,3484
3486,3485
3487,3486
3488,2871
3489,3488
3490,2867
3491,3490
3492,3493
3493,2859
3494,2857
3495,3494
3496,2856
3497,3496
3498,2855
3499,3500
3500,3498
3501,3503
3502,3498
3503,3504
3504,3502
3505,3507
3506,3505
3507,4400
3508,3509
3509,2505
3510,3057
3511,3510
3512,3511
3513,3512
3514,3060
3515,3061
3516,3515
3517,3059
3518,3519
3519,2507
3520,3518
3521,3520
3522,3520
3523,3522
3524,3518
3525,3524
3526,3527
3527,2508
3528,3531
3529,3526
3530,3529
3531,3530
3532,3528
3533,3534
3534,4406
3535,3533
3536,3533
3537,3536
3538,3539
3539,3537
3540,3543
3541,3544
3542,3538
3543,3541
3544,3542
3545,4547
3546,3536
3547,3546
3548,4549
3549,3550
3550,3548
3551,3549
3552,3538
3553,3552
3554,3553
3555,3554
3556,3557
3557,3559
3558,2511
3559,3558
3560,3556
3561,3560
3562,3561
3563,3562
3564,3563
3565,3564
3566,3565
3567,3566
3568,3567
3569,3568
3570,3566
3571,15448
3572,15448
3573,3567
3574,3563
3575,3576
3576,2991
3577,3575
3578,3581
3579,2994
3580,3579
3581,3580
3582,2996
3583,3582
3584,2995
3585,3584
3586,3585
3587,3588
3588,2514
3589,3590
3590,2516
3591,2811
3592,4522
3593,3594
3594,3592
3595,2813
3596,3595
3597,3599
3598,2816
3599,3598
3600,2815
3601,3600
3602,2818
3603,2822
3604,2819
3605,3604
3606,2803
3607,2792
3608,3607
3609,2796
3610,3611
3611,3609
3612,3609
3613,2797
3614,3616
3615,3613
3616,3615
3617,2798
3618,3617
3619,3618
3620,2799
3621,3620
3622,3621
3623,3621
3624,4551
3625,4550
3626,3625
3627,2794
3628,3629
3629,3627
3630,3631
3631,2520
3632,3630
3633,3632
3634,3630
3635,3634
3636,3635
3637,3632
3638,3639
3639,2524
3640,3641
3641,3643
3642,2528
3643,3642
3644,3646
3645,3644
3646,2527
3647,3649
3648,3647
3649,2658
3650,3651
3651,2659
3652,3006
3653,3654
3654,2666
3655,2727
3656,3657
3657,3655
3658,3656
3659,3042
3660,3039
3661,3660
3662,3661
3663,3063
3664,3663
3665,3664
3666,3669
3667,3666
3668,3666
3669,3665
3670,2765
3671,2768
3672,3671
3673,2774
3674,2775
3675,3674
3676,3675
3677,2776
3678,3677
3679,3681
3680,3677
3681,3683
3682,3679
3683,3680
3684,2777
3685,3684
3686,3685
3687,3686
3688,3689
3689,4422
3690,4422
3691,3684
3692,3047
3693,3048
3694,3693
3695,3693
3696,3695
3697,3696
3698,3695
3699,3700
3700,2852
3701,3048
3702,3701
3703,3702
3704,3046
3705,3045
3706,3705
3707,2782
3708,3707
3709,3708
3710,3709
3711,3710
3712,3709
3713,3712
3714,2788
3715,3714
3716,3715
3717,3714
3718,2789
3719,3718
3720,3721
3721,2787
3722,3723
3723,2786
3724,2783
3725,3724
3726,3724
3727,3726
3728,2781
3729,3728
3730,3735
3731,3730
3732,3735
3733,3732
3734,3732
3735,2780
3736,3737
3737,4514
3738,4517
3739,3738
3740,2778
3741,3740
3742,3743
3743,3740
3744,3746
3745,3744
3746,2772
3747,2769
3748,3747
3749,3747
3750,3749
3751,2767
3752,2745
3753,3754
3754,3752
3755,3753
3756,3755
3757,3756
3758,3757
3759,3757
3760,3761
3761,3753
3762,3764
3763,3762
3764,2763
3765,3767
3766,4462
3767,3766
3768,3769
3769,2764
3770,2752
3771,3770
3772,4427
3773,3772
3774,3773
3775,3772
3776,3775
3777,2953
3778,3777
3779,4511
3780,3779
3781,4509
3782,3781
3783,3782
3784,3783
3785,3786
3786,3787
3787,2747
3788,3789
3789,3785
3790,3785
3791,3792
3792,2746
3793,2733
3794,3796
3795,2738
3796,3795
3797,3794
3798,2740
3799,3798
3800,2743
3801,3800
3802,2739
3803,3802
3804,3803
3805,3804
3806,3808
3807,2736
3808,3807
3809,3806
3810,3811
3811,3812
3812,3813
3813,4410
3814,2968
3815,3817
3816,3815
3817,3814
3818,3819
3819,3814
3820,2970
3821,3820
3822,3821
3823,3825
3824,3823
3825,4438
3826,4440
3827,3826
3828,2975
3829,3828
3830,2972
3831,3830
3832,2971
3833,3832
3834,3832
3835,3836
3836,2730
3837,3835
3838,3839
3839,3841
3840,3837
3841,3840
3842,2960
3843,3844
3844,3842
3845,3843
3846,2962
3847,3849
3848,3847
3849,3846
3850,3851
3851,2728
3852,3850
3853,3854
3854,2673
3855,3856
3856,3858
3857,3853
3858,3857
3859,3855
3860,3859
3861,3860
3862,3861
3863,3853
3864,3863
3865,3855
3866,3865
3867,4409
3868,4483
3869,3870
3870,3868
3871,4477
3872,3871
3873,3872
3874,3873
3875,3874
3876,2940
3877,3876
3878,3877
3879,3878
3880,3882
3881,2942
3882,3881
3883,3880
3884,2943
3885,3884
3886,2941
3887,4555
3888,3887
3889,3891
3890,3888
3891,3892
3892,3890
3893,3889
3894,3899
3895,3898
3896,3900
3897,3893
3898,3901
3899,3896
3900,3895
3901,3897
3902,3894
3903,4554
3904,3903
3905,3904
3906,3905
3907,2708
3908,3907
3909,3908
3910,3909
3911,2686
3912,3911
3913,3912
3914,3913
3915,2690
3916,3915
3917,3916
3918,3917
3919,3918
3920,3919
3921,2691
3922,3921
3923,3924
3924,3926
3925,3922
3926,3925
3927,3923
3928,2685
3929,3930
3930,3928
3931,2696
3932,3931
3933,2683
3934,3933
3935,3937
3936,2703
3937,3939
3938,3935
3939,3936
3940,4557
3941,4561
3942,3941
3943,3942
3944,3941
3945,4559
3946,4556
3947,3946
3948,3951
3949,2702
3950,3948
3951,3949
3952,2699
3953,3952
3954,3952
3955,2681
3956,3955
3957,4492
3958,3960
3959,3957
3960,3959
3961,3958
3962,3961
3963,3958
3964,3963
3965,3957
3966,3965
3967,3969
3968,4490
3969,3968
3970,3967
3971,4486
3972,3973
3973,3974
3974,3975
3975,3971
3976,3972
3977,3976
3978,3977
3979,3981
3980,3978
3981,3980
3982,3979
3983,4494
3984,4562
3985,3984
3986,3988
3987,4497
3988,3991
3989,3986
3990,3987
3991,3990
3992,4500
3993,3992
3994,4502
3995,3994
3996,3995
3997,3999
3998,3997
3999,3996
4000,4506
4001,4566
4002,4001
4003,4002
4004,4003
4005,4565
4006,4005
4007,2723
4008,2724
4009,4008
4010,4505
4011,4012
4012,4010
4013,4011
4014,2719
4015,2675
4016,4476
4017,4016
4018,4020
4019,2671
4020,4019
4021,2670
4022,4021
4023,2664
4024,4023
4025,15446
4026,4025
4027,4026
4028,4027
4029,4028
4030,4029
4031,4039
4032,4038
4033,4030
4034,4035
4035,4036
4036,4031
4037,4034
4038,4037
4039,4033
4040,4032
4041,4026
4042,4041
4043,4027
4044,4028
4045,4057
4046,4045
4047,4046
4048,4047
4049,4048
4050,4048
4051,4050
4052,4051
4053,4567
4054,4568
4055,4047
4056,4055
4057,4044
4058,4059
4059,2660
4060,4058
4061,4062
4062,4060
4063,2536
4064,4063
4065,4064
4066,2552
4067,4066
4068,4067
4069,2556
4070,4069
4071,2562
4072,4071
4073,4072
4074,4071
4075,4074
4076,4077
4077,2563
4078,2565
4079,4078
4080,4081
4081,2569
4082,2578
4083,4082
4084,4083
4085,2577
4086,4085
4087,2576
4088,4089
4089,4090
4090,4093
4091,4092
4092,4087
4093,4091
4094,4375
4095,4585
4096,2575
4097,4096
4098,4097
4099,4103
4100,4096
4101,4099
4102,4100
4103,4102
4104,2982
4105,2571
4106,4586
4107,4108
4108,4587
4109,4107
4110,2564
4111,2581
4112,4111
4113,4116
4114,4113
4115,4114
4116,4117
4117,4118
4118,4120
4119,4120
4120,4112
4121,4123
4122,4121
4123,2584
4124,4125
4125,2587
4126,4124
4127,2598
4128,2599
4129,4128
4130,4129
4131,4130
4132,4131
4133,2601
4134,4133
4135,4134
4136,4573
4137,4136
4138,4572
4139,4138
4140,4464
4141,4143
4142,4140
4143,4142
4144,4141
4145,2604
4146,4145
4147,4146
4148,4145
4149,4151
4150,4152
4151,4150
4152,4153
4153,4148
4154,4149
4155,2605
4156,4155
4157,2608
4158,4157
4159,2609
4160,4159
4161,2988
4162,2987
4163,4466
4164,4471
4165,4166
4166,2622
4167,2626
4168,4170
4169,4167
4170,4169
4171,4167
4172,4171
4173,2625
4174,4173
4175,4174
4176,4470
4177,4176
4178,4474
4179,4182
4180,2640
4181,4179
4182,4180
4183,2639
4184,4183
4185,4184
4186,4185
4187,2655
4188,4187
4189,4188
4190,4189
4191,2600
4192,4193
4193,2595
4194,4192
4195,2952
4196,4195
4197,4196
4198,2951
4199,4198
4200,2950
4201,2944
4202,4201
4203,2588
4204,4203
4205,2586
4206,4207
4207,4205
4208,4389
4209,4208
4210,2551
4211,4210
4212,4210
4213,4212
4214,4228
4215,4214
4216,4215
4217,4216
4218,4217
4219,4218
4220,4215
4221,4220
4222,4221
4223,4220
4224,4223
4225,4226
4226,4227
4227,4224
4228,2545
4229,4231
4230,4229
4231,2531
4232,4233
4233,4230
4234,4235
4235,4232
4236,4234
4237,4236
4238,4575
4239,4238
4240,4239
4241,4236
4242,4241
4243,4244
4244,4230
4245,4246
4246,4247
4247,2529
4248,4245
4249,4248
4250,4249
4251,4250
4252,4251
4253,4251
4254,4253
4255,4254
4256,4254
4257,4256
4258,4253
4259,4258
4260,4248
4261,4260
4262,4260
4263,4262
4264,4245
4265,4266
4266,4264
4267,4268
4268,4264
4269,4270
4270,4271
4271,2521
4272,4269
4273,4274
4274,4272
4275,4276
4276,2518
4277,4275
4278,4277
4279,4579
4280,4279
4281,4580
4282,4281
4283,4578
4284,4283
4285,4286
4286,4284
4287,4285
4288,4285
4289,4283
4290,4292
4291,4289
4292,4291
4293,4294
4294,4295
4295,2517
4296,4293
4297,4298
4298,2513
4299,4297
4300,4299
4301,4297
4302,4303
4303,2510
4304,4302
4305,4306
4306,2509
4307,4308
4308,2506
4309,2474
4310,4309
4311,2475
4312,2476
4313,2477
4314,2478
4315,4317
4316,2481
4317,4316
4318,2484
4319,4318
4320,2485
4321,2487
4322,4324
4323,4321
4324,4323
4325,4322
4326,4325
4327,2489
4328,2490
4329,4328
4330,4329
4331,4330
4332,4333
4333,4331
4334,4328
4335,2493
4336,4335
4337,4336
4338,2497
4339,4338
4340,2498
4341,4342
4342,4340
4343,2499
4344,2500
4345,2496
4346,2932
4347,4346
4348,2494
4349,2492
4350,4349
4351,4349
4352,2491
4353,2488
4354,4353
4355,4354
4356,2923
4357,2924
4358,2925
4359,2922
4360,2921
4361,2471
4362,2936
4363,4364
4364,4365
4365,3378
4366,4363
4367,4366
4368,4363
4369,4595
4370,4369
4371,4372
4372,4369
4373,2920
4374,4373
4375,4376
4376,4385
4377,4434
4378,3678
4379,4380
4380,5989
4381,4604
4382,4402
4383,3511
4384,4383
4385,2569
4386,4416
4387,4388
4388,4110
4389,4408
4390,4409
4391,4424
4392,4411
4393,4410
4394,4413
4395,4396
4396,4405
4397,4405
4398,4397
4399,2508
4400,4404
4401,4458
4402,2743
4403,4384
4404,2468
4405,4399
4406,4395
4407,4385
4408,2583
4409,2673
4410,2732
4411,4393
4412,4382
4413,4447
4414,4401
4415,4414
4416,4110
4417,4418
4418,4419
4419,3205
4420,4403
4421,4398
4422,4423
4423,3685
4424,2733
4425,2548
4426,4512
4427,4428
4428,4426
4429,4431
4430,2533
4431,4430
4432,4433
4433,4431
4434,4435
4435,4437
4436,4063
4437,4436
4438,4439
4439,2972
4440,4441
4441,4442
4442,4438
4443,4445
4444,4413
4445,4446
4446,4444
4447,3069
4448,4450
4449,4451
4450,4449
4451,4604
4452,4453
4453,4457
4454,4456
4455,2917
4456,4455
4457,4454
4458,3076
4459,4460
4460,3203
4461,4462
4462,2763
4463,4465
4464,4465
4465,2602
4466,4468
4467,2613
4468,4467
4469,4468
4470,4467
4471,4469
4472,4469
4473,2636
4474,4473
4475,4473
4476,4479
4477,4478
4478,4481
4479,4478
4480,4479
4481,4482
4482,4390
4483,4482
4484,2680
4485,4484
4486,4484
4487,4485
4488,4485
4489,4488
4490,4488
4491,4489
4492,4489
4493,2716
4494,4493
4495,4493
4496,4499
4497,4498
4498,2721
4499,4498
4500,4501
4501,4499
4502,4501
4503,2722
4504,4503
4505,4503
4506,4504
4507,4504
4508,2750
4509,4508
4510,4508
4511,4510
4512,4510
4513,4515
4514,4515
4515,4516
4516,4518
4517,4518
4518,4520
4519,4520
4520,2779
4521,4523
4522,4523
4523,2812
4524,4525
4525,2839
4526,4525
4527,4530
4528,4529
4529,4530
4530,2840
4531,4532
4532,2883
4533,4532
4534,4538
4535,4536
4536,2888
4537,4538
4538,4536
4539,4540
4540,4541
4541,3161
4542,2884
4543,4542
4544,4542
4545,4544
4546,4544
4547,4548
4548,3540
4549,4548
4550,4552
4551,4552
4552,2802
4553,3886
4554,4553
4555,4553
4556,4558
4557,4558
4558,2704
4559,4560
4560,3940
4561,4560
4562,4563
4563,3983
4564,4000
4565,4564
4566,4564
4567,4570
4568,4569
4569,4052
4570,4569
4571,4135
4572,4571
4573,4571
4574,4237
4575,4574
4576,4278
4577,4576
4578,4576
4579,4577
4580,4577
4581,4407
4582,4581
4583,4582
4584,4583
4585,4583
4586,4582
4587,4581
4588,4589
4589,4590
4590,4378
4591,4589
4592,4593
4593,4595
4594,3435
4595,4594
4596,4531
4597,4531
4598,4597
4599,4598
4600,2661
4601,4602
4602,4600
4603,3729
4604,4605
4605,5989
4606,5824
4607,4606
4608,4607
4609,5824
4610,5833
4611,4610
4612,4611
4613,4612
4614,4613
4615,4614
4616,4615
4617,4616
4618,4617
4619,4618
4620,4619
4621,5912
4622,4621
4623,4622
4624,5835
4625,4624
4626,4625
4627,5821
4628,4627
4629,4630
4630,5820
4631,4629
4632,4631
4633,4634
4634,4635
4635,4632
4636,4633
4637,4636
4638,4637
4639,15451
4640,4639
4641,4640
4642,4641
4643,4642
4644,4645
4645,4632
4646,4644
4647,4648
4648,4646
4649,5838
4650,4649
4651,4652
4652,5811
4653,4651
4654,4655
4655,4653
4656,4654
4657,4656
4658,4659
4659,4657
4660,4658
4661,4660
4662,4661
4663,4662
4664,4663
4665,4664
4666,4665
4667,4666
4668,4667
4669,4670
4670,5844
4671,4669
4672,4671
4673,4672
4674,4673
4675,4674
4676,4675
4677,4676
4678,4653
4679,4680
4680,5840
4681,4679
4682,4681
4683,4682
4684,4683
4685,4684
4686,4685
4687,4686
4688,4693
4689,4687
4690,4689
4691,4692
4692,4690
4693,4691
4694,4688
4695,4694
4696,4695
4697,4696
4698,5809
4699,5793
4700,4702
4701,4700
4702,4699
4703,4701
4704,4703
4705,4704
4706,4705
4707,4708
4708,4706
4709,4707
4710,5888
4711,4712
4712,4710
4713,4711
4714,4713
4715,4714
4716,4715
4717,4716
4718,4717
4719,4718
4720,4719
4721,4722
4722,4720
4723,4721
4724,4723
4725,4727
4726,4725
4727,4724
4728,4726
4729,4730
4730,4728
4731,4729
4732,4731
4733,4724
4734,5913
4735,4734
4736,4735
4737,4736
4738,4737
4739,4740
4740,4738
4741,4739
4742,4743
4743,4741
4744,4742
4745,4735
4746,4745
4747,4746
4748,4747
4749,4748
4750,4749
4751,4750
4752,4751
4753,4752
4754,4753
4755,4723
4756,4755
4757,4756
4758,4760
4759,4757
4760,4761
4761,4759
4762,4758
4763,4762
4764,4709
4765,4764
4766,4767
4767,4765
4768,4769
4769,4766
4770,4768
4771,4770
4772,4771
4773,4776
4774,4775
4775,4772
4776,4774
4777,4773
4778,4777
4779,4778
4780,4779
4781,4780
4782,4783
4783,4781
4784,4782
4785,4784
4786,4785
4787,4786
4788,4789
4789,4787
4790,4788
4791,4790
4792,4791
4793,4792
4794,4793
4795,4794
4796,4795
4797,5919
4798,4797
4799,4798
4800,4799
4801,5861
4802,4801
4803,4802
4804,4803
4805,5884
4806,5924
4807,4806
4808,4807
4809,4801
4810,4809
4811,4810
4812,4811
4813,4797
4814,4813
4815,5929
4816,4815
4817,5933
4818,4820
4819,4817
4820,4819
4821,4818
4822,4821
4823,4822
4824,4823
4825,5871
4826,5871
4827,4828
4828,4829
4829,4785
4830,4827
4831,4830
4832,4831
4833,4832
4834,4833
4835,4836
4836,4834
4837,4835
4838,4837
4839,4782
4840,4839
4841,4840
4842,4841
4843,4842
4844,4843
4845,4844
4846,4845
4847,4846
4848,4772
4849,4850
4850,4848
4851,4853
4852,4851
4853,4647
4854,4852
4855,4854
4856,4855
4857,4856
4858,4857
4859,4858
4860,4859
4861,15452
4862,4861
4863,4862
4864,4863
4865,4864
4866,4865
4867,4866
4868,4867
4869,4868
4870,4869
4871,4870
4872,4871
4873,4872
4874,4873
4875,4874
4876,4875
4877,4876
4878,4877
4879,4878
4880,4879
4881,4883
4882,4880
4883,4882
4884,4881
4885,4886
4886,4887
4887,4629
4888,4885
4889,4888
4890,4889
4891,4890
4892,4894
4893,4891
4894,4893
4895,5888
4896,4895
4897,4896
4898,4897
4899,4898
4900,5936
4901,5938
4902,4901
4903,4902
4904,4905
4905,5830
4906,4907
4907,4768
4908,4906
4909,4908
4910,4909
4911,4910
4912,4913
4913,4914
4914,4650
4915,4912
4916,4915
4917,4916
4918,4917
4919,4920
4920,4649
4921,4919
4922,4921
4923,4924
4924,4925
4925,15450
4926,4923
4927,4926
4928,4929
4929,4930
4930,4644
4931,4928
4932,4931
4933,4932
4934,4933
4935,4936
4936,4934
4937,4935
4938,4937
4939,4940
4940,5809
4941,4939
4942,4941
4943,4681
4944,4943
4945,4949
4946,4944
4947,4946
4948,4947
4949,4948
4950,4952
4951,5808
4952,4951
4953,4954
4954,4956
4955,4627
4956,4955
4957,4953
4958,4957
4959,4958
4960,4713
4961,4962
4962,4963
4963,4960
4964,4961
4965,4964
4966,4968
4967,4965
4968,4967
4969,4966
4970,4971
4971,5838
4972,4970
4973,4972
4974,4975
4975,4973
4976,15451
4977,4978
4978,4976
4979,5843
4980,4979
4981,4980
4982,4981
4983,4982
4984,4985
4985,4707
4986,4984
4987,4609
4988,4987
4989,4988
4990,4989
4991,4990
4992,4991
4993,4992
4994,4993
4995,4996
4996,4850
4997,4813
4998,15453
4999,4778
5000,5001
5001,4999
5002,5000
5003,5002
5004,5005
5005,5006
5006,5003
5007,5004
5008,5009
5009,4765
5010,5008
5011,5010
5012,5011
5013,5014
5014,5015
5015,5820
5016,5013
5017,5016
5018,5017
5019,5020
5020,5018
5021,4855
5022,5021
5023,5024
5024,4651
5025,5023
5026,5025
5027,5026
5028,5027
5029,5032
5030,5029
5031,5028
5032,5031
5033,4856
5034,5033
5035,5034
5036,5035
5037,5036
5038,5037
5039,4872
5040,5039
5041,5942
5042,5041
5043,5042
5044,5045
5045,4678
5046,5044
5047,5046
5048,5049
5049,5828
5050,5052
5051,5050
5052,4863
5053,5054
5054,5051
5055,5056
5056,5058
5057,5821
5058,5057
5059,5055
5060,5059
5061,5060
5062,5061
5063,5062
5064,5063
5065,5066
5066,4701
5067,5065
5068,5067
5069,5068
5070,5069
5071,4875
5072,5073
5073,4700
5074,4705
5075,5074
5076,5075
5077,5076
5078,5080
5079,5081
5080,5079
5081,4646
5082,5078
5083,5082
5084,5085
5085,5086
5086,4628
5087,5084
5088,5089
5089,5087
5090,5088
5091,4869
5092,5091
5093,5095
5094,5816
5095,5099
5096,5097
5097,5098
5098,5094
5099,5096
5100,5093
5101,5100
5102,5101
5103,5102
5104,5988
5105,5104
5106,5786
5107,5106
5108,5964
5109,5805
5110,5895
5111,5110
5112,5882
5113,5972
5114,5113
5115,5966
5116,5117
5117,15454
5118,5119
5119,5885
5120,5968
5121,5894
5122,5121
5123,5969
5124,5970
5125,4722
5126,5127
5127,5128
5128,4719
5129,5906
5130,5907
5131,5132
5132,5909
5133,5903
5134,5849
5135,5905
5136,5137
5137,5138
5138,5825
5139,5136
5140,5139
5141,5139
5142,5136
5143,5144
5144,5145
5145,4626
5146,5143
5147,5146
5148,5146
5149,5143
5150,5059
5151,5063
5152,5062
5153,5061
5154,5060
5155,5055
5156,5088
5157,5087
5158,5157
5159,5084
5160,5162
5161,5160
5162,5163
5163,5837
5164,5017
5165,5164
5166,5167
5167,5168
5168,5165
5169,5018
5170,5169
5171,5170
5172,5016
5173,5013
5174,5175
5175,5176
5176,4631
5177,5078
5178,5082
5179,5178
5180,15452
5181,5180
5182,5180
5183,4861
5184,5051
5185,4866
5186,4867
5187,5186
5188,5186
5189,5940
5190,5189
5191,5041
5192,5191
5193,5039
5194,5193
5195,5193
5196,4873
5197,5196
5198,4877
5199,5198
5200,5198
5201,5203
5202,4879
5203,5204
5204,5202
5205,4880
5206,4881
5207,4876
5208,5207
5209,5207
5210,4874
5211,5210
5212,5211
5213,5210
5214,5213
5215,5091
5216,4868
5217,5216
5218,4862
5219,4860
5220,5219
5221,5219
5222,4859
5223,5033
5224,5223
5225,5035
5226,5036
5227,5226
5228,5034
5229,5228
5230,5021
5231,4854
5232,4852
5233,5232
5234,5232
5235,5237
5236,5817
5237,5236
5238,5093
5239,5102
5240,5103
5241,5240
5242,5103
5243,5242
5244,5243
5245,5244
5246,5245
5247,5249
5248,5242
5249,5248
5250,5101
5251,5100
5252,5253
5253,5829
5254,5255
5255,5026
5256,5028
5257,5027
5258,5044
5259,5260
5260,5793
5261,5259
5262,5263
5263,5265
5264,5261
5265,5264
5266,5269
5267,5259
5268,5266
5269,5267
5270,5268
5271,5270
5272,5271
5273,5272
5274,5273
5275,5272
5276,5277
5277,5275
5278,5281
5279,5278
5280,5273
5281,5280
5282,5268
5283,5286
5284,5282
5285,5283
5286,5284
5287,5282
5288,5287
5289,5288
5290,5289
5291,5288
5292,5289
5293,5294
5294,5287
5295,5293
5296,5295
5297,5296
5298,5297
5299,5298
5300,5297
5301,5300
5302,5261
5303,5304
5304,4702
5305,5065
5306,5305
5307,5306
5308,5070
5309,5308
5310,5943
5311,5947
5312,5946
5313,5308
5314,5070
5315,5317
5316,5069
5317,5316
5318,5067
5319,5318
5320,5319
5321,5319
5322,5318
5323,5324
5324,4703
5325,5076
5326,5075
5327,5328
5328,5329
5329,4764
5330,5010
5331,5330
5332,5011
5333,5332
5334,5008
5335,5334
5336,5334
5337,5336
5338,5339
5339,4767
5340,5342
5341,4766
5342,5341
5343,5340
5344,5345
5345,4770
5346,5344
5347,5348
5348,5349
5349,4771
5350,5351
5351,5352
5352,4848
5353,5350
5354,5353
5355,5354
5356,5358
5357,5354
5358,5357
5359,5356
5360,5359
5361,5353
5362,5350
5363,5362
5364,5365
5365,4849
5366,5364
5367,5368
5368,5369
5369,5366
5370,5364
5371,4780
5372,5371
5373,5372
5374,5373
5375,5374
5376,5371
5377,4788
5378,4791
5379,4799
5380,5379
5381,5379
5382,5381
5383,5381
5384,5383
5385,4802
5386,5884
5387,5388
5388,5923
5389,4806
5390,5389
5391,5390
5392,5390
5393,5392
5394,4804
5395,5394
5396,5394
5397,4803
5398,5399
5399,4810
5400,4809
5401,5400
5402,5401
5403,5948
5404,5400
5405,5949
5406,5405
5407,5401
5408,5861
5409,5408
5410,5411
5411,5412
5412,5413
5413,5416
5414,5952
5415,5414
5416,5408
5417,5921
5418,4798
5419,5418
5420,5927
5421,4815
5422,5421
5423,5422
5424,5931
5425,5424
5426,5427
5427,5425
5428,5429
5429,5425
5430,5428
5431,4817
5432,5433
5433,5431
5434,5435
5435,5431
5436,4822
5437,5436
5438,5930
5439,5438
5440,5439
5441,5440
5442,5441
5443,5440
5444,5443
5445,5443
5446,15453
5447,4997
5448,5917
5449,5448
5450,5448
5451,5450
5452,5451
5453,5450
5454,4795
5455,4787
5456,5455
5457,4831
5458,4837
5459,5458
5460,4830
5461,5460
5462,4784
5463,5462
5464,5465
5465,5462
5466,4839
5467,4841
5468,4845
5469,4842
5470,5471
5471,4781
5472,5473
5473,5470
5474,5476
5475,4779
5476,5477
5477,5478
5478,5475
5479,4909
5480,5482
5481,4769
5482,5481
5483,4710
5484,5490
5485,5488
5486,5489
5487,5485
5488,5491
5489,5484
5490,4714
5491,5486
5492,5494
5493,5956
5494,5493
5495,5955
5496,4715
5497,4716
5498,4717
5499,5500
5500,4718
5501,4720
5502,4721
5503,4726
5504,5503
5505,5504
5506,5508
5507,5509
5508,5507
5509,5510
5510,4745
5511,5506
5512,5511
5513,5506
5514,5513
5515,5520
5516,5521
5517,5514
5518,5519
5519,5522
5520,5518
5521,5517
5522,5516
5523,5515
5524,4753
5525,5524
5526,5527
5527,4739
5528,5526
5529,5530
5530,5528
5531,5529
5532,5531
5533,5535
5534,5533
5535,4741
5536,5540
5537,5538
5538,4737
5539,5537
5540,5539
5541,5536
5542,5536
5543,5542
5544,4734
5545,5915
5546,4755
5547,4757
5548,4756
5549,5548
5550,4965
5551,5550
5552,4898
5553,5555
5554,5553
5555,5552
5556,5554
5557,5934
5558,5557
5559,5558
5560,5559
5561,5564
5562,5568
5563,5562
5564,5565
5565,5563
5566,5561
5567,5560
5568,4897
5569,4895
5570,4984
5571,5573
5572,5570
5573,5574
5574,5572
5575,5570
5576,5577
5577,5578
5578,5575
5579,4986
5580,5579
5581,4704
5582,5581
5583,5582
5584,5583
5585,5582
5586,5587
5587,5588
5588,5583
5589,4939
5590,5591
5591,5592
5592,4686
5593,4696
5594,5595
5595,5598
5596,5593
5597,5594
5598,5596
5599,5593
5600,4688
5601,4683
5602,5601
5603,5602
5604,5602
5605,5604
5606,5607
5607,4682
5608,4944
5609,4679
5610,4656
5611,4661
5612,4662
5613,4664
5614,4666
5615,4667
5616,5808
5617,4671
5618,5617
5619,4674
5620,5619
5621,5619
5622,5623
5623,4677
5624,5622
5625,5957
5626,5625
5627,5958
5628,5627
5629,5628
5630,5629
5631,5630
5632,5631
5633,5632
5634,4673
5635,4672
5636,5635
5637,5636
5638,5637
5639,5637
5640,5642
5641,5645
5642,5643
5643,5641
5644,5646
5645,5961
5646,5640
5647,5960
5648,5647
5649,5648
5650,5649
5651,5636
5652,5635
5653,5652
5654,5908
5655,4668
5656,5657
5657,5660
5658,5655
5659,5656
5660,5658
5661,5662
5662,5659
5663,4665
5664,5665
5665,4663
5666,4660
5667,5666
5668,4658
5669,5668
5670,4657
5671,4654
5672,5673
5673,5839
5674,4916
5675,4917
5676,4915
5677,4912
5678,4919
5679,5681
5680,5678
5681,5680
5682,4921
5683,5684
5684,4970
5685,5683
5686,4972
5687,5686
5688,5689
5689,5813
5690,5692
5691,5694
5692,5832
5693,5695
5694,5693
5695,5690
5696,5698
5697,5826
5698,5697
5699,5700
5700,4928
5701,5699
5702,5704
5703,5705
5704,4933
5705,5702
5706,4937
5707,4935
5708,4633
5709,4636
5710,4637
5711,4976
5712,4638
5713,4641
5714,5713
5715,5714
5716,5715
5717,5715
5718,5714
5719,4640
5720,4639
5721,4890
5722,5724
5723,5721
5724,5723
5725,5800
5726,5725
5727,4888
5728,5727
5729,5727
5730,4885
5731,5732
5732,5733
5733,4630
5734,5731
5735,5734
5736,5735
5737,5734
5738,5737
5739,5731
5740,4958
5741,4957
5742,4953
5743,5744
5744,5745
5745,5836
5746,4923
5747,4926
5748,5747
5749,5747
5750,4624
5751,5750
5752,4982
5753,4979
5754,4606
5755,4607
5756,4617
5757,5756
5758,5757
5759,5756
5760,4619
5761,5910
5762,5761
5763,5761
5764,5763
5765,4618
5766,4616
5767,5766
5768,4615
5769,4610
5770,5769
5771,5772
5772,5769
5773,5771
5774,5773
5775,5773
5776,5775
5777,5771
5778,5833
5779,5778
5780,5781
5781,5779
5782,4993
5783,4990
5784,5785
5785,5983
5786,5883
5787,5092
5788,5092
5789,5790
5790,5389
5791,5786
5792,5893
5793,4698
5794,5252
5795,5797
5796,4878
5797,5796
5798,5795
5799,4889
5800,5857
5801,5804
5802,5873
5803,5802
5804,5116
5805,5965
5806,5849
5807,5899
5808,5844
5809,5841
5810,4678
5811,5812
5812,5839
5813,5814
5814,5815
5815,5829
5816,5826
5817,4647
5818,5819
5819,5174
5820,5837
5821,5836
5822,5825
5823,5822
5824,5843
5825,7896
5826,5827
5827,5817
5828,5811
5829,5830
5830,5831
5831,5832
5832,5816
5833,4609
5834,5822
5835,5834
5836,15450
5837,4628
5838,5813
5839,4650
5840,5810
5841,5840
5842,7896
5843,5842
5844,4668
5845,5801
5846,5873
5847,5846
5848,5805
5849,5807
5850,5851
5851,5852
5852,5823
5853,5174
5854,4827
5855,5854
5856,5855
5857,5799
5858,5795
5859,5860
5860,5922
5861,5863
5862,5859
5863,5862
5864,5866
5865,5867
5866,4986
5867,5864
5868,5865
5869,5866
5870,5860
5871,4824
5872,5118
5873,15454
5874,5877
5875,5804
5876,5874
5877,5875
5878,5880
5879,5801
5880,5879
5881,5878
5882,5848
5883,5108
5884,5885
5885,4804
5886,5890
5887,5886
5888,5889
5889,5887
5890,5891
5891,4709
5892,5792
5893,5789
5894,5123
5895,5976
5896,5807
5897,5896
5898,5897
5899,5985
5900,5134
5901,5806
5902,5133
5903,5898
5904,5135
5905,5129
5906,5130
5907,5131
5908,5909
5909,4669
5910,5911
5911,4620
5912,5911
5913,5916
5914,4733
5915,5914
5916,5914
5917,5918
5918,4796
5919,5918
5920,4800
5921,5920
5922,5920
5923,5925
5924,5925
5925,4805
5926,4814
5927,5926
5928,5926
5929,5928
5930,5928
5931,5932
5932,4816
5933,5932
5934,5935
5935,4899
5936,5935
5937,5939
5938,5937
5939,4900
5940,5941
5941,5040
5942,5941
5943,5944
5944,5945
5945,5309
5946,5945
5947,5944
5948,5950
5949,5950
5950,5402
5951,5410
5952,5951
5953,5951
5954,5487
5955,5954
5956,5954
5957,5959
5958,5959
5959,5624
5960,5962
5961,5962
5962,5639
5963,5115
5964,5963
5965,5963
5966,5510
5967,5122
5968,5967
5969,5971
5970,5971
5971,5984
5972,5976
5973,5640
5974,5973
5975,5974
5976,5975
5977,5068
5978,5977
5979,5978
5980,5979
5981,5980
5982,5981
5983,5982
5984,5630
5985,5650
5986,4759
5987,5986
5988,5987
5989,5992
5990,5991
5991,4849
5992,5990
5993,5994
5994,5991
5995,5997
5996,5998
5997,4698
5998,5995
5999,5996
6000,5999
6001,6000
6002,6001
6003,6004
6004,6002
6005,6003
6006,7245
6007,6010
6008,6011
6009,6006
6010,6008
6011,6009
6012,6014
6013,6012
6014,6007
6015,6016
6016,6013
6017,6015
6018,6017
6019,7267
6020,6019
6021,6020
6022,6021
6023,6022
6024,6023
6025,6026
6026,6024
6027,6025
6028,6030
6029,6027
6030,6029
6031,6034
6032,6028
6033,6032
6034,6035
6035,6033
6036,6037
6037,6039
6038,6031
6039,6038
6040,6041
6041,6013
6042,6040
6043,6044
6044,6042
6045,6047
6046,6043
6047,6046
6048,6045
6049,6048
6050,6049
6051,6052
6052,6050
6053,6054
6054,6051
6055,6053
6056,6057
6057,6055
6058,6056
6059,6058
6060,6059
6061,6063
6062,6066
6063,6060
6064,6062
6065,6061
6066,6065
6067,6064
6068,6071
6069,6072
6070,6068
6071,6067
6072,6070
6073,6069
6074,6073
6075,6074
6076,6078
6077,6076
6078,6080
6079,6075
6080,6079
6081,6082
6082,6083
6083,6077
6084,6085
6085,6081
6086,6088
6087,6084
6088,6087
6089,7275
6090,6089
6091,6090
6092,6091
6093,6092
6094,6093
6095,6094
6096,6095
6097,6096
6098,6097
6099,6098
6100,6099
6101,6100
6102,6101
6103,6102
6104,6103
6105,7254
6106,6105
6107,6106
6108,6107
6109,6108
6110,6094
6111,6110
6112,6111
6113,6112
6114,6115
6115,6113
6116,7298
6117,6116
6118,6117
6119,6118
6120,6119
6121,6120
6122,6121
6123,6122
6124,6123
6125,6124
6126,6125
6127,6126
6128,6127
6129,6128
6130,6129
6131,6132
6132,6130
6133,7286
6134,6133
6135,6134
6136,6135
6137,6140
6138,6136
6139,6138
6140,6141
6141,6139
6142,6137
6143,6142
6144,6146
6145,6147
6146,6145
6147,7307
6148,6144
6149,6148
6150,6152
6151,7312
6152,6151
6153,6150
6154,6153
6155,6154
6156,6155
6157,6156
6158,6157
6159,6158
6160,6161
6161,7345
6162,6160
6163,6162
6164,6163
6165,6164
6166,6165
6167,6166
6168,6169
6169,6000
6170,6168
6171,6170
6172,6173
6173,6171
6174,6172
6175,6174
6176,6175
6177,6176
6178,6179
6179,6177
6180,6181
6181,6006
6182,6180
6183,6182
6184,6183
6185,6184
6186,7266
6187,6186
6188,6187
6189,6188
6190,6142
6191,6190
6192,6191
6193,6192
6194,6193
6195,6194
6196,6195
6197,6196
6198,6199
6199,6197
6200,6201
6201,6048
6202,6203
6203,6200
6204,6202
6205,6206
6206,7250
6207,6205
6208,6207
6209,6208
6210,6209
6211,6212
6212,6210
6213,6214
6214,6049
6215,6213
6216,6192
6217,6218
6218,6001
6219,6220
6220,6217
6221,6137
6222,6223
6223,6221
6224,6225
6225,6002
6226,6231
6227,6230
6228,6226
6229,6224
6230,6229
6231,6227
6232,6234
6233,6232
6234,6052
6235,6120
6236,6058
6237,6236
6238,6237
6239,6240
6240,6241
6241,6238
6242,6243
6243,6074
6244,6242
6245,6244
6246,6245
6247,6248
6248,6007
6249,6247
6250,6249
6251,6250
6252,6251
6253,6252
6254,6253
6255,6254
6256,6255
6257,6256
6258,6257
6259,6258
6260,6259
6261,6260
6262,6175
6263,6262
6264,6265
6265,6263
6266,6267
6267,6040
6268,6266
6269,6268
6270,6269
6271,6270
6272,6271
6273,6272
6274,6273
6275,6274
6276,6275
6277,6276
6278,6277
6279,6278
6280,6279
6281,6280
6282,6283
6283,6284
6284,6043
6285,6282
6286,6285
6287,6019
6288,6287
6289,6291
6290,6289
6291,6288
6292,6174
6293,6294
6294,6292
6295,6297
6296,6295
6297,6298
6298,6053
6299,6296
6300,6299
6301,6300
6302,6301
6303,6302
6304,6303
6305,6304
6306,6307
6307,6305
6308,6306
6309,6312
6310,6308
6311,6310
6312,6311
6313,6309
6314,6313
6315,6314
6316,7269
6317,6318
6318,6316
6319,6317
6320,6319
6321,6322
6322,6320
6323,6191
6324,6326
6325,6323
6326,6325
6327,6324
6328,6327
6329,6328
6330,6329
6331,6332
6332,6333
6333,5996
6334,6331
6335,6334
6336,6335
6337,6336
6338,6337
6339,6338
6340,6339
6341,6340
6342,6341
6343,6017
6344,6343
6345,6344
6346,6345
6347,6346
6348,6347
6349,6348
6350,6050
6351,6350
6352,6351
6353,6352
6354,7271
6355,7318
6356,7321
6357,6356
6358,6357
6359,6358
6360,6359
6361,6362
6362,6077
6363,6361
6364,6363
6365,6364
6366,6367
6367,6365
6368,6370
6369,6371
6370,6003
6371,6368
6372,6369
6373,6372
6374,6373
6375,6374
6376,7295
6377,6376
6378,6377
6379,6381
6380,6378
6381,6380
6382,7326
6383,6384
6384,7342
6385,7264
6386,7244
6387,7246
6388,6387
6389,7346
6390,6389
6391,7263
6392,7348
6393,6392
6394,6396
6395,6334
6396,6397
6397,6395
6398,6338
6399,6340
6400,6399
6401,6402
6402,6337
6403,6336
6404,6403
6405,6406
6406,6404
6407,6404
6408,6410
6409,6407
6410,6409
6411,6407
6412,6413
6413,6403
6414,6415
6415,6335
6416,6331
6417,6416
6418,6417
6419,6420
6420,6416
6421,6292
6422,6423
6423,6421
6424,6421
6425,6426
6426,6424
6427,6424
6428,6429
6429,6427
6430,6176
6431,6430
6432,6431
6433,6432
6434,6433
6435,6434
6436,6437
6437,6431
6438,6439
6439,6433
6440,6432
6441,6440
6442,6430
6443,6442
6444,6262
6445,6446
6446,6444
6447,6444
6448,6447
6449,6263
6450,6451
6451,6449
6452,6453
6453,6449
6454,6455
6455,7257
6456,7257
6457,6170
6458,6457
6459,6458
6460,6459
6461,6460
6462,6461
6463,6464
6464,6462
6465,6463
6466,6469
6467,6465
6468,6470
6469,6468
6470,6467
6471,6457
6472,6471
6473,6472
6474,6476
6475,6474
6476,6477
6477,6473
6478,6480
6479,6483
6480,6482
6481,6475
6482,6484
6483,6487
6484,6486
6485,6478
6486,6481
6487,6485
6488,6475
6489,6488
6490,6489
6491,6461
6492,6491
6493,6492
6494,6493
6495,6494
6496,6498
6497,6496
6498,6495
6499,6494
6500,6499
6501,6500
6502,6501
6503,6502
6504,6500
6505,6504
6506,6501
6507,6506
6508,6507
6509,6506
6510,6511
6511,6462
6512,6465
6513,6463
6514,6513
6515,6513
6516,6460
6517,6516
6518,6519
6519,6517
6520,6518
6521,6520
6522,6521
6523,6522
6524,6522
6525,6521
6526,6520
6527,6526
6528,6529
6529,6517
6530,6528
6531,6516
6532,6531
6533,6534
6534,6459
6535,6536
6536,6458
6537,6168
6538,6224
6539,6538
6540,6543
6541,6542
6542,6544
6543,6005
6544,6540
6545,6546
6546,6547
6547,7252
6548,6549
6549,7245
6550,6548
6551,6550
6552,6551
6553,6554
6554,6552
6555,6548
6556,6555
6557,6551
6558,6557
6559,6552
6560,6559
6561,6562
6562,6550
6563,6564
6564,6251
6565,6253
6566,6565
6567,6566
6568,6565
6569,6566
6570,6259
6571,6570
6572,6571
6573,6570
6574,6571
6575,6260
6576,6575
6577,6258
6578,6257
6579,6256
6580,6255
6581,6254
6582,6584
6583,6582
6584,6012
6585,6266
6586,6585
6587,6585
6588,6268
6589,6272
6590,6275
6591,6276
6592,6591
6593,6591
6594,6279
6595,6280
6596,6599
6597,6598
6598,6596
6599,6042
6600,6601
6601,6045
6602,6600
6603,6602
6604,6605
6605,6603
6606,6604
6607,6606
6608,6607
6609,6608
6610,6609
6611,6610
6612,6611
6613,6612
6614,6613
6615,6614
6616,6615
6617,6600
6618,6617
6619,6617
6620,6604
6621,6606
6622,6623
6623,6621
6624,6607
6625,6624
6626,6624
6627,6608
6628,6627
6629,6628
6630,6615
6631,6213
6632,6631
6633,6632
6634,6215
6635,6634
6636,6635
6637,6636
6638,6635
6639,6638
6640,6639
6641,7243
6642,6634
6643,6642
6644,6215
6645,6644
6646,6645
6647,6646
6648,6649
6649,6647
6650,6648
6651,6650
6652,6644
6653,6652
6654,6645
6655,6650
6656,6648
6657,6646
6658,6659
6659,6051
6660,6658
6661,6660
6662,6658
6663,6666
6664,6662
6665,6663
6666,6664
6667,6662
6668,6669
6669,6054
6670,6671
6671,6055
6672,6670
6673,6670
6674,6673
6675,6674
6676,6056
6677,6236
6678,6677
6679,6678
6680,6681
6681,6679
6682,6677
6683,6678
6684,6237
6685,6686
6686,6060
6687,6685
6688,6687
6689,6688
6690,6691
6691,6689
6692,6685
6693,6692
6694,6693
6695,6692
6696,6695
6697,6687
6698,6700
6699,6698
6700,6697
6701,6689
6702,6701
6703,6688
6704,6705
6705,6706
6706,6065
6707,6708
6708,6073
6709,6707
6710,6242
6711,6710
6712,6244
6713,6712
6714,6715
6715,6364
6716,6717
6717,6365
6718,6719
6719,6084
6720,6718
6721,6720
6722,6721
6723,6721
6724,6723
6725,6726
6726,6724
6727,6728
6728,6730
6729,6087
6730,6729
6731,7288
6732,6731
6733,6732
6734,6733
6735,6734
6736,6731
6737,6736
6738,6737
6739,6738
6740,6739
6741,6740
6742,6737
6743,6742
6744,6739
6745,6744
6746,6738
6747,6736
6748,6747
6749,6748
6750,6747
6751,6750
6752,6733
6753,6752
6754,7329
6755,6754
6756,6755
6757,6756
6758,6757
6759,6758
6760,6759
6761,6762
6762,6752
6763,6757
6764,6763
6765,6764
6766,6765
6767,6768
6768,6763
6769,6764
6770,6769
6771,6758
6772,6771
6773,6772
6774,6773
6775,6772
6776,6775
6777,6776
6778,6779
6779,6775
6780,6771
6781,6780
6782,6756
6783,6782
6784,6755
6785,6784
6786,6754
6787,6786
6788,6787
6789,6788
6790,6789
6791,6790
6792,6793
6793,6786
6794,6795
6795,6787
6796,6788
6797,6796
6798,6789
6799,6798
6800,6801
6801,6799
6802,7330
6803,6802
6804,6732
6805,6804
6806,7274
6807,6806
6808,7287
6809,6808
6810,6809
6811,6810
6812,6809
6813,6812
6814,6815
6815,6808
6816,6817
6817,7273
6818,6819
6819,6133
6820,6821
6821,6135
6822,6823
6823,6136
6824,7305
6825,6824
6826,6827
6827,6828
6828,6153
6829,6830
6830,6155
6831,6163
6832,6831
6833,6834
6834,6832
6835,6157
6836,6835
6837,6156
6838,6837
6839,6154
6840,6839
6841,6840
6842,6841
6843,6842
6844,6845
6845,6839
6846,6150
6847,6846
6848,7308
6849,7311
6850,6851
6851,6144
6852,7306
6853,6852
6854,7301
6855,6193
6856,6855
6857,6856
6858,6855
6859,6858
6860,6863
6861,6195
6862,6861
6863,6862
6864,6860
6865,6197
6866,6865
6867,6868
6868,6196
6869,6870
6870,6194
6871,6324
6872,6871
6873,6874
6874,6327
6875,6328
6876,6875
6877,6878
6878,6329
6879,6330
6880,6879
6881,6880
6882,6323
6883,6882
6884,6190
6885,6884
6886,6885
6887,6888
6888,6884
6889,6221
6890,6889
6891,6890
6892,6891
6893,6134
6894,6895
6895,6893
6896,6090
6897,6092
6898,6897
6899,6900
6900,6093
6901,6095
6902,6096
6903,6902
6904,6098
6905,6904
6906,6099
6907,6906
6908,6909
6909,6907
6910,6100
6911,6910
6912,6101
6913,6912
6914,6105
6915,6914
6916,6106
6917,6916
6918,6919
6919,6107
6920,6103
6921,6920
6922,6923
6923,6102
6924,6925
6925,6097
6926,6110
6927,6928
6928,6113
6929,6927
6930,6929
6931,6930
6932,7297
6933,6932
6934,6933
6935,6934
6936,6935
6937,6938
6938,6939
6939,6936
6940,6941
6941,6932
6942,6935
6943,6945
6944,6942
6945,6946
6946,6944
6947,6943
6948,6949
6949,6951
6950,6942
6951,6950
6952,6116
6953,6952
6954,6130
6955,6954
6956,6955
6957,6956
6958,6959
6959,6129
6960,6128
6961,6960
6962,6961
6963,6962
6964,6963
6965,6964
6966,6965
6967,6960
6968,6967
6969,6970
6970,6963
6971,6964
6972,6973
6973,6971
6974,6975
6975,6971
6976,6125
6977,6123
6978,6977
6979,6119
6980,6118
6981,6980
6982,6980
6983,6982
6984,6378
6985,6984
6986,6985
6987,6986
6988,6984
6989,6988
6990,6991
6991,6985
6992,6993
6993,7327
6994,7335
6995,6994
6996,6995
6997,7332
6998,6997
6999,7001
7000,6994
7001,7000
7002,7003
7003,7336
7004,7005
7005,7338
7006,7334
7007,7006
7008,7292
7009,7010
7010,7008
7011,7008
7012,7013
7013,7291
7014,7299
7015,6111
7016,7015
7017,6091
7018,7017
7019,7018
7020,7021
7021,7024
7022,7020
7023,7022
7024,7017
7025,6089
7026,7025
7027,7028
7028,7284
7029,7283
7030,7029
7031,7280
7032,7033
7033,7034
7034,7035
7035,6085
7036,7037
7037,7038
7038,6075
7039,7036
7040,7042
7041,7040
7042,6070
7043,7044
7044,6067
7045,7043
7046,7045
7047,7053
7048,7052
7049,7046
7050,7047
7051,7049
7052,7050
7053,7051
7054,7048
7055,7043
7056,7055
7057,7058
7058,7045
7059,7046
7060,7059
7061,7060
7062,7063
7063,7059
7064,6299
7065,6300
7066,6303
7067,6304
7068,6305
7069,7068
7070,7069
7071,7068
7072,7071
7073,7074
7074,7076
7075,6302
7076,7075
7077,7078
7078,6301
7079,6296
7080,7079
7081,7079
7082,6352
7083,7082
7084,6200
7085,7084
7086,7089
7087,7086
7088,7087
7089,6047
7090,7091
7091,7094
7092,7093
7093,6044
7094,7092
7095,7096
7096,7097
7097,6041
7098,6015
7099,6317
7100,7099
7101,7103
7102,7101
7103,7104
7104,7100
7105,7099
7106,7105
7107,6320
7108,7107
7109,6319
7110,7109
7111,7314
7112,7317
7113,7114
7114,6358
7115,7323
7116,7117
7117,7115
7118,7115
7119,7118
7120,7121
7121,7324
7122,7319
7123,7124
7124,6021
7125,7127
7126,6023
7127,7128
7128,7126
7129,7125
7130,7129
7131,7130
7132,7131
7133,6025
7134,6028
7135,7134
7136,7138
7137,6031
7138,7137
7139,6022
7140,7139
7141,7139
7142,7141
7143,7142
7144,7141
7145,7144
7146,6020
7147,7149
7148,7146
7149,7148
7150,6287
7151,7150
7152,7151
7153,7152
7154,7151
7155,7154
7156,7150
7157,7158
7158,6347
7159,7161
7160,7159
7161,6014
7162,6188
7163,7165
7164,7167
7165,7168
7166,7162
7167,7166
7168,7164
7169,6182
7170,7169
7171,7170
7172,7171
7173,7172
7174,7173
7175,7174
7176,7178
7177,7175
7178,7177
7179,7172
7180,7179
7181,7180
7182,7183
7183,7184
7184,7181
7185,7186
7186,7180
7187,7188
7188,7179
7189,7190
7190,7171
7191,7192
7192,7170
7193,7169
7194,7193
7195,6180
7196,7195
7197,7196
7198,7195
7199,7198
7200,7201
7201,7196
7202,6210
7203,7202
7204,7205
7205,7206
7206,7248
7207,7208
7208,6372
7209,7210
7210,6373
7211,6369
7212,7211
7213,7212
7214,7213
7215,7216
7216,7214
7217,7211
7218,7217
7219,7220
7220,7221
7221,6004
7222,6217
7223,7222
7224,7225
7225,5999
7226,7224
7227,7226
7228,7227
7229,7224
7230,7229
7231,7232
7232,7230
7233,7231
7234,7233
7235,7229
7236,7235
7237,7226
7238,7237
7239,7240
7240,7241
7241,5995
7242,7261
7243,7242
7244,6385
7245,7250
7246,6386
7247,7244
7248,7253
7249,6005
7250,7248
7251,7249
7252,7251
7253,7252
7254,6104
7255,6385
7256,7255
7257,7260
7258,6172
7259,7258
7260,7259
7261,6640
7262,7263
7263,7340
7264,7339
7265,7247
7266,6185
7267,7272
7268,6018
7269,7268
7270,7268
7271,7270
7272,7270
7273,7289
7274,7281
7275,7285
7276,7289
7277,7282
7278,6086
7279,7278
7280,7278
7281,7279
7282,7279
7283,7282
7284,7276
7285,7276
7286,7285
7287,7277
7288,7281
7289,7277
7290,7300
7291,7290
7292,7293
7293,7290
7294,7293
7295,7294
7296,7294
7297,7296
7298,7296
7299,7300
7300,6114
7301,7303
7302,6143
7303,7302
7304,7303
7305,7302
7306,7304
7307,7304
7308,7310
7309,6149
7310,7309
7311,7309
7312,7310
7313,6354
7314,7315
7315,7313
7316,7313
7317,7315
7318,7316
7319,7316
7320,6355
7321,7320
7322,7320
7323,7322
7324,7322
7325,6379
7326,7325
7327,7325
7328,6753
7329,7328
7330,7328
7331,6382
7332,7331
7333,7331
7334,7333
7335,7333
7336,7337
7337,6999
7338,7337
7339,6161
7340,7341
7341,6605
7342,7343
7343,7344
7344,6159
7345,6159
7346,7347
7347,7007
7348,6046
7349,7350
7350,6890
7351,7352
7352,9393
7353,7351
7354,7355
7355,7356
7356,7353
7357,7354
7358,7357
7359,7358
7360,7359
7361,7360
7362,7361
7363,7362
7364,7365
7365,7914
7366,7364
7367,7883
7368,7369
7369,7367
7370,7373
7371,7368
7372,7371
7373,7374
7374,7372
7375,7376
7376,7377
7377,7370
7378,7375
7379,7378
7380,7776
7381,7380
7382,7384
7383,7381
7384,7383
7385,7382
7386,7385
7387,7386
7388,7387
7389,7388
7390,7389
7391,7390
7392,7391
7393,7392
7394,7393
7395,7394
7396,7924
7397,7396
7398,7397
7399,7398
7400,7399
7401,7400
7402,7401
7403,7402
7404,7403
7405,7391
7406,7405
7407,7406
7408,7407
7409,7408
7410,7409
7411,7410
7412,7936
7413,7381
7414,7413
7415,7414
7416,7415
7417,7416
7418,7417
7419,7418
7420,7419
7421,7420
7422,7421
7423,7422
7424,7423
7425,7424
7426,7425
7427,7426
7428,7427
7429,7433
7430,7436
7431,7435
7432,7939
7433,7434
7434,7432
7435,7430
7436,7429
7437,7438
7438,9393
7439,7437
7440,7899
7441,7440
7442,7441
7443,7442
7444,7443
7445,7444
7446,7445
7447,7446
7448,7447
7449,7448
7450,7449
7451,7450
7452,7451
7453,7452
7454,7453
7455,7454
7456,7455
7457,7456
7458,7457
7459,7458
7460,7461
7461,7459
7462,7460
7463,7462
7464,7463
7465,7464
7466,7465
7467,7466
7468,7467
7469,7468
7470,7469
7471,7470
7472,7471
7473,7472
7474,7473
7475,7474
7476,7475
7477,7476
7478,7477
7479,7478
7480,7479
7481,7480
7482,7481
7483,7482
7484,7483
7485,7484
7486,7485
7487,7486
7488,7487
7489,7488
7490,7489
7491,7882
7492,7359
7493,7492
7494,7493
7495,7494
7496,7495
7497,7496
7498,7914
7499,7498
7500,7940
7501,7500
7502,7501
7503,7502
7504,7503
7505,7504
7506,7505
7507,7506
7508,7418
7509,7510
7510,7511
7511,7508
7512,7509
7513,7396
7514,7513
7515,7514
7516,7515
7517,7516
7518,7448
7519,7464
7520,7519
7521,7520
7522,7521
7523,7522
7524,7523
7525,7524
7526,7453
7527,7446
7528,7527
7529,7528
7530,7531
7531,7529
7532,7533
7533,7530
7534,7552
7535,7890
7536,7708
7537,7733
7538,7539
7539,7437
7540,7541
7541,7439
7542,7540
7543,7540
7544,7543
7545,7543
7546,7899
7547,7442
7548,7447
7549,7455
7550,7456
7551,7459
7552,7520
7553,7521
7554,7524
7555,7523
7556,7522
7557,7519
7558,7557
7559,7558
7560,7559
7561,7466
7562,7468
7563,7470
7564,7563
7565,7563
7566,7483
7567,7488
7568,7567
7569,7568
7570,7569
7571,7569
7572,7882
7573,7574
7574,7572
7575,7572
7576,7490
7577,7489
7578,7487
7579,7578
7580,7579
7581,7580
7582,7581
7583,7582
7584,7579
7585,7581
7586,7585
7587,7585
7588,7587
7589,7587
7590,7582
7591,7580
7592,7591
7593,7578
7594,7593
7595,7482
7596,7595
7597,7479
7598,7597
7599,7600
7600,7597
7601,7469
7602,7467
7603,7602
7604,7602
7605,7465
7606,7605
7607,7606
7608,7607
7609,7608
7610,7609
7611,7610
7612,7611
7613,7612
7614,7613
7615,7614
7616,7615
7617,7943
7618,7619
7619,7617
7620,7946
7621,7620
7622,7617
7623,7944
7624,7615
7625,7624
7626,7625
7627,7628
7628,7626
7629,7626
7630,7629
7631,7629
7632,7631
7633,7634
7634,7632
7635,7631
7636,7625
7637,7624
7638,7637
7639,7614
7640,7613
7641,7645
7642,7641
7643,7642
7644,7641
7645,7611
7646,7608
7647,7646
7648,7646
7649,7648
7650,7651
7651,7605
7652,7460
7653,7454
7654,7872
7655,7450
7656,7528
7657,7529
7658,7661
7659,7662
7660,7887
7661,7660
7662,7658
7663,7659
7664,7663
7665,7659
7666,7663
7667,7530
7668,7669
7669,7667
7670,7444
7671,7443
7672,7673
7673,7884
7674,7675
7675,7885
7676,7674
7677,7676
7678,7677
7679,7678
7680,7679
7681,7678
7682,7681
7683,7681
7684,7679
7685,7684
7686,7685
7687,7686
7688,7684
7689,7677
7690,7689
7691,7692
7692,7891
7693,7696
7694,7693
7695,7694
7696,7698
7697,7915
7698,7697
7699,7695
7700,7695
7701,7702
7702,7365
7703,7701
7704,7705
7705,7706
7706,7894
7707,7709
7708,7707
7709,7892
7710,7907
7711,7712
7712,7370
7713,7951
7714,7382
7715,7387
7716,7715
7717,7715
7718,7717
7719,7717
7720,7392
7721,7393
7722,7513
7723,7514
7724,7515
7725,7516
7726,7398
7727,7399
7728,7400
7729,7931
7730,7927
7731,7401
7732,7731
7733,7735
7734,7732
7735,7734
7736,7397
7737,7736
7738,7737
7739,7737
7740,7739
7741,7740
7742,7739
7743,7736
7744,7925
7745,7746
7746,7747
7747,7744
7748,7394
7749,7748
7750,7748
7751,7405
7752,7407
7753,7408
7754,7412
7755,7756
7756,7754
7757,7410
7758,7406
7759,7390
7760,7389
7761,7760
7762,7761
7763,7760
7764,7763
7765,7388
7766,7414
7767,7419
7768,7427
7769,7938
7770,7769
7771,7424
7772,7421
7773,7420
7774,7775
7775,7415
7776,7785
7777,7785
7778,7777
7779,7778
7780,7779
7781,7780
7782,7779
7783,7780
7784,7378
7785,7375
7786,7788
7787,7372
7788,7787
7789,7791
7790,7371
7791,7790
7792,7793
7793,7369
7794,7366
7795,7794
7796,7795
7797,7795
7798,7797
7799,7798
7800,7798
7801,7800
7802,7801
7803,7800
7804,7801
7805,7797
7806,7805
7807,7805
7808,7807
7809,7810
7810,7811
7811,7808
7812,7809
7813,7807
7814,7809
7815,7814
7816,7814
7817,7808
7818,7817
7819,7820
7820,7818
7821,7819
7822,7821
7823,7822
7824,7819
7825,7950
7826,7948
7827,7817
7828,7827
7829,7828
7830,7829
7831,7827
7832,7828
7833,7834
7834,7364
7835,7833
7836,7835
7837,7836
7838,7836
7839,7505
7840,7839
7841,7839
7842,7506
7843,7504
7844,7503
7845,7502
7846,7941
7847,7849
7848,7889
7849,7848
7850,7354
7851,7357
7852,7493
7853,7494
7854,7496
7855,7495
7856,7855
7857,7856
7858,7855
7859,7856
7860,7492
7861,7360
7862,7361
7863,7362
7864,7358
7865,7864
7866,7867
7867,7869
7868,7866
7869,7351
7870,7871
7871,7352
7872,7903
7873,7852
7874,7875
7875,7583
7876,7852
7877,7583
7878,7730
7879,7490
7880,7879
7881,7880
7882,7901
7883,7366
7884,7439
7885,7353
7886,7904
7887,7888
7888,7886
7889,7891
7890,7889
7891,7885
7892,7883
7893,7928
7894,7892
7895,7897
7896,7895
7897,7898
7898,7894
7899,7900
7900,7884
7901,7881
7902,7730
7903,7655
7904,7657
7905,7906
7906,7368
7907,7905
7908,7728
7909,7728
7910,7933
7911,7733
7912,7913
7913,7935
7914,7915
7915,7890
7916,7552
7917,7918
7918,7953
7919,7921
7920,7919
7921,7409
7922,7920
7923,7922
7924,7926
7925,7926
7926,7395
7927,7929
7928,7929
7929,7930
7930,7932
7931,7930
7932,7404
7933,7932
7934,7411
7935,7934
7936,7934
7937,7428
7938,7937
7939,7937
7940,7942
7941,7942
7942,7499
7943,7947
7944,7947
7945,7616
7946,7945
7947,7945
7948,7949
7949,7824
7950,7949
7951,7952
7952,7710
7953,7952
7954,9495
7955,7956
7956,7954
7957,7955
7958,7957
7959,9372
7960,7961
7961,7962
7962,7959
7963,7960
7964,7963
7965,7964
7966,7965
7967,7966
7968,7969
7969,7970
7970,7971
7971,7967
7972,7968
7973,7972
7974,7973
7975,7974
7976,9512
7977,7978
7978,7979
7979,7976
7980,9387
7981,7983
7982,7981
7983,7980
7984,7982
7985,7986
7986,7984
7987,7985
7988,7987
7989,7990
7990,7991
7991,7988
7992,7989
7993,9504
7994,7993
7995,7994
7996,7995
7997,7996
7998,7997
7999,7998
8000,7999
8001,8000
8002,8001
8003,8002
8004,8003
8005,8004
8006,8005
8007,8008
8008,8009
8009,8006
8010,8007
8011,8010
8012,8014
8013,8011
8014,8013
8015,7984
8016,9388
8017,8016
8018,8020
8019,8018
8020,9389
8021,8019
8022,8023
8023,8021
8024,8022
8025,8017
8026,8025
8027,8030
8028,8026
8029,8028
8030,8031
8031,8029
8032,8027
8033,8035
8034,8032
8035,8039
8036,8033
8037,8038
8038,8036
8039,8034
8040,8037
8041,8040
8042,8043
8043,8041
8044,8042
8045,8044
8046,8045
8047,8048
8048,8046
8049,8051
8050,8047
8051,8052
8052,8050
8053,8056
8054,8049
8055,8054
8056,8055
8057,8026
8058,8060
8059,9380
8060,8059
8061,8062
8062,8058
8063,8065
8064,8063
8065,8061
8066,9523
8067,8066
8068,8069
8069,8070
8070,9380
8071,8068
8072,8073
8073,8071
8074,8072
8075,8076
8076,9392
8077,8075
8078,9613
8079,8078
8080,8079
8081,8080
8082,8081
8083,8082
8084,8083
8085,8084
8086,9527
8087,8086
8088,8087
8089,8088
8090,8089
8091,8849
8092,8091
8093,8092
8094,8093
8095,8094
8096,8095
8097,8096
8098,8097
8099,9530
8100,8099
8101,8103
8102,8101
8103,8100
8104,9533
8105,8104
8106,8105
8107,8106
8108,9611
8109,8108
8110,8109
8111,8110
8112,8111
8113,8112
8114,8113
8115,8114
8116,8115
8117,8116
8118,8117
8119,8118
8120,8119
8121,9538
8122,8121
8123,9539
8124,8123
8125,9555
8126,8125
8127,8126
8128,9331
8129,8128
8130,8129
8131,8130
8132,8133
8133,8134
8134,8136
8135,7983
8136,8135
8137,8138
8138,9447
8139,8137
8140,8139
8141,8140
8142,8141
8143,8142
8144,8143
8145,8144
8146,8145
8147,8148
8148,8146
8149,8147
8150,8149
8151,8150
8152,8151
8153,8152
8154,8156
8155,8153
8156,8155
8157,8158
8158,8159
8159,7980
8160,8157
8161,8160
8162,8161
8163,8162
8164,8163
8165,8164
8166,8165
8167,8166
8168,9558
8169,8168
8170,8169
8171,8172
8172,8173
8173,8170
8174,8171
8175,8174
8176,8175
8177,9397
8178,8177
8179,8180
8180,9387
8181,8179
8182,8181
8183,8182
8184,8183
8185,8184
8186,8185
8187,8186
8188,8187
8189,8188
8190,8193
8191,8189
8192,8191
8193,8192
8194,8190
8195,8194
8196,8197
8197,8195
8198,8199
8199,8196
8200,8201
8201,9378
8202,8200
8203,8202
8204,8203
8205,8204
8206,8205
8207,8206
8208,8207
8209,8208
8210,8209
8211,8210
8212,8211
8213,8212
8214,8213
8215,8214
8216,8215
8217,8216
8218,8217
8219,8218
8220,8024
8221,8220
8222,8221
8223,8222
8224,8223
8225,8224
8226,8225
8227,9376
8228,8227
8229,8228
8230,8232
8231,8229
8232,8231
8233,8235
8234,8230
8235,8236
8236,8234
8237,8233
8238,8239
8239,8237
8240,8238
8241,8024
8242,8243
8243,8244
8244,8241
8245,8249
8246,8242
8247,8252
8248,8250
8249,8248
8250,8251
8251,8246
8252,8245
8253,8247
8254,8253
8255,8254
8256,8255
8257,8256
8258,8257
8259,8258
8260,8259
8261,8260
8262,8261
8263,8262
8264,9562
8265,7997
8266,8268
8267,8265
8268,8267
8269,8266
8270,8269
8271,8270
8272,9615
8273,8272
8274,9518
8275,8274
8276,8275
8277,8276
8278,8119
8279,8278
8280,8279
8281,8280
8282,8281
8283,8282
8284,8283
8285,8287
8286,8284
8287,8286
8288,8285
8289,8288
8290,8078
8291,8290
8292,8291
8293,8294
8294,9392
8295,8293
8296,8106
8297,8296
8298,8297
8299,8298
8300,8299
8301,8116
8302,8301
8303,8302
8304,8306
8305,8157
8306,8305
8307,8308
8308,8310
8309,8307
8310,8136
8311,8205
8312,8311
8313,8312
8314,8313
8315,8316
8316,8317
8317,8314
8318,8108
8319,8320
8320,8711
8321,9354
8322,9502
8323,9502
8324,9374
8325,9625
8326,8325
8327,8325
8328,8635
8329,9493
8330,9357
8331,8335
8332,8333
8333,8334
8334,8331
8335,9496
8336,8332
8337,8336
8338,8332
8339,8336
8340,8339
8341,8342
8342,9497
8343,8200
8344,8202
8345,8203
8346,8204
8347,8348
8348,8349
8349,8346
8350,8347
8351,8347
8352,8351
8353,8206
8354,8207
8355,8208
8356,8211
8357,8212
8358,8214
8359,8358
8360,8359
8361,8358
8362,8216
8363,8362
8364,8363
8365,8367
8366,8364
8367,8366
8368,8365
8369,8368
8370,8369
8371,8362
8372,8363
8373,8372
8374,8373
8375,8368
8376,8365
8377,8364
8378,8218
8379,8380
8380,8383
8381,8217
8382,8379
8383,8381
8384,8215
8385,8213
8386,8388
8387,8385
8388,8387
8389,8210
8390,8209
8391,8393
8392,8313
8393,8392
8394,8312
8395,8394
8396,8395
8397,8395
8398,8394
8399,8311
8400,8401
8401,8399
8402,8400
8403,8399
8404,8403
8405,8400
8406,8179
8407,8413
8408,8181
8409,8407
8410,8411
8411,8409
8412,8414
8413,8412
8414,8408
8415,8416
8416,8185
8417,8418
8418,8422
8419,8421
8420,8186
8421,8423
8422,8419
8423,8420
8424,8190
8425,8196
8426,8427
8427,8428
8428,8429
8429,8425
8430,8432
8431,8426
8432,8433
8433,8431
8434,8430
8435,8426
8436,8435
8437,8438
8438,8439
8439,8195
8440,8189
8441,8444
8442,8443
8443,8440
8444,8442
8445,8188
8446,8445
8447,8446
8448,8445
8449,8448
8450,8448
8451,8187
8452,8451
8453,8184
8454,8183
8455,8454
8456,8454
8457,8182
8458,8161
8459,8164
8460,8165
8461,8460
8462,8166
8463,8171
8464,8174
8465,8464
8466,8465
8467,8175
8468,8467
8469,8468
8470,8467
8471,8470
8472,8473
8473,8176
8474,9394
8475,8474
8476,8474
8477,8476
8478,8477
8479,8481
8480,8478
8481,8480
8482,8483
8483,8478
8484,8177
8485,9397
8486,8485
8487,9557
8488,8160
8489,8490
8490,8133
8491,8493
8492,8495
8493,8494
8494,8492
8495,8496
8496,8132
8497,8137
8498,8497
8499,8498
8500,8499
8501,8139
8502,8503
8503,8501
8504,8506
8505,8504
8506,8501
8507,8141
8508,8144
8509,8510
8510,8145
8511,8509
8512,8511
8513,8509
8514,8150
8515,8514
8516,8515
8517,8514
8518,8153
8519,8152
8520,8151
8521,8524
8522,8523
8523,8521
8524,8149
8525,8147
8526,8527
8527,8525
8528,8146
8529,8143
8530,8142
8531,8140
8532,8533
8533,8534
8534,9446
8535,8536
8536,8537
8537,8134
8538,8129
8539,8538
8540,8130
8541,8542
8542,8069
8543,8544
8544,8071
8545,8543
8546,8545
8547,8546
8548,8547
8549,8548
8550,8549
8551,8550
8552,8543
8553,8552
8554,8545
8555,8554
8556,8546
8557,8549
8558,8557
8559,8558
8560,8559
8561,8557
8562,8561
8563,8562
8564,8563
8565,8564
8566,8565
8567,8561
8568,8567
8569,8567
8570,8564
8571,8570
8572,8571
8573,8570
8574,8563
8575,8574
8576,8579
8577,8576
8578,8562
8579,8578
8580,8558
8581,8580
8582,8548
8583,8584
8584,8582
8585,8547
8586,9390
8587,8586
8588,8587
8589,8590
8590,8588
8591,8589
8592,8588
8593,8589
8594,8587
8595,8594
8596,8595
8597,8595
8598,8599
8599,8600
8600,8597
8601,8597
8602,8603
8603,8594
8604,8293
8605,8114
8606,8605
8607,8117
8608,8118
8609,8279
8610,8609
8611,8610
8612,9409
8613,8612
8614,8613
8615,8614
8616,8615
8617,9564
8618,8619
8619,9499
8620,8288
8621,8620
8622,8620
8623,8285
8624,8623
8625,9358
8626,9616
8627,8626
8628,8626
8629,9618
8630,9411
8631,9411
8632,8283
8633,9570
8634,9569
8635,8634
8636,9571
8637,8636
8638,9574
8639,8638
8640,8281
8641,8640
8642,9535
8643,9541
8644,8643
8645,8646
8646,8644
8647,8645
8648,8647
8649,8648
8650,8654
8651,8656
8652,8657
8653,8649
8654,8651
8655,8653
8656,8652
8657,8655
8658,8650
8659,8661
8660,8662
8661,8660
8662,8644
8663,8664
8664,8665
8665,8649
8666,8663
8667,8666
8668,8670
8669,8668
8670,8663
8671,9540
8672,9547
8673,9546
8674,8123
8675,9553
8676,9556
8677,8676
8678,8679
8679,8677
8680,8676
8681,8680
8682,8680
8683,8684
8684,8677
8685,8126
8686,9551
8687,9549
8688,8689
8689,8687
8690,8121
8691,8690
8692,8693
8693,8691
8694,8695
8695,8691
8696,9537
8697,8301
8698,8115
8699,8701
8700,8698
8701,8700
8702,8703
8703,8698
8704,8702
8705,8113
8706,8705
8707,8706
8708,8706
8709,8710
8710,8705
8711,8109
8712,8079
8713,8083
8714,8713
8715,8714
8716,8715
8717,8716
8718,8714
8719,8716
8720,8719
8721,8720
8722,8721
8723,8722
8724,8723
8725,8719
8726,8722
8727,8730
8728,8727
8729,8726
8730,8731
8731,8729
8732,8728
8733,8735
8734,8732
8735,8736
8736,8737
8737,8739
8738,8734
8739,8738
8740,8721
8741,9417
8742,8740
8743,8742
8744,8747
8745,8752
8746,8753
8747,8749
8748,8750
8749,8751
8750,8743
8751,8745
8752,8746
8753,8748
8754,8720
8755,9580
8756,8755
8757,8756
8758,8757
8759,8760
8760,8758
8761,8759
8762,9584
8763,9585
8764,8763
8765,8759
8766,8768
8767,8765
8768,8767
8769,9582
8770,9586
8771,8770
8772,8763
8773,8774
8774,8758
8775,8778
8776,8773
8777,8776
8778,8777
8779,8775
8780,9577
8781,8780
8782,8783
8783,8781
8784,9578
8785,8784
8786,9589
8787,8789
8788,8787
8789,8786
8790,9588
8791,9591
8792,8791
8793,8792
8794,8793
8795,8797
8796,8794
8797,8796
8798,9595
8799,8805
8800,8799
8801,8800
8802,8804
8803,8802
8804,8801
8805,8798
8806,8810
8807,8809
8808,8811
8809,8803
8810,8808
8811,8807
8812,8813
8813,8803
8814,8793
8815,8814
8816,8815
8817,8816
8818,8817
8819,8818
8820,8819
8821,8820
8822,8795
8823,9592
8824,8827
8825,9593
8826,8830
8827,8825
8828,8829
8829,8824
8830,8828
8831,8784
8832,8713
8833,8832
8834,8833
8835,8834
8836,8835
8837,8833
8838,8835
8839,8838
8840,8834
8841,8832
8842,8086
8843,8842
8844,8843
8845,8844
8846,8842
8847,8846
8848,8846
8849,8090
8850,8299
8851,8105
8852,8853
8853,8851
8854,8104
8855,9532
8856,9528
8857,8856
8858,8857
8859,8858
8860,8088
8861,8860
8862,8863
8863,9426
8864,8862
8865,8866
8866,8867
8867,8864
8868,8870
8869,8864
8870,8869
8871,9426
8872,8871
8873,8872
8874,8873
8875,8861
8876,9525
8877,8876
8878,8876
8879,9360
8880,8879
8881,8879
8882,8082
8883,8081
8884,8883
8885,8883
8886,8080
8887,8888
8888,8077
8889,8892
8890,8889
8891,8890
8892,8075
8893,8895
8894,8896
8895,8076
8896,8893
8897,8898
8898,8900
8899,8072
8900,8899
8901,8902
8902,8897
8903,8897
8904,8903
8905,8908
8906,8905
8907,8906
8908,8910
8909,8907
8910,8068
8911,8909
8912,8913
8913,8914
8914,8911
8915,8909
8916,8058
8917,8916
8918,8917
8919,8920
8920,8918
8921,8918
8922,8921
8923,8925
8924,9524
8925,8926
8926,8924
8927,8066
8928,8927
8929,8040
8930,8929
8931,8049
8932,8931
8933,8934
8934,8935
8935,8932
8936,8933
8937,8936
8938,8933
8939,8938
8940,8931
8941,8045
8942,8941
8943,8948
8944,8037
8945,8944
8946,8947
8947,8945
8948,8946
8949,8950
8950,8025
8951,8953
8952,8951
8953,8949
8954,8958
8955,8957
8956,8959
8957,8952
8958,8956
8959,8955
8960,9598
8961,8960
8962,8961
8963,8962
8964,8963
8965,8964
8966,8965
8967,8966
8968,8972
8969,8971
8970,8969
8971,8949
8972,8970
8973,8968
8974,8973
8975,8974
8976,9599
8977,8976
8978,8977
8979,8980
8980,8952
8981,8979
8982,8981
8983,8985
8984,8982
8985,8984
8986,8983
8987,8986
8988,8987
8989,8993
8990,8991
8991,8989
8992,8990
8993,8994
8994,8988
8995,9366
8996,8995
8997,8996
8998,8997
8999,9002
9000,8999
9001,8998
9002,9001
9003,9004
9004,9006
9005,9003
9006,9389
9007,9008
9008,8018
9009,9010
9010,8019
9011,9009
9012,8223
9013,9448
9014,9013
9015,9013
9016,9015
9017,9018
9018,9448
9019,9021
9020,9019
9021,8229
9022,8238
9023,9024
9024,9025
9025,9022
9026,9023
9027,9026
9028,9023
9029,9032
9030,8233
9031,9029
9032,9030
9033,9037
9034,9376
9035,9036
9036,9033
9037,9038
9038,9034
9039,9035
9040,9039
9041,9040
9042,9064
9043,8220
9044,9053
9045,9051
9046,9050
9047,9056
9048,9061
9049,9046
9050,9044
9051,9065
9052,9058
9053,9043
9054,9057
9055,9059
9056,9049
9057,9048
9058,9045
9059,9062
9060,9055
9061,9047
9062,9042
9063,9052
9064,9067
9065,9066
9066,9060
9067,9054
9068,8253
9069,9068
9070,9071
9071,9069
9072,9070
9073,9560
9074,8257
9075,9074
9076,8247
9077,8242
9078,8022
9079,9078
9080,9081
9081,8021
9082,9080
9083,9082
9084,9085
9085,9083
9086,9084
9087,9088
9088,8020
9089,9091
9090,9368
9091,9090
9092,9093
9093,9388
9094,9095
9095,9092
9096,9601
9097,9099
9098,9096
9099,9098
9100,9604
9101,9104
9102,9610
9103,9101
9104,9102
9105,9106
9106,9103
9107,9105
9108,9107
9109,9607
9110,9109
9111,9110
9112,9109
9113,9120
9114,9124
9115,9103
9116,9118
9117,9113
9118,9122
9119,9116
9120,9123
9121,9114
9122,9115
9123,9119
9124,9117
9125,9608
9126,9125
9127,9128
9128,9126
9129,9127
9130,9129
9131,9130
9132,9131
9133,9132
9134,9139
9135,9141
9136,9140
9137,9135
9138,9136
9139,9126
9140,9134
9141,9138
9142,9603
9143,9142
9144,9142
9145,9146
9146,9092
9147,9145
9148,9145
9149,9428
9150,9149
9151,9152
9152,9369
9153,9154
9154,9151
9155,9151
9156,7989
9157,9156
9158,9521
9159,8269
9160,9159
9161,8272
9162,9161
9163,8266
9164,9163
9165,8000
9166,9165
9167,9172
9168,9171
9169,9174
9170,9167
9171,8006
9172,9173
9173,9168
9174,9170
9175,9169
9176,9177
9177,9175
9178,9176
9179,9178
9180,9169
9181,9180
9182,9176
9183,9182
9184,8007
9185,9187
9186,9184
9187,9186
9188,9185
9189,8010
9190,9189
9191,8011
9192,9191
9193,9195
9194,8002
9195,9196
9196,9194
9197,8001
9198,7999
9199,9203
9200,7998
9201,9204
9202,9200
9203,9202
9204,9199
9205,9201
9206,9201
9207,9209
9208,9207
9209,9206
9210,7996
9211,8276
9212,9213
9213,9211
9214,9216
9215,7982
9216,9215
9217,9214
9218,9217
9219,9218
9220,9214
9221,9220
9222,9223
9223,9225
9224,9232
9225,9224
9226,9227
9227,9229
9228,9232
9229,9228
9230,9223
9231,9230
9232,9233
9233,9436
9234,9432
9235,9234
9236,9235
9237,9239
9238,9236
9239,9238
9240,9237
9241,9240
9242,9236
9243,9237
9244,9371
9245,9248
9246,9245
9247,9244
9248,9247
9249,9371
9250,9249
9251,9250
9252,9249
9253,9252
9254,9255
9255,9437
9256,9257
9257,7959
9258,7960
9259,9263
9260,9258
9261,9262
9262,9260
9263,9261
9264,9259
9265,9264
9266,9259
9267,7964
9268,7966
9269,9270
9270,9268
9271,9515
9272,9275
9273,9271
9274,9272
9275,9273
9276,9513
9277,7972
9278,9277
9279,9280
9280,9278
9281,9282
9282,9278
9283,7968
9284,9285
9285,9286
9286,9283
9287,9284
9288,7967
9289,7965
9290,7963
9291,9292
9292,9372
9293,9291
9294,7958
9295,9294
9296,9295
9297,9298
9298,9501
9299,9300
9300,9506
9301,9302
9302,9510
9303,9305
9304,9301
9305,9304
9306,9303
9307,9306
9308,9307
9309,9308
9310,9306
9311,9310
9312,9307
9313,9312
9314,9623
9315,9314
9316,9318
9317,9319
9318,9315
9319,9316
9320,9317
9321,9320
9322,9323
9323,9315
9324,9317
9325,9622
9326,9375
9327,9425
9328,8107
9329,8107
9330,9329
9331,9333
9332,9334
9333,9332
9334,8057
9335,8370
9336,9335
9337,9325
9338,9363
9339,9362
9340,9346
9341,9377
9342,9344
9343,9349
9344,9434
9345,9325
9346,9327
9347,9346
9348,9434
9349,9348
9350,9621
9351,9352
9352,7956
9353,9231
9354,9355
9355,9436
9356,9357
9357,9403
9358,9568
9359,8324
9360,9398
9361,8327
9362,9363
9363,9327
9364,9425
9365,9344
9366,9368
9367,8017
9368,9367
9369,8015
9370,9385
9371,9379
9372,9386
9373,8329
9374,9620
9375,9337
9376,9452
9377,9329
9378,9619
9379,9433
9380,8057
9381,8077
9382,9370
9383,9382
9384,9383
9385,9353
9386,7958
9387,9378
9388,8015
9389,9366
9390,8074
9391,8074
9392,9391
9393,9390
9394,9395
9395,8176
9396,9394
9397,9396
9398,8084
9399,9360
9400,9401
9401,8666
9402,8324
9403,9373
9404,9403
9405,8327
9406,8608
9407,8608
9408,9407
9409,9566
9410,8618
9411,9358
9412,8634
9413,9576
9414,8640
9415,8125
9416,8740
9417,9418
9418,9416
9419,9422
9420,8715
9421,9420
9422,9421
9423,8795
9424,8838
9425,8857
9426,8861
9427,8226
9428,9429
9429,9369
9430,9431
9431,9354
9432,9430
9433,9432
9434,9377
9435,9619
9436,9435
9437,9439
9438,9444
9439,9438
9440,9441
9441,9437
9442,9443
9443,9444
9444,9445
9445,9435
9446,8132
9447,9446
9448,9450
9449,9451
9450,9449
9451,9427
9452,9454
9453,8226
9454,9453
9455,9467
9456,9466
9457,9465
9458,8726
9459,9468
9460,9464
9461,9458
9462,9456
9463,9457
9464,9455
9465,9462
9466,9461
9467,9463
9468,9460
9469,8742
9470,9475
9471,9473
9472,9474
9473,9470
9474,9471
9475,9469
9476,9482
9477,9480
9478,8773
9479,9478
9480,9476
9481,9477
9482,9479
9483,9364
9484,9362
9485,9487
9486,9485
9487,9484
9488,8616
9489,9490
9490,9488
9491,9627
9492,9491
9493,9626
9494,9342
9495,9496
9496,9510
9497,9495
9498,8282
9499,9498
9500,7957
9501,9500
9502,9503
9503,9501
9504,9517
9505,7955
9506,9505
9507,9508
9508,9509
9509,9506
9510,9700
9511,9514
9512,9511
9513,9514
9514,7975
9515,9511
9516,7992
9517,9520
9518,9519
9519,9516
9520,9516
9521,9520
9522,8064
9523,9522
9524,9522
9525,9526
9526,8085
9527,9526
9528,9529
9529,8098
9530,9529
9531,8102
9532,9531
9533,9531
9534,8120
9535,9534
9536,9534
9537,9536
9538,9536
9539,9545
9540,9543
9541,9543
9542,9548
9543,9544
9544,8122
9545,9542
9546,9545
9547,9542
9548,9544
9549,9548
9550,8124
9551,9550
9552,9550
9553,9552
9554,9552
9555,9554
9556,9554
9557,9559
9558,9559
9559,8167
9560,9561
9561,8263
9562,9561
9563,8611
9564,9563
9565,9563
9566,9565
9567,8624
9568,9567
9569,9573
9570,9573
9571,9572
9572,8632
9573,9572
9574,9575
9575,8637
9576,9575
9577,9579
9578,9579
9579,9581
9580,9581
9581,9419
9582,9583
9583,8761
9584,9583
9585,9587
9586,9587
9587,8762
9588,9590
9589,9590
9590,8785
9591,9594
9592,9596
9593,9597
9594,9596
9595,9594
9596,9597
9597,8790
9598,9600
9599,9600
9600,8954
9601,9602
9602,9094
9603,9605
9604,9605
9605,9602
9606,9100
9607,9609
9608,9606
9609,9606
9610,9609
9611,9612
9612,9381
9613,9612
9614,8625
9615,9617
9616,9614
9617,8271
9618,9614
9619,9497
9620,9406
9621,9565
9622,9350
9623,9624
9624,8258
9625,8836
9626,9492
9627,8633
9628,9398
9629,9639
9630,9629
9631,9629
9632,9639
9633,9632
9634,9633
9635,9634
9636,9632
9637,9634
9638,9633
9639,9640
9640,9700
9641,9692
9642,9691
9643,9688
9644,9643
9645,9693
9646,9645
9647,9646
9648,9647
9649,9648
9650,9649
9651,9650
9652,9651
9653,9652
9654,9653
9655,9654
9656,9655
9657,9656
9658,9657
9659,9658
9660,9659
9661,9660
9662,9661
9663,9697
9664,9694
9665,9641
9666,9703
9667,9666
9668,9702
9669,9666
9670,9643
9671,9644
9672,9675
9673,9651
9674,9673
9675,9674
9676,9654
9677,9676
9678,9676
9679,9661
9680,9656
9681,9655
9682,9653
9683,9652
9684,9683
9685,9684
9686,9650
9687,9647
9688,9689
9689,9663
9690,9663
9691,9689
9692,9642
9693,9694
9694,9644
9695,9698
9696,9664
9697,9699
9698,9699
9699,11550
9700,11550
9701,9665
9702,9701
9703,9701
9704,9706
9705,9704
9706,9711
9707,9708
9708,9709
9709,9705
9710,9707
9711,8016
9712,9713
9713,9710
9714,9712
9715,9714
9716,9715
9717,9716
9718,9717
9719,9718
9720,9719
9721,11453
9722,9721
9723,9722
9724,9723
9725,9724
9726,9725
9727,9726
9728,9727
9729,9728
9730,9729
9731,9730
9732,9733
9733,9710
9734,9732
9735,9736
9736,9734
9737,9738
9738,9735
9739,9737
9740,9739
9741,9740
9742,9741
9743,9742
9744,9743
9745,9744
9746,9745
9747,9748
9748,9746
9749,9750
9750,9747
9751,9749
9752,9751
9753,9752
9754,9753
9755,9754
9756,9755
9757,9756
9758,9757
9759,9758
9760,9759
9761,9760
9762,15455
9763,9762
9764,9763
9765,9764
9766,9765
9767,9766
9768,9767
9769,9768
9770,9769
9771,9770
9772,9771
9773,9772
9774,9773
9775,9774
9776,9775
9777,9776
9778,9777
9779,9778
9780,9779
9781,9780
9782,9781
9783,9782
9784,9783
9785,9784
9786,9767
9787,9786
9788,9787
9789,9788
9790,9789
9791,9790
9792,9791
9793,9792
9794,9793
9795,9794
9796,9795
9797,9796
9798,9797
9799,9798
9800,11474
9801,9800
9802,11479
9803,11480
9804,11483
9805,9804
9806,9805
9807,9806
9808,9807
9809,9808
9810,9809
9811,9816
9812,9815
9813,9812
9814,9811
9815,9747
9816,9813
9817,9814
9818,9817
9819,9818
9820,9819
9821,9820
9822,9823
9823,9821
9824,9825
9825,9822
9826,9824
9827,9826
9828,9827
9829,9830
9830,9832
9831,9829
9832,9828
9833,9831
9834,9833
9835,9834
9836,9835
9837,9836
9838,9837
9839,9838
9840,9839
9841,9840
9842,9841
9843,9842
9844,9843
9845,9844
9846,9845
9847,9846
9848,9847
9849,9848
9850,9849
9851,9850
9852,9828
9853,9854
9854,9852
9855,9853
9856,9855
9857,9861
9858,9860
9859,9857
9860,9859
9861,9856
9862,9858
9863,9864
9864,9862
9865,9866
9866,9863
9867,9865
9868,9869
9869,9867
9870,9868
9871,9870
9872,9873
9873,9871
9874,9875
9875,9872
9876,9874
9877,9876
9878,9877
9879,9878
9880,9881
9881,9882
9882,9879
9883,9880
9884,9885
9885,9883
9886,11492
9887,9886
9888,9887
9889,9888
9890,9889
9891,9890
9892,9891
9893,9892
9894,9893
9895,9894
9896,9895
9897,9896
9898,9897
9899,9900
9900,9898
9901,9899
9902,9901
9903,9902
9904,9903
9905,9906
9906,9904
9907,9905
9908,9907
9909,9879
9910,9909
9911,9910
9912,9913
9913,9911
9914,9912
9915,9916
9916,9920
9917,9914
9918,9915
9919,9918
9920,9917
9921,11443
9922,9921
9923,9922
9924,9923
9925,9924
9926,9925
9927,9926
9928,9927
9929,9928
9930,9929
9931,9930
9932,9931
9933,9932
9934,9933
9935,9934
9936,9935
9937,9936
9938,9939
9939,9937
9940,11457
9941,9940
9942,9941
9943,9942
9944,9943
9945,9944
9946,9945
9947,9946
9948,9947
9949,9948
9950,9949
9951,9950
9952,9951
9953,9952
9954,9953
9955,9954
9956,9955
9957,9956
9958,9957
9959,9958
9960,9959
9961,9922
9962,9961
9963,9962
9964,9963
9965,11460
9966,9965
9967,9966
9968,11497
9969,9968
9970,9969
9971,9970
9972,9971
9973,9972
9974,9973
9975,9974
9976,9975
9977,9976
9978,9977
9979,9978
9980,9979
9981,9980
9982,9983
9983,9877
9984,9982
9985,9984
9986,9985
9987,9986
9988,9987
9989,11515
9990,9989
9991,9990
9992,9991
9993,9992
9994,9993
9995,9994
9996,9995
9997,9998
9998,9996
9999,9997
10000,9999
10001,9989
10002,10001
10003,10002
10004,10003
10005,10004
10006,10008
10007,10005
10008,10009
10009,10007
10010,10006
10011,10010
10012,10011
10013,10012
10014,10013
10015,10014
10016,10015
10017,10016
10018,10019
10019,10017
10020,10022
10021,9818
10022,10021
10023,10020
10024,10023
10025,10024
10026,10025
10027,10026
10028,10027
10029,10028
10030,10029
10031,10030
10032,10031
10033,10032
10034,10033
10035,10034
10036,10035
10037,10036
10038,10037
10039,10038
10040,10039
10041,10040
10042,10044
10043,9871
10044,10043
10045,10042
10046,11517
10047,10046
10048,10047
10049,15456
10050,10049
10051,10052
10052,9874
10053,10051
10054,10053
10055,10054
10056,10055
10057,10058
10058,9868
10059,10057
10060,10059
10061,10060
10062,10061
10063,10062
10064,11521
10065,10066
10066,10064
10067,10031
10068,10067
10069,9847
10070,10069
10071,10027
10072,10074
10073,10071
10074,10075
10075,10073
10076,9985
10077,10076
10078,10077
10079,10078
10080,10079
10081,10082
10082,10080
10083,9940
10084,10085
10085,10083
10086,10084
10087,10086
10088,10087
10089,10090
10090,9743
10091,10089
10092,11477
10093,10092
10094,9893
10095,10094
10096,10095
10097,10099
10098,9863
10099,10098
10100,10097
10101,10100
10102,10101
10103,10102
10104,10103
10105,10104
10106,9806
10107,10106
10108,10107
10109,10108
10110,9770
10111,10110
10112,10111
10113,10115
10114,10112
10115,10117
10116,10113
10117,10114
10118,9933
10119,10118
10120,9835
10121,10120
10122,10121
10123,10122
10124,9937
10125,10126
10126,10127
10127,10124
10128,10129
10129,10130
10130,9878
10131,10128
10132,10131
10133,9845
10134,10133
10135,10134
10136,11474
10137,10136
10138,10137
10139,10138
10140,10139
10141,10140
10142,10141
10143,10142
10144,10145
10145,9732
10146,10144
10147,10146
10148,10147
10149,10004
10150,10149
10151,10150
10152,10151
10153,10152
10154,10155
10155,10153
10156,10157
10157,9919
10158,10156
10159,10158
10160,10159
10161,10160
10162,10161
10163,10162
10164,10163
10165,10010
10166,10165
10167,10166
10168,10167
10169,10170
10170,10168
10171,9786
10172,10171
10173,10175
10174,9821
10175,10174
10176,10173
10177,10176
10178,10177
10179,10180
10180,9858
10181,10179
10182,10181
10183,10182
10184,10183
10185,10184
10186,10185
10187,10186
10188,10187
10189,10188
10190,10189
10191,10190
10192,10191
10193,10192
10194,10193
10195,9950
10196,10195
10197,9951
10198,10199
10199,9822
10200,10198
10201,10200
10202,10201
10203,10202
10204,10203
10205,10204
10206,10205
10207,10208
10208,9914
10209,10207
10210,10209
10211,9954
10212,10211
10213,11522
10214,10215
10215,10213
10216,11460
10217,10216
10218,10217
10219,10218
10220,10219
10221,10220
10222,10221
10223,10224
10224,10222
10225,9895
10226,10225
10227,10226
10228,9780
10229,10228
10230,10229
10231,9987
10232,10234
10233,10231
10234,10233
10235,10236
10236,10232
10237,11494
10238,10237
10239,10238
10240,10239
10241,10242
10242,9923
10243,11496
10244,9889
10245,10244
10246,10245
10247,10246
10248,10249
10249,10247
10250,10248
10251,10250
10252,10251
10253,10254
10254,10255
10255,9741
10256,10253
10257,9753
10258,10257
10259,10258
10260,10259
10261,10260
10262,10261
10263,10262
10264,10263
10265,10264
10266,10265
10267,10266
10268,10267
10269,10268
10270,10269
10271,10270
10272,10271
10273,10272
10274,10273
10275,10274
10276,10275
10277,10276
10278,11501
10279,10278
10280,10279
10281,10280
10282,10281
10283,10642
10284,10283
10285,9961
10286,10285
10287,10288
10288,9820
10289,9896
10290,10289
10291,10290
10292,10291
10293,9787
10294,10293
10295,10294
10296,10295
10297,10296
10298,10297
10299,10298
10300,10299
10301,10300
10302,10301
10303,10302
10304,10303
10305,10304
10306,10305
10307,10306
10308,10307
10309,10308
10310,10312
10311,9745
10312,10311
10313,10310
10314,10313
10315,9797
10316,10315
10317,10316
10318,10317
10319,10320
10320,10318
10321,10319
10322,10321
10323,10322
10324,10323
10325,10324
10326,10325
10327,10326
10328,10327
10329,10328
10330,10329
10331,10333
10332,9746
10333,10332
10334,10331
10335,10334
10336,10335
10337,10336
10338,10337
10339,10338
10340,10339
10341,10340
10342,10341
10343,9880
10344,10343
10345,10344
10346,10345
10347,10346
10348,10347
10349,10350
10350,9827
10351,10349
10352,10356
10353,10358
10354,10352
10355,10354
10356,9740
10357,10355
10358,10357
10359,10353
10360,10359
10361,10360
10362,10364
10363,10362
10364,9910
10365,10363
10366,10365
10367,10366
10368,10367
10369,10368
10370,10369
10371,10370
10372,10371
10373,10374
10374,10376
10375,10372
10376,10377
10377,10375
10378,11482
10379,10378
10380,10379
10381,10382
10382,10380
10383,10381
10384,10383
10385,10384
10386,10385
10387,10386
10388,9977
10389,10388
10390,10389
10391,10390
10392,10391
10393,10392
10394,10393
10395,11533
10396,10395
10397,11531
10398,11532
10399,10931
10400,9706
10401,10400
10402,10403
10403,9707
10404,10146
10405,10404
10406,10144
10407,10408
10408,9736
10409,10412
10410,9735
10411,10409
10412,10410
10413,10414
10414,10353
10415,10089
10416,10415
10417,10313
10418,10310
10419,10418
10420,10418
10421,10335
10422,10421
10423,10338
10424,10339
10425,10424
10426,10341
10427,10340
10428,10334
10429,10428
10430,10428
10431,10331
10432,10433
10433,9748
10434,10435
10435,9814
10436,11525
10437,10436
10438,10437
10439,10438
10440,10439
10441,10440
10442,10441
10443,10442
10444,10443
10445,10444
10446,11528
10447,10446
10448,10447
10449,10446
10450,11526
10451,10450
10452,10450
10453,10440
10454,10455
10455,10453
10456,10454
10457,10456
10458,10457
10459,10458
10460,10457
10461,10458
10462,10442
10463,10462
10464,10466
10465,10463
10466,10465
10467,10464
10468,10462
10469,10468
10470,10464
10471,10470
10472,10443
10473,10472
10474,10444
10475,10441
10476,10475
10477,10476
10478,10477
10479,10475
10480,10479
10481,10477
10482,10481
10483,10476
10484,10439
10485,10484
10486,10484
10487,10436
10488,10487
10489,10487
10490,10020
10491,10025
10492,10028
10493,10030
10494,10033
10495,10037
10496,10036
10497,10496
10498,10497
10499,10496
10500,10499
10501,10035
10502,10034
10503,10502
10504,10503
10505,10502
10506,10505
10507,10032
10508,10507
10509,10508
10510,10509
10511,10510
10512,10511
10513,10508
10514,10513
10515,10509
10516,10510
10517,10511
10518,10517
10519,10507
10520,10519
10521,10067
10522,10521
10523,10029
10524,10071
10525,10524
10526,10527
10527,10525
10528,10526
10529,10524
10530,10529
10531,10026
10532,10531
10533,10537
10534,10024
10535,10536
10536,10533
10537,10534
10538,10023
10539,10540
10540,9823
10541,10200
10542,10202
10543,10545
10544,10204
10545,10547
10546,10543
10547,10544
10548,10203
10549,10201
10550,10198
10551,10554
10552,9852
10553,10551
10554,10552
10555,10557
10556,10555
10557,9853
10558,10559
10559,10560
10560,9855
10561,10558
10562,10561
10563,10558
10564,10566
10565,9862
10566,10565
10567,10564
10568,10564
10569,10570
10570,9864
10571,10100
10572,10571
10573,10101
10574,10575
10575,10573
10576,10103
10577,10102
10578,10097
10579,10578
10580,10581
10581,9866
10582,10583
10583,9865
10584,10586
10585,10584
10586,9869
10587,10588
10588,9870
10589,10587
10590,10587
10591,10046
10592,10048
10593,10592
10594,10049
10595,15456
10596,10595
10597,10601
10598,10595
10599,10598
10600,10597
10601,10599
10602,10047
10603,11516
10604,10042
10605,10607
10606,10608
10607,10606
10608,9872
10609,10610
10610,9875
10611,10054
10612,10055
10613,10614
10614,9876
10615,10613
10616,10615
10617,10613
10618,10619
10619,10615
10620,10622
10621,10620
10622,10618
10623,10621
10624,10625
10625,10618
10626,10621
10627,10231
10628,10627
10629,10628
10630,10627
10631,10632
10632,10630
10633,10634
10634,10232
10635,11504
10636,11502
10637,10636
10638,10280
10639,10638
10640,10281
10641,10640
10642,10282
10643,10644
10644,10279
10645,10278
10646,10645
10647,10648
10648,10645
10649,11505
10650,10649
10651,10652
10652,11507
10653,11514
10654,10653
10655,9991
10656,9993
10657,10656
10658,9994
10659,9995
10660,10659
10661,10662
10662,10660
10663,10659
10664,10663
10665,10666
10666,9997
10667,10665
10668,10665
10669,9996
10670,10671
10671,10672
10672,10669
10673,10669
10674,9992
10675,10674
10676,10675
10677,10676
10678,10677
10679,10680
10680,10678
10681,10679
10682,10683
10683,10676
10684,10677
10685,10679
10686,10687
10687,10688
10688,10685
10689,10692
10690,10691
10691,10689
10692,10685
10693,10678
10694,10695
10695,10696
10696,10693
10697,10675
10698,10699
10699,10697
10700,10701
10701,10697
10702,10674
10703,10702
10704,10705
10705,10001
10706,10704
10707,10003
10708,10709
10709,10707
10710,10711
10711,10149
10712,10151
10713,10712
10714,10715
10715,10153
10716,10717
10717,10152
10718,10150
10719,10718
10720,10005
10721,10722
10722,10720
10723,10724
10724,10006
10725,10723
10726,10725
10727,10723
10728,10727
10729,10731
10730,10729
10731,10011
10732,10014
10733,10734
10734,10732
10735,10016
10736,10735
10737,10738
10738,10736
10739,10740
10740,10736
10741,10735
10742,10741
10743,10017
10744,10743
10745,10746
10746,10744
10747,10748
10748,10015
10749,10752
10750,10749
10751,10168
10752,10751
10753,10167
10754,10758
10755,10754
10756,10754
10757,10756
10758,10753
10759,10761
10760,10002
10761,10760
10762,10763
10763,11498
10764,10765
10765,11513
10766,10767
10767,10078
10768,10079
10769,10768
10770,10080
10771,10772
10772,10770
10773,10774
10774,10770
10775,10077
10776,10777
10777,10775
10778,10775
10779,10778
10780,9984
10781,9982
10782,10783
10783,9909
10784,10782
10785,10784
10786,10785
10787,10785
10788,10791
10789,10790
10790,10788
10791,10363
10792,10793
10793,11466
10794,10796
10795,10794
10796,10789
10797,10798
10798,11466
10799,10368
10800,10799
10801,10800
10802,10799
10803,10802
10804,10370
10805,10804
10806,10805
10807,10808
10808,10804
10809,10810
10810,10371
10811,10372
10812,10811
10813,10369
10814,10813
10815,10366
10816,10817
10817,9912
10818,10159
10819,10160
10820,10821
10821,10819
10822,10819
10823,10161
10824,10823
10825,10163
10826,10162
10827,10826
10828,9926
10829,10828
10830,10832
10831,9930
10832,10831
10833,10118
10834,11457
10835,9944
10836,10838
10837,9948
10838,10839
10839,10837
10840,9957
10841,10842
10842,10840
10843,10841
10844,10843
10845,9958
10846,10845
10847,9956
10848,10849
10849,10847
10850,10848
10851,10850
10852,10850
10853,10848
10854,9955
10855,10211
10856,11524
10857,10858
10858,10856
10859,10857
10860,10857
10861,10862
10862,10863
10863,10860
10864,10213
10865,10866
10866,9952
10867,10865
10868,10867
10869,10868
10870,10869
10871,10870
10872,10873
10873,10871
10874,10875
10875,10868
10876,10878
10877,10869
10878,10877
10879,10881
10880,10879
10881,9949
10882,10880
10883,9945
10884,9943
10885,10888
10886,10887
10887,10885
10888,9942
10889,10086
10890,10889
10891,10890
10892,10893
10893,10890
10894,10895
10895,10889
10896,10084
10897,10896
10898,10899
10899,9938
10900,10901
10901,9935
10902,9931
10903,9927
10904,10903
10905,9962
10906,10218
10907,10220
10908,10221
10909,10910
10910,10908
10911,10909
10912,10911
10913,10909
10914,10222
10915,10219
10916,10915
10917,9965
10918,10917
10919,10920
10920,10917
10921,9966
10922,10921
10923,9968
10924,10923
10925,10924
10926,10924
10927,10923
10928,10927
10929,9974
10930,10929
10931,10930
10932,10931
10933,10932
10934,10933
10935,10934
10936,10929
10937,10936
10938,10937
10939,10938
10940,10941
10941,10939
10942,10930
10943,10942
10944,10943
10945,10944
10946,10945
10947,10946
10948,10946
10949,10948
10950,10945
10951,10950
10952,10951
10953,10952
10954,10953
10955,10954
10956,10955
10957,10956
10958,10959
10959,10950
10960,10951
10961,10944
10962,10943
10963,10962
10964,10942
10965,10932
10966,10965
10967,10966
10968,10967
10969,10968
10970,10966
10971,10970
10972,10965
10973,10972
10974,10973
10975,10972
10976,10975
10977,10976
10978,10975
10979,10388
10980,10979
10981,10980
10982,10981
10983,10982
10984,10983
10985,10984
10986,10979
10987,10988
10988,10982
10989,10983
10990,10989
10991,10993
10992,10984
10993,10992
10994,10991
10995,10994
10996,10995
10997,10390
10998,10997
10999,10998
11000,10998
11001,11002
11002,10997
11003,10389
11004,11005
11005,9976
11006,11007
11007,9975
11008,9973
11009,11008
11010,11011
11011,11009
11012,9964
11013,11020
11014,11013
11015,11013
11016,11015
11017,11016
11018,11019
11019,11015
11020,11012
11021,11022
11022,9963
11023,11025
11024,11446
11025,11024
11026,11535
11027,10207
11028,11029
11029,11027
11030,11031
11031,9913
11032,11033
11033,9911
11034,10343
11035,10345
11036,10346
11037,10344
11038,11487
11039,11490
11040,11491
11041,11040
11042,11043
11043,11041
11044,11040
11045,11041
11046,11045
11047,11050
11048,11049
11049,9887
11050,11048
11051,11047
11052,9888
11053,11054
11054,11055
11055,11052
11056,10244
11057,10246
11058,10251
11059,10250
11060,10247
11061,11060
11062,11061
11063,11062
11064,11063
11065,11064
11066,11065
11067,11066
11068,11061
11069,11068
11070,11069
11071,11069
11072,11071
11073,11068
11074,11073
11075,11062
11076,11075
11077,11076
11078,11079
11079,11075
11080,11081
11081,11065
11082,11064
11083,11063
11084,11060
11085,10245
11086,9891
11087,9892
11088,11087
11089,11087
11090,10291
11091,10290
11092,11094
11093,11091
11094,11093
11095,10289
11096,9898
11097,11096
11098,11097
11099,11096
11100,11097
11101,9904
11102,11101
11103,11102
11104,9903
11105,9902
11106,9901
11107,11106
11108,11107
11109,9897
11110,10225
11111,10226
11112,9894
11113,9890
11114,11113
11115,11114
11116,11117
11117,9873
11118,10057
11119,11121
11120,10059
11121,11120
11122,10060
11123,10062
11124,11520
11125,10061
11126,11125
11127,11128
11128,9867
11129,10182
11130,11129
11131,11129
11132,10184
11133,10185
11134,10188
11135,11134
11136,11134
11137,10193
11138,10189
11139,11138
11140,10183
11141,11140
11142,11146
11143,11145
11144,11140
11145,11142
11146,11144
11147,11148
11148,9857
11149,11150
11150,9861
11151,11152
11152,9856
11153,11151
11154,11151
11155,11156
11156,9854
11157,9834
11158,11160
11159,11157
11160,11159
11161,10122
11162,11161
11163,10121
11164,11163
11165,11163
11166,10120
11167,9838
11168,11167
11169,9840
11170,11169
11171,9843
11172,9844
11173,11172
11174,11173
11175,11174
11176,11172
11177,11173
11178,11174
11179,9850
11180,11181
11181,11179
11182,9849
11183,9848
11184,10069
11185,9846
11186,10133
11187,10134
11188,11451
11189,11471
11190,9841
11191,9839
11192,10349
11193,11195
11194,11196
11195,11194
11196,9826
11197,11193
11198,11193
11199,11200
11200,9824
11201,11202
11202,9825
11203,10173
11204,10176
11205,10177
11206,11207
11207,9819
11208,11209
11209,9816
11210,11211
11211,9812
11212,9749
11213,10257
11214,10264
11215,10266
11216,11215
11217,11215
11218,10267
11219,11218
11220,10268
11221,11220
11222,11221
11223,11222
11224,11222
11225,11224
11226,11224
11227,10270
11228,11227
11229,11228
11230,11228
11231,11230
11232,11227
11233,11232
11234,10273
11235,10276
11236,10275
11237,10274
11238,10272
11239,11238
11240,11239
11241,11238
11242,11241
11243,10271
11244,10269
11245,10265
11246,9762
11247,9765
11248,10110
11249,10112
11250,10111
11251,9773
11252,11251
11253,11254
11254,9778
11255,11253
11256,11253
11257,10229
11258,11259
11259,10228
11260,9781
11261,11260
11262,9782
11263,11262
11264,11263
11265,11262
11266,9783
11267,9779
11268,9775
11269,9774
11270,9772
11271,9771
11272,9769
11273,9768
11274,11273
11275,11274
11276,11273
11277,9790
11278,11282
11279,11280
11280,11281
11281,10315
11282,11279
11283,11278
11284,11285
11285,11283
11286,11284
11287,11278
11288,11287
11289,10323
11290,11289
11291,11289
11292,10326
11293,10327
11294,10329
11295,10328
11296,11295
11297,11295
11298,10325
11299,10324
11300,11299
11301,11299
11302,10322
11303,10092
11304,10381
11305,10383
11306,10384
11307,10386
11308,10385
11309,11484
11310,10108
11311,10107
11312,11311
11313,10106
11314,11315
11315,11313
11316,9807
11317,9809
11318,9808
11319,11318
11320,11318
11321,10136
11322,10137
11323,10138
11324,10139
11325,10140
11326,10142
11327,10141
11328,9798
11329,11328
11330,9794
11331,9788
11332,10293
11333,10294
11334,10298
11335,10301
11336,10302
11337,11336
11338,11336
11339,11338
11340,11338
11341,10303
11342,11341
11343,11341
11344,10307
11345,10308
11346,10306
11347,10305
11348,10304
11349,10300
11350,11349
11351,11350
11352,11351
11353,11349
11354,11351
11355,11354
11356,11350
11357,10299
11358,10297
11359,10171
11360,9766
11361,11360
11362,11361
11363,9764
11364,11363
11365,11363
11366,11368
11367,11365
11368,11367
11369,11366
11370,11365
11371,9761
11372,11371
11373,15455
11374,11373
11375,9757
11376,11375
11377,11376
11378,11377
11379,11377
11380,11376
11381,9754
11382,11381
11383,11384
11384,9744
11385,11386
11386,9742
11387,11385
11388,11387
11389,11388
11390,11385
11391,11390
11392,11388
11393,11387
11394,11393
11395,11394
11396,11394
11397,11393
11398,11397
11399,10253
11400,11401
11401,9739
11402,11400
11403,11400
11404,11405
11405,9737
11406,11407
11407,9738
11408,11409
11409,9734
11410,11411
11411,9733
11412,9712
11413,9714
11414,9715
11415,11414
11416,11414
11417,9719
11418,9720
11419,11453
11420,11419
11421,11420
11422,11419
11423,11422
11424,11420
11425,11424
11426,11427
11427,9722
11428,11430
11429,9724
11430,11429
11431,9726
11432,11431
11433,9727
11434,9728
11435,11434
11436,11435
11437,9729
11438,9725
11439,9721
11440,11441
11441,11439
11442,9718
11443,11444
11444,11447
11445,9919
11446,11445
11447,11446
11448,11463
11449,11450
11450,11467
11451,11471
11452,11467
11453,11418
11454,11455
11455,11458
11456,9938
11457,11454
11458,11456
11459,11461
11460,11459
11461,11462
11462,10905
11463,10196
11464,11465
11465,10789
11466,11464
11467,10104
11468,10962
11469,11470
11470,11468
11471,9842
11472,11469
11473,11456
11474,11475
11475,11476
11476,9799
11477,11476
11478,9801
11479,11478
11480,11481
11481,9802
11482,11481
11483,11485
11484,11485
11485,9803
11486,9884
11487,11486
11488,11486
11489,11488
11490,11488
11491,11489
11492,11489
11493,9967
11494,11493
11495,11493
11496,11495
11497,11495
11498,11499
11499,11511
11500,11499
11501,11503
11502,11503
11503,11506
11504,11508
11505,11506
11506,11510
11507,11510
11508,9988
11509,11508
11510,11509
11511,11512
11512,11509
11513,11512
11514,11511
11515,11500
11516,11518
11517,11518
11518,10045
11519,10063
11520,11519
11521,11519
11522,11523
11523,10212
11524,11523
11525,11527
11526,11527
11527,11529
11528,11529
11529,10434
11530,10399
11531,11530
11532,11530
11533,11534
11534,11047
11535,9917
11536,11537
11537,11552
11538,11539
11539,11555
11540,11556
11541,14124
11542,11561
11543,11562
11544,11565
11545,11566
11546,11549
11547,11553
11548,11552
11549,11548
11550,11549
11551,11553
11552,11551
11553,11554
11554,11555
11555,11556
11556,15457
11557,11558
11558,11560
11559,11560
11560,11561
11561,11562
11562,11564
11563,11564
11564,11565
11565,11566
11566,11567
11567,14143
11568,11569
11569,11570
11570,11581
11571,11572
11572,11573
11573,11574
11574,11575
11575,11576
11576,11578
11577,11579
11578,11577
11579,11584
11580,11579
11581,11571
11582,11583
11584,11585
11585,11582
11586,11572
11587,11578
11588,15457
11589,11569
11590,11577
11591,11548
11592,11554
11593,12573
11594,12597
11595,11594
11596,11595
11597,11596
11598,11600
11599,12528
11600,11599
11601,11598
11602,11601
11603,11602
11604,11603
11605,12531
11606,11607
11607,11605
11608,11609
11609,12534
11610,12517
11611,12600
11612,12311
11613,11612
11614,11613
11615,11614
11616,12310
11617,11616
11618,11617
11619,11618
11620,11619
11621,11620
11622,11621
11623,11622
11624,11623
11625,11624
11626,11625
11627,11626
11628,11627
11629,11628
11630,11629
11631,11630
11632,11631
11633,11632
11634,11633
11635,11634
11636,11635
11637,11636
11638,11637
11639,11638
11640,12600
11641,11640
11642,11641
11643,11642
11644,11643
11645,11644
11646,11645
11647,11646
11648,11647
11649,11648
11650,11649
11651,11650
11652,11651
11653,11652
11654,11653
11655,11654
11656,11655
11657,11659
11658,11656
11659,11660
11660,11661
11661,11658
11662,11665
11663,11657
11664,11663
11665,11664
11666,11662
11667,11666
11668,15458
11669,11668
11670,11669
11671,11670
11672,11671
11673,11672
11674,11673
11675,11652
11676,11675
11677,11676
11678,11677
11679,11678
11680,11679
11681,11682
11682,12556
11683,11681
11684,11683
11685,11684
11686,11685
11687,11690
11688,11687
11689,11691
11690,11689
11691,11686
11692,11688
11693,11692
11694,11693
11695,11694
11696,11695
11697,11696
11698,11697
11699,11698
11700,11699
11701,11700
11702,11701
11703,11688
11704,11703
11705,11704
11706,11705
11707,11706
11708,11707
11709,11708
11710,11709
11711,11710
11712,11711
11713,11712
11714,11713
11715,11714
11716,11715
11717,11716
11718,11717
11719,11718
11720,11719
11721,11720
11722,11721
11723,11722
11724,11723
11725,11715
11726,11725
11727,11726
11728,11727
11729,11728
11730,11729
11731,11730
11732,11686
11733,11734
11734,12542
11735,11733
11736,11735
11737,11736
11738,11737
11739,12604
11740,11739
11741,11740
11742,11741
11743,11742
11744,11743
11745,11746
11746,11747
11747,11748
11748,12528
11749,12609
11750,11916
11751,11750
11752,11751
11753,11752
11754,11753
11755,11754
11756,11755
11757,11758
11758,12568
11759,11757
11760,12543
11761,11760
11762,11761
11763,11770
11764,11769
11765,11763
11766,11765
11767,11766
11768,11764
11769,11767
11770,11681
11771,11772
11772,11768
11773,11771
11774,11773
11775,11774
11776,11775
11777,11776
11778,11777
11779,11778
11780,11783
11781,11785
11782,11780
11783,11779
11784,11781
11785,11782
11786,11707
11787,11786
11788,11789
11789,11787
11790,11740
11791,11790
11792,12610
11793,11792
11794,11793
11795,11794
11796,11795
11797,11704
11798,11797
11799,11798
11800,11799
11801,12505
11802,11801
11803,11696
11804,11803
11805,11804
11806,11805
11807,11806
11808,11807
11809,11625
11810,11809
11811,11810
11812,11811
11813,11812
11814,11813
11815,11814
11816,11815
11817,11816
11818,11817
11819,11818
11820,11819
11821,11642
11822,11821
11823,11822
11824,11823
11825,11675
11826,11825
11827,11826
11828,11827
11829,11828
11830,11829
11831,11830
11832,11831
11833,11832
11834,11833
11835,11836
11836,11743
11837,11835
11838,11635
11839,11838
11840,11841
11841,12538
11842,11840
11843,11842
11844,11843
11845,11617
11846,11845
11847,11846
11848,11847
11849,11851
11850,11852
11851,11848
11852,11849
11853,11620
11854,11856
11855,12527
11856,11855
11857,11854
11858,11857
11859,11858
11860,11862
11861,11859
11862,11861
11863,11860
11864,11865
11865,11866
11866,11863
11867,11864
11868,11867
11869,11698
11870,11869
11871,11870
11872,11871
11873,11872
11874,11873
11875,11874
11876,11726
11877,11876
11878,11877
11879,11878
11880,11879
11881,12137
11882,11881
11883,11882
11884,12628
11885,11886
11886,12529
11887,11888
11888,12573
11889,11891
11890,11887
11891,11892
11892,11893
11893,12594
11894,11595
11895,11894
11896,11895
11897,11894
11898,11895
11899,11596
11900,11594
11901,11903
11902,12595
11903,11904
11904,11902
11905,11906
11906,12596
11907,11908
11908,12525
11909,12608
11910,11750
11911,11752
11912,11754
11913,11751
11914,11913
11915,11913
11916,11917
11917,12521
11918,11544
11919,11918
11920,11919
11921,11920
11922,11918
11923,11919
11924,11923
11925,11923
11926,11920
11927,12558
11928,11930
11929,12561
11930,11929
11931,11932
11932,11933
11933,11543
11934,12588
11935,11937
11936,12624
11937,11936
11938,11935
11939,11940
11940,11941
11941,12511
11942,12588
11943,11945
11944,12504
11945,11944
11946,11943
11947,11946
11948,11947
11949,11946
11950,12503
11951,11950
11952,12502
11953,11955
11954,11953
11955,11952
11956,11954
11957,1
11958,11957
11959,11958
11960,11541
11961,12623
11962,12623
11963,11962
11964,11963
11965,12621
11966,11965
11967,11966
11968,11967
11969,11538
11970,11538
11971,11970
11972,11971
11973,11972
11974,11973
11975,11971
11976,11972
11977,11973
11978,11979
11979,11977
11980,11978
11981,11978
11982,11970
11983,11984
11984,11985
11985,11682
11986,11987
11987,11989
11988,11986
11989,11683
11990,12547
11991,11990
11992,11991
11993,12000
11994,11993
11995,11994
11996,11992
11997,11999
11998,11997
11999,11993
12000,11991
12001,11736
12002,11739
12003,11742
12004,11741
12005,12004
12006,12005
12007,12005
12008,12004
12009,11793
12010,12009
12011,11794
12012,11792
12013,11790
12014,12612
12015,12613
12016,12605
12017,12016
12018,12016
12019,11737
12020,12019
12021,11694
12022,12021
12023,12022
12024,11695
12025,11803
12026,11805
12027,12026
12028,11806
12029,12028
12030,12029
12031,12028
12032,11804
12033,12032
12034,11697
12035,11699
12036,12035
12037,12035
12038,11700
12039,12038
12040,11701
12041,12040
12042,12041
12043,12040
12044,12045
12045,12043
12046,12044
12047,11873
12048,11872
12049,12048
12050,11871
12051,12050
12052,11870
12053,12052
12054,12053
12055,11869
12056,12055
12057,12056
12058,12056
12059,12055
12060,11693
12061,11692
12062,11703
12063,12062
12064,12063
12065,12064
12066,12065
12067,12066
12068,12063
12069,12066
12070,12065
12071,12064
12072,12062
12073,12072
12074,11798
12075,11799
12076,12075
12077,11797
12078,11705
12079,11786
12080,11708
12081,11712
12082,12081
12083,11713
12084,11716
12085,12084
12086,12085
12087,12086
12088,12087
12089,12088
12090,12091
12091,12089
12092,12085
12093,12095
12094,12089
12095,12094
12096,12093
12097,12084
12098,11717
12099,12098
12100,12098
12101,11719
12102,12104
12103,12102
12104,12101
12105,12109
12106,11722
12107,12108
12108,12106
12109,12107
12110,11723
12111,12110
12112,11721
12113,12112
12114,12112
12115,12114
12116,12115
12117,12114
12118,11720
12119,12118
12120,12119
12121,12120
12122,12119
12123,12122
12124,12123
12125,12122
12126,12118
12127,12126
12128,11718
12129,11727
12130,12129
12131,11730
12132,11729
12133,11728
12134,11877
12135,11882
12136,11881
12137,11880
12138,11879
12139,11878
12140,11876
12141,11725
12142,11714
12143,11711
12144,11710
12145,11709
12146,11706
12147,12148
12148,11689
12149,12151
12150,12149
12151,11685
12152,12154
12153,12152
12154,11684
12155,11774
12156,11775
12157,11776
12158,12157
12159,12161
12160,12158
12161,12160
12162,12157
12163,11778
12164,11777
12165,12166
12166,12167
12167,11605
12168,12169
12169,11606
12170,12168
12171,12176
12172,12174
12173,12170
12174,12173
12175,12171
12176,12172
12177,12168
12178,12177
12179,12177
12180,12179
12181,12170
12182,12181
12183,12184
12184,12514
12185,12183
12186,12187
12187,11609
12188,12192
12189,12190
12190,11608
12191,12189
12192,12191
12193,12188
12194,12188
12195,12196
12196,11610
12197,12203
12198,12202
12199,12205
12200,12206
12201,12200
12202,12201
12203,12199
12204,12197
12205,12198
12206,12195
12207,11842
12208,12207
12209,11843
12210,11840
12211,12210
12212,12211
12213,12211
12214,12213
12215,11612
12216,11615
12217,12216
12218,12220
12219,12218
12220,11848
12221,11846
12222,12221
12223,11845
12224,12223
12225,11619
12226,12228
12227,11853
12228,12227
12229,11857
12230,11860
12231,11864
12232,11867
12233,12232
12234,11858
12235,11854
12236,11624
12237,11626
12238,12237
12239,12237
12240,11628
12241,12240
12242,12240
12243,11630
12244,12243
12245,12617
12246,12245
12247,12246
12248,12247
12249,12248
12250,12249
12251,12253
12252,12250
12253,12252
12254,12256
12255,12251
12256,12255
12257,12254
12258,12245
12259,12247
12260,12259
12261,12260
12262,12259
12263,12248
12264,12249
12265,12250
12266,12254
12267,12251
12268,12267
12269,12246
12270,12269
12271,12615
12272,11634
12273,11636
12274,11637
12275,12277
12276,12274
12277,12276
12278,12275
12279,12274
12280,12279
12281,11638
12282,11838
12283,11633
12284,11632
12285,11627
12286,11812
12287,11817
12288,11819
12289,11815
12290,12292
12291,11814
12292,12294
12293,12290
12294,12291
12295,12293
12296,12293
12297,12296
12298,12299
12299,11813
12300,11811
12301,12300
12302,12303
12303,12301
12304,11622
12305,11621
12306,11618
12307,11616
12308,12307
12309,11613
12310,12309
12311,11611
12312,11821
12313,11822
12314,11823
12315,11646
12316,11647
12317,11649
12318,11651
12319,11654
12320,11656
12321,11657
12322,12321
12323,12321
12324,11667
12325,11672
12326,12325
12327,12325
12328,12327
12329,11673
12330,11671
12331,12330
12332,15458
12333,11666
12334,11662
12335,11655
12336,11653
12337,11677
12338,11678
12339,11679
12340,12339
12341,12340
12342,12343
12343,12341
12344,12340
12345,12339
12346,11676
12347,11830
12348,11833
12349,12348
12350,12348
12351,11832
12352,11831
12353,11829
12354,11828
12355,12354
12356,12354
12357,12356
12358,12357
12359,12356
12360,11825
12361,12360
12362,12360
12363,11650
12364,12365
12365,12363
12366,11648
12367,11645
12368,11644
12369,12368
12370,11640
12371,12554
12372,12554
12373,12378
12374,12376
12375,12377
12376,12373
12377,12374
12378,12518
12379,12380
12380,12539
12381,12382
12382,12517
12383,12381
12384,12387
12385,12383
12386,12388
12387,12386
12388,12385
12389,12383
12390,12389
12391,12392
12392,12516
12393,12394
12394,12587
12395,12393
12396,12395
12397,12395
12398,12397
12399,12398
12400,12397
12401,12393
12402,12403
12403,12586
12404,12405
12405,12534
12406,12409
12407,12408
12408,12406
12409,12536
12410,12411
12411,12535
12412,12410
12413,12412
12414,12415
12415,12410
12416,12412
12417,12419
12418,12417
12419,12416
12420,12421
12421,12513
12422,12426
12423,12425
12424,11607
12425,12422
12426,12424
12427,12431
12428,12429
12429,12531
12430,12428
12431,12430
12432,12427
12433,12434
12434,12532
12435,11536
12436,12435
12437,12436
12438,12437
12439,12438
12440,12439
12441,12445
12442,12441
12443,12439
12444,12443
12445,12444
12446,12438
12447,12448
12448,12449
12449,12446
12450,12437
12451,12436
12452,12451
12453,12452
12454,12635
12455,12456
12456,11661
12457,12455
12458,12460
12459,12457
12460,12461
12461,12462
12462,12459
12463,12458
12464,12465
12465,12458
12466,12481
12467,12466
12468,12470
12469,12467
12470,12469
12471,12468
12472,12629
12473,12472
12474,12473
12475,12473
12476,12472
12477,12466
12478,12468
12479,12509
12480,12479
12481,12509
12482,12618
12483,12482
12484,12483
12485,12484
12486,12484
12487,12486
12488,12486
12489,12488
12490,12492
12491,11658
12492,12491
12493,12490
12494,12490
12495,12494
12496,12011
12497,12011
12498,12497
12499,12497
12500,12501
12501,11768
12502,1
12503,12502
12504,12503
12505,12504
12506,12505
12507,12508
12508,11557
12509,11884
12510,12544
12511,11938
12512,11759
12513,11606
12514,12513
12515,12516
12516,12537
12517,12515
12518,12538
12519,12520
12520,12521
12521,12522
12522,12523
12523,12524
12524,12526
12525,12519
12526,12562
12527,11853
12528,12529
12529,12530
12530,12525
12531,12532
12532,12533
12533,12556
12534,12536
12535,12514
12536,12535
12537,12587
12538,12539
12539,11610
12540,12541
12541,12518
12542,11732
12543,12512
12544,12545
12545,12590
12546,12542
12547,12546
12548,12549
12549,12551
12550,12548
12551,12500
12552,12527
12553,12552
12554,12555
12555,12540
12556,11551
12557,12624
12558,12559
12559,12560
12560,12561
12561,11543
12562,12563
12563,12564
12564,12565
12565,12566
12566,12567
12567,12568
12568,12569
12569,12570
12570,12571
12571,12572
12572,11545
12573,12574
12574,11567
12575,12578
12576,12578
12577,12576
12578,12579
12579,12537
12580,12583
12581,12583
12582,12581
12583,12584
12584,12585
12585,11608
12586,12585
12587,12586
12588,12589
12589,12590
12590,12591
12591,12593
12592,12557
12593,12592
12594,11593
12595,12596
12596,12599
12597,12595
12598,12594
12599,12598
12600,12601
12601,12602
12602,12540
12603,12281
12604,12606
12605,12606
12606,11738
12607,11745
12608,12607
12609,12607
12610,12611
12611,11791
12612,12614
12613,12614
12614,12013
12615,12616
12616,12244
12617,12616
12618,12619
12619,12620
12620,11540
12621,12622
12622,11540
12623,11588
12624,11542
12625,11542
12626,12625
12627,12626
12628,12627
12629,12627
12630,12632
12631,12632
12632,12633
12633,12454
12634,12635
12635,11591
12636,12638
12637,12638
12638,11546
12639,11547
12640,12639
12641,12642
12642,11592
12643,12641
12644,12641
12645,11589
12646,12645
12647,12646
12648,12647
12650,12649
12651,14009
12652,12654
12653,12652
12654,12651
12655,12656
12656,12653
12657,13809
12658,14153
12659,12658
12660,13986
12661,13979
12662,14191
12663,12662
12664,12665
12665,12663
12666,12664
12667,14204
12668,12667
12669,12668
12670,12669
12671,12670
12672,12671
12673,12672
12674,12673
12675,12676
12676,13965
12677,12675
12678,12677
12679,12684
12680,12683
12681,12680
12682,12681
12683,12678
12684,12682
12685,12679
12686,12685
12687,12686
12688,12687
12689,12688
12690,14209
12691,12690
12692,12691
12693,12692
12694,12693
12695,12694
12696,12695
12697,12696
12698,13965
12699,12698
12700,13949
12701,12700
12702,12703
12703,12701
12704,14212
12705,12704
12706,12705
12707,12706
12708,12707
12709,12710
12710,14022
12711,12709
12712,12711
12713,14216
12714,12713
12715,14220
12716,12715
12717,12716
12718,12717
12719,12718
12720,12719
12721,12720
12722,12721
12723,14214
12724,12723
12725,12724
12726,12725
12727,12726
12728,12727
12729,12728
12730,14222
12731,12730
12732,12731
12733,14226
12734,12733
12735,12734
12736,12735
12737,12705
12738,14228
12739,12738
12740,14234
12741,12740
12742,12741
12743,12742
12744,14235
12745,14241
12746,12745
12747,12746
12748,12747
12749,12748
12750,12749
12751,12750
12752,12751
12753,12752
12754,12753
12755,14151
12756,12755
12757,14029
12758,12757
12759,14036
12760,12759
12761,12760
12762,12761
12763,12762
12764,12763
12765,12764
12766,12767
12767,14041
12768,12766
12769,12768
12770,12769
12771,14243
12772,12771
12773,12772
12774,12773
12775,12774
12776,12775
12777,12776
12778,12777
12779,12778
12780,12779
12781,12780
12782,12783
12783,12781
12784,12782
12785,12784
12786,12785
12787,12786
12788,14251
12789,14082
12790,12789
12791,14007
12792,12791
12793,12792
12794,12793
12795,12794
12796,12795
12797,12796
12798,12800
12799,12797
12800,12801
12801,12803
12802,12799
12803,12804
12804,12802
12805,12798
12806,14077
12807,12806
12808,12807
12809,12808
12810,14253
12811,12810
12812,12811
12813,14361
12814,14259
12815,12814
12816,13905
12817,12818
12818,14052
12819,12821
12820,12817
12821,12820
12822,12819
12823,12822
12824,12823
12825,12824
12826,12825
12827,12832
12828,12826
12829,12831
12830,12827
12831,12830
12832,12828
12833,12829
12834,12833
12835,14262
12836,12835
12837,12836
12838,12837
12839,12838
12840,12839
12841,12844
12842,12840
12843,12842
12844,12843
12845,14245
12846,12845
12847,12846
12848,12847
12849,12848
12850,12689
12851,12852
12852,12853
12853,12850
12854,14022
12855,12854
12856,12855
12857,12856
12858,12859
12859,14012
12860,12858
12861,12860
12862,12861
12863,14267
12864,12863
12865,12867
12866,12709
12867,12869
12868,12866
12869,12868
12870,14270
12871,12872
12872,14127
12873,14054
12874,12876
12875,12873
12876,12875
12877,12874
12878,12877
12879,14237
12880,12879
12881,12880
12882,12881
12883,14221
12884,12883
12885,12886
12886,12887
12887,14191
12888,12885
12889,12888
12890,12889
12891,12890
12892,12891
12893,12823
12894,12893
12895,14239
12896,12691
12897,12896
12898,12897
12899,12704
12900,12899
12901,12814
12902,13909
12903,13689
12904,14272
12905,13913
12906,13914
12907,14378
12908,14386
12909,14161
12910,12911
12911,13912
12912,14200
12913,12912
12914,13274
12915,12916
12916,13943
12917,12918
12918,12912
12919,12917
12920,14095
12921,14096
12922,12928
12923,12928
12924,12927
12925,13548
12926,12924
12927,12925
12928,12926
12929,15459
12930,13543
12931,14322
12932,13640
12933,13656
12934,15459
12935,13811
12936,13811
12937,14271
12938,12939
12939,12940
12940,14123
12941,12942
12942,12938
12943,12944
12944,12941
12945,12946
12946,12940
12947,12950
12948,12949
12949,12941
12950,12948
12951,12943
12952,12954
12953,12955
12954,12953
12955,12938
12956,12957
12957,12958
12958,14123
12959,12956
12960,12956
12961,12965
12962,12963
12963,14139
12964,12966
12965,12964
12966,12962
12967,12961
12968,12970
12969,12963
12970,12969
12971,12972
12972,12962
12973,12961
12974,12975
12975,12964
12976,12977
12977,12966
12978,12979
12979,13918
12980,12981
12981,12978
12982,12980
12983,12980
12984,12983
12985,14061
12986,12985
12987,12985
12988,12987
12989,12991
12990,14133
12991,12990
12992,12994
12993,14133
12994,12993
12995,12989
12996,13000
12997,12996
12998,12999
12999,14129
13000,13001
13001,13002
13002,14128
13003,14357
13004,14358
13005,14344
13006,14337
13007,14338
13008,13007
13009,13008
13010,13009
13011,13004
13012,13004
13013,13007
13014,14341
13015,14350
13016,13015
13017,14371
13018,13910
13019,14352
13020,13021
13021,14068
13022,13019
13023,14353
13024,14368
13025,13891
13026,13025
13027,13026
13028,13029
13029,14050
13030,13028
13031,14274
13032,13031
13033,13031
13034,14276
13035,13034
13036,13035
13037,13034
13038,13035
13039,13043
13040,13042
13041,13039
13042,13038
13043,13040
13044,13046
13045,13044
13046,13041
13047,13048
13048,13041
13049,13028
13050,13049
13051,13050
13052,13051
13053,13054
13054,13052
13055,13051
13056,13052
13057,13058
13058,13905
13059,13057
13060,13059
13061,13057
13062,13061
13063,13064
13064,14053
13065,13066
13066,14052
13067,13065
13068,13069
13069,12817
13070,13068
13071,13070
13072,13068
13073,13076
13074,13073
13075,13077
13076,13075
13077,13072
13078,12822
13079,12893
13080,13079
13081,13083
13082,13080
13083,13082
13084,14264
13085,13086
13086,13084
13087,12838
13088,12835
13089,14261
13090,12826
13091,12825
13092,13091
13093,13091
13094,13099
13095,12824
13096,13097
13097,13095
13098,13094
13099,13096
13100,12819
13101,13102
13102,13103
13103,12818
13104,13105
13105,14051
13106,13107
13107,14002
13108,13106
13109,13108
13110,13109
13111,13108
13112,13114
13113,13112
13114,14001
13115,13116
13116,13907
13117,14354
13118,14370
13119,13118
13120,13122
13121,13118
13122,13123
13123,13121
13124,14334
13125,14373
13126,13125
13127,13126
13128,13125
13129,14257
13130,13131
13131,13132
13132,14126
13133,13134
13134,12871
13135,13133
13136,13135
13137,13135
13138,13139
13139,13141
13140,13917
13141,13140
13142,14054
13143,13144
13144,13142
13145,13146
13146,12873
13147,13145
13148,13149
13149,13916
13150,14278
13151,13152
13152,13153
13153,13150
13154,13157
13155,14279
13156,13155
13157,13156
13158,13161
13159,13154
13160,13158
13161,13159
13162,13154
13163,13164
13164,14132
13165,13163
13166,13163
13167,13168
13168,13169
13169,13935
13170,13171
13171,12789
13172,13173
13173,13170
13174,13172
13175,13176
13176,13933
13177,13178
13178,13934
13179,14280
13180,13925
13181,13180
13182,13190
13183,13184
13184,13182
13185,13186
13186,13924
13187,13188
13188,14047
13189,13187
13190,13185
13191,13192
13192,12796
13193,13194
13194,12804
13195,12798
13196,13195
13197,12808
13198,14252
13199,12811
13200,13199
13201,13200
13202,14287
13203,13202
13204,14283
13205,13204
13206,12810
13207,13206
13208,13207
13209,13207
13210,13206
13211,14255
13212,14290
13213,14289
13214,14293
13215,13214
13216,13217
13217,13215
13218,13214
13219,14292
13220,14077
13221,13225
13222,13224
13223,13222
13224,12803
13225,13223
13226,13228
13227,12797
13228,13227
13229,13226
13230,13226
13231,13232
13232,12795
13233,13248
13234,13231
13235,13236
13236,13237
13237,12793
13238,13235
13239,13240
13240,13235
13241,13244
13242,13243
13243,12792
13244,13242
13245,13241
13246,13241
13247,13246
13248,13247
13249,14295
13250,13249
13251,13250
13252,13251
13253,13254
13254,14007
13255,13253
13256,13257
13257,13258
13258,14045
13259,13262
13260,14044
13261,13260
13262,13261
13263,13264
13264,13265
13265,14082
13266,13267
13267,13273
13268,13266
13269,13270
13270,14079
13271,13941
13272,14080
13273,13271
13274,13275
13275,13276
13276,13282
13277,13278
13278,13279
13279,14142
13280,11563
13281,13280
13282,13283
13283,13284
13284,13285
13285,14083
13286,14296
13287,13288
13288,13286
13289,13287
13290,13289
13291,13290
13292,13291
13293,13947
13294,13293
13295,14148
13296,13295
13297,13296
13298,13297
13299,14003
13300,13299
13301,13300
13302,14087
13303,13304
13304,14299
13305,13303
13306,13294
13307,13306
13308,13307
13309,13307
13310,13309
13311,14301
13312,13311
13313,13314
13314,13311
13315,12915
13316,13315
13317,13316
13318,13301
13319,13320
13320,13298
13321,13319
13322,13324
13323,13297
13324,13323
13325,14302
13326,13325
13327,13328
13328,13329
13329,13296
13330,13332
13331,13327
13332,13331
13333,13334
13334,13327
13335,13333
13336,13335
13337,13338
13338,13339
13339,13328
13340,13330
13341,14149
13342,13341
13343,13344
13344,14088
13345,13343
13346,13345
13347,13346
13348,13347
13349,13351
13350,13349
13351,13340
13352,13353
13353,13945
13354,13352
13355,13354
13356,13357
13357,14088
13358,13356
13359,13356
13360,13346
13361,13347
13362,14089
13363,13923
13364,14309
13365,13364
13366,13365
13367,13369
13368,13367
13369,14308
13370,14306
13371,13372
13372,13944
13373,13375
13374,13373
13375,13376
13376,14176
13377,13378
13378,13342
13379,13377
13380,13379
13381,13380
13382,13952
13383,13952
13384,13383
13385,14313
13386,13385
13387,13388
13388,13386
13389,14312
13390,13391
13391,13392
13392,13389
13393,13394
13394,13386
13395,13383
13396,13397
13397,14150
13398,13396
13399,13398
13400,13396
13401,11580
13402,13401
13403,14151
13404,13403
13405,13404
13406,13404
13407,13406
13408,13409
13409,12756
13410,13421
13411,14092
13412,13411
13413,13411
13414,13413
13415,13413
13416,13408
13417,13416
13418,13416
13419,14317
13420,14316
13421,13422
13422,13962
13423,13424
13424,14026
13425,13426
13426,14027
13427,13430
13428,13429
13429,13427
13430,14025
13431,13432
13432,13958
13433,13431
13434,13433
13435,13436
13436,14031
13437,13439
13438,13437
13439,14029
13440,13441
13441,12757
13442,13440
13443,12920
13444,13447
13445,13446
13446,13444
13447,13448
13448,14004
13449,13450
13450,14037
13451,12848
13452,12847
13453,12771
13454,12773
13455,13457
13456,13458
13457,13456
13458,13454
13459,12776
13460,13459
13461,13460
13462,13463
13463,13464
13464,13461
13465,13459
13466,12780
13467,12784
13468,13470
13469,14249
13470,13469
13471,14250
13472,13474
13473,13471
13474,13473
13475,12786
13476,12785
13477,12782
13478,13479
13479,12781
13480,12777
13481,12775
13482,12774
13483,12772
13484,12766
13485,13484
13486,13487
13487,13485
13488,13489
13489,13490
13490,14041
13491,14321
13492,14320
13493,13495
13494,14040
13495,13494
13496,12764
13497,13499
13498,14005
13499,13498
13500,13497
13501,13497
13502,13504
13503,12755
13504,13503
13505,13506
13506,13507
13507,14152
13508,13509
13509,14160
13510,13508
13511,13510
13512,13515
13513,13512
13514,13512
13515,14159
13516,13510
13517,13516
13518,14182
13519,13520
13520,14097
13521,13971
13522,13971
13523,13524
13524,14174
13525,13526
13526,14181
13527,14182
13528,13527
13529,13528
13530,13528
13531,13533
13532,13534
13533,13532
13534,13968
13535,13536
13536,13537
13537,15461
13538,13539
13539,14099
13540,13542
13542,13541
13543,13544
13544,13545
13545,13540
13546,13543
13547,13546
13548,13547
13549,13550
13550,13541
13551,13552
13552,13542
13553,13554
13554,13540
13555,13553
13556,13553
13557,13546
13558,13973
13559,14104
13560,13559
13561,13562
13562,13978
13563,13561
13564,13561
13565,13975
13566,13565
13567,13574
13568,13567
13569,13573
13570,13569
13571,13568
13572,13571
13573,13567
13574,13575
13575,13974
13576,13577
13577,13977
13580,13582
13581,13580
13583,13585
13584,13581
13585,13584
13586,13587
13587,13581
13588,13593
13589,13629
13590,13589
13591,13590
13592,14108
13593,13621
13594,13588
13595,13630
13596,13595
13597,13594
13598,13597
13599,13586
13600,14329
13601,14328
13602,13601
13603,14330
13604,13603
13605,13606
13606,13607
13607,13608
13608,13888
13609,13605
13610,13606
13611,13589
13612,13985
13613,13985
13614,13889
13615,13614
13616,13617
13617,13614
13618,13599
13619,13618
13621,13620
13624,14156
13625,13624
13626,13625
13627,13626
13628,13627
13629,13626
13630,13625
13631,14195
13632,13631
13633,13632
13634,13633
13635,13634
13636,13982
13637,13636
13638,13637
13639,13638
13640,13639
13641,13640
13642,13641
13643,13642
13644,13643
13645,13638
13646,13639
13647,13641
13648,13637
13649,13636
13650,13649
13651,13650
13652,13651
13653,13983
13654,14195
13656,13660
13657,13656
13658,13657
13659,13655
13660,13659
13662,13663
13663,12660
13664,13662
13665,13666
13666,13667
13667,13668
13668,14185
13669,13670
13670,14189
13671,13672
13672,13673
13673,14016
13674,14266
13675,13676
13676,14020
13677,13678
13678,12701
13679,14211
13680,13679
13681,13680
13682,13681
13683,13679
13684,12899
13685,12708
13686,12854
13687,12856
13688,14269
13689,12728
13690,14224
13691,12735
13692,12734
13693,12733
13694,14227
13695,13698
13696,12731
13697,13696
13698,13697
13699,12730
13700,13699
13701,13700
13702,13701
13703,13702
13704,13703
13705,13704
13706,13705
13707,13704
13708,12723
13709,13708
13710,12717
13711,13710
13712,13711
13713,13710
13714,12720
13715,12721
13716,12883
13717,14219
13718,12711
13719,13722
13720,13719
13721,13723
13722,12706
13723,13720
13724,14230
13725,14231
13726,12741
13727,13726
13728,13726
13729,13728
13730,12880
13731,12879
13732,12745
13733,12748
13734,12751
13735,12753
13736,12752
13737,13736
13738,13737
13739,13736
13740,13737
13741,14242
13742,12742
13743,12740
13744,13747
13745,13748
13746,13744
13747,13745
13748,13749
13749,12700
13750,13751
13751,12699
13752,13750
13753,13750
13754,14208
13755,12896
13756,12695
13757,13758
13758,13756
13759,12694
13760,12690
13761,12664
13762,12668
13763,12669
13764,12671
13765,12673
13766,12672
13767,12670
13768,12667
13769,14205
13770,14203
13771,13772
13772,13770
13773,13771
13774,13773
13775,13773
13776,12885
13777,12888
13778,13777
13779,12890
13780,12891
13781,12889
13782,13783
13783,13784
13784,14193
13785,13787
13786,13788
13787,14190
13788,13785
13789,13790
13790,13791
13791,14188
13792,14332
13793,13794
13794,13988
13797,13796
13798,13796
13799,13798
13800,13798
13801,13800
13803,13802
13804,13803
13805,13804
13806,13805
13807,13806
13808,13806
13810,13994
13811,13810
13812,13813
13813,14009
13814,13812
13815,13814
13816,14113
13817,13816
13818,13819
13819,13990
13820,13818
13821,13820
13822,13816
13823,14113
13824,13823
13825,13823
13826,13827
13827,12653
13828,13826
13829,13828
13830,13826
13831,13832
13832,14008
13833,13834
13834,12649
13835,13997
13836,13835
13837,13836
13838,13839
13839,13840
13840,13998
13842,13841
13843,13844
13844,13842
13845,14000
13848,13847
13849,13847
13850,13849
13851,13850
13852,13849
13853,13855
13854,13852
13855,13854
13856,12807
13857,13856
13858,13860
13859,13857
13860,13861
13861,13859
13862,13858
13863,13862
13864,13858
13865,13864
13866,13865
13867,13864
13868,13867
13869,13865
13870,13869
13871,13873
13872,13870
13873,13872
13874,13871
13875,13862
13876,13875
13877,14379
13878,13877
13879,13881
13880,13882
13881,13880
13882,12710
13883,13879
13884,13879
13885,13611
13886,13885
13887,13886
13888,13887
13889,13888
13891,13892
13892,14048
13893,14140
13894,13893
13895,14075
13896,14065
13897,12950
13898,14310
13899,13301
13900,13899
13901,15461
13902,13842
13903,13902
13904,12729
13905,14050
13906,14048
13907,13906
13908,12724
13909,14355
13910,14375
13911,13020
13912,14068
13913,13914
13914,12947
13915,12947
13916,13917
13917,12871
13918,14139
13919,12805
13920,12708
13921,14018
13922,13181
13923,14305
13924,14046
13925,13928
13926,13928
13927,14058
13928,13927
13929,12790
13930,13929
13931,14089
13932,14075
13933,13934
13934,13170
13935,14043
13936,13937
13937,13935
13938,14141
13939,14078
13940,13263
13941,12914
13942,13317
13943,13944
13944,13898
13945,13942
13946,14083
13947,14146
13948,13298
13949,13950
13950,14019
13951,14091
13952,13951
13953,14096
13954,14033
13955,13410
13956,12863
13957,14025
13958,13959
13959,13960
13960,13957
13961,13958
13962,12756
13963,13962
13964,14012
13965,13964
13966,14102
13967,13968
13968,13901
13969,14098
13970,13558
13971,13972
13972,14101
13973,13974
13974,13975
13975,13976
13976,13977
13977,13978
13979,13980
13980,13981
13981,12660
13982,14111
13983,14110
13984,13579
13985,14107
13986,13987
13987,13988
13988,13989
13989,14011
13990,13991
13991,12651
13992,14010
13993,14108
13994,13995
13995,12650
13996,14115
13997,13998
13998,13999
14000,13903
14001,13907
14002,12816
14003,13948
14004,13954
14005,14006
14006,13954
14007,14047
14008,13994
14009,14008
14011,13992
14012,14017
14013,14014
14014,14016
14015,14013
14016,12662
14017,14015
14018,12689
14019,14020
14020,12699
14021,13920
14022,14021
14023,13904
14024,13908
14025,14027
14026,13963
14027,14028
14028,14026
14029,14031
14030,13961
14031,14030
14032,14034
14033,14032
14034,12758
14035,14005
14036,14035
14037,14039
14038,14004
14039,14040
14040,14038
14041,14037
14042,13938
14043,14042
14044,13930
14045,14044
14046,14045
14047,14046
14048,14359
14049,14001
14050,14049
14051,14002
14052,14053
14053,14051
14054,14055
14055,13916
14056,13181
14057,13929
14058,14057
14059,14060
14060,12939
14061,14062
14062,13918
14063,14064
14064,14066
14065,14063
14066,14130
14067,14336
14068,14067
14069,14070
14070,13906
14071,14069
14072,13909
14073,14074
14074,14072
14075,13933
14076,13220
14077,12805
14078,13272
14079,13940
14080,12914
14081,13936
14082,14081
14083,14084
14084,13947
14085,13946
14086,13900
14087,14086
14088,13355
14089,14305
14090,13923
14091,13381
14092,13955
14093,12758
14094,14093
14095,14094
14096,12920
14098,14099
14099,14097
14100,14098
14101,14100
14102,14103
14103,13969
14104,14105
14105,14106
14106,13970
14107,13654
14108,13628
14109,13635
14110,14109
14111,13983
14112,13956
14113,14114
14114,13990
14116,14118
14117,13997
14118,14119
14119,14117
14120,14121
14121,14122
14122,14124
14123,14134
14124,14134
14125,14126
14126,14127
14127,14128
14128,14129
14129,14130
14130,14131
14131,15460
14132,14137
14133,14137
14134,14135
14135,11557
14136,14135
14137,14136
14138,14136
14139,14138
14140,11558
14141,11559
14142,13281
14143,14144
14144,14145
14145,11568
14146,14147
14147,14148
14148,11581
14149,13350
14150,11576
14151,14152
14152,11580
14153,12657
14155,14154
14156,14157
14157,14155
14158,14160
14159,14158
14160,11585
14161,14056
14162,12931
14163,14164
14164,13558
14165,14167
14166,14170
14167,14169
14168,14163
14169,14166
14170,14168
14171,13967
14172,14171
14173,14175
14174,14172
14175,14174
14176,14178
14177,14179
14178,14177
14179,13342
14180,13967
14181,14180
14182,14184
14183,14181
14184,14183
14185,14187
14186,12661
14187,14186
14188,14192
14189,14185
14190,14188
14191,14193
14192,14189
14193,14190
14194,14198
14195,14196
14196,14194
14198,14199
14199,14197
14200,14376
14201,11575
14202,12666
14203,14202
14204,15462
14205,15462
14206,13921
14207,14206
14208,14207
14209,14207
14210,12702
14211,14210
14212,14210
14213,12712
14214,14213
14215,14213
14216,14215
14217,12714
14218,14217
14219,14217
14220,14218
14221,14218
14222,14223
14223,14024
14224,14223
14225,12732
14226,14225
14227,14225
14228,14229
14229,12737
14230,14229
14231,14232
14232,14233
14233,12739
14234,14232
14235,14236
14236,12743
14237,14236
14238,12744
14239,14238
14240,14238
14241,14240
14242,14240
14243,14244
14244,12770
14245,14246
14246,14244
14247,12787
14248,14247
14249,14248
14250,14247
14251,14248
14252,14256
14253,14256
14254,12809
14255,14254
14256,14254
14257,14258
14258,12813
14259,14258
14260,12834
14261,14263
14262,14263
14263,14260
14264,14260
14265,12862
14266,14265
14267,14265
14268,12865
14269,14268
14270,14268
14271,14273
14272,14273
14273,14120
14274,14275
14275,13030
14276,14275
14277,13148
14278,14277
14279,14277
14280,14282
14281,13175
14282,14281
14283,14284
14284,14286
14285,14286
14286,13201
14287,14284
14288,13211
14289,14288
14290,14288
14291,13213
14292,14291
14293,14291
14294,13245
14295,14294
14296,14298
14297,14085
14298,14297
14299,14300
14300,13302
14301,14300
14302,14303
14303,13322
14304,13348
14305,14304
14306,14304
14307,14090
14308,14307
14309,14307
14310,14311
14311,13374
14312,14314
14313,14314
14314,13384
14315,13418
14316,14315
14317,14315
14318,13488
14319,14318
14320,14319
14321,14319
14322,14331
14323,13609
14324,13610
14325,14324
14326,14325
14327,14323
14328,14326
14329,14326
14330,14327
14331,14327
14332,14333
14333,13793
14334,14364
14335,14348
14336,14348
14337,14335
14338,14335
14339,14347
14340,14347
14341,14349
14342,14125
14343,14342
14344,14343
14345,14343
14346,14345
14347,14345
14348,14346
14349,14346
14350,14339
14351,14363
14352,14351
14353,14363
14354,14366
14355,14366
14356,14342
14357,14356
14358,14356
14359,14372
14360,14339
14361,14362
14362,14340
14363,14367
14364,14362
14365,14360
14366,14360
14367,14369
14368,14367
14369,14365
14370,14340
14371,14365
14372,14369
14373,14364
14374,13911
14375,14374
14376,14377
14377,14233
14378,14379
14379,14380
14380,14381
14381,15460
14382,14285
14383,14384
14384,14385
14385,14387
14386,14385
14387,13196
14388,14389
14389,14390
14391,14390
14393,15349
14394,14393
14395,14396
14396,14398
14397,14395
14398,15277
14399,14397
14400,14401
14401,14399
14402,14400
14403,14402
14404,14403
14405,14404
14406,14407
14407,14405
14408,15352
14409,15357
14410,14411
14411,15276
14412,14410
14413,14412
14414,14413
14415,14417
14416,15358
14417,14416
14418,15362
14419,14418
14420,14419
14421,14420
14422,15244
14423,14426
14424,14427
14425,14423
14426,14424
14427,14428
14428,14429
14429,15251
14430,14425
14431,14430
14432,14431
14433,14432
14434,14433
14435,15193
14436,14435
14437,14436
14438,14437
14439,14438
14440,15365
14441,14440
14442,14441
14443,14445
14444,15372
14445,14444
14446,14443
14448,15463
14449,14452
14450,14451
14451,14449
14452,14448
14453,14450
14454,14453
14455,14454
14456,14455
14457,14456
14458,15375
14459,15379
14460,15381
14461,14460
14462,14461
14463,14462
14464,14463
14465,14464
14466,14465
14467,15288
14468,15291
14469,14468
14470,14469
14471,14470
14472,14471
14473,14472
14474,14473
14475,14474
14476,14475
14477,14476
14478,14477
14479,14478
14480,14479
14481,15384
14482,14481
14483,14482
14484,14483
14485,14484
14486,14485
14487,14488
14488,14486
14489,14487
14490,14477
14491,14490
14492,14495
14493,14496
14494,15387
14495,14494
14496,14492
14497,14493
14498,14497
14499,14498
14500,14501
14501,14502
14503,14500
14504,14503
14505,14504
14506,14961
14507,14960
14508,14507
14509,14959
14510,14509
14511,14510
14512,14511
14513,14512
14514,14513
14515,14514
14516,14515
14517,14516
14518,15394
14519,15397
14520,14519
14521,15402
14522,14521
14523,14522
14524,14523
14525,14524
14526,14525
14527,14526
14528,14527
14529,14528
14530,14529
14531,15210
14532,14531
14533,15333
14534,14533
14535,14534
14536,15408
14537,14536
14538,14540
14539,14537
14540,14539
14541,14538
14542,15413
14543,14542
14544,14543
14545,14544
14546,14545
14547,14546
14548,15339
14549,14548
14550,15341
14551,14550
14552,14551
14553,14552
14554,14553
14555,15416
14556,14555
14557,14556
14558,14557
14559,14558
14560,14524
14561,14560
14562,15380
14563,14562
14564,14563
14565,14564
14566,14569
14567,14565
14568,14567
14569,14568
14570,14566
14571,14572
14572,15297
14573,15298
14574,15076
14575,14576
14576,15338
14577,14575
14578,14577
14579,15401
14580,14579
14581,14580
14582,14581
14583,15419
14584,14583
14585,14584
14586,14588
14587,14585
14588,14587
14589,15364
14590,14589
14591,14590
14592,14591
14593,14592
14594,14552
14595,14594
14596,14595
14597,14596
14598,14597
14599,15302
14600,14599
14601,14556
14602,15359
14603,14604
14604,15444
14605,14603
14606,14605
14607,14610
14608,14609
14609,14448
14610,14608
14611,14607
14612,14611
14613,14612
14614,14613
14615,15256
14616,14617
14617,14615
14618,14616
14619,14618
14620,15355
14621,15423
14622,14623
14623,14621
14624,15371
14625,14955
14626,14955
14627,14626
14628,14627
14629,14628
14630,14629
14631,15424
14632,15180
14633,15308
14634,14635
14635,15331
14636,15077
14637,15075
14638,15078
14639,15070
14640,15070
14641,15186
14643,14968
14644,14645
14645,14819
14646,15280
14647,14648
14648,15254
14649,15304
14650,14651
14651,15275
14652,14650
14653,14655
14654,14657
14655,14658
14656,14659
14657,14653
14658,15349
14659,14654
14660,14662
14661,14393
14662,14661
14663,15260
14664,14663
14665,14664
14666,14665
14667,14666
14668,14660
14669,15260
14670,14669
14671,14670
14672,14664
14673,14674
14674,14675
14675,14672
14676,14673
14677,14678
14678,14676
14679,14680
14680,14676
14681,14683
14682,14681
14683,14684
14684,15259
14685,14688
14686,14687
14687,14685
14688,15258
14689,14690
14690,15276
14691,14689
14692,14694
14693,14691
14694,14693
14695,15363
14696,14695
14697,14696
14698,14697
14699,14698
14700,14699
14701,14697
14702,14699
14703,14698
14704,14420
14705,14413
14706,14412
14707,14410
14708,14397
14709,14708
14710,14400
14711,14710
14712,14714
14713,14716
14714,14405
14715,14712
14716,14715
14717,14713
14718,14717
14719,14718
14720,14719
14721,14720
14722,14724
14723,14721
14724,14723
14725,15356
14726,15421
14727,15350
14728,14403
14729,14728
14730,14731
14731,14729
14732,15277
14733,14732
14734,14735
14735,14736
14736,14732
14737,14738
14738,14394
14739,14737
14740,14739
14741,15463
14742,14741
14743,14741
14744,14453
14745,14454
14746,14456
14747,14565
14748,14566
14749,14564
14750,14464
14751,14465
14752,15382
14753,14752
14754,15374
14755,14455
14756,14450
14757,14614
14758,14615
14759,14618
14760,14616
14761,15256
14762,14763
14763,14761
14764,14765
14765,14611
14766,14607
14767,14766
14768,14767
14769,14770
14770,14422
14771,14769
14772,14773
14773,15248
14774,14775
14775,15250
14776,14774
14777,14774
14778,14779
14779,14429
14780,14781
14781,14425
14782,14430
14783,14431
14784,14783
14785,14783
14786,14433
14787,14786
14788,14787
14789,14788
14790,14788
14791,14436
14792,15367
14793,14592
14794,14591
14795,14443
14796,15369
14797,14796
14798,14796
14799,14804
14800,14799
14801,14800
14802,14801
14803,14801
14804,15193
14805,15283
14806,14807
14807,15251
14808,14806
14809,14810
14810,14808
14811,14809
14812,15312
14813,15312
14814,14813
14815,14813
14816,15195
14817,14816
14818,14816
14819,14818
14820,14818
14821,14822
14822,14820
14823,14811
14824,14806
14825,14824
14826,14829
14827,15242
14828,15242
14829,14830
14830,15243
14831,14832
14834,14833
14835,14844
14836,14835
14837,14838
14838,14836
14839,14836
14840,14839
14841,14834
14842,14841
14843,14842
14845,14467
14846,14845
14847,14846
14848,14470
14849,14473
14850,15240
14851,14850
14852,14851
14853,14852
14854,14849
14855,14854
14856,14855
14857,14856
14858,14854
14859,14858
14860,14855
14861,14860
14862,14856
14863,15316
14864,15427
14865,14864
14866,14865
14867,14864
14868,14866
14869,14865
14870,15429
14871,14851
14872,14852
14873,14475
14874,14875
14875,14873
14876,14874
14877,14874
14878,14485
14879,14878
14880,14879
14881,14486
14882,14883
14883,14884
14884,14881
14885,14881
14886,14484
14887,14886
14888,14887
14889,14886
14890,14889
14891,14483
14892,15385
14893,15390
14894,14893
14895,14893
14896,14497
14897,14896
14898,14897
14899,14897
14900,14896
14901,14498
14902,14493
14903,15388
14904,14490
14905,14476
14906,14905
14907,14905
14908,14472
14909,14908
14910,14909
14911,14908
14912,14471
14913,14912
14914,14469
14915,14914
14916,14914
14917,14916
14918,14919
14919,15291
14920,14921
14921,14502
14922,14507
14923,14513
14924,14626
14925,15425
14926,14629
14927,15418
14928,14927
14929,14583
14930,14585
14931,14584
14932,14579
14933,15403
14934,15405
14935,14934
14936,14934
14937,14523
14938,14937
14939,14938
14940,14939
14941,14940
14942,14938
14943,14940
14944,14939
14945,14937
14946,14947
14947,14945
14948,14526
14949,14528
14950,14529
14951,14527
14952,14525
14953,14560
14954,15396
14955,14516
14956,14510
14957,14508
14958,14957
14959,14957
14960,14506
14961,14505
14962,14504
14963,14962
14964,14962
14966,14965
14967,14965
14968,14971
14969,14968
14970,14967
14971,14970
14972,14973
14974,14972
14975,14974
14976,14975
14977,14975
14978,14977
14979,14977
14980,14974
14981,14972
14983,14984
14984,14982
14985,15432
14986,14985
14987,15430
14988,14987
14989,14988
14990,14988
14991,14997
14992,14993
14993,15320
14994,14995
14995,14996
14996,14992
14997,14994
14998,14999
14999,15273
15000,14998
15001,15000
15002,15000
15003,14998
15004,15003
15005,15006
15006,15233
15007,15008
15008,15232
15009,14599
15010,15302
15011,15012
15012,15301
15013,15011
15015,15016
15016,15247
15017,15015
15018,15017
15019,15020
15020,15212
15021,14575
15022,14577
15023,14533
15024,15023
15025,15407
15026,15025
15027,15025
15028,14538
15029,14543
15030,14545
15031,14546
15032,14544
15033,14542
15034,15033
15035,15033
15036,15414
15037,15038
15038,14537
15039,15410
15040,15039
15041,14534
15042,15043
15043,15334
15044,15042
15045,15042
15046,15047
15047,15335
15048,15049
15049,15336
15050,15051
15051,15217
15052,15050
15053,15057
15054,15053
15055,15054
15056,15435
15057,15061
15058,15438
15059,15060
15060,14572
15061,15059
15062,15061
15063,15062
15064,15065
15065,15264
15066,15064
15067,15441
15068,15067
15069,15440
15070,15071
15071,15221
15072,15073
15073,14574
15074,15078
15075,15270
15076,15074
15077,15075
15078,15077
15079,15085
15080,15083
15081,15080
15082,15079
15083,15082
15084,15197
15085,15084
15086,15087
15087,15218
15088,11590
15089,15088
15090,15091
15091,15325
15092,15093
15093,15323
15094,15328
15095,14634
15096,15332
15097,15103
15098,15104
15099,15098
15100,15099
15101,15103
15102,15101
15103,15096
15104,15105
15105,15102
15106,15097
15107,15106
15108,15111
15109,15096
15110,15112
15111,15110
15112,15109
15113,15108
15114,15112
15115,15114
15116,15117
15117,15120
15118,15332
15119,15121
15120,15119
15121,15118
15122,15123
15123,15119
15124,15125
15125,15126
15126,15262
15127,15124
15128,15341
15129,15128
15130,15129
15131,15130
15132,15131
15133,15132
15134,15133
15135,15133
15136,14555
15137,15136
15138,15136
15139,14558
15140,14557
15141,15417
15142,15141
15143,15142
15144,15142
15145,15141
15146,14553
15147,15146
15148,15146
15149,14597
15150,14594
15151,15150
15152,15151
15153,15150
15154,15151
15155,14551
15156,14550
15157,14603
15158,14605
15159,15160
15160,15443
15161,15162
15162,14549
15163,15164
15164,14548
15165,15166
15166,15167
15167,15346
15168,15169
15169,11586
15170,15176
15171,15172
15172,15347
15173,15174
15174,15175
15175,15348
15176,15174
15177,15178
15178,15306
15179,15306
15180,15179
15181,15180
15182,15181
15183,15182
15184,15183
15185,14639
15186,15185
15187,15184
15188,15178
15189,14700
15190,14700
15191,15192
15192,15272
15193,15285
15194,15309
15195,15313
15196,15195
15197,15261
15198,15321
15199,11587
15200,15072
15201,15305
15202,15272
15203,15191
15204,14640
15205,15307
15206,15205
15207,15308
15208,15293
15209,15208
15210,15211
15211,15295
15212,15247
15213,15246
15214,15213
15215,15214
15216,15212
15217,15216
15218,15296
15219,15220
15220,15221
15221,15222
15222,15223
15223,15224
15224,15225
15225,15226
15226,15227
15227,14574
15228,15229
15229,15230
15230,15231
15231,15232
15232,15233
15233,15234
15234,15301
15235,15300
15237,15319
15239,14467
15240,15316
15241,14811
15242,15315
15243,15279
15244,15243
15245,15209
15246,15245
15247,14532
15248,15281
15249,14422
15250,15248
15251,15282
15252,14447
15253,15317
15254,15286
15255,14434
15256,15304
15257,15266
15258,15259
15259,15275
15260,15310
15261,15325
15262,15331
15263,15323
15264,14573
15265,14571
15266,14394
15267,15271
15268,15274
15269,15263
15270,15202
15271,15238
15272,15269
15273,15299
15274,15258
15275,15257
15276,15268
15277,15278
15278,15268
15279,15280
15281,15249
15282,15250
15283,15255
15284,15283
15285,15284
15286,15287
15287,15252
15288,15289
15289,15290
15290,15267
15291,15239
15292,15294
15293,15292
15295,15215
15296,15265
15297,15264
15298,15219
15299,15236
15300,15273
15301,15235
15302,15303
15303,15228
15304,14614
15305,15072
15306,15305
15307,14640
15308,15187
15309,15310
15310,14660
15311,14761
15312,15241
15313,14815
15314,15196
15315,14826
15316,14849
15317,14887
15318,14984
15320,15237
15321,15322
15322,15235
15323,15344
15324,15344
15325,15326
15326,15324
15327,15090
15328,15203
15329,15199
15330,15329
15331,15330
15332,15262
15333,15334
15334,15335
15335,15338
15336,15337
15337,15217
15338,15336
15339,15340
15340,14201
15341,15342
15342,15343
15343,15444
15344,15345
15345,11587
15346,11586
15347,15346
15348,15347
15350,15351
15351,14406
15352,15351
15353,14408
15354,15353
15355,15354
15356,15354
15357,15353
15358,15360
15359,15360
15360,14414
15361,14415
15362,15361
15363,15361
15364,15366
15365,15366
15366,15368
15367,15370
15368,15370
15369,15368
15370,14439
15371,15373
15372,15373
15373,14442
15374,15376
15375,15377
15376,14746
15377,15376
15378,14458
15379,15378
15380,15378
15381,15383
15382,15383
15383,14459
15384,15386
15385,15386
15386,14480
15387,15389
15388,15389
15389,15391
15390,15393
15391,15392
15392,15393
15393,14491
15394,15395
15395,14517
15396,15395
15397,15399
15398,15400
15399,15398
15400,14518
15401,15398
15402,15406
15403,15404
15404,14520
15405,15406
15406,15404
15407,15411
15408,15409
15409,15411
15410,15409
15411,14535
15412,14541
15413,15412
15414,15412
15415,14554
15416,15415
15417,15415
15418,15420
15419,15420
15420,14582
15421,15422
15422,14620
15423,15422
15424,15426
15425,15426
15426,14630
15427,15428
15428,14863
15429,15428
15430,15434
15431,15318
15432,15433
15433,14983
15434,15431
15435,15439
15436,15439
15437,15055
15438,15437
15439,15437
15440,15442
15441,15442
15442,15066
15443,14549
15444,15443
15445,330
15446,2662
15447,2894
15448,3570
15449,3141
15450,4626
15451,4638
15452,4860
15453,4997
15454,5118
15455,9761
15456,10048
15457,14122
15458,11667
15459,13956
15460,14132
15461,13969
15462,14202
15463,15254
15464,9628
