"pointid","xcoord","ycoord"
1,1684745.2988,2324298.5166
2,1684713.11305116,2324319.6461266
3,1689868.0204,2086815.7657
4,1689831.56639237,2086682.27039863
5,1724473.9443,1987296.5278
6,1724396.12662388,1987464.07703927
7,1714445.4512,2019455.8835
8,1712749.52729679,2018854.10051091
9,1736395.25830504,1965272.70008823
10,1737573.2292,1966628.5522
11,1755631.102,1945136.12
12,1755643.09173242,1943995.66479739
13,1761432.5566,1938308.296
14,1761308.34814292,1938274.19641877
15,1732968.7204,1960258.0568
16,1733097.86432833,1960077.81065572
17,1767032.1623,2269556.2261
18,1767003.53238647,2269601.79321769
19,1716821.4254,2274181.7454
20,1714519.7468,2274258.2425
21,1714491.503,2274171.9953
22,1717356.7292,2273960.2164
23,1717873.9714,2273391.0537
24,1720234.0452,2271477.3446
25,1721782.9662,2273890.6359
26,1722761.3592,2273817.9514
27,1724248.1257,2278210.065
28,1724053.0345,2274932.5332
29,1723846.8562,2274815.0517
30,1724052.4851,2274935.4986
31,1725076.6356,2278079.8347
32,1726097.4696,2277727.9982
33,1726559.7143,2278073.9622
34,1727515.7766,2281646.7134
35,1729405.2461,2282737.7474
36,1729499.4996,2282782.0011
37,1730116.0247,2282693.7014
38,1729664.3394,2282644.0974
39,1729832.2865,2286111.972
40,1730324.0759,2282780.0895
41,1729666.5625,2282653.3874
42,1717052.1918,2275486.9595
43,1717394.1145,2277892.2859
44,1717663.5532,2278225.1672
45,1718847.5497,2279655.1459
46,1718454.658,2279398.3199
47,1721975.2321,2283939.5215
48,1721393.449,2281068.1446
49,1721151.1527,2280824.3973
50,1722676.158,2286249.9094
51,1725860.8916,2288476.2043
52,1726327.1203,2288484.4969
53,1725676.7591,2247248.6344
54,1726930.498,2247438.994
55,1725243.4947,2247600.0003
56,1724690.4982,2249175.0023
57,1722835.5006,2250204.0013
58,1723038.4954,2250616.9922
59,1722835.4955,2251995.9949
60,1717403.4969,2256476.001
61,1718551.5045,2255453.9979
62,1717263.4999,2257022.0032
63,1717977.4957,2257161.9943
64,1718509.4969,2260620.0011
65,1718887.5014,2259696.0044
66,1718194.5048,2258274.9965
67,1718075.4988,2262523.9954
68,1716773.4958,2264162.0006
69,1717907.4982,2263041.9969
70,1717053.4991,2265814.0023
71,1715513.5012,2267549.9956
72,1715499.4953,2268585.9936
73,1715583.5017,2271371.9968
74,1715863.501,2270560.0035
75,1712342.497,2274332.9958
76,1710613.4963,2274899.9982
77,1710851.4945,2278861.9974
78,1710179.4974,2279211.9986
79,1708639.5038,2279841.996
80,1708163.503,2281899.9993
81,1706315.496,2282095.9999
82,1706035.4983,2282263.9988
83,1704215.4998,2281703.9973
84,1702395.5037,2283747.994
85,1699609.5023,2282739.9916
86,1700449.4965,2283131.9964
87,1701709.4949,2282501.997
88,1698951.494,2281396.0035
89,1698783.5005,2281381.9959
90,1697481.5021,2282194.002
91,1695521.5036,2281997.9971
92,1695717.4945,2283271.9965
93,1694149.503,2284700.0055
94,1694163.4975,2286365.995
95,1692630.5011,2289368.9992
96,1690852.4984,2290768.9908
97,1691839.4985,2289558.0004
98,1688957.2235,2294029.0732
99,1690821.8653,2290797.4534
100,1688978.1508,2294578.7587
101,1688798.5798,2295605.6119
102,1688711.3107,2295485.1805
103,1688898.5974,2296851.4115
104,1689014.1053,2299046.5882
105,1688594.0737,2300518.3501
106,1687683.1371,2302329.9419
107,1687354.7761,2302530.09
108,1689193.498,2290271.9975
109,1687339.9493,2291769.0046
110,1686755.6168,2292852.8319
111,1687278.0754,2291777.0024
112,1686757.5869,2292861.844
113,1686127.4968,2294247.9982
114,1684405.4976,2294990.0031
115,1684573.7562,2294569.8648
116,1685343.5018,2294401.9981
117,1678245.5013,2299764.0038
118,1679617.4996,2297271.9963
119,1678280.4981,2299826.9971
120,1679379.4982,2302550.0013
121,1681554.7502,2301717.6511
122,1681461.082,2301720.573
123,1681390.4788,2301650.885
124,1697132.9188,2310777.8726
125,1697128.0379,2310695.5114
126,1697699.2132,2312815.542
127,1697790.7618,2312521.385
128,1695899.3274,2314020.6051
129,1696138.0893,2314178.8027
130,1696691.1387,2314585.4499
131,1696815.3059,2314770.4753
132,1696903.6984,2314861.0034
133,1697115.0997,2314944.9101
134,1697720.9953,2315080.2305
135,1698130.9139,2315247.7859
136,1698257.6913,2316660.2548
137,1698603.5323,2316755.8445
138,1699176.4357,2316923.088
139,1699959.2884,2316636.4975
140,1700302.8236,2315989.6591
141,1700810.515,2315950.9711
142,1701709.1492,2315886.8228
143,1702191.7182,2315902.7932
144,1702595.5615,2316016.5476
145,1702709.3797,2316120.5997
146,1702976.5981,2316290.3477
147,1703152.7436,2316497.4314
148,1703287.1699,2316729.3082
149,1703852.776,2317230.4225
150,1705039.7395,2317125.7276
151,1706028.5698,2317619.0395
152,1706124.9582,2317986.5798
153,1706538.0656,2318406.4526
154,1706662.5332,2318520.7395
155,1707288.1425,2319100.7431
156,1707539.4893,2319492.3645
157,1708314.9835,2320061.209
158,1710050.8658,2323792.6577
159,1709658.9871,2321498.0675
160,1710667.2697,2324488.1521
161,1720635.8592,2326644.7747
162,1710823.7194,2328156.2245
163,1710714.2074,2329063.4603
164,1710942.3436,2329702.5405
165,1710967.8383,2329784.37
166,1712922.177,2330617.0716
167,1718208.0607,2331478.9521
168,1720983.2638,2331153.1383
169,1724167.6223,2333287.1591
170,1725518.9208,2333296.0623
171,1732965.7568,2338732.487
172,1713431.1221,2332143.1526
173,1714137.5979,2335371.2884
174,1714702.3243,2335483.1986
175,1718151.3227,2337340.6008
176,1721092.261,2340370.506
177,1724721.6832,2342438.5502
178,1726426.1132,2343286.5033
179,1729456.3453,2347199.6399
180,1730194.3984,2347358.0713
181,1733999.5028,2357757.5137
182,1733249.4896,2356654.6428
183,1733328.7719,2356308.1248
184,1733672.8396,2354385.1358
185,1733670.5095,2354248.1854
186,1733678.2571,2354373.1936
187,1700625.5734,2318864.0669
188,1701600.6626,2320948.1873
189,1701631.6123,2321736.2453
190,1701835.8911,2322327.083
191,1702062.9532,2322839.1126
192,1702757.5534,2324732.0444
193,1702767.5874,2325266.3904
194,1703240.5936,2327886.5439
195,1703091.9317,2328668.5217
196,1702624.8516,2330286.2781
197,1702167.9232,2331534.0958
198,1702188.3199,2332531.9742
199,1702097.8985,2331801.5252
200,1702174.489,2331539.9902
201,1698446.1461,2316870.1139
202,1698427.9136,2316766.4365
203,1698927.248,2320367.0628
204,1698295.1084,2323117.2433
205,1697908.1777,2323935.1813
206,1696313.2141,2324963.0362
207,1693811.656,2326843.0346
208,1686853.9674,2315574.9811
209,1686717.296,2313228.8823
210,1687045.8353,2315701.0943
211,1686819.0671,2316612.5722
212,1686532.0881,2318207.648
213,1686517.6916,2318343.3357
214,1686624.2466,2319302.0428
215,1687259.2146,2320267.1978
216,1688486.6466,2322176.729
217,1689652.6754,2324737.1219
218,1679456.4082,2304553.7678
219,1679339.3907,2302565.3891
220,1680966.155,2305499.8679
221,1681899.9891,2309198.416
222,1681745.0564,2310440.1966
223,1681396.4486,2311259.368
224,1680335.7571,2313116.1859
225,1678294.1001,2316116.3095
226,1678339.1251,2316474.6768
227,1677777.7898,2299757.8171
228,1678153.7102,2299822.4021
229,1674796.5125,2297834.3796
230,1674083.1929,2297776.5524
231,1673743.4049,2297735.6334
232,1672754.5774,2297685.1234
233,1672624.0441,2298557.7509
234,1673232.9057,2301571.8817
235,1672440.0197,2303713.2323
236,1672894.6241,2305681.77
237,1673181.7504,2306992.3319
238,1673539.5167,2307338.5322
239,1673382.1436,2309855.7515
240,1673295.0314,2310473.2014
241,1672991.0556,2311241.9061
242,1673050.0072,2311595.5219
243,1673814.2065,2312196.4155
244,1674921.5451,2312647.7033
245,1674684.9649,2315922.7663
246,1675136.349,2313431.2925
247,1671800.8345,2297175.1457
248,1671243.963,2296328.5569
249,1670710.1138,2295067.941
250,1671227.9,2293839.7959
251,1672153.1878,2292815.5111
252,1698725.8319,2279014.2868
253,1698964.7496,2281346.8015
254,1697518.1441,2277457.5319
255,1697118.4909,2275133.6364
256,1695208.9572,2275441.4515
257,1693734.487,2275533.2015
258,1691298.9575,2274500.8286
259,1689755.3799,2274097.5659
260,1688633.6188,2275108.3591
261,1686735.3646,2274978.051
262,1686060.3079,2274899.9211
263,1684851.1748,2275721.0015
264,1684841.3319,2276644.1105
265,1699344.4009,2286949.5333
266,1700425.2712,2283186.3295
267,1700434.3332,2283173.6515
268,1724099.1514,2349628.1724
269,1724086.5896,2350226.1297
270,1701707.4138,2286750.9173
271,1702344.4913,2283759.276
272,1702153.3344,2289407.3966
273,1717954.5975,2285982.5282
274,1717788.7271,2286338.6454
275,1714420.3574,2279914.3873
276,1669196.2013,2310423.7555
277,1690145.5441,2308437.9197
278,1690079.5845,2308397.1776
279,1690691.2559,2309496.1178
280,1690581.6837,2309272.8872
281,1691076.1196,2310366.0195
282,1692160.2209,2311103.7464
283,1692456.4638,2311675.9201
284,1692513.4237,2311814.4908
285,1692544.6856,2312010.2292
286,1692535.7279,2317004.9676
287,1715571.0805,2340009.197
288,1713290.771,2345288.9151
289,1713116.8561,2345795.031
290,1712647.1196,2346373.2161
291,1711125.6895,2281439.8062
292,1710865.6491,2278911.1836
293,1712273.6571,2281866.4955
294,1713734.903,2282557.1793
295,1714039.8893,2282974.037
296,1716760.3311,2286940.5313
297,1724260.9152,2272789.6472
298,1724439.9251,2272672.643
299,1724848.5867,2272843.7807
300,1725790.3622,2272395.3198
301,1726106.5353,2272277.8334
302,1728136.7458,2272196.167
303,1716661.4284,2344414.5047
304,1724159.7247,2279699.131
305,1724260.0518,2282721.4803
306,1690306.1106,2316451.7631
307,1687030.9174,2313001.9565
308,1690878.6826,2317940.2579
309,1690928.2812,2324027.6541
310,1690849.7966,2324274.8596
311,1671840.9837,2298639.8913
312,1670281.2674,2300348.2735
313,1669599.2218,2301441.0666
314,1668764.6105,2304634.7452
315,1727108.3995,2284089.7157
316,1727128.4128,2288177.529
317,1703924.1055,2288538.8354
318,1706068.8687,2282325.0539
319,1706069.6542,2282313.0781
320,1703902.8341,2288854.0254
321,1703968.1615,2289626.493
322,1703864.5259,2290067.5112
323,1695872.5737,2317197.1932
324,1692822.9548,2320083.784
325,1681529.7824,2293651.6436
326,1681596.1342,2293913.7776
327,1681944.5683,2294712.7766
328,1681913.4941,2294738.0029
329,1679941.28,2292957.2868
330,1679865.2065,2292401.2825
331,1679550.806,2291847.1234
332,1678968.0981,2290869.4624
333,1680293.8812,2288255.5701
334,1681250.6387,2317546.368
335,1708588.3399,2337011.7446
336,1708260.2801,2337283.7173
337,1674438.9829,2303554.3055
338,1723065.2774,2253046.1161
339,1722851.7768,2252046.1483
340,1723324.2989,2254027.3624
341,1722676.9327,2256036.7625
342,1722721.0578,2258976.9034
343,1723203.8835,2262815.288
344,1722725.309,2260803.939
345,1723320.3654,2263272.1201
346,1724487.0417,2264344.4471
347,1726365.7983,2264771.9403
348,1726775.1795,2268759.7068
349,1726506.3874,2270040.1598
350,1726018.6049,2270756.6568
351,1685484.7039,2321974.4425
352,1686060.3603,2324148.2534
353,1683771.8652,2309791.935
354,1684354.4959,2304711.5931
355,1738759.8727,2348674.9359
356,1686592.9094,2290515.0062
357,1687291.7318,2291751.432
358,1686462.551,2290121.9936
359,1685290.7519,2288980.3839
360,1684783.9124,2288174.1085
361,1683860.8115,2287748.525
362,1683139.2218,2286880.9605
363,1683835.9862,2287739.6649
364,1682270.9567,2285124.796
365,1714180.1722,2267246.288
366,1715441.7068,2267499.0144
367,1713124.7455,2267737.273
368,1711147.6773,2268594.3172
369,1708249.7097,2270890.2962
370,1711545.6015,2272739.3377
371,1712372.6603,2274290.4867
372,1712373.1549,2274291.9809
373,1709709.9697,2273402.3009
374,1707719.7796,2272963.1936
375,1706851.5961,2274235.5281
376,1692747.4869,2278932.7209
377,1691364.1686,2278997.323
378,1692411.7501,2278780.0841
379,1691053.8216,2278905.3156
380,1690880.3055,2278848.7202
381,1690795.9379,2278879.9085
382,1690241.6632,2279156.0938
383,1689761.4849,2279506.2698
384,1689631.8192,2279813.1943
385,1689198.6453,2280430.5803
386,1707728.6355,2279498.6028
387,1708605.6103,2279830.7793
388,1706644.8944,2279849.3668
389,1705897.7764,2279097.6613
390,1704990.2275,2278011.1318
391,1705011.773,2277567.4523
392,1705125.2888,2277325.2685
393,1704720.5002,2273906.495
394,1703501.9984,2270463.1985
395,1716006.0909,2263708.6402
396,1716722.6973,2264191.2257
397,1713426.3889,2265147.3985
398,1713286.7712,2264950.9774
399,1712101.4882,2264206.3204
400,1711549.584,2263749.9553
401,1710597.8741,2262931.4976
402,1708880.5161,2262833.9413
403,1706750.2128,2266494.9518
404,1708431.583,2263617.7168
405,1705836.9948,2267077.9194
406,1704727.0442,2268807.815
407,1720970.2117,2250474.5302
408,1722794.4889,2250207.371
409,1719379.442,2251454.89
410,1717369.1356,2250575.9222
411,1716591.6162,2251929.2712
412,1714432.01,2254542.8783
413,1714612.1379,2254407.3287
414,1714758.1054,2254193.312
415,1715558.1012,2252785.6036
416,1714426.9869,2254565.3632
417,1714337.7543,2255416.4373
418,1702559.8735,2333775.9409
419,1705806.3513,2330770.8059
420,1720240.663,2264047.7108
421,1721300.9098,2263025.1411
422,1721224.2219,2262766.7025
423,1721912.9157,2260548.9539
424,1722096.8083,2260361.7601
425,1722823.9596,2260542.5341
426,1724737.1886,2247232.7718
427,1725200.7887,2247574.9686
428,1722458.103,2246968.2201
429,1721586.2861,2247447.9341
430,1724000.8021,2246029.0748
431,1718703.5034,2252017.6288
432,1718275.6699,2252614.7541
433,1717175.9651,2252726.07
434,1717178.2305,2252970.5722
435,1716922.0477,2253493.1805
436,1716721.8122,2253857.7514
437,1714128.1318,2254422.5722
438,1713772.3782,2254534.6497
439,1715421.624,2249288.4827
440,1714425.9508,2249790.3027
441,1714151.3021,2250140.8909
442,1711910.6505,2251902.1037
443,1711472.9614,2251455.4161
444,1710710.4369,2253643.6902
445,1713388.279,2249797.3577
446,1712737.1527,2249728.0459
447,1714078.4555,2247944.3854
448,1716435.1109,2248255.3955
449,1716568.8856,2247424.6992
450,1720917.4404,2250328.9461
451,1719761.6282,2248538.8062
452,1718938.4275,2249171.0289
453,1721123.7587,2248756.2391
454,1721924.1166,2251791.9204
455,1723027.6478,2250679.1732
456,1717039.6133,2255038.4178
457,1718484.3938,2255418.6001
458,1718500.7772,2255420.3883
459,1716754.6147,2256373.0774
460,1717343.1499,2256433.6089
461,1715710.5659,2255135.2416
462,1715623.3328,2254981.9815
463,1715563.5958,2256511.2296
464,1716043.6507,2258111.0909
465,1717238.284,2257100.1671
466,1714689.2509,2257777.2619
467,1714075.1881,2259972.3344
468,1716058.8033,2259281.8528
469,1716428.2862,2259826.0284
470,1713085.4733,2257183.1106
471,1714485.4583,2260982.0723
472,1718159.4537,2258344.6173
473,1716458.9373,2262154.4652
474,1717843.5322,2263024.8567
475,1712686.4801,2267130.5658
476,1711290.0788,2265861.3791
477,1710451.8544,2267185.1424
478,1711215.0345,2266266.9458
479,1710137.9135,2267699.9954
480,1710050.835,2267835.3151
481,1710861.4682,2265443.0361
482,1710748.2695,2265082.0023
483,1710165.759,2265468.6987
484,1709940.6796,2265481.3873
485,1709566.6347,2265374.2726
486,1710178.2882,2263178.8175
487,1709040.9469,2266316.631
488,1710095.8104,2264647.768
489,1707766.413,2263217.3441
490,1708616.5567,2262916.651
491,1707150.0338,2263061.3053
492,1706122.5269,2263288.2664
493,1704145.4738,2265244.2496
494,1705937.4978,2265759.9472
495,1705659.1173,2265687.2813
496,1714466.0118,2262504.4642
497,1713662.0417,2261776.733
498,1713470.3206,2261072.8603
499,1712755.7346,2258995.6851
500,1711236.3722,2259157.51
501,1710535.4925,2258859.3527
502,1710082.5908,2258306.9971
503,1709346.1544,2257612.6232
504,1708863.2194,2256917.1212
505,1707098.1857,2256987.2443
506,1713288.0232,2262456.6001
507,1711659.8648,2262769.8945
508,1712707.95,2260679.6804
509,1709984.9497,2261556.4672
510,1711702.0374,2261249.946
511,1711535.5115,2261336.07
512,1709493.359,2261281.4136
513,1707766.2404,2261690.5679
514,1707637.9906,2261593.7203
515,1706816.8229,2261255.5459
516,1706477.6344,2261258.4888
517,1705509.1117,2262818.1009
518,1705932.0856,2259570.5127
519,1708262.1181,2258926.1697
520,1708318.2408,2258663.2523
521,1707335.8216,2257751.259
522,1710924.7432,2255530.5998
523,1713399.2951,2269146.8156
524,1712010.2398,2269812.4914
525,1711688.0602,2270202.2278
526,1710751.6062,2270507.2606
527,1712284.0323,2271074.9488
528,1715519.4406,2268644.2712
529,1715497.6386,2271451.2691
530,1712931.0812,2271846.2744
531,1707909.0285,2274812.627
532,1707646.9613,2275095.0739
533,1706259.6522,2273182.7077
534,1705995.6004,2273346.6839
535,1707895.2562,2271772.2066
536,1707582.6347,2272095.8585
537,1709157.1633,2276295.1621
538,1710548.4059,2274914.0453
539,1709619.6763,2278090.1326
540,1710133.7801,2279191.0471
541,1710145.819,2279189.5195
542,1707803.934,2276811.3602
543,1706698.7644,2275984.935
544,1708484.4632,2278382.227
545,1706725.594,2278191.4554
546,1705392.6399,2281035.8144
547,1703560.3971,2280432.5609
548,1704642.0259,2278332.0184
549,1702128.5936,2278140.4697
550,1701116.5386,2278829.7497
551,1703140.731,2279418.2619
552,1702976.0767,2279507.3759
553,1701125.483,2277331.5217
554,1703869.4175,2276132.0629
555,1703857.8318,2275489.503
556,1703597.1038,2275245.0567
557,1702326.3002,2275553.9637
558,1702608.3455,2275147.4741
559,1702793.9613,2275149.5964
560,1701874.724,2275712.7609
561,1701626.9402,2275780.6746
562,1700976.2067,2275963.1743
563,1702413.3246,2277015.9499
564,1701878.232,2277108.8768
565,1702772.0244,2273442.4452
566,1702013.6467,2272000.9209
567,1702043.0975,2271834.3717
568,1701262.5683,2274125.5756
569,1702398.1886,2268728.2603
570,1702122.064,2269547.939
571,1702258.8718,2268461.0812
572,1701579.6244,2271502.6489
573,1702773.2224,2270659.7719
574,1705985.7043,2276817.1405
575,1706216.3259,2276525.0514
576,1707175.5161,2278908.2678
577,1706896.0095,2278898.3105
578,1704835.047,2280801.1498
579,1704180.7283,2281659.4992
580,1705030.6441,2280642.8901
581,1701513.4047,2279922.8962
582,1701627.4427,2282479.2514
583,1693011.8097,2278249.2402
584,1692704.3388,2278448.8012
585,1693254.0027,2277935.6762
586,1690420.74,2279339.7443
587,1690282.6639,2280001.248
588,1689549.8695,2278497.696
589,1689727.6288,2278453.0152
590,1690034.021,2278434.0941
591,1688788.2527,2278636.4152
592,1688826.3749,2278592.4012
593,1688589.9586,2279067.0964
594,1688513.9056,2279611.2391
595,1687968.0237,2279755.5824
596,1687942.9362,2279681.9145
597,1686608.4389,2279091.4228
598,1687846.2839,2279686.801
599,1689872.6616,2276553.2464
600,1689315.9175,2278000.5352
601,1690175.9892,2276185.0289
602,1692361.2115,2276103.2916
603,1691779.5343,2276210.943
604,1691504.4519,2276357.3518
605,1692033.8636,2277412.4428
606,1691487.3459,2278028.4781
607,1690896.0851,2275379.2214
608,1690615.917,2276017.2901
609,1688560.9129,2275590.3555
610,1688133.2233,2276780.3935
611,1687492.1166,2276688.8111
612,1686882.3416,2276724.7091
613,1687671.7035,2277666.7815
614,1687698.274,2277850.8699
615,1688974.8941,2275587.2851
616,1689771.9231,2275369.8766
617,1685061.7295,2277589.1402
618,1686420.76,2275561.331
619,1686248.8317,2275743.5863
620,1685072.7947,2274317.7516
621,1684896.2327,2274485.8943
622,1684729.8952,2275146.4269
623,1684362.6224,2275605.3753
624,1687791.3037,2272930.4819
625,1686780.6582,2274327.4922
626,1686602.389,2274351.0864
627,1686597.0119,2271283.0335
628,1694770.971,2274393.414
629,1694551.24,2273902.0051
630,1696057.725,2271403.139
631,1695514.1565,2271689.6051
632,1695939.0964,2271460.8685
633,1695162.9885,2271431.3387
634,1692984.6083,2272759.7763
635,1692671.2627,2272470.5182
636,1692037.7013,2272684.6955
637,1691820.8163,2272532.0186
638,1690737.6794,2272196.2116
639,1691090.5592,2272399.8574
640,1691478.4981,2272409.3589
641,1690255.8034,2272401.8905
642,1699245.8838,2273284.2091
643,1698638.8455,2273757.0928
644,1698610.8177,2273847.8798
645,1698626.8866,2273995.7169
646,1697918.8407,2272416.2182
647,1697895.1798,2272300.9165
648,1700114.954,2271626.5779
649,1700273.3845,2271646.2513
650,1697036.5025,2279982.9177
651,1698766.807,2281341.9112
652,1696268.643,2280290.7224
653,1694931.5357,2280391.7946
654,1691705.7469,2281103.9186
655,1694680.5154,2280147.7564
656,1694929.9933,2280373.8357
657,1694930.7748,2280375.491
658,1691259.7994,2281451.1735
659,1694716.9915,2282173.9537
660,1695465.0096,2281979.7413
661,1694325.5696,2282496.5462
662,1693192.9284,2282419.8567
663,1692985.1531,2282389.7942
664,1692254.6391,2284438.1856
665,1694114.0279,2284698.6522
666,1691963.378,2284376.5951
667,1691644.5829,2284439.99
668,1691113.4815,2284364.8389
669,1691476.0168,2288087.699
670,1691803.0096,2289522.573
671,1690249.41,2284921.2906
672,1689552.7849,2284542.3065
673,1689021.3148,2282933.8243
674,1688846.3436,2282743.2277
675,1688263.8294,2281448.4707
676,1687511.6546,2281075.5312
677,1687062.5622,2280921.4519
678,1689260.354,2286771.0664
679,1688758.349,2286634.1792
680,1688351.626,2286510.4251
681,1688077.6841,2286604.6484
682,1689261.4593,2285945.75
683,1688723.1489,2286348.6114
684,1689031.5172,2284891.2663
685,1688325.7056,2285233.6115
686,1688078.5247,2285171.2358
687,1686273.5683,2284359.1025
688,1686513.7977,2286081.5738
689,1688409.6507,2283118.7078
690,1688112.8898,2283480.4757
691,1687228.3049,2282032.6048
692,1686815.786,2282345.2618
693,1686820.2527,2282676.489
694,1686965.2107,2282991.5181
695,1686219.7277,2282717.0258
696,1685830.337,2282549.8929
697,1686510.6194,2281667.2682
698,1686408.8472,2281414.1809
699,1689419.1209,2281973.1558
700,1689721.1752,2281727.8634
701,1688594.5617,2289533.3277
702,1689148.9251,2290253.0669
703,1689026.3279,2288336.4983
704,1687954.6428,2289717.2044
705,1687752.1742,2289604.4174
706,1684080.1056,2290815.196
707,1683835.1795,2290695.6509
708,1683494.7583,2291126.3659
709,1683092.7189,2291168.7298
710,1684747.8656,2289895.8496
711,1684539.4526,2290114.58
712,1681623.9036,2287063.0108
713,1684021.4586,2287086.0462
714,1684214.0401,2286622.7165
715,1682286.7141,2289083.07
716,1681887.4852,2289264.9517
717,1685525.3288,2285667.0102
718,1686065.3865,2285010.3533
719,1687209.3838,2287414.3337
720,1684374.4439,2292643.818
721,1686729.6444,2292906.369
722,1683882.6846,2292600.8885
723,1683690.0878,2292665.8479
724,1683625.3573,2292748.532
725,1677600.1101,2292339.1771
726,1676145.3012,2292715.4521
727,1675405.8645,2293631.9125
728,1676056.1538,2293120.2616
729,1674950.1989,2294561.2385
730,1681553.5961,2290310.3319
731,1682009.5298,2289719.0432
732,1680184.908,2296248.1106
733,1680247.0554,2296259.1952
734,1680289.499,2296264.0031
735,1677477.4109,2297160.2318
736,1675486.4232,2301875.2522
737,1675223.9722,2299398.7663
738,1673647.4579,2307915.1854
739,1674693.9914,2309332.9878
740,1675439.2915,2307477.3367
741,1675433.905,2310664.7709
742,1675771.1065,2314396.5925
743,1675271.274,2313311.7253
744,1676112.4726,2316457.7368
745,1677073.3263,2316061.8892
746,1674230.9291,2314583.4148
747,1672664.7924,2313095.5853
748,1673228.9937,2316219.8295
749,1671587.6996,2315388.7273
750,1670988.0003,2313456.5333
751,1671809.6504,2310493.8888
752,1670550.4486,2308599.4307
753,1671319.3502,2308148.1539
754,1671410.1441,2307853.7825
755,1669554.9495,2307399.0533
756,1669460.0448,2307490.981
757,1668794.6881,2308767.9753
758,1670749.6296,2303060.955
759,1667100.4966,2303476.5001
760,1668206.3127,2300674.3866
761,1668808.6054,2299331.1761
762,1669290.6564,2297401.3573
763,1669130.4091,2297971.4052
764,1668486.0482,2296210.1324
765,1668150.2143,2296744.5903
766,1667710.7256,2297387.4184
767,1667575.2201,2298033.5512
768,1667515.6853,2300133.8769
769,1667248.0629,2300295.5976
770,1672417.8326,2294067.3216
771,1672711.6825,2293879.8578
772,1674197.9013,2294961.2732
773,1674987.1809,2296267.497
774,1678482.05,2300840.7863
775,1678261.0276,2299851.308
776,1677065.3528,2306056.9866
777,1676786.5176,2302646.8282
778,1675843.5791,2302844.9424
779,1675596.4186,2303133.6616
780,1676598.728,2303181.8619
781,1676520.8493,2304050.3107
782,1676309.5058,2306613.4065
783,1674973.6637,2306085.4904
784,1674981.5805,2304515.1191
785,1680440.0431,2315151.2685
786,1680126.3199,2311089.3101
787,1680326.3495,2309315.1365
788,1680307.9315,2307875.2745
789,1678657.7939,2307225.7315
790,1678603.8109,2307247.887
791,1677911.3654,2309157.164
792,1677831.5681,2309647.8602
793,1676507.4146,2312476.1906
794,1679615.6238,2309713.8494
795,1677213.9196,2313444.203
796,1675930.8254,2309794.5037
797,1676017.1587,2308524.4712
798,1685187.7679,2310554.7209
799,1685539.7446,2309649.803
800,1683087.5939,2314301.964
801,1682685.6993,2311905.204
802,1683685.2931,2315646.7265
803,1683864.2538,2315327.2756
804,1684109.753,2315046.0536
805,1686765.9675,2312844.0009
806,1682196.8908,2317650.2104
807,1682928.6793,2318445.5248
808,1688222.707,2318451.8708
809,1688182.084,2319750.1566
810,1687538.9211,2324335.6124
811,1687074.3995,2322395.5305
812,1684819.757,2323843.4103
813,1682929.6647,2320386.9494
814,1684696.7864,2317541.1454
815,1685326.1725,2316210.1788
816,1692622.9197,2319265.7862
817,1689384.7044,2319187.1808
818,1688713.3253,2308944.9794
819,1688692.3002,2308887.9429
820,1688413.1272,2312206.2234
821,1688712.5985,2309088.9277
822,1688716.2892,2309077.8161
823,1689807.6045,2313925.9303
824,1689719.9364,2311928.299
825,1692235.6172,2310268.5395
826,1690475.1643,2308560.3276
827,1693515.4321,2308034.9728
828,1693657.8426,2306066.333
829,1693505.0062,2308174.2125
830,1693343.1601,2310762.4244
831,1695270.1538,2309069.3053
832,1695331.7632,2308388.2933
833,1694252.3219,2312653.8835
834,1694308.7676,2310930.9455
835,1698812.4382,2314673.8044
836,1703513.38,2320963.574
837,1700535.7761,2316023.3251
838,1700464.0283,2316020.4164
839,1703802.3127,2315035.4423
840,1704298.9044,2314108.1502
841,1706085.541,2317618.6515
842,1707840.4694,2317181.8704
843,1707382.8144,2316521.3858
844,1709470.4562,2319391.0454
845,1709881.5693,2319735.8707
846,1711085.1366,2319939.9021
847,1721688.823,2330355.2836
848,1721819.7333,2329249.2333
849,1729464.3041,2330784.0498
850,1726209.061,2340116.8769
851,1718878.0184,2335899.8747
852,1734817.9223,2340641.5456
853,1727732.1638,2352493.1852
854,1727979.676,2352848.9251
855,1720459.1053,2342978.1946
856,1719989.9851,2348743.0944
857,1718071.3881,2347360.4623
858,1712035.0757,2344260.3772
859,1710500.3617,2341123.3275
860,1713716.4594,2335425.5565
861,1706240.6797,2336727.2702
862,1709193.172,2329335.7989
863,1705712.3946,2333231.847
864,1706542.1837,2332426.2723
865,1704426.4494,2335691.5584
866,1703564.3437,2334408.9408
867,1707287.703,2329786.0175
868,1704958.0952,2330133.3439
869,1707149.378,2329723.2548
870,1706394.4248,2327624.8518
871,1707920.5346,2326290.4496
872,1708356.2251,2324350.9895
873,1706221.1816,2320278.1956
874,1706252.6045,2318492.1678
875,1705193.8151,2318022.5685
876,1704315.9575,2319522.7048
877,1704775.6987,2321297.7381
878,1702952.6284,2321981.3122
879,1704820.444,2326288.0895
880,1704938.3281,2329549.7066
881,1700531.5237,2331554.147
882,1701012.5953,2329792.7627
883,1702455.8681,2325770.8483
884,1700081.9107,2329304.5777
885,1700288.0065,2326805.5325
886,1704482.9287,2324474.908
887,1700078.2325,2325520.5789
888,1700303.5212,2321835.5945
889,1700182.2639,2320815.0185
890,1699022.6085,2325059.4906
891,1698121.9025,2325062.8478
892,1698584.6041,2326198.9106
893,1699843.997,2328030.0663
894,1699157.5352,2328961.942
895,1696788.6865,2327316.5019
896,1694779.9117,2328089.3751
897,1695410.0373,2322638.1299
898,1692148.6009,2325488.6533
899,1694109.9096,2324974.2454
900,1696522.5218,2319381.8123
901,1692424.2172,2322146.8482
902,1696315.8358,2321175.8731
903,1693190.2783,2317929.7539
904,1693244.4824,2316413.5469
905,1694342.1015,2314393.7178
906,1699531.4543,2312217.9977
907,1697665.4296,2312144.7211
908,1700656.2866,2312298.7368
909,1701502.5798,2312167.8605
910,1703371.8271,2313384.7485
911,1702914.3916,2312758.3098
912,1702938.6608,2312498.9464
913,1701969.0282,2313008.6682
914,1702182.7586,2314112.8991
915,1702000.2651,2313285.6796
916,1701108.3214,2314234.8047
917,1699979.4272,2314137.4286
918,1697268.5778,2308063.2126
919,1695497.8346,2307748.9644
920,1697980.5325,2308510.6211
921,1699797.9654,2309495.8836
922,1700024.0754,2309664.3665
923,1698904.1683,2306551.2786
924,1698401.6454,2310272.086
925,1686043.8754,2304397.5517
926,1685986.0345,2304437.2039
927,1688036.0659,2304163.307
928,1686164.3124,2304238.0733
929,1686164.6334,2304240.3513
930,1680265.4713,2297604.9416
931,1679637.6216,2297335.4258
932,1679641.3078,2297323.9818
933,1680842.1997,2299629.3111
934,1680207.1876,2298771.2718
935,1680416.4391,2298560.622
936,1681501.5933,2298666.3197
937,1681942.9879,2297285.7439
938,1681492.5156,2294864.6402
939,1682198.3744,2297381.3751
940,1681456.2102,2294783.2524
941,1681444.5052,2294744.9981
942,1684782.2023,2296326.4693
943,1684431.7846,2295009.71
944,1684431.9159,2295006.417
945,1684689.8583,2301397.5421
946,1683531.4609,2298424.8028
947,1683465.8554,2299788.6541
948,1683567.1584,2298778.5526
949,1683215.5768,2300595.5579
950,1686421.4734,2296742.9516
951,1685311.656,2294733.1065
952,1685305.7802,2294466.1162
953,1685944.7775,2294873.1604
954,1686122.313,2294313.3586
955,1686766.9908,2296171.8665
956,1690396.4674,2295798.1385
957,1690076.6827,2300590.959
958,1689420.0813,2302702.3183
959,1689280.9974,2303122.3467
960,1686973.8336,2299933.2149
961,1688161.0385,2296059.9161
962,1687876.219,2296285.3696
963,1687200.4758,2297029.9819
964,1687319.7832,2294553.8168
965,1694219.6249,2286669.2056
966,1694194.7777,2286406.8936
967,1695348.7386,2287195.8619
968,1694869.3546,2288198.7956
969,1696163.1925,2285499.2356
970,1695740.079,2283321.9961
971,1696018.9341,2286017.7385
972,1697155.3029,2283892.9938
973,1697458.8048,2282279.6909
974,1697605.2069,2286067.9486
975,1699561.7721,2282770.5195
976,1697593.502,2286295.9962
977,1697293.1484,2286643.3623
978,1697575.9281,2286326.2822
979,1697431.757,2287492.5498
980,1697884.1833,2286473.8188
981,1697618.1141,2286322.5957
982,1698092.6094,2286397.1344
983,1700928.6525,2288305.1747
984,1701021.2621,2288758.576
985,1706310.6437,2282142.276
986,1706974.1706,2284730.1668
987,1706302.8318,2282156.9942
988,1706174.3654,2288532.5414
989,1705926.2787,2286158.879
990,1705902.9586,2286575.9026
991,1708536.5077,2282629.4683
992,1708203.0422,2281946.5863
993,1708202.0555,2281947.1455
994,1709279.4232,2283828.6251
995,1711031.8244,2286005.7557
996,1712701.0881,2287490.2486
997,1713243.233,2287910.1823
998,1713169.8932,2290670.9497
999,1712771.158,2291033.0135
1000,1715653.0408,2289030.0771
1001,1715883.4229,2289422.3974
1002,1711493.8687,2290108.1028
1003,1711414.9336,2290334.3724
1004,1711014.4593,2288920.6901
1005,1709561.8513,2287345.5514
1006,1709529.2835,2288371.519
1007,1708143.631,2290595.4564
1008,1708191.4712,2290960.1439
1009,1709780.6154,2290302.6401
1010,1707516.32,2289086.5271
1011,1708289.2712,2284593.6729
1012,1716677.6441,2285550.511
1013,1715986.4975,2284037.8341
1014,1713173.0992,2284194.1767
1015,1712774.3774,2284278.2693
1016,1712057.4354,2283622.598
1017,1712094.677,2283895.793
1018,1710711.7794,2282784.6227
1019,1710659.3604,2283019.4416
1020,1728690.7268,2272696.7276
1021,1729042.1853,2275500.4608
1022,1727381.4686,2275182.7896
1023,1727403.9259,2275540.572
1024,1729092.9274,2277552.207
1025,1732560.2702,2275185.4319
1026,1730159.7661,2277397.0481
1027,1729385.6858,2280387.1607
1028,1729439.1707,2278011.0159
1029,1728845.6359,2286300.993
1030,1729520.2138,2282824.106
1031,1725861.0297,2284860.0785
1032,1725359.1355,2285066.7793
1033,1722837.7262,2280856.7528
1034,1722574.6652,2281253.9116
1035,1721339.4384,2277738.6432
1036,1719143.4587,2274558.2088
1037,1719343.1291,2274670.948
1038,1719056.1179,2276720.9026
1039,1719613.3472,2278327.1781
1040,1720748.2616,2289503.5617
1041,1721001.8238,2286094.3548
1042,1719979.8891,2288497.9539
1043,1719659.1459,2288635.3401
1044,1720362.0666,2286075.6461
1045,1719848.6729,2285875.569
1046,1716806.8122,2282099.1864
1047,1716936.3637,2282364.1265
1048,1716377.7226,2279771.5594
1049,1717266.709,2272000.8211
1050,1715923.8924,2270641.4731
1051,1718289.6609,2265529.8662
1052,1717083.8025,2265861.4567
1053,1717086.1586,2265850.8916
1054,1718511.8366,2265356.4775
1055,1720604.9951,2268459.7389
1056,1720864.4182,2269147.445
1057,1720766.5196,2269107.0097
1058,1721489.2684,2268488.2447
1059,1721729.9357,2268361.5634
1060,1719593.4112,2264076.4083
1061,1718629.3489,2268037.27
1062,1719765.1355,2263445.8101
1063,1718124.0229,2262578.5559
1064,1719467.5343,2261039.4878
1065,1718542.1697,2260670.3372
1066,1720494.4307,2262493.6853
1067,1719936.7134,2263059.1378
1068,1720165.1151,2260345.2255
1069,1718922.581,2259753.143
1070,1720427.6008,2256471.4066
1071,1718103.5971,2257020.465
1072,1721176.7441,2259227.8225
1073,1721460.9362,2256935.4678
1074,1721699.4713,2256839.1569
1075,1724056.2311,2252553.631
1076,1725072.9024,2252480.4248
1077,1724481.3762,2252569.9958
1078,1725505.1663,2252901.1191
1079,1725788.3452,2253432.4549
1080,1726042.6641,2254057.0251
1081,1725754.1336,2254498.4102
1082,1725403.053,2254999.1623
1083,1726277.2289,2254414.5781
1084,1726269.3988,2255032.3433
1085,1724605.8519,2256283.676
1086,1723853.438,2255365.3296
1087,1725277.8804,2257782.3666
1088,1725642.4017,2258983.0775
1089,1727634.1981,2262386.6113
1090,1727056.977,2261817.7246
1091,1726842.729,2261564.5239
1092,1727060.654,2261807.9993
1093,1727891.5938,2262174.443
1094,1728137.5407,2261715.5683
1095,1729430.3857,2263396.4545
1096,1729674.8418,2263275.851
1097,1724934.2274,2260537.0527
1098,1725048.2833,2260352.844
1099,1723693.3176,2261028.1289
1100,1724091.0569,2261464.5913
1101,1723841.5124,2261093.1623
1102,1723836.3038,2261089.6362
1103,1724204.0896,2261902.2868
1104,1725051.9751,2262280.4182
1105,1725235.9027,2262324.6273
1106,1726519.1571,2264882.745
1107,1727407.5274,2264910.3764
1108,1728430.5666,2266664.0719
1109,1727101.9196,2269098.6849
1110,1727201.9783,2269559.6301
1111,1724294.5586,2267025.5045
1112,1724810.8518,2268984.8488
1113,1724982.3628,2269564.3307
1114,1722635.1154,2268498.0483
1115,1722636.2863,2268687.3054
1116,1722151.9297,2265511.9779
1117,1722304.5801,2266163.3395
1118,1722057.315,2267131.0918
1119,1721724.2743,2265722.3446
1120,1721544.7626,2266070.2315
1121,1721879.2506,2264153.6163
1122,1721911.7991,2264008.7299
1123,1720931.7846,2265015.088
1124,1724458.4478,2250982.6791
1125,1724719.0805,2249235.8157
1126,1724724.603,2249223.2451
1127,1726993.0776,2247532.8751
1128,1726957.8465,2247482.907
1129,1726961.1135,2247468.476
1130,1727573.2637,2250775.1015
1131,1727996.9716,2251325.1075
1132,1727750.2023,2248940.6588
1133,1727975.3846,2249385.396
1134,1728017.149,2246685.7467
1135,1727381.6117,2246295.2274
1136,1727329.502,2246242.0063
1137,1728438.9626,2247026.6406
1138,1677009.7585,2294009.409
1139,1678377.5971,2293205.6726
1140,1676804.4633,2294330.9888
1141,1676610.3028,2295105.7511
1142,1675605.4636,2295549.6568
1143,1713409.8995,2256054.0274
1144,1713165.2602,2255841.9954
1145,1712441.7906,2256108.0769
1146,1712999.9085,2254997.0511
1147,1712572.2998,2254227.352
1148,1713047.3867,2254055.3373
1149,1711026.868,2254876.56
1150,1710325.1217,2254987.4421
1151,1710431.6589,2255493.9403
1152,1710055.5182,2256217.9721
1153,1711967.3305,2255999.518
1154,1728300.3071,2267503.4236
1155,1728497.2294,2266723.78
1156,1713847.8777,2252911.8292
1157,1709666.476,2267172.4193
1158,1679827.5031,2296963.9966
1159,1680499.4883,2295815.9995
1160,1680877.4973,2295381.9982
1161,1680891.4957,2295284.0025
1162,1680891.4984,2295129.9996
1163,1681024.4967,2295011.001
1164,1727253.3376,2246759.4496
1165,1709118.2863,2320958.6963
1166,1708406.5272,2320265.1365
1167,1708534.2868,2320526.9451
1168,1708743.2442,2320610.2682
1169,1704983.407,2332256.7204
1170,1690647.5548,2304518.7714
1171,1688242.7116,2305605.4185
1172,1709549.6488,2267487.3206
1173,1682320.6325,2299533.4938
1174,1683505.9099,2298704.7865
1175,1705623.6731,2324960.1534
1176,1727301.5025,2245261.9952
1177,1715034.0429,2252714.9195
1178,1722785.5075,2260119.2978
1179,1722834.3313,2259901.9634
1180,1722799.538,2260056.8425
1181,1722878.1039,2259707.1139
1182,1722779.7395,2260414.6107
1183,1686897.4956,2312923.9933
1184,1687443.5035,2305587.9975
1185,1685567.4985,2304915.9971
1186,1688640.4954,2308128.994
1187,1693631.4993,2306008.0029
1188,1689431.5003,2308122.0018
1189,1695437.4984,2307589.9966
1190,1695367.5002,2308317.9907
1191,1685819.4995,2309255.9922
1192,1686827.4993,2312769.9966
1193,1684370.5017,2303228.9981
1194,1685259.5002,2304272.0015
1195,1697649.496,2312154.0038
1196,1675165.5049,2313203.9954
1197,1690369.5006,2308597.9981
1198,1692553.4981,2278806.0047
1199,1708751.5049,2262999.9956
1200,1702990.5011,2270609.0027
1201,1689361.4957,2278469.9993
1202,1683607.4996,2298700.0003
1203,1729443.4999,2277574.0054
1204,1696242.4936,2290867.0022
1205,1693421.4953,2292231.9941
1206,1697271.4979,2294261.9978
1207,1696760.5001,2293736.9949
1208,1699868.4959,2293988.9988
1209,1700883.4971,2295830.0019
1210,1703891.9321,2297366.1803
1211,1703343.4871,2297553.1462
1212,1703286.5362,2297584.478
1213,1703207.4951,2297635.996
1214,1706119.4985,2297103.9963
1215,1704257.4964,2297272.005
1216,1703931.2366,2297363.1578
1217,1712564.7144,2297390.4662
1218,1711840.9908,2297100.4933
1219,1710683.4934,2296824.004
1220,1712875.6384,2297711.5805
1221,1716665.5866,2295560.181
1222,1715155.1758,2296485.9072
1223,1718701.4694,2296794.6702
1224,1719967.4968,2297395.808
1225,1718904.2507,2297018.9336
1226,1718904.4083,2297017.4096
1227,1721567.4938,2295306.8574
1228,1721657.3044,2295104.1113
1229,1722599.026,2294771.2499
1230,1725362.4161,2295109.9196
1231,1727594.4461,2295968.6127
1232,1728603.9285,2295530.2829
1233,1729635.0187,2293393.8672
1234,1729675.1151,2293376.6816
1235,1731827.6167,2291462.0978
1236,1732524.8725,2291317.8642
1237,1732785.7946,2290781.1625
1238,1734152.3917,2289780.4811
1239,1735173.1511,2289738.1829
1240,1736305.3832,2289728.9117
1241,1736964.0408,2290247.6856
1242,1737194.4618,2290150.3985
1243,1740002.916,2291515.4833
1244,1739784.2731,2294687.1935
1245,1740040.9829,2291631.8573
1246,1739147.2924,2295310.6944
1247,1732206.982,2293938.2514
1248,1732174.2584,2294209.0036
1249,1732323.5424,2294200.7501
1250,1733012.1075,2293797.4011
1251,1737624.0222,2296188.1367
1252,1737745.8262,2296368.3139
1253,1738701.6693,2295878.2273
1254,1743144.7849,2299103.281
1255,1721571.267,2297944.716
1256,1721603.4977,2298209.9936
1257,1721912.8034,2298882.5445
1258,1721570.2366,2298303.9349
1259,1725890.4817,2301471.3663
1260,1725019.5173,2299293.5755
1261,1724763.0546,2299181.4539
1262,1725928.8812,2301587.5992
1263,1726935.6824,2301355.9841
1264,1729029.4695,2303159.3209
1265,1729948.5583,2303739.5321
1266,1729995.7769,2303805.2963
1267,1730081.5537,2304215.5942
1268,1729995.0619,2304335.1081
1269,1730008.2966,2304574.2147
1270,1730059.0227,2304750.1908
1271,1730477.8169,2305472.3409
1272,1730609.9331,2305494.325
1273,1736285.4222,2309024.302
1274,1740287.2467,2307078.4434
1275,1740798.8927,2307195.1701
1276,1745701.1774,2309501.6225
1277,1749520.8253,2312593.4563
1278,1703084.6676,2298677.8753
1279,1703184.0484,2298464.1259
1280,1702844.0309,2300404.2589
1281,1702782.646,2300482.339
1282,1702827.0188,2300827.8543
1283,1703581.4636,2301316.1931
1284,1705006.1637,2301778.4708
1285,1705481.1066,2301758.6493
1286,1705648.7903,2301667.601
1287,1707179.0807,2304054.3036
1288,1707768.1014,2303789.8509
1289,1708296.6112,2303448.9813
1290,1709245.0134,2303091.6773
1291,1709767.4601,2303889.9709
1292,1710169.3911,2304197.268
1293,1710288.2917,2304753.4319
1294,1710233.2122,2304977.1062
1295,1710270.5757,2305585.8488
1296,1710493.8243,2305929.3097
1297,1710975.6388,2306191.4974
1298,1711389.0205,2307235.4641
1299,1711262.4139,2307686.9857
1300,1711810.7436,2308973.4026
1301,1712424.0648,2309408.5773
1302,1714279.4745,2310001.3904
1303,1745259.9793,2313976.1191
1304,1731363.1186,2318032.5412
1305,1735171.1954,2320237.7274
1306,1732491.9722,2318902.5892
1307,1736669.3654,2320478.28
1308,1739571.3614,2324268.3402
1309,1741055.31,2324096.0469
1310,1743768.2562,2323168.1276
1311,1744073.9152,2323020.1919
1312,1745749.7008,2321080.6545
1313,1749169.0575,2315670.7905
1314,1749648.2787,2315465.396
1315,1752296.6424,2313742.6936
1316,1745065.9316,2326435.9266
1317,1747463.7379,2326614.2089
1318,1748003.7452,2326992.2495
1319,1749940.5912,2336327.8661
1320,1747876.0715,2327482.6913
1321,1747882.7694,2327455.4421
1322,1741023.7384,2328285.4598
1323,1739597.0254,2335246.8894
1324,1739705.6626,2336774.0639
1325,1743295.1687,2348602.2131
1326,1734307.5587,2322767.1567
1327,1734646.9633,2324666.3605
1328,1734272.9995,2329751.107
1329,1733012.0691,2336685.7636
1330,1719099.9311,2322507.5352
1331,1719372.3499,2315476.2042
1332,1703581.3592,2303563.1967
1333,1703481.8343,2305190.1626
1334,1703474.4126,2306103.5295
1335,1702866.4364,2307703.4423
1336,1701817.7612,2311126.6358
1337,1699335.5163,2299421.5108
1338,1699658.9065,2297915.3467
1339,1700847.0541,2295870.7352
1340,1699158.0592,2300100.3142
1341,1696745.3822,2302684.2333
1342,1696584.656,2303288.0895
1343,1694502.2517,2304288.5644
1344,1694226.6198,2304654.3593
1345,1692752.9338,2294027.1762
1346,1692878.6491,2293140.2941
1347,1692559.2335,2297005.7298
1348,1692268.6306,2296272.1096
1349,1692700.1465,2297550.3687
1350,1692740.0934,2298025.6225
1351,1692579.1811,2298826.0582
1352,1692717.3404,2299160.4794
1353,1692655.9619,2300095.5201
1354,1692062.4953,2301909.0246
1355,1690576.5724,2303656.8002
1356,1737962.5373,2312214.4241
1357,1738584.0555,2312201.8134
1358,1741028.1235,2313262.5117
1359,1730546.9187,2313444.7401
1360,1728556.4858,2313976.2114
1361,1733494.6085,2313244.4229
1362,1745472.5426,2338071.9802
1363,1725556.9795,2305750.9204
1364,1726040.7785,2303839.1284
1365,1726126.9849,2303858.6888
1366,1729603.3917,2328083.8219
1367,1717792.3184,2306432.9327
1368,1712520.7976,2305812.6394
1369,1698856.6096,2305699.0411
1370,1700660.6191,2293823.0815
1371,1699889.1369,2293978.5504
1372,1699889.6323,2293979.2796
1373,1707335.5375,2291841.6197
1374,1725431.2126,2308642.4573
1375,1721573.5147,2310556.6308
1376,1713219.4974,2300630.6583
1377,1716154.0871,2303472.9653
1378,1714249.0469,2301853.5616
1379,1713477.6772,2301553.1303
1380,1713130.1487,2300927.0538
1381,1714089.6763,2301688.9437
1382,1746823.66,2335561.1523
1383,1717561.8944,2299798.3961
1384,1719260.1559,2304379.9971
1385,1718650.0491,2302170.302
1386,1735183.0529,2305914.0744
1387,1733476.8288,2305525.1099
1388,1731478.862,2305072.1028
1389,1731102.284,2304986.7245
1390,1732059.4582,2305203.7423
1391,1731776.5332,2305139.6069
1392,1736236.6965,2305167.3432
1393,1732175.2082,2305229.9873
1394,1733522.4224,2296861.9436
1395,1733737.4201,2299035.8007
1396,1733897.6067,2300467.8318
1397,1733969.8194,2301407.6938
1398,1721331.4389,2305813.7618
1399,1722091.0366,2302945.7227
1400,1723282.9684,2290887.5344
1401,1707428.5562,2295651.5694
1402,1706144.3114,2297085.0362
1403,1708011.6405,2295147.1548
1404,1709948.2987,2294218.4779
1405,1712327.2671,2293404.1837
1406,1713243.611,2293097.3182
1407,1715673.1309,2291780.1756
1408,1715642.2629,2291917.5313
1409,1716110.0483,2291577.2436
1410,1717154.074,2290734.8892
1411,1717587.2653,2289882.96
1412,1719036.9522,2288447.4063
1413,1741578.4261,2320202.5902
1414,1711483.7679,2310428.9037
1415,1712096.7628,2310192.4043
1416,1711371.3116,2310443.1459
1417,1710373.0047,2311452.605
1418,1708453.6141,2312673.3302
1419,1708134.1461,2313849.91
1420,1708163.7149,2315872.4887
1421,1744259.3807,2305068.5621
1422,1744339.0261,2303057.4002
1423,1742190.8513,2303374.4603
1424,1743315.7978,2300799.0863
1425,1744469.6708,2300687.674
1426,1744837.1187,2299477.4009
1427,1694145.9947,2294969.0196
1428,1694489.846,2302075.4739
1429,1690903.3055,2301388.9237
1430,1691203.5196,2300226.1518
1431,1691162.0155,2299242.2287
1432,1691127.3489,2298262.4165
1433,1690835.82,2297498.5192
1434,1690590.6682,2294905.4026
1435,1695213.5342,2296925.8841
1436,1696729.3579,2293773.5594
1437,1694768.8391,2297921.5427
1438,1695701.1316,2299372.7
1439,1697346.3158,2297400.6154
1440,1697254.0942,2294294.6241
1441,1697451.7705,2306420.9179
1442,1693920.1032,2303248.6892
1443,1696524.4134,2300571.3585
1444,1710202.9527,2301753.2529
1445,1711083.7267,2303158.5097
1446,1711403.3109,2303510.3639
1447,1711158.6249,2303193.5743
1448,1711160.6744,2303189.1734
1449,1711569.1317,2303833.1552
1450,1717826.398,2318080.4534
1451,1718934.0438,2316030.3185
1452,1713527.7824,2321323.8399
1453,1715797.6992,2323838.4308
1454,1715543.9422,2324148.2664
1455,1725959.8484,2319514.6562
1456,1724921.438,2317068.7341
1457,1725562.0582,2321950.7713
1458,1722612.932,2324067.365
1459,1722549.9308,2324449.1901
1460,1725607.8264,2322629.9585
1461,1727137.9608,2330046.7592
1462,1721694.7201,2328840.6581
1463,1721657.6692,2323405.6086
1464,1750873.1226,2320013.3686
1465,1752328.3863,2330694.1751
1466,1737753.8365,2342171.2882
1467,1734189.1824,2338828.7814
1468,1730873.8735,2333211.4917
1469,1730246.6158,2329685.0398
1470,1720188.6262,2307218.7279
1471,1716159.3655,2309547.6702
1472,1709147.4135,2317072.4184
1473,1710419.8808,2315164.7465
1474,1712576.9078,2311295.2996
1475,1712432.3068,2320092.4482
1476,1709919.9959,2313401.6137
1477,1706715.0062,2314948.8786
1478,1705412.7087,2313856.0303
1479,1709344.7538,2310614.9305
1480,1709667.9407,2309467.9611
1481,1708799.0915,2309850.8619
1482,1709213.5362,2307124.9485
1483,1707043.4734,2306179.2126
1484,1707003.856,2307711.9899
1485,1704053.1781,2312556.3639
1486,1705065.0481,2312598.7077
1487,1704761.3127,2313021.1659
1488,1704084.5942,2313643.4846
1489,1704825.8102,2308180.1829
1490,1704761.5067,2304518.8535
1491,1704181.2553,2308982.7552
1492,1700771.9625,2308989.7607
1493,1699686.3528,2307795.6465
1494,1701533.0045,2304631.7977
1495,1700380.2475,2303472.4617
1496,1705892.4362,2300020.2948
1497,1705411.4873,2299198.3461
1498,1704282.9978,2297293.5479
1499,1709473.6406,2299611.2218
1500,1709474.2603,2298195.4326
1501,1709326.3191,2301198.4079
1502,1709387.7576,2300088.9043
1503,1709451.4986,2298168.0021
1504,1719343.9809,2292374.2557
1505,1719422.513,2292095.5038
1506,1720080.6736,2290362.8899
1507,1719796.5221,2290109.6928
1508,1725822.6746,2293222.3565
1509,1728770.5939,2290787.0381
1510,1728532.3226,2289106.2602
1511,1726537.5435,2291421.1881
1512,1726596.3611,2290153.9276
1513,1731975.365,2289034.0989
1514,1731032.1685,2287291.103
1515,1731668.966,2288581.7368
1516,1731555.6647,2289151.8199
1517,1731666.6231,2288935.4642
1518,1730929.4584,2288947.3437
1519,1733380.4846,2289041.92
1520,1733230.845,2288525.2655
1521,1733740.1115,2286454.4194
1522,1735613.561,2287720.0128
1523,1736317.6751,2286320.311
1524,1735735.5275,2287535.0095
1525,1735731.7295,2287551.8539
1526,1736570.6328,2286700.2248
1527,1737491.8228,2286136.8055
1528,1738185.1488,2289473.9483
1529,1737864.6736,2289573.8675
1530,1737715.5642,2289592.2466
1531,1737864.94,2289580.0552
1532,1738709.9767,2289363.0297
1533,1739299.4704,2289421.8535
1534,1739567.5159,2289743.1742
1535,1738059.718,2291514.3603
1536,1738351.6113,2292387.3049
1537,1738405.7171,2292806.683
1538,1737365.1632,2292581.5731
1539,1737185.5662,2293015.7153
1540,1737214.606,2292956.7157
1541,1737368.5535,2292588.1425
1542,1736535.5387,2293481.2826
1543,1734497.1109,2291070.6815
1544,1734348.7409,2291315.3093
1545,1733566.805,2292555.6248
1546,1733643.0639,2293076.6665
1547,1738128.8477,2294095.5392
1548,1737700.7068,2294609.2888
1549,1738501.4872,2299308.6489
1550,1739472.745,2302132.8132
1551,1739488.4386,2303036.9058
1552,1737257.3856,2303602.64
1553,1737728.317,2301759.7488
1554,1737696.6532,2301513.5887
1555,1737084.4355,2304030.3645
1556,1735963.1306,2299916.8927
1557,1733079.6453,2299920.9865
1558,1732485.0333,2300526.5677
1559,1731984.9638,2300198.4592
1560,1731983.2668,2299702.1834
1561,1732337.2108,2297460.0775
1562,1731988.6839,2297869.3782
1563,1731735.9775,2296526.6027
1564,1731304.5457,2296925.0413
1565,1730876.6555,2298704.4033
1566,1731185.8547,2299075.9921
1567,1727019.736,2299278.596
1568,1726866.8325,2299669.1014
1569,1726165.0473,2301194.9519
1570,1726721.3987,2301045.1848
1571,1728144.4588,2300516.6768
1572,1728114.1529,2299712.2079
1573,1728137.9949,2299583.7744
1574,1728215.0896,2298979.3684
1575,1728217.0968,2298924.72
1576,1728427.7811,2298450.1924
1577,1731954.1162,2302956.8738
1578,1732094.653,2302907.2769
1579,1746873.6031,2308585.3596
1580,1728342.1698,2308639.1092
1581,1728140.0462,2308766.5925
1582,1727407.5565,2305563.0879
1583,1728565.3692,2304411.5313
1584,1728617.1443,2304423.2695
1585,1727293.3286,2305988.5195
1586,1725880.6101,2298401.9318
1587,1724768.2097,2299158.0526
1588,1726362.7404,2297710.6234
1589,1721701.4272,2298341.4855
1590,1721657.6108,2298260.7272
1591,1721764.1995,2298166.7481
1592,1719781.214,2301103.1053
1593,1719672.3024,2301172.9407
1594,1716943.7519,2301159.409
1595,1716668.8899,2301517.0439
1596,1712028.1393,2302123.801
1597,1712738.6759,2300839.3904
1598,1710846.9889,2301346.3532
1599,1711172.7737,2300488.6852
1600,1711316.8284,2295916.2885
1601,1710723.7866,2296801.3561
1602,1711470.1419,2295785.3214
1603,1707254.1982,2293908.1803
1604,1708975.1499,2292753.0528
1605,1710780.296,2292668.2109
1606,1713759.0244,2294691.2754
1607,1712847.7948,2295230.0411
1608,1704885.4523,2296054.0369
1609,1703896.1634,2297335.6737
1610,1702024.6794,2294683.6357
1611,1698212.2696,2290664.3628
1612,1696239.3928,2290921.1435
1613,1696245.6102,2290903.9828
1614,1699035.6918,2289049.3352
1615,1700269.0422,2290379.0471
1616,1744392.7113,2302641.7492
1617,1701471.4991,2298083.9981
1618,1701259.4109,2298271.5986
1619,1700764.0211,2298161.3439
1620,1714595.5272,2296577.1018
1621,1693378.3774,2292291.2906
1622,1747439.6057,2301608.7001
1623,1701285.6142,2299765.2368
1624,1701690.7695,2298367.6225
1625,1701531.0694,2298104.7611
1626,1714524.8482,2296891.7226
1627,1714833.5577,2298457.1599
1628,1724727.7587,2299188.2701
1629,1742257.7125,2303719.0298
1630,1744761.7697,2301195.2477
1631,1692882.7151,2304504.6916
1632,1692892.6313,2303970.8935
1633,1692770.6877,2303382.5381
1634,1692795.799,2303605.7788
1635,1731067.5006,2318145.9954
1636,1714939.4975,2310067.9978
1637,1718299.4999,2311173.9999
1638,1720189.499,2311440.0047
1639,1718978.4975,2315156.997
1640,1724683.4954,2314295.9963
1641,1727553.499,2314043.997
1642,1731809.4994,2288802.0043
1643,1726447.3686,2243818.1869
1644,1726539.3513,2244818.2764
1645,1726265.4982,2243931.9983
1646,1726440.8037,2243847.4099
1647,1726441.8243,2243842.867
1648,1724014.3972,2244474.3261
1649,1725528.4599,2244473.7218
1650,1723163.7562,2242440.0232
1651,1723374.0815,2242932.9899
1652,1723756.4895,2243708.381
1653,1722917.9771,2241527.1816
1654,1722907.9635,2241629.9066
1655,1723386.6742,2242939.0329
1656,1723696.5054,2243504.997
1657,1722909.1641,2241631.8274
1658,1722944.3155,2241050.2955
1659,1721780.9209,2241239.3051
1660,1722103.3963,2241090.8736
1661,1722589.5844,2240867.7786
1662,1722905.5052,2241005.9936
1663,1721624.0047,2241456.1731
1664,1720513.106,2241525.6815
1665,1720466.9697,2241431.4294
1666,1718005.7246,2240525.1405
1667,1717891.555,2240990.3065
1668,1716675.4988,2240319.9929
1669,1718374.3064,2242215.6491
1670,1715788.9594,2241601.8793
1671,1715774.8942,2241178.9285
1672,1714807.5215,2241345.9884
1673,1714358.3558,2241355.8983
1674,1714281.8485,2241328.3178
1675,1713899.9442,2240967.5294
1676,1712590.4412,2240630.467
1677,1712679.0242,2240650.2684
1678,1713384.2229,2240928.4508
1679,1713165.0512,2240862.2396
1680,1711593.5013,2240781.9987
1681,1708723.2875,2244400.2037
1682,1709823.749,2242862.1772
1683,1709986.9185,2242651.8215
1684,1711514.3577,2240809.9553
1685,1709846.8742,2242865.7469
1686,1708684.0658,2245501.2929
1687,1707853.7251,2246569.947
1688,1707169.4097,2247540.0251
1689,1706556.8528,2248177.1641
1690,1704439.3424,2248645.9915
1691,1703409.9688,2250324.5882
1692,1701670.6036,2253236.9211
1693,1701221.4524,2254899.7872
1694,1701253.6856,2256264.9684
1695,1699345.1077,2258022.9336
1696,1698744.5291,2258779.2978
1697,1695733.8723,2263274.9208
1698,1696723.0041,2260053.4549
1699,1695102.0704,2263633.7219
1700,1694828.2978,2263832.8793
1701,1691988.6927,2267117.985
1702,1692004.868,2268053.4513
1703,1692989.5254,2269843.3694
1704,1693083.9209,2270469.7141
1705,1701759.4454,2249787.7505
1706,1700694.4074,2249429.761
1707,1700075.7887,2249448.0813
1708,1699469.5638,2249421.9438
1709,1697665.5649,2249569.5923
1710,1697129.8055,2250348.1567
1711,1694959.7799,2254439.5927
1712,1692896.4287,2256032.183
1713,1694423.9217,2254913.9469
1714,1690867.4508,2259084.6904
1715,1690061.3456,2259578.0293
1716,1689339.5035,2260087.3354
1717,1687109.1755,2262447.6419
1718,1685172.8079,2262526.3924
1719,1683164.5341,2267768.1532
1720,1683637.052,2269935.4166
1721,1683762.8923,2271824.3164
1722,1708328.9349,2240809.4626
1723,1708721.6382,2240878.8393
1724,1709160.0721,2241136.8404
1725,1711588.8185,2240742.6197
1726,1708731.4072,2240875.3235
1727,1708119.6535,2240786.3443
1728,1706491.149,2240674.4003
1729,1706049.0018,2241150.2196
1730,1705540.2035,2242193.7956
1731,1705661.7733,2241935.8008
1732,1705607.1563,2241923.6898
1733,1705838.8556,2241454.863
1734,1703565.159,2242602.8296
1735,1701732.4266,2242471.5564
1736,1700710.0547,2241850.2332
1737,1698613.8267,2240981.6164
1738,1697368.3756,2240400.1959
1739,1695961.336,2240223.6565
1740,1695553.455,2239766.5813
1741,1695318.5612,2239647.8017
1742,1695434.5865,2239673.3149
1743,1695210.642,2239024.8307
1744,1694383.4732,2237413.2415
1745,1694235.4031,2237417.2837
1746,1691604.4633,2237440.007
1747,1690156.8053,2238512.9859
1748,1713941.852,2240641.0391
1749,1711829.5851,2238657.9348
1750,1700697.9206,2225192.7527
1751,1700885.8724,2226049.8436
1752,1700517.9444,2224159.0885
1753,1699165.454,2224075.8782
1754,1697785.4396,2226037.4572
1755,1695564.2058,2225245.8799
1756,1694604.955,2225474.8658
1757,1694429.6661,2225719.4382
1758,1693534.0736,2226631.2074
1759,1690903.192,2228515.9243
1760,1689631.4866,2230102.5257
1761,1688720.8783,2230648.9799
1762,1686806.9582,2230544.5415
1763,1685935.2587,2229463.7444
1764,1685212.9629,2230150.4292
1765,1700951.2475,2257566.861
1766,1701308.3011,2260164.9849
1767,1702506.5497,2263487.8368
1768,1702623.3702,2263763.1299
1769,1703179.1104,2265636.9538
1770,1720324.6751,2240714.8475
1771,1719704.3548,2239581.9316
1772,1719117.9942,2237868.8285
1773,1718838.6768,2237071.7659
1774,1719797.1491,2231783.1937
1775,1719772.235,2234162.8933
1776,1719181.4666,2236392.5896
1777,1718125.9695,2230428.6438
1778,1715873.8117,2229721.0326
1779,1716147.2532,2229456.6959
1780,1716344.7446,2229474.5696
1781,1699320.252,2221044.083
1782,1698520.884,2220442.895
1783,1697078.149,2220195.4784
1784,1695869.1353,2219461.9078
1785,1696238.0781,2219884.2664
1786,1696451.8688,2219839.6217
1787,1696239.0845,2218990.1328
1788,1698440.8917,2217141.5202
1789,1698644.8162,2217094.7097
1790,1703798.6578,2251294.3717
1791,1703694.1317,2252178.7689
1792,1703583.5069,2252697.1225
1793,1703641.2772,2254798.3436
1794,1703663.2796,2256180.5811
1795,1703848.9476,2257316.0176
1796,1703904.6811,2257853.1462
1797,1703919.8416,2258664.5468
1798,1704626.1772,2260708.5064
1799,1704314.6793,2262126.3282
1800,1700297.7366,2244599.0847
1801,1700350.905,2245271.579
1802,1701044.532,2245943.6564
1803,1700905.7146,2245800.2972
1804,1695138.1727,2260131.3523
1805,1692628.6512,2261111.6366
1806,1692624.1578,2261553.7063
1807,1705398.8278,2251927.3509
1808,1706282.1641,2257054.1996
1809,1706314.305,2257349.9494
1810,1690844.0744,2260584.3467
1811,1688751.4187,2265494.3588
1812,1688149.2173,2266891.2174
1813,1686410.1966,2268030.6834
1814,1686163.9647,2270131.1248
1815,1685467.2435,2271767.7911
1816,1694416.6786,2269274.621
1817,1693385.3884,2247888.9559
1818,1696721.7323,2228496.1888
1819,1695769.5241,2231362.353
1820,1696721.192,2228650.8207
1821,1695822.2659,2231568.054
1822,1698782.7261,2243061.5387
1823,1697581.137,2244681.886
1824,1697361.1193,2244824.7848
1825,1696535.2584,2249296.7598
1826,1695726.2297,2250143.5425
1827,1693922.1671,2249611.994
1828,1693450.9852,2249699.4596
1829,1692715.0671,2248071.4822
1830,1692846.5222,2248540.9686
1831,1691617.1688,2247417.6584
1832,1689122.0091,2248099.5654
1833,1720448.4928,2244859.1753
1834,1718689.073,2245114.265
1835,1720090.964,2245153.4242
1836,1720036.7397,2245141.2781
1837,1717795.8543,2245932.8723
1838,1717728.6805,2246615.7799
1839,1694496.76,2224572.4156
1840,1693116.2114,2223633.1376
1841,1692399.3884,2221054.2303
1842,1692110.221,2220867.1382
1843,1715642.3117,2243138.1708
1844,1715507.8421,2245002.2836
1845,1715569.5032,2244141.0417
1846,1715395.8309,2247482.9071
1847,1688084.7842,2236563.7017
1848,1689051.7221,2237026.2106
1849,1689639.7899,2238399.3088
1850,1689603.2654,2238577.2906
1851,1689612.3626,2239243.16
1852,1701499.3931,2235363.7654
1853,1701389.8365,2236973.3257
1854,1701446.3763,2235147.5353
1855,1716283.4171,2233740.7803
1856,1716710.4879,2232684.194
1857,1715264.1738,2233573.5268
1858,1717272.314,2231602.5529
1859,1726921.0664,2241709.4141
1860,1726886.4935,2241699.0778
1861,1726418.6251,2242198.1661
1862,1726238.0056,2243910.5351
1863,1726100.0762,2240083.152
1864,1726288.7048,2239805.1223
1865,1723070.6145,2245820.734
1866,1725259.554,2240422.9796
1867,1723707.5831,2243487.5686
1868,1725295.1201,2240228.8834
1869,1723707.4554,2243489.8799
1870,1724364.1907,2238299.8891
1871,1724356.2195,2238833.3823
1872,1722914.7566,2240985.9673
1873,1723497.48,2237970.0113
1874,1722557.897,2240848.6044
1875,1723653.3119,2237619.0738
1876,1719794.9232,2243550.983
1877,1719719.0235,2243833.1396
1878,1716120.2137,2237595.7221
1879,1716590.2616,2240327.1938
1880,1715435.4972,2237017.7457
1881,1714958.0528,2236541.1399
1882,1714554.2287,2237088.5867
1883,1713869.3599,2237182.286
1884,1714630.37,2238286.363
1885,1715434.7019,2234776.6763
1886,1716760.7632,2235062.3072
1887,1716721.2903,2235782.9537
1888,1713403.8559,2242738.0302
1889,1713136.6018,2243541.5585
1890,1713024.3737,2244345.4203
1891,1713129.2393,2243597.8945
1892,1712986.4176,2244712.1342
1893,1712851.923,2246216.992
1894,1711762.0354,2249570.6552
1895,1712438.1494,2244726.1354
1896,1711716.6984,2244208.19
1897,1711309.863,2244109.4636
1898,1711480.7154,2246595.5637
1899,1711438.0598,2246971.7197
1900,1708008.7118,2242139.0727
1901,1707518.2535,2243120.856
1902,1707852.2521,2242423.3411
1903,1702300.8823,2238907.5142
1904,1704932.1195,2240851.0896
1905,1701633.787,2240047.9366
1906,1701442.7896,2240375.5624
1907,1701014.5898,2238206.9616
1908,1700432.4707,2238036.6535
1909,1700187.276,2239230.7883
1910,1700068.0111,2239537.5188
1911,1700751.3597,2239564.9335
1912,1700015.5057,2240197.2341
1913,1699904.767,2237537.4578
1914,1699985.2096,2237043.838
1915,1703753.0574,2245604.5869
1916,1703926.1046,2245744.9896
1917,1702944.7824,2243273.7013
1918,1702327.5596,2244375.2983
1919,1701642.9754,2246227.6359
1920,1701392.1378,2246487.0076
1921,1699994.1864,2245683.2661
1922,1699965.0951,2246096.3716
1923,1699332.3605,2245335.4607
1924,1698782.5411,2246189.6491
1925,1695851.8384,2247336.899
1926,1695787.9473,2247404.0835
1927,1695336.6938,2248232.7544
1928,1695164.7518,2248614.3683
1929,1698682.4706,2243820.8223
1930,1698729.5518,2244169.4535
1931,1694506.3912,2243133.2849
1932,1694266.9145,2243809.4259
1933,1694291.6229,2241027.528
1934,1693331.6017,2242840.0965
1935,1691017.0944,2245607.1833
1936,1690333.4075,2246775.243
1937,1692453.7961,2245591.096
1938,1691950.2256,2245907.4254
1939,1689048.9709,2246229.6882
1940,1693668.8051,2240795.7614
1941,1693116.914,2241214.1907
1942,1692804.3558,2241554.3147
1943,1688960.9431,2244498.0393
1944,1688587.8678,2244339.6898
1945,1693304.5422,2240620.9992
1946,1692149.8199,2240798.9576
1947,1692983.7351,2240647.2664
1948,1691874.3457,2241052.8526
1949,1693067.266,2240104.5396
1950,1694067.8114,2239372.8181
1951,1694390.1261,2239443.673
1952,1692976.9933,2240244.5795
1953,1691208.2727,2239670.8585
1954,1692240.3593,2238971.0557
1955,1693790.7148,2237888.2287
1956,1694008.6756,2237660.9693
1957,1694008.3724,2237662.1403
1958,1689846.0032,2241059.0136
1959,1690499.0889,2239538.0068
1960,1689923.4641,2241550.7285
1961,1688326.4687,2243359.0405
1962,1690891.9599,2240285.4719
1963,1690632.5296,2239612.0216
1964,1690997.3269,2240791.2103
1965,1689229.423,2236173.8403
1966,1689107.8268,2236057.8507
1967,1694337.6345,2236661.0147
1968,1694639.9641,2236378.9399
1969,1697521.6931,2239668.2793
1970,1697490.2136,2240127.9563
1971,1698469.9852,2238154.5946
1972,1698535.5126,2237904.1815
1973,1696379.4333,2237412.9475
1974,1696365.7851,2237053.3078
1975,1706405.8319,2239275.159
1976,1707932.1954,2238826.3916
1977,1707512.5539,2239097.3623
1978,1707411.6978,2239444.7894
1979,1708144.351,2238558.9165
1980,1709599.8064,2246537.5549
1981,1710001.807,2248671.1746
1982,1709756.3135,2246611.8653
1983,1709156.1708,2247424.9736
1984,1707440.3368,2249080.2816
1985,1708463.5472,2252527.9791
1986,1708577.8888,2252802.7497
1987,1709171.2785,2250747.2446
1988,1709192.3988,2250930.3713
1989,1705689.4823,2252766.2241
1990,1706886.3373,2253180.4997
1991,1707815.6355,2255174.6599
1992,1706984.695,2255991.2305
1993,1705617.6788,2254452.8327
1994,1704777.9741,2255458.9334
1995,1704978.59,2255787.0761
1996,1704931.6941,2255742.4937
1997,1705144.9608,2255863.5962
1998,1705462.3397,2256154.8758
1999,1705133.2132,2257015.2845
2000,1705146.46810343,2257022.6732928
2001,1704826.1558,2257256.2461
2002,1705286.1828,2261351.7499
2003,1705314.0417,2261562.5819
2004,1703639.2213,2260800.2036
2005,1702767.1963,2258908.0866
2006,1703192.8019,2256424.3842
2007,1702637.5851,2258042.2646
2008,1703068.4401,2256506.7794
2009,1702282.2488,2258372.1223
2010,1702648.0067,2254789.4703
2011,1704874.5606,2262755.0552
2012,1701587.2381,2264919.3169
2013,1700709.5786,2260772.3239
2014,1700325.3074,2264601.6226
2015,1700636.9755,2265320.8317
2016,1699577.4465,2262253.04
2017,1699238.2576,2262456.1678
2018,1699997.5784,2259433.0317
2019,1699699.2058,2259626.8125
2020,1697770.8211,2261603.1391
2021,1698834.6775,2265001.8473
2022,1698996.3595,2266049.3705
2023,1698564.4426,2267364.5048
2024,1698201.6995,2267557.1824
2025,1697630.4347,2268660.7034
2026,1696915.9532,2270239.7154
2027,1697495.6764,2269531.28
2028,1699839.1461,2266924.5794
2029,1701462.107,2266995.121
2030,1702076.2647,2267161.1957
2031,1700219.2771,2268081.451
2032,1699904.2333,2268519.9481
2033,1699528.8838,2268953.3131
2034,1700806.8133,2269500.6542
2035,1698494.8356,2268969.1997
2036,1696805.9315,2268828.7763
2037,1696549.8546,2268900.7737
2038,1697381.2583,2267143.0216
2039,1697181.1619,2265402.8351
2040,1696307.0739,2264248.041
2041,1696546.1896,2264534.0752
2042,1695342.3534,2265566.3088
2043,1695712.7734,2265737.1057
2044,1695573.8719,2267140.4347
2045,1695817.172,2266247.7249
2046,1695892.105,2266106.9572
2047,1695510.7648,2267239.2379
2048,1692104.1251,2270251.0645
2049,1691447.5067,2266901.6426
2050,1691201.6267,2267490.9834
2051,1690480.2943,2268220.5737
2052,1690191.3672,2268851.5286
2053,1691174.709,2270987.1748
2054,1689699.0683,2268706.2689
2055,1688607.1002,2269956.9932
2056,1691059.1641,2266449.0068
2057,1690982.8593,2266033.7241
2058,1693411.1413,2262681.5013
2059,1698840.4971,2257172.3725
2060,1698854.3447,2256687.7876
2061,1699997.9414,2256174.3304
2062,1699866.4822,2256407.5269
2063,1700877.7949,2253494.7842
2064,1699152.791,2254220.9526
2065,1699045.7915,2255503.009
2066,1697093.4442,2256924.4307
2067,1697472.5422,2252120.0994
2068,1693672.1794,2256578.1685
2069,1693555.3501,2257084.6256
2070,1693944.1124,2257581.963
2071,1694020.9072,2258568.9237
2072,1692725.3706,2259607.1718
2073,1691743.3597,2263826.3542
2074,1691837.9018,2264861.7254
2075,1687909.8161,2267719.2097
2076,1687758.5566,2267995.172
2077,1687189.1845,2269429.3103
2078,1686284.8241,2270239.0407
2079,1686433.9641,2270277.1958
2080,1685759.0538,2267750.7323
2081,1685268.5119,2267351.5416
2082,1685280.7439,2266324.0151
2083,1685207.2998,2266023.2453
2084,1688699.9294,2262811.661
2085,1688356.7254,2263653.5071
2086,1686904.9556,2265094.9075
2087,1687339.1264,2263864.2041
2088,1684536.4529,2260891.6662
2089,1688462.4385,2259731.3171
2090,1688425.391,2258740.0143
2091,1686871.9569,2257668.4637
2092,1685557.1389,2260280.5726
2093,1688272.0902,2256999.4585
2094,1692581.2204,2255412.0991
2095,1692429.2186,2254578.9269
2096,1692718.2728,2254404.0858
2097,1691926.3195,2255500.9964
2098,1690561.5575,2255283.8714
2099,1688438.8868,2256079.3183
2100,1693373.0957,2253308.3824
2101,1693261.4585,2253451.5588
2102,1692376.218,2252055.4985
2103,1693069.1933,2250013.8021
2104,1693350.5649,2249674.7024
2105,1692616.1545,2250042.3559
2106,1692091.533,2250500.8429
2107,1690486.3484,2253154.085
2108,1688549.1344,2254221.1826
2109,1691266.4277,2253528.0399
2110,1689840.0071,2252162.0383
2111,1695164.48096384,2248620.37721948
2112,1701004.317,2247379.5252
2113,1701953.9174,2248776.601
2114,1702218.8697,2248218.8468
2115,1702866.8789,2247024.4419
2116,1701910.9809,2248198.1746
2117,1701689.6176,2248159.8573
2118,1706862.7201,2244204.972
2119,1706865.4403,2244019.2798
2120,1706765.2004,2243970.6475
2121,1706116.2823,2245360.5815
2122,1705740.0078,2245344.7343
2123,1705668.6919,2245444.2348
2124,1705285.4861,2245956.8479
2125,1705225.6604,2245993.3319
2126,1705053.2052,2246314.246
2127,1705188.6919,2246378.6253
2128,1704864.7165,2245978.277
2129,1704827.6909,2246248.1117
2130,1712102.2969,2242712.3559
2131,1712631.5444,2242216.5962
2132,1713119.2383,2240877.144
2133,1713144.9262,2240868.7941
2134,1713861.3041,2234858.2616
2135,1713948.8254,2235565.296
2136,1713065.5603,2236674.7779
2137,1713764.2582,2234702.7511
2138,1713821.2047,2233429.6995
2139,1712689.9031,2235383.8303
2140,1714065.2391,2233192.9269
2141,1711879.5896,2232534.1744
2142,1711104.4724,2233691.4465
2143,1712272.6649,2232451.4216
2144,1709751.3726,2229825.6074
2145,1709160.9705,2229727.8249
2146,1710702.8859,2229324.418
2147,1712730.0858,2228517.6565
2148,1712831.2603,2228723.9583
2149,1711645.9711,2227866.1071
2150,1711458.0542,2228348.9743
2151,1710055.2357,2230489.1815
2152,1710550.3437,2230227.1654
2153,1712360.6483,2228957.342
2154,1712079.9775,2229624.1802
2155,1711395.3736,2226038.7605
2156,1708492.9777,2227834.4349
2157,1711795.885,2226188.584
2158,1707512.5807,2223978.1666
2159,1707258.6107,2226395.3206
2160,1707786.2852,2223930.9814
2161,1706882.7047,2224282.5539
2162,1706815.8924,2226541.6317
2163,1706901.4021,2223893.287
2164,1695412.8885,2227008.973
2165,1695343.7194,2227287.4515
2166,1694617.0079,2228674.4388
2167,1694591.5328,2229012.3776
2168,1692733.3664,2228704.698
2169,1692790.4776,2230681.5467
2170,1692928.0316,2231380.6338
2171,1693015.0456,2231711.8965
2172,1693010.4857,2231978.3832
2173,1692351.9697,2234940.6392
2174,1692499.8728,2235030.9559
2175,1694317.1628,2229589.121
2176,1694659.4606,2229945.231
2177,1694571.8242,2230143.5656
2178,1693965.6705,2232739.8295
2179,1693947.0438,2233409.6582
2180,1691554.1242,2231604.6014
2181,1690487.4695,2233947.0942
2182,1688821.0642,2234759.4291
2183,1689610.8377,2235264.1341
2184,1690931.09461338,2230717.59724311
2185,1690922.3489,2230746.6516
2186,1690376.2473,2230822.8413
2187,1689712.5352,2230238.423
2188,1690007.2235,2230576.1897
2189,1689794.2579,2230453.1432
2190,1690228.3114,2230756.0941
2191,1688891.5351,2232134.2278
2192,1688782.5335,2232335.7044
2193,1685926.0544,2230323.9866
2194,1686039.8769,2230049.9895
2195,1689776.1088,2228136.0845
2196,1686112.6259,2228459.2627
2197,1689594.3231,2228187.7442
2198,1689771.4078,2228136.0385
2199,1685898.4669,2228305.1845
2200,1691356.9323,2224422.5192
2201,1690498.597,2223585.324
2202,1689983.2795,2225640.5184
2203,1690234.4554,2225496.6385
2204,1694818.5869,2221860.7653
2205,1693079.8622,2220005.7787
2206,1694808.7881,2221202.9241
2207,1694832.9666,2220987.9359
2208,1695823.9268,2222347.4359
2209,1696739.593,2222316.0136
2210,1695628.8855,2222154.9218
2211,1698473.3129,2219616.7271
2212,1698444.8759,2218645.2783
2213,1699288.1522,2218356.5479
2214,1698891.3935,2217873.0001
2215,1701934.5104,2222394.3177
2216,1701425.1689,2219997.6171
2217,1701054.3687,2219852.8987
2218,1700231.4833,2218433.47
2219,1704040.616,2222782.6506
2220,1704859.9658,2221408.0369
2221,1704881.3507,2219718.4642
2222,1701917.5847,2218771.1936
2223,1701353.5098,2218683.5246
2224,1704660.9606,2217474.5935
2225,1704430.4682,2217208.7043
2226,1704361.4564,2215929.2799
2227,1703380.4973,2213997.6121
2228,1703573.0752,2213709.5881
2229,1705380.2315,2212302.1162
2230,1706512.9532,2209763.6703
2231,1705530.1824,2211973.223
2232,1706330.7838,2209571.3663
2233,1702279.1363,2216768.4249
2234,1701563.505,2215857.8399
2235,1700201.8975,2216378.5003
2236,1700744.8966,2216456.304
2237,1699626.7859,2216820.8348
2238,1700018.8898,2216506.0203
2239,1700919.3804,2216507.9049
2240,1701508.4509,2217500.7228
2241,1701027.9102,2217373.7682
2242,1700337.6888,2217612.3375
2243,1699745.5101,2215252.306
2244,1701748.3919,2213989.1544
2245,1701967.0877,2212505.5896
2246,1701812.6512,2212573.8328
2247,1704128.7835,2210368.4399
2248,1705295.5969,2212194.2746
2249,1703984.0022,2210228.9748
2250,1705880.1888,2214871.3844
2251,1706637.0738,2214177.9436
2252,1707379.7539,2214134.4608
2253,1707991.0088,2214804.2712
2254,1708200.1,2215600.5335
2255,1707192.7472,2215861.0686
2256,1706338.3119,2221306.4462
2257,1707160.9981,2221052.4476
2258,1708735.644,2221989.6368
2259,1711359.8076,2221803.0129
2260,1709492.1587,2222738.6107
2261,1713305.555,2222759.9569
2262,1712963.705,2222463.1514
2263,1715435.0053,2222073.026
2264,1717996.5189,2223083.3793
2265,1718288.5501,2223510.7531
2266,1707734.8551,2219678.7284
2267,1708032.6958,2219088.6932
2268,1709658.1053,2218893.5523
2269,1710901.2024,2218582.7303
2270,1711535.9743,2218099.9385
2271,1711375.8875,2218226.8948
2272,1712477.3412,2218326.0128
2273,1712573.5009,2218185.9999
2274,1714064.5037,2218551.985
2275,1712709.4257,2218131.155
2276,1714573.2648,2218841.4676
2277,1707099.3749,2218064.632
2278,1707396.0226,2217878.2422
2279,1709215.65,2217363.9811
2280,1707968.6921,2218067.4253
2281,1711596.9547,2219284.0683
2282,1710987.2034,2218625.5735
2283,1711689.823,2219816.579
2284,1710663.053,2216570.9267
2285,1709434.524,2215867.3705
2286,1709049.7766,2215551.7663
2287,1709227.599,2215740.4609
2288,1709098.0783,2215297.4889
2289,1712807.2039,2217554.6046
2290,1712540.892,2218064.6334
2291,1714982.3309,2216604.9304
2292,1714763.6998,2216855.2935
2293,1713000.4848,2216666.0913
2294,1713795.9596,2215972.4597
2295,1709952.2948,2221095.934
2296,1710175.4382,2221360.1794
2297,1710043.1233,2225014.9615
2298,1709316.2135,2223255.8333
2299,1710188.0672,2225036.8469
2300,1712771.9769,2224501.4127
2301,1712024.3499,2222702.0635
2302,1712981.4874,2224650.5568
2303,1707003.7207,2222714.6556
2304,1707214.3928,2223070.5734
2305,1705402.9914,2224027.1634
2306,1705722.9714,2224472.7404
2307,1699295.496,2228649.4965
2308,1701325.6339,2226713.2808
2309,1698370.4322,2229203.3854
2310,1698689.98,2228597.2425
2311,1698208.2299,2229482.3128
2312,1696496.9478,2231517.5662
2313,1697449.2609,2230875.2959
2314,1697203.1532,2229286.8561
2315,1698718.2766,2228527.4421
2316,1700980.9331,2229834.1502
2317,1702967.1185,2227652.199
2318,1700910.2253,2229897.2357
2319,1700910.6358,2229900.1463
2320,1700327.5628,2230760.043
2321,1700462.712,2230451.5505
2322,1699698.6568,2231785.7457
2323,1700788.6841,2230085.4811
2324,1699129.6024,2234038.7788
2325,1699191.9842,2233708.9896
2326,1698624.6163,2234923.8966
2327,1703033.3854,2231708.0747
2328,1702660.9228,2231371.5689
2329,1702334.6339,2231422.8898
2330,1702659.6752,2231368.6563
2331,1702796.4883,2231986.274
2332,1698121.5194,2233216.0194
2333,1698125.7442,2233216.86
2334,1697344.4619,2234523.5722
2335,1697979.8687,2233562.306
2336,1699096.0744,2232434.3342
2337,1697475.3495,2234819.9233
2338,1705805.3884,2229240.3955
2339,1706551.4751,2228830.5226
2340,1705693.1882,2229409.7163
2341,1704591.2517,2230391.5151
2342,1705460.2099,2229471.1431
2343,1704296.9646,2230625.5964
2344,1705157.3658,2228549.4273
2345,1706259.4018,2231490.895
2346,1706869.6054,2231885.0203
2347,1706222.251,2231448.6167
2348,1705662.0745,2230921.2745
2349,1704017.8437,2232512.5344
2350,1704216.0366,2232480.1802
2351,1705607.8053,2232362.1531
2352,1705268.4675,2232706.935
2353,1705131.6073,2234300.0277
2354,1705916.1259,2233657.3935
2355,1705003.1522,2234547.0929
2356,1704937.9346,2234768.7039
2357,1704988.6946,2234690.7351
2358,1704036.8358,2236104.1305
2359,1704042.0902,2237298.4351
2360,1703932.3641,2236765.5188
2361,1704055.9823,2236462.3615
2362,1704127.3135,2237579.4554
2363,1704472.7079,2238284.9263
2364,1704218.8753,2238546.2765
2365,1705915.4704,2234609.1732
2366,1706842.2796,2233625.5204
2367,1705727.4545,2235134.1624
2368,1705563.7392,2237306.0604
2369,1705362.88,2236401.6736
2370,1705336.3881,2236193.9171
2371,1708000.4005,2234472.6937
2372,1708417.8779,2234130.3689
2373,1707836.7917,2234777.2616
2374,1707150.5599,2235686.6609
2375,1706942.8132,2235863.5842
2376,1706846.7873,2238006.6081
2377,1708090.0815,2236754.6344
2378,1708246.1523,2236611.072
2379,1709226.8288,2235956.3793
2380,1706027.2469,2238986.8329
2381,1709082.1774,2237251.7865
2382,1709945.4008,2236799.1346
2383,1708162.7048,2237991.0036
2384,1710400.5225,2238509.28
2385,1710635.437,2238359.708
2386,1710189.1265,2238727.0741
2387,1709753.8628,2239068.0396
2388,1709305.4568,2239791.7777
2389,1715441.0572,2240776.4028
2390,1715572.1939,2240640.3886
2391,1715872.3574,2240846.4728
2392,1716115.6744,2240717.1317
2393,1715810.2597,2240860.8479
2394,1716178.5019,2240662.9971
2395,1718113.5105,2242866.0432
2396,1718367.9708,2242235.4042
2397,1716909.9256,2244334.2681
2398,1717426.1416,2243549.5612
2399,1717926.8102,2243008.0239
2400,1718114.1793,2242872.8522
2401,1718532.5236,2234416.1631
2402,1718891.5665,2234034.505
2403,1717523.3347,2233243.5618
2404,1716283.9991,2231505.198
2405,1713506.7053,2227260.9506
2406,1713542.0573,2226686.2475
2407,1714598.8414,2231428.0095
2408,1714468.2155,2232209.6857
2409,1721076.7832,2235713.6358
2410,1721181.2077,2238463.212
2411,1721258.9841,2237929.559
2412,1722162.675,2237538.2703
2413,1722056.1869,2237934.3284
2414,1722038.1088,2239496.7604
2415,1722008.7044,2239721.092
2416,1705057.2346,2233032.7564
2417,1705205.8379,2233026.1745
2418,1704383.3657,2233267.0861
2419,1703922.2946,2232887.4606
2420,1703300.3929,2232792.3127
2421,1702880.327,2232788.866
2422,1702594.5881,2233148.0641
2423,1701608.1416,2234097.5462
2424,1703861.7483,2234145.9659
2425,1701179.8117,2233780.2078
2426,1701034.4182,2233139.7525
2427,1700880.6448,2232783.283
2428,1687569.1856,2238773.5326
2429,1689378.5945,2238729.637
2430,1697760.7643,2258743.3304
2431,1718400.065,2242218.9532
2432,1718579.0561,2242285.1569
2433,1718382.6525,2242216.001
2434,1718843.9495,2242649.4
2435,1718915.9153,2242685.702
2436,1719078.9297,2242580.4022
2437,1688379.0086,2242043.8185
2438,1689558.5211,2239482.577
2439,1720048.5027,2241303.9
2440,1689034.5798,2241178.9333
2441,1726997.172,2240288.561
2442,1704955.4325,2228025.0023
2443,1695996.7462,2256201.9849
2444,1695902.4975,2256795.8236
2445,1697090.83052288,2256946.75854633
2446,1705972.501,2241223.0037
2447,1711963.8709,2237415.6207
2448,1711835.0995,2237292.3978
2449,1711814.8786,2237227.6054
2450,1709353.5001,2233950.0032
2451,1710515.5051,2234719.9961
2452,1711285.498,2235840.0004
2453,1712083.4967,2236344.0002
2454,1710812.1901,2235840.0006
2455,1710753.5013,2235867.9992
2456,1703732.5002,2226928.9996
2457,1706818.9993,2227487.246
2458,1701359.5034,2226697.9957
2459,1707589.5021,2228237.9984
2460,1707421.505,2229105.9935
2461,1708135.5024,2229889.993
2462,1706864.7348,2226913.9039
2463,1708065.5028,2232270.0012
2464,1708443.4959,2233081.9923
2465,1707463.5031,2233082.0023
2466,1693393.5022,2249643.9913
2467,1690607.5006,2239297.9972
2468,1690579.497,2239493.9943
2469,1705377.4989,2212263.9982
2470,1709283.5012,2222665.9999
2471,1712265.4992,2222358.0028
2472,1710935.4948,2218563.9964
2473,1698839.4981,2228560
2474,1699343.5045,2232325.9929
2475,1704939.4711,2234573.4334
2476,1704383.3805,2234153.9659
2477,1705241.8727,2232745.6474
2478,1689900.7437,2239209.9951
2479,1703552.3655,2236338.4048
2480,1728720.1145,2189725.4785
2481,1727595.4958,2188379.9962
2482,1729149.5021,2190255.9961
2483,1735057.4955,2195743.9941
2484,1731543.4996,2192299.9937
2485,1731123.5029,2192173.9931
2486,1736314.0079,2199895.9405
2487,1738291.4955,2202898.005
2488,1738445.497,2201847.9949
2489,1738291.4999,2201609.9961
2490,1739986.9897,2204900.513
2491,1738252.858,2202992.8977
2492,1738257.4938,2202989.8321
2493,1741863.1834,2207003.0084
2494,1743591.6481,2209736.4738
2495,1744231.5761,2210049.219
2496,1744308.9949,2210324.0879
2497,1744260.0089,2211261.1239
2498,1744417.0297,2211732.5757
2499,1744551.6281,2212086.026
2500,1744580.4689,2212187.0897
2501,1744562.423,2212301.1911
2502,1744539.6037,2212356.4466
2503,1745023.8547,2212946.4846
2504,1745089.7222,2214130.0478
2505,1745902.5369,2215393.1173
2506,1748139.1539,2216988.4014
2507,1748804.3957,2217921.311
2508,1748937.0932,2217883.0183
2509,1750397.0572,2219313.2013
2510,1750983.7668,2220330.7309
2511,1751194.0112,2220475.3856
2512,1752575.5433,2221543.7601
2513,1753012.9769,2222492.2671
2514,1753197.0828,2222862.8691
2515,1754304.8815,2223468.571
2516,1754889.4626,2222835.0827
2517,1755431.7363,2225243.9243
2518,1755945.9641,2227245.6095
2519,1755870.8949,2227935.2329
2520,1756115.6062,2229544.1157
2521,1756248.7885,2230092.2047
2522,1756764.4655,2230901.2491
2523,1739299.5013,2206341.9971
2524,1737997.496,2204829.9958
2525,1737311.501,2204521.9931
2526,1736835.4975,2203597.998
2527,1741630.5007,2209835.001
2528,1741875.499,2210388.0003
2529,1744115.4975,2218437.9944
2530,1743317.5023,2214419.9961
2531,1744017.4936,2218564.0009
2532,1743443.4967,2218899.9932
2533,1743401.4971,2220551.9982
2534,1744381.5005,2222694.0038
2535,1743849.4983,2221895.9946
2536,1744801.4948,2226277.9943
2537,1744248.4992,2224002.9992
2538,1746537.5009,2228727.998
2539,1747321.5025,2229637.9958
2540,1746873.4985,2230253.994
2541,1746894.5018,2230695.0015
2542,1749155.5012,2232423.9926
2543,1748903.4977,2231850.0026
2544,1748525.5024,2231429.9917
2545,1748147.5018,2231345.9965
2546,1749176.4976,2233200.9952
2547,1753978.4994,2236378.9993
2548,1750975.5016,2234523.9972
2549,1750261.5023,2234215.9935
2550,1754643.494,2236931.9977
2551,1754048.2496,2236384.3636
2552,1754943.6531,2238553.1572
2553,1754908.1086,2237951.2569
2554,1756086.2385,2239889.1722
2555,1756193.2109,2240178.9955
2556,1756293.6166,2240067.9824
2557,1756252.9041,2240347.6583
2558,1756534.1999,2240779.8457
2559,1756530.7706,2240794.8307
2560,1756549.6016,2240972.5335
2561,1757112.1244,2241159.0424
2562,1757073.6673,2241315.7561
2563,1757059.4277,2241604.1088
2564,1757010.9755,2241748.0197
2565,1757446.2591,2242648.9131
2566,1757572.5401,2242809.145
2567,1757882.7086,2243171.7292
2568,1757954.2226,2243277.4115
2569,1758029.8615,2243410.3177
2570,1758137.2691,2243539.9748
2571,1758532.2908,2244074.3217
2572,1758611.6924,2244213.3344
2573,1758737.0728,2244467.9527
2574,1758752.544,2244626.4861
2575,1759209.717,2245590.1243
2576,1759251.5177,2245712.6552
2577,1759390.125,2246734.7482
2578,1759419.9242,2246796.7363
2579,1759425.0841,2246887.2314
2580,1759433.3263,2246941.6568
2581,1759486.9929,2247227.1325
2582,1759915.3065,2248294.4729
2583,1759972.0784,2248396.7808
2584,1760184.2876,2248905.0232
2585,1760276.1286,2249871.7324
2586,1760717.2162,2251414.7907
2587,1760748.4293,2251674.1192
2588,1760748.5792,2251831.7561
2589,1760754.8147,2252098.493
2590,1760907.423,2252776.9844
2591,1761072.2699,2252972.2833
2592,1764848.8717,2260547.4417
2593,1764757.4029,2260347.9244
2594,1765121.272,2260728.3444
2595,1765050.4794,2260706.4907
2596,1765050.3765,2260687.3493
2597,1766439.4501,2263675.2442
2598,1767238.4864,2266081.2233
2599,1759442.8016,2255820.2146
2600,1759653.2158,2255624.053
2601,1759167.3866,2259161.4418
2602,1759358.5064,2263166.0995
2603,1759871.956,2248450.0548
2604,1758848.4572,2249193.1483
2605,1758809.2016,2249262.9741
2606,1758702.8342,2249309.5687
2607,1758100.8256,2249962.5593
2608,1757376.1766,2250156.6561
2609,1757388.5121,2250125.3469
2610,1756995.7151,2250621.2746
2611,1756691.3563,2250911.5358
2612,1756250.3617,2251900.7916
2613,1755768.05,2251906.035
2614,1755580.4134,2251923.5161
2615,1754624.4212,2252382.5108
2616,1754268.9476,2252884.1459
2617,1754152.3359,2253325.2791
2618,1754815.1094,2254430.4759
2619,1754142.509,2254962.1699
2620,1753027.8693,2257911.7717
2621,1752962.9813,2258692.8022
2622,1753888.271,2260380.7432
2623,1753893.1958,2260641.8886
2624,1753930.4457,2261564.4814
2625,1753415.6681,2264131.0697
2626,1753486.86,2264882.7833
2627,1753095.35,2266311.3272
2628,1753483.8893,2270515.8103
2629,1753692.9139,2266978.593
2630,1753452.1118,2270926.1268
2631,1752249.9254,2278330.1873
2632,1752182.4394,2278432.923
2633,1752136.1074,2278703.3119
2634,1752233.3435,2281421.2981
2635,1750876.2527,2283768.3322
2636,1749615.8684,2285047.6442
2637,1747311.058,2288075.7223
2638,1747308.2813,2288084.0167
2639,1746899.9242,2288504.1814
2640,1747107.0071,2288288.9851
2641,1749377.5675,2296790.5808
2642,1746257.0249,2294797.9938
2643,1749346.3492,2297413.5609
2644,1749812.9872,2299604.9421
2645,1754074.1076,2303265.1752
2646,1754297.738,2303305.7898
2647,1754481.0562,2303171.8263
2648,1754680.5483,2303125.5472
2649,1760023.1285,2308690.8964
2650,1763727.7237,2310194.9963
2651,1749487.0466,2303394.9535
2652,1752588.5712,2306921.1292
2653,1753976.1336,2308606.0811
2654,1756313.4394,2309870.0326
2655,1756585.3661,2310261.3876
2656,1762026.9816,2312672.7501
2657,1758284.119,2311210.399
2658,1757994.0308,2311143.4405
2659,1757362.2294,2310997.5725
2660,1757281.5855,2310978.9541
2661,1751893.0011,2271872.071
2662,1751726.3583,2272272.5375
2663,1751454.1462,2273507.6354
2664,1751817.602,2272642.7105
2665,1751731.1767,2272278.5301
2666,1750132.7566,2276829.4723
2667,1750331.9579,2275992.6656
2668,1748942.741,2278954.8459
2669,1747836.7369,2280090.9634
2670,1747444.9162,2280795.6714
2671,1747426.8647,2281406.0373
2672,1747230.3078,2281812.7313
2673,1746792.3167,2282245.5822
2674,1746808.9008,2282987.2972
2675,1748465.3898,2269903.2445
2676,1749617.8171,2270689.6306
2677,1749821.1597,2270841.2049
2678,1749817.2371,2270831.0107
2679,1747666.888,2270713.2575
2680,1748124.1414,2270297.8939
2681,1749629.4496,2270686.9621
2682,1747572.58,2271453.311
2683,1747484.1074,2272066.0161
2684,1746136.3662,2272913.1121
2685,1746255.577,2273421.0102
2686,1751465.499,2239871.9984
2687,1751150.5045,2240018.9955
2688,1750597.503,2239997.9968
2689,1749011.8638,2241044.2785
2690,1748992.7016,2241135.2981
2691,1748399.4953,2243624.0047
2692,1748714.4937,2243645.0042
2693,1748833.4973,2243525.9988
2694,1747517.5044,2242755.9918
2695,1748987.502,2241159.996
2696,1746961.953,2244252.0625
2697,1747471.5383,2242763.0501
2698,1746760.1549,2244550.4072
2699,1746339.9274,2245334.9777
2700,1746200.3345,2246547.8467
2701,1746302.5553,2246610.3149
2702,1746873.1932,2247093.6262
2703,1744155.9606,2254166.2902
2704,1744265.4116,2253967.8838
2705,1743848.2344,2254464.2772
2706,1743406.2356,2254658.4498
2707,1741733.3015,2256364.8144
2708,1741562.5476,2257006.1205
2709,1741587.5148,2257158.7699
2710,1741596.3627,2258321.022
2711,1739225.0741,2268576.0518
2712,1739150.7392,2267863.71
2713,1739551.0225,2269857.0342
2714,1740467.7408,2271796.3639
2715,1741891.2937,2273430.4434
2716,1742866.0841,2274620.0793
2717,1743819.988,2275765.5076
2718,1743135.4376,2274912.8475
2719,1742939.5727,2274694.6763
2720,1743137.2403,2274904.9569
2721,1744734.7034,2278280.6723
2722,1742628.3151,2282169.5527
2723,1742554.9703,2283213.6846
2724,1742394.7979,2283563.0435
2725,1742268.8027,2283830.9399
2726,1742011.7831,2284026.8249
2727,1740717.857,2275719.7602
2728,1741958.5247,2287651.5704
2729,1739109.3405,2271434.3902
2730,1737344.4571,2274095.9323
2731,1738473.269,2272109.5832
2732,1738741.9578,2272007.5504
2733,1737178.8125,2274714.6462
2734,1737191.8159,2277323.6891
2735,1737133.0661,2278041.1025
2736,1738020.6968,2267051.968
2737,1739269.4417,2264454.7188
2738,1737131.8521,2267095.2402
2739,1736641.4597,2267480.5062
2740,1735359.1197,2270180.2864
2741,1734371.1242,2271977.9855
2742,1734098.0372,2272488.4527
2743,1733411.1088,2275516.7918
2744,1733448.6989,2274892.7854
2745,1733359.7859,2274759.8397
2746,1733591.7257,2275896.1782
2747,1740990.036,2258247.0286
2748,1740383.1081,2259354.1613
2749,1740802.734,2258664.0898
2750,1740992.0336,2258251.0166
2751,1738470.7097,2262623.2071
2752,1739124.8769,2262062.2962
2753,1738395.1853,2262740.0183
2754,1736460.0274,2262722.7288
2755,1738265.5848,2262718.6024
2756,1733948.7759,2265677.7447
2757,1734257.168,2265251.3443
2758,1732138.9553,2269578.5437
2759,1732478.4267,2267836.324
2760,1731524.6878,2270465.9527
2761,1731839.1137,2273445.1041
2762,1732309.7882,2273719.4407
2763,1744612.5019,2241684.9959
2764,1743723.4977,2242602.0027
2765,1743163.4966,2243553.9916
2766,1742449.4997,2243624.0009
2767,1741833.5042,2243021.9953
2768,1741553.4963,2242125.9982
2769,1733665.2118,2245589.5694
2770,1733546.4053,2245394.6855
2771,1733554.4534,2245376.7891
2772,1733559.4962,2245331.9929
2773,1734502.3462,2248976.2494
2774,1734428.5336,2248376.4106
2775,1734465.8926,2248154.4003
2776,1734672.9783,2249994.0569
2777,1734371.833,2251120.4839
2778,1735136.5633,2251957.5185
2779,1735090.35,2252871.1488
2780,1734834.3806,2255399.0554
2781,1734513.5553,2256807.0982
2782,1731732.0788,2261609.5009
2783,1732017.5131,2261296.0331
2784,1731963.4986,2245569.9971
2785,1732929.4993,2245401.9996
2786,1731753.4993,2245709.9986
2787,1730549.4977,2245415.9913
2788,1729892.7003,2247354.2449
2789,1730497.974,2245409.0143
2790,1730004.2952,2250416.5272
2791,1731063.346,2257247.8109
2792,1730695.2785,2254644.4816
2793,1730870.3206,2257495.5494
2794,1730668.5386,2258182.3195
2795,1729717.8981,2260020.1626
2796,1730029.5965,2260151.0003
2797,1730229.8753,2260603.1623
2798,1730088.7391,2262028.0901
2799,1729005.1137,2261617.737
2800,1729655.7545,2262342.3141
2801,1729809.4273,2262245.8133
2802,1729804.9308,2262242.8714
2803,1729338.5041,2244512.9967
2804,1729961.4951,2244715.995
2805,1733083.6951,2243084.706
2806,1733703.0962,2245136.0764
2807,1733762.4957,2245156.9906
2808,1733260.5462,2241890.7301
2809,1732668.9796,2241397.293
2810,1732818.6277,2240735.3683
2811,1731942.7389,2239452.9578
2812,1732041.6969,2239312.5371
2813,1731951.6867,2239150.4047
2814,1731827.4342,2239151.1962
2815,1730482.2605,2238846.9946
2816,1729914.1741,2238329.9231
2817,1729778.3912,2237981.5236
2818,1730002.0305,2237152.5199
2819,1730960.1302,2235898.848
2820,1730954.3712,2235078.3374
2821,1729040.6811,2230251.3056
2822,1728893.7976,2231407.2329
2823,1725293.0495,2230364.9222
2824,1724123.4105,2230177.3325
2825,1723756.368,2229935.3527
2826,1723000.2335,2230070.9512
2827,1722502.0858,2229965.0042
2828,1720409.3892,2226784.4155
2829,1719708.2158,2225470.5771
2830,1717841.9299,2226297.7324
2831,1716117.4599,2225529.4786
2832,1715967.5621,2223945.0401
2833,1715860.8047,2224076.0277
2834,1745426.7151,2230604.0782
2835,1746814.5131,2230227.0652
2836,1745046.4676,2230468.2512
2837,1744410.2029,2230870.6354
2838,1742809.6835,2232646.2923
2839,1741814.8341,2233022.7357
2840,1741558.114,2232946.3425
2841,1740563.3416,2232556.0814
2842,1739053.6954,2231870.8784
2843,1738906.8313,2231937.4555
2844,1738381.0163,2232194.0738
2845,1743768.8156,2226274.9113
2846,1743848.0285,2226256.0462
2847,1744750.8635,2226320.9245
2848,1743119.7429,2227420.1496
2849,1743051.4957,2227524.0012
2850,1743117.0833,2227430.5203
2851,1742948.9234,2227707.1531
2852,1742999.8098,2227550.5925
2853,1742561.3055,2227924.1472
2854,1742090.4115,2227366.0719
2855,1740304.6169,2227605.7476
2856,1741904.5738,2227410.7137
2857,1739789.9215,2227287.2117
2858,1737697.1907,2227706.8991
2859,1735981.8472,2230824.5575
2860,1733863.3802,2232763.8782
2861,1738503.7731,2225956.5968
2862,1737783.3247,2226148.2067
2863,1737371.1681,2226233.5888
2864,1736849.9655,2226378.3321
2865,1734261.9253,2225044.7407
2866,1734400.4331,2226638.4806
2867,1734679.6567,2227129.6367
2868,1734618.5478,2227102.7005
2869,1735190.6772,2228676.2977
2870,1734969.2227,2228844.1591
2871,1734626.7486,2228472.63
2872,1735916.943,2201663.4889
2873,1735932.6641,2201593.508
2874,1735561.1057,2201715.3207
2875,1736408.7359,2202131.9374
2876,1736499.5018,2202085.9977
2877,1734282.8003,2204330.4914
2878,1733383.0256,2208686.2194
2879,1733591.8562,2211152.7382
2880,1733692.2821,2211566.538
2881,1733668.0392,2211537.4465
2882,1733870.0532,2211839.1764
2883,1733955.9021,2211917.3615
2884,1733600.5479,2213659.6057
2885,1734214.5241,2213081.5144
2886,1731864.2483,2215885.0807
2887,1732717.303,2213983.714
2888,1732019.89,2216599.5454
2889,1732411.6874,2220802.7871
2890,1732297.4777,2220622.0283
2891,1731880.4021,2219632.1816
2892,1732201.9009,2220519.0001
2893,1732539.1951,2220878.918
2894,1732435.0264,2220905.2565
2895,1731825.5401,2221851.9422
2896,1731297.9677,2223830.8001
2897,1730613.7038,2223792.5423
2898,1730853.2743,2223887.9808
2899,1731049.761,2223911.2018
2900,1730919.8785,2223908.0907
2901,1735291.5843,2201279.8435
2902,1733829.6941,2200239.6412
2903,1733548.2492,2200413.073
2904,1732782.4442,2200801.2358
2905,1727749.1451,2201646.3518
2906,1727829.0001,2202029.029
2907,1726993.8769,2203490.9808
2908,1726464.247,2204105.0537
2909,1723942.318,2206389.85
2910,1726162.7757,2204657.2005
2911,1726316.4091,2204373.9122
2912,1723725.967,2206375.6721
2913,1723375.6399,2206279.0622
2914,1723102.2921,2207029.0667
2915,1722279.9994,2207554.1127
2916,1721300.3248,2208274.9846
2917,1721174.1141,2208354.4104
2918,1720565.3014,2208987.4828
2919,1720481.5156,2209246.9872
2920,1720504.1495,2209388.5204
2921,1720464.5013,2211185.4318
2922,1721420.7562,2212246.7292
2923,1723742.4927,2212594.5748
2924,1723891.5417,2212609.4797
2925,1723939.3717,2212557.1799
2926,1724491.4291,2214087.2027
2927,1724488.3093,2214112.7522
2928,1723986.6883,2214948.2078
2929,1724899.7223,2217545.5759
2930,1724145.6886,2220923.9694
2931,1724696.6247,2218860.8338
2932,1727189.4944,2188407.9992
2933,1727219.0435,2188411.6862
2934,1726811.4976,2188785.999
2935,1723652.7417,2186811.0176
2936,1725863.3035,2188394.2121
2937,1726001.2399,2188805.6696
2938,1726372.4648,2189109.1
2939,1722386.7831,2188814.7364
2940,1722463.6099,2188331.7318
2941,1722736.4303,2188115.8484
2942,1720348.1876,2191771.1553
2943,1722088.8931,2188934.5844
2944,1722254.4384,2188863.9338
2945,1722249.2001,2188861.9423
2946,1719164.7644,2194211.536
2947,1720339.4173,2191796.3502
2948,1718545.0708,2195194.0118
2949,1718516.9257,2195308.474
2950,1718713.3413,2197134.7455
2951,1717490.743,2199197.8307
2952,1717154.8031,2200170.1161
2953,1716149.9103,2201570.4394
2954,1715399.7248,2202605.0353
2955,1715485.3639,2203031.0134
2956,1715208.6039,2204651.7065
2957,1714509.5432,2205387.9466
2958,1713771.2036,2206461.8819
2959,1713043.0684,2207832.6628
2960,1712666.4508,2208405.4102
2961,1722600.3096,2186100.7722
2962,1723389.4166,2187088.232
2963,1717497.3806,2183325.9833
2964,1715977.6861,2181896.9324
2965,1715656.4861,2180579.8831
2966,1715378.5776,2180271.9838
2967,1714459.2561,2178613.1442
2968,1707679.4524,2177844.8754
2969,1710139.964,2177663.3719
2970,1706277.7058,2181954.0241
2971,1706006.0686,2183407.9508
2972,1745887.5678,2215539.4199
2973,1747913.9919,2221438.6109
2974,1748203.935,2221687.9572
2975,1748323.9322,2222655.1778
2976,1748105.6795,2223460.4904
2977,1748733.9511,2225083.4574
2978,1748768.957,2225443.2374
2979,1749100.7965,2226090.6695
2980,1749345.2435,2226873.2392
2981,1752112.2672,2228493.7289
2982,1751429.2431,2227704.1165
2983,1754007.2763,2224023.1897
2984,1754700.8991,2228437.3051
2985,1755034.5993,2227205.168
2986,1736709.2365,2198136.5918
2987,1735528.2686,2196111.7048
2988,1740459.7726,2202546.396
2989,1743161.6083,2204105.4326
2990,1738442.2068,2275989.4788
2991,1744113.5831,2255944.409
2992,1743885.6738,2256987.5532
2993,1745663.946,2260689.0044
2994,1746976.0245,2261737.9631
2995,1752698.8431,2254319.2015
2996,1750414.74,2256218.3654
2997,1750413.4111,2256227.8887
2998,1750145.5344,2257010.4521
2999,1750175.6017,2256641.707
3000,1750242.2756,2257198.0771
3001,1749959.2793,2259237.3115
3002,1750220.3091,2259735.7121
3003,1750782.9242,2260442.3437
3004,1728816.6551,2255658.2739
3005,1730336.3171,2252515.6813
3006,1728740.1042,2255882.4892
3007,1728620.1215,2256333.1259
3008,1749196.8217,2309392.9516
3009,1749175.4555,2309113.6423
3010,1743199.4127,2246421.2105
3011,1743173.3524,2243619.3061
3012,1743072.2309,2246812.5246
3013,1742996.1922,2246965.9902
3014,1742681.3224,2247307.0308
3015,1742668.3784,2248165.1975
3016,1742578.2895,2248895.6635
3017,1736350.9555,2272176.0188
3018,1737828.9065,2269239.6416
3019,1737825.0897,2269073.4253
3020,1741181.3124,2243809.7841
3021,1741775.737,2243009.4549
3022,1740685.0475,2244141.3254
3023,1738957.5957,2245654.3451
3024,1738841.4741,2246465.5848
3025,1739392.2429,2251291.7292
3026,1739456.2185,2250539.6171
3027,1739148.6152,2252060.9816
3028,1739137.6835,2252097.8896
3029,1738829.092,2253120.2436
3030,1738221.4553,2254287.6204
3031,1737932.5729,2254707.9876
3032,1737822.6652,2255011.2793
3033,1735361.0253,2266361.7485
3034,1735192.3806,2266570.3676
3035,1765146.7697,2264495.3775
3036,1763596.6869,2265955.461
3037,1760764.9511,2266720.9574
3038,1763526.7143,2265944.709
3039,1759910.6518,2265932.0108
3040,1749575.4562,2285269.49
3041,1750040.1672,2287140.4075
3042,1749973.5511,2290859.0547
3043,1749185.1977,2291398.1415
3044,1741287.6658,2221769.9224
3045,1741714.4025,2221551.2671
3046,1743337.0491,2220535.5935
3047,1740535.5374,2222387.6865
3048,1739768.6339,2222647.615
3049,1739080.944,2223597.6782
3050,1738434.4246,2223976.7043
3051,1738044.496,2223975.2196
3052,1737268.6769,2224377.5125
3053,1719687.0899,2212943.5293
3054,1719157.3116,2214263.4849
3055,1719035.6151,2215433.0841
3056,1717478.6975,2217894.7673
3057,1718861.5991,2219717.9087
3058,1719235.1226,2220092.636
3059,1745048.6922,2239311.9425
3060,1748919.3821,2241178.1103
3061,1742399.3061,2239792.3794
3062,1717519.3275,2196190.7342
3063,1714637.4377,2195130.9932
3064,1713918.0854,2194893.7419
3065,1713745.1294,2194778.6164
3066,1713196.0722,2194926.1093
3067,1713649.8957,2194787.4089
3068,1712979.0451,2195290.1144
3069,1719069.3991,2180303.6633
3070,1722734.8691,2184122.4977
3071,1719191.6857,2180146.9487
3072,1719178.8687,2179666.6208
3073,1716758.8505,2174901.0489
3074,1716329.4967,2174554.5087
3075,1716179.4931,2174322.0331
3076,1716180.2062,2174377.2896
3077,1716324.9617,2174493.1684
3078,1716152.9231,2174184.9898
3079,1749266.944,2233740.2931
3080,1748356.3296,2239448.6372
3081,1715339.9077,2198271.0369
3082,1713670.7465,2197924.2701
3083,1713691.8062,2199046.4229
3084,1713768.9549,2198567.6256
3085,1713362.5985,2199099.7784
3086,1712356.6553,2199565.3288
3087,1710511.8499,2200218.4443
3088,1710027.0099,2200087.9469
3089,1709897.371,2200219.3738
3090,1708113.928,2200196.0414
3091,1706244.7451,2201614.8873
3092,1706360.2014,2200997.6593
3093,1740899.0913,2241020.7959
3094,1741625.1637,2242017.139
3095,1741622.9159,2242027.1348
3096,1739060.8117,2239192.7863
3097,1738540.3834,2238030.1835
3098,1719700.0445,2204384.6481
3099,1731958.3061,2232238.5393
3100,1731194.2034,2233263.0617
3101,1732224.2144,2231702.6154
3102,1732351.1389,2231164.1581
3103,1733047.02,2227766.1432
3104,1722504.2175,2191353.2427
3105,1722343.8826,2193979.2907
3106,1722581.9647,2194266.0919
3107,1723323.9327,2195788.9586
3108,1722528.3926,2196645.5222
3109,1723143.9962,2216004.0913
3110,1720633.5882,2220423.284
3111,1720971.062,2220971.0326
3112,1738314.4256,2206686.4827
3113,1739271.023,2206364.3896
3114,1737638.473,2208098.9581
3115,1737984.2028,2209038.5915
3116,1737227.2679,2210797.7892
3117,1736802.0099,2214404.6568
3118,1736472.5416,2240923.4657
3119,1736385.4066,2241652.0235
3120,1736391.838,2241664.125
3121,1736380.5032,2241727.0027
3122,1736110.1125,2236031.4687
3123,1735645.5261,2235228.0084
3124,1735134.48,2234104.2017
3125,1726470.8929,2236870.2975
3126,1727473.6415,2237458.774
3127,1724898.7635,2239064.6602
3128,1725819.5122,2238782.0842
3129,1727495.2547,2237523.9483
3130,1728610.8599,2221621.4322
3131,1728511.9781,2221323.8176
3132,1727811.4491,2218768.7809
3133,1707719.3348,2187834.2072
3134,1708491.8508,2187081.0678
3135,1707449.9585,2188388.7149
3136,1708800.2945,2186396.128
3137,1710188.6798,2186337.5858
3138,1717239.3055,2191628.7947
3139,1718242.8327,2192396.4046
3140,1719829.0803,2191884.4905
3141,1754603.2161,2241577.9977
3142,1754136.4557,2240509.6202
3143,1754897.5296,2239138.9998
3144,1735469.3952,2222447.5794
3145,1735214.6006,2221998.5266
3146,1718328.1644,2179814.9519
3147,1717143.7665,2179346.6175
3148,1720843.4763,2178764.2633
3149,1721638.2871,2181113.0332
3150,1722236.5206,2181532.8409
3151,1721697.4298,2181218.1506
3152,1721697.3809,2181211.4407
3153,1725888.386,2183992.0144
3154,1723997.1655,2185719.7163
3155,1723647.0355,2186801.8776
3156,1723758.02,2185611.174
3157,1721410.3001,2186654.0119
3158,1721310.2245,2186524.0272
3159,1720499.8183,2186314.0845
3160,1717552.9511,2186211.0771
3161,1715693.2119,2186827.4964
3162,1714309.2051,2187886.1417
3163,1715619.6907,2186811.2271
3164,1713717.7561,2187747.9063
3165,1713620.5826,2187778.9429
3166,1713380.5458,2188001.5156
3167,1713013.2973,2189316.2527
3168,1712492.5966,2189852.0974
3169,1712288.0702,2190100.8408
3170,1711217.2143,2191727.42
3171,1709334.5055,2191288.7077
3172,1706877.3823,2191722.8211
3173,1706749.4965,2191698.0037
3174,1706314.2045,2191818.9989
3175,1706658.2582,2191721.7087
3176,1705852.5678,2193713.5978
3177,1705682.2292,2193959.3658
3178,1705768.714,2194246.0075
3179,1721109.4059,2186891.3241
3180,1720724.3981,2187944.5779
3181,1720826.6731,2187405.7139
3182,1721108.3343,2186894.5806
3183,1718511.9059,2188497.769
3184,1718781.5243,2187799.3188
3185,1719761.8226,2186600.7712
3186,1718773.3717,2189049.7231
3187,1718825.5959,2187586.455
3188,1718810.5505,2187518.5534
3189,1719644.9254,2186742.6635
3190,1717074.5359,2190279.6263
3191,1717108.2252,2188358.7774
3192,1717078.6839,2187133.9893
3193,1717005.0412,2187761.4983
3194,1716894.2708,2187432.7457
3195,1717006.3014,2187755.7908
3196,1714810.7518,2188912.3114
3197,1714645.4697,2188784.0602
3198,1716278.9928,2193467.5392
3199,1716367.2809,2193775.5473
3200,1713827.573,2190316.9005
3201,1714195.6487,2193060.8313
3202,1713270.3677,2191849.4793
3203,1712001.1949,2192537.7555
3204,1711926.682,2192746.9283
3205,1710652.7988,2193069.8663
3206,1706832.0122,2194281.1313
3207,1708439.1772,2194635.5138
3208,1708534.3498,2194648.6253
3209,1708714.5538,2194381.4434
3210,1709001.7863,2194237.5249
3211,1710631.8416,2193083.2206
3212,1708994.6423,2194233.9283
3213,1708450.4536,2194632.2255
3214,1708015.2439,2193198.8623
3215,1706079.0777,2193868.4806
3216,1711866.618,2194084.7358
3217,1706313.5509,2191131.4836
3218,1706710.3221,2191672.859
3219,1706720.1012,2191668.4958
3220,1704828.2697,2189838.4884
3221,1704111.8883,2189494.213
3222,1705248.8329,2190681.5569
3223,1705148.1876,2190365.541
3224,1705196.3241,2193529.5099
3225,1703528.4516,2193040.9776
3226,1703011.6833,2193336.2372
3227,1701358.6842,2193236.5618
3228,1702827.7187,2193702.3
3229,1701103.2427,2193049.0448
3230,1701048.8961,2193002.9542
3231,1700889.2758,2192778.8607
3232,1703574.5764,2192948.8295
3233,1703555.7388,2192776.781
3234,1704987.6056,2193375.9268
3235,1704782.353,2193265.0702
3236,1705982.09,2191674.9048
3237,1705597.6901,2191545.5346
3238,1704419.5051,2190322.8637
3239,1704579.8014,2190473.6644
3240,1704628.9733,2190660.2823
3241,1704716.9005,2190753.1218
3242,1704637.4155,2190657.6934
3243,1708003.6747,2190945.4117
3244,1710843.9497,2189171.1855
3245,1711629.9801,2189738.0109
3246,1710234.4221,2187979.5216
3247,1709933.4082,2189403.3041
3248,1712799.1766,2187115.1399
3249,1713154.3785,2187353.4851
3250,1713407.3204,2187564.0329
3251,1713162.1946,2187354.7713
3252,1712403.8362,2186684.3122
3253,1711771.2824,2185959.8994
3254,1718520.2223,2184020.9788
3255,1715329.8663,2185104.4982
3256,1716296.7769,2184241.9611
3257,1715439.8128,2181644.5655
3258,1713024.9973,2184614.7447
3259,1712469.3652,2184793.9435
3260,1712387.2537,2184967.3704
3261,1712131.5268,2183751.3548
3262,1713570.8616,2180067.6
3263,1713016.5571,2180275.9702
3264,1711423.4037,2180596.3597
3265,1710639.9967,2179854.2588
3266,1710689.5236,2179699.8925
3267,1709393.866,2183457.2616
3268,1709138.3282,2185095.7622
3269,1709440.807,2185444.3639
3270,1708040.2342,2183662.4623
3271,1708085.3498,2184113.1862
3272,1709979.0545,2176111.3344
3273,1709223.3941,2175910.5924
3274,1708952.5693,2175921.6962
3275,1709456.4702,2176620.543
3276,1710437.5586,2177671.2701
3277,1710417.4982,2177711.9945
3278,1704854.9321,2188125.9697
3279,1705554.8669,2184612.6043
3280,1704632.2713,2188714.3849
3281,1704718.4348,2184567.1737
3282,1704267.3107,2186062.8126
3283,1703853.9655,2186813.7972
3284,1700479.4269,2185639.1008
3285,1715779.0957,2176957.2796
3286,1714916.6111,2174912.11
3287,1714532.2263,2174654.189
3288,1714154.3088,2174308.4874
3289,1710915.0608,2174523.0641
3290,1711753.5961,2174582.0309
3291,1712854.3949,2177149.4597
3292,1712780.1886,2177193.4395
3293,1714951.4704,2174988.014
3294,1715059.7894,2174988.277
3295,1714400.5772,2174701.2492
3296,1714793.3211,2175459.5333
3297,1712268.8748,2176645.1466
3298,1712896.1498,2176468.6047
3299,1724065.3041,2193035.4607
3300,1724721.9761,2194975.0341
3301,1724789.2626,2194546.4268
3302,1723676.3313,2194187.6387
3303,1723675.7487,2194502.5034
3304,1720767.5724,2192700.5335
3305,1721157.9607,2193184.1287
3306,1721604.0817,2197720.0864
3307,1721582.3352,2199101.2034
3308,1721660.3618,2199885.1095
3309,1721062.602,2199636.1052
3310,1721191.0768,2198864.197
3311,1720403.0809,2197535.8348
3312,1720242.0149,2196788.4714
3313,1720016.3538,2198365.5571
3314,1720052.5723,2199197.8803
3315,1720751.857,2201467.126
3316,1720628.1787,2200980.1481
3317,1719330.1991,2200385.7284
3318,1720356.1526,2202163.587
3319,1720390.593,2202599.146
3320,1719483.0762,2200950.1094
3321,1719301.6946,2201253.465
3322,1717580.6511,2204045.0843
3323,1719266.0196,2205576.4778
3324,1718845.3484,2204996.9237
3325,1717555.2908,2205742.9245
3326,1717501.6554,2210053.8724
3327,1717289.9177,2208688.9725
3328,1717089.211,2208662.5049
3329,1717291.589,2208676.2464
3330,1717570.863,2210426.2727
3331,1717745.7927,2210961.4108
3332,1718238.5276,2212270.9387
3333,1718249.5439,2206635.5652
3334,1718540.8821,2206892.2599
3335,1716287.636,2206619.8814
3336,1716461.6182,2206257.1593
3337,1714994.6364,2207772.005
3338,1715730.1451,2209046.5751
3339,1715070.3664,2207907.0283
3340,1716076.1248,2209937.5247
3341,1713095.3451,2208145.8426
3342,1714902.0615,2211412.7567
3343,1715721.3798,2212312.3173
3344,1716430.7718,2212455.0389
3345,1716432.3168,2218277.7992
3346,1714319.5943,2208886.2962
3347,1714986.9744,2212316.2288
3348,1715250.1638,2212999.6737
3349,1715042.7667,2212690.8773
3350,1715049.7321,2212676.8666
3351,1715580.1756,2213488.0901
3352,1712381.0302,2208599.5552
3353,1711097.6971,2209819.673
3354,1708237.6084,2211471.1581
3355,1708794.8266,2211554.6608
3356,1712688.2743,2209430.5773
3357,1713437.9647,2212579.0642
3358,1713462.322,2212146.2088
3359,1713379.9611,2211902.0736
3360,1713497.7477,2213595.0215
3361,1711211.4855,2214984.3165
3362,1711671.4955,2215122.5058
3363,1712105.6157,2215272.0036
3364,1710264.6615,2213856.3645
3365,1709576.5637,2213172.2404
3366,1709502.2618,2213263.4027
3367,1709247.7456,2213293.8475
3368,1709384.1633,2213365.8762
3369,1708507.405,2212928.6679
3370,1712306.6572,2210705.1897
3371,1712363.2246,2211244.864
3372,1711160.5156,2210869.6015
3373,1710827.5922,2211326.0552
3374,1710884.7129,2212846.8374
3375,1710748.0792,2212412.7911
3376,1711866.4294,2211859.2997
3377,1711728.0857,2212287.8244
3378,1709312.332,2212626.1219
3379,1709717.7213,2212204.0034
3380,1711482.5636,2208249.3888
3381,1711202.2654,2208150.8851
3382,1708429.1058,2208260.8569
3383,1706109.4867,2207004.4443
3384,1706115.846,2206179.589
3385,1709215.0284,2210128.6113
3386,1707657.9088,2210459.398
3387,1707712.1012,2209487.7346
3388,1711684.7638,2205482.0207
3389,1707775.1743,2205092.2698
3390,1708007.8504,2204868.1405
3391,1708215.1253,2206047.0353
3392,1710849.3222,2202679.9487
3393,1714101.2448,2200081.0254
3394,1709775.8724,2203568.647
3395,1714273.9284,2199882.9925
3396,1714273.252,2199883.0413
3397,1710527.8624,2201562.4324
3398,1710258.7305,2202631.0702
3399,1709674.3169,2200435.1421
3400,1705545.5425,2205148.864
3401,1708915.155,2202930.3207
3402,1706429.4839,2199255.3704
3403,1706763.3183,2199368.3355
3404,1709302.9293,2199403.6567
3405,1709202.6901,2199155.9482
3406,1710438.0883,2199218.4565
3407,1713535.0896,2197907.4815
3408,1713318.2886,2197497.6673
3409,1713005.4111,2197289.6604
3410,1707635.881,2196675.1143
3411,1704565.3088,2196648.5574
3412,1705759.4262,2196371.513
3413,1704431.436,2196553.4354
3414,1709556.8187,2198310.6315
3415,1709068.7941,2198124.3317
3416,1705504.1577,2197915.4251
3417,1705447.291,2198044.5324
3418,1706993.5023,2196077.0124
3419,1703237.4626,2195694.599
3420,1703998.2736,2195088.5374
3421,1706914.2294,2195886.3772
3422,1706925.296,2195894.6446
3423,1714109.9417,2195639.09
3424,1713904.4783,2195646.2597
3425,1713285.9334,2194061.8225
3426,1713651.0938,2194735.1956
3427,1712820.3423,2193890.9858
3428,1726991.667,2189840.5414
3429,1727014.5656,2189344.7582
3430,1727148.4721,2190502.9666
3431,1727192.3497,2190294.8834
3432,1726682.666,2194231.6066
3433,1726823.9949,2188827.3507
3434,1725687.3928,2195161.7565
3435,1724340.9707,2198890.431
3436,1724179.7948,2200132.7844
3437,1722810.1972,2200819.1381
3438,1721756.0801,2204082.6569
3439,1721838.3185,2204292.6417
3440,1726746.5775,2194274.074
3441,1727259.5845,2194735.8013
3442,1727260.8926,2194729.944
3443,1728386.0378,2196121.3235
3444,1729038.34,2196345.7047
3445,1730530.3731,2197539.7817
3446,1729538.306,2196711.8583
3447,1730883.3303,2197589.6951
3448,1726533.2708,2195964.8822
3449,1725178.3235,2199465.916
3450,1725644.5944,2199690.7791
3451,1724340.2096,2201843.2821
3452,1724101.2959,2202601.0145
3453,1722958.1665,2202122.6277
3454,1722990.2335,2202418.5171
3455,1729220.3905,2192603.6672
3456,1728647.2359,2190336.2235
3457,1728654.597,2190329.194
3458,1729050.618,2193075.0261
3459,1729129.508,2193300.0223
3460,1729239.6303,2193697.3653
3461,1731731.851,2196495.489
3462,1731199.2625,2196232.2319
3463,1734072.0658,2209359.6675
3464,1732461.1204,2217047.0665
3465,1732945.0913,2217232.6913
3466,1733233.6776,2222391.0195
3467,1730745.5819,2222564.9309
3468,1731053.4858,2223313.3246
3469,1730688.605,2222449.8604
3470,1731400.4184,2221768.9107
3471,1730922.195,2220859.1625
3472,1730488.5715,2220707.3022
3473,1731170.6504,2215879.888
3474,1730139.7066,2217143.14
3475,1729507.2677,2213855.2263
3476,1734076.5543,2215794.7202
3477,1733441.3126,2214660.9445
3478,1735694.1182,2215338.5361
3479,1735113.7402,2213219.2327
3480,1735813.3299,2216434.358
3481,1733698.239,2204496.6459
3482,1732776.3459,2205734.5283
3483,1733639.8037,2204341.863
3484,1732383.396,2206129.7829
3485,1731882.7651,2206810.7148
3486,1732334.9326,2207909.026
3487,1731964.2689,2208401.0939
3488,1732248.0434,2209212.4594
3489,1731965.0707,2208466.8983
3490,1731970.2687,2208458.6632
3491,1731968.9757,2208412.4689
3492,1730334.903,2206271.0191
3493,1730306.8819,2206361.8765
3494,1731295.9945,2208178.4564
3495,1731017.9417,2208764.7046
3496,1731535.9391,2207357.9905
3497,1731698.4949,2207856.2155
3498,1729028.1154,2207485.9156
3499,1730539.2385,2210006.9407
3500,1730798.9545,2212337.8025
3501,1730467.0114,2211846.4215
3502,1731901.7597,2210775.5852
3503,1731723.5696,2211111.1327
3504,1728560.0763,2208032.3565
3505,1728290.3484,2208823.7409
3506,1728248.0702,2209059.8411
3507,1728343.5417,2212091.6129
3508,1728329.0941,2211450.5998
3509,1728341.0025,2203125.0316
3510,1728753.1482,2203534.6377
3511,1727402.3688,2204611.1113
3512,1727910.5956,2204821.6841
3513,1726515.4791,2206709.7809
3514,1726826.5379,2206091.5361
3515,1725519.996,2211435.0394
3516,1723117.7751,2207179.5061
3517,1722819.9727,2208698.3242
3518,1722764.1378,2209202.9338
3519,1721951.2952,2209940.062
3520,1721531.5389,2208893.5539
3521,1725477.9981,2216065.8802
3522,1726062.3234,2216537.5051
3523,1725765.9482,2225132.8793
3524,1723491.2571,2224087.1537
3525,1721961.9368,2221785.3685
3526,1721920.3193,2221219.7191
3527,1723654.4559,2221192.217
3528,1721375.0676,2223546.4843
3529,1723320.2336,2222747.3127
3530,1721198.9166,2223525.5251
3531,1726838.0173,2220653.6551
3532,1725946.4247,2218318.3798
3533,1727523.7105,2221817.0632
3534,1727463.0345,2221926.8755
3535,1727090.717,2223444.5998
3536,1726509.3693,2224892.0453
3537,1729062.8431,2225637.7371
3538,1729208.39,2225969.3685
3539,1723589.0566,2218083.4385
3540,1723403.1407,2218684.9148
3541,1721020.904,2214141.622
3542,1721967.8811,2214458.0908
3543,1719953.8335,2216005.5802
3544,1719900.0443,2215668.1369
3545,1719517.4601,2217462.9947
3546,1719439.6536,2219246.0079
3547,1719401.6716,2219925.1239
3548,1717636.1229,2221388.9051
3549,1716731.1256,2221404.6146
3550,1717224.2094,2218213.2261
3551,1716492.1506,2218299.0322
3552,1715372.729,2219610.5519
3553,1715271.332,2219393.6946
3554,1716202.433,2218347.1805
3555,1716484.7676,2218296.4176
3556,1717503.6595,2219448.7552
3557,1717454.1035,2220330.0005
3558,1720025.5043,2209415.4691
3559,1719418.3886,2209844.1882
3560,1718345.41,2209756.7594
3561,1718328.636,2209033.8609
3562,1719236.5814,2208079.1592
3563,1718790.3328,2208388.9303
3564,1722271.4526,2205707.0075
3565,1722396.6114,2205493.4851
3566,1727071.3098,2200379.4562
3567,1727145.5436,2201041.7342
3568,1733585.4276,2200292.7413
3569,1733719.2313,2200225.4716
3570,1733834.2601,2200196.0358
3571,1733969.508,2200110.7257
3572,1734155.7989,2199611.5671
3573,1731916.2251,2197185.0129
3574,1732232.5959,2197468.2401
3575,1734200.2892,2199007.2745
3576,1734072.4025,2199348.8369
3577,1734175.9934,2199497.951
3578,1734083.4278,2199351.3027
3579,1735905.4377,2207260.5358
3580,1736765.317,2203651.9091
3581,1735810.0713,2207396.5636
3582,1737882.6135,2206081.9302
3583,1737275.4949,2204584.1282
3584,1738344.8096,2207649.3697
3585,1738431.4419,2207894.8207
3586,1739024.3217,2208861.4474
3587,1739307.2734,2209164.4324
3588,1738454.5215,2210353.0619
3589,1736656.8864,2210440.3037
3590,1736364.8706,2210143.143
3591,1735731.2629,2208476.5653
3592,1741566.4697,2209927.3628
3593,1741598.5721,2209876.8363
3594,1739438.8468,2212148.7869
3595,1739301.0823,2213604.1032
3596,1738918.887,2212745.5739
3597,1738790.1097,2213120.9054
3598,1739504.3945,2209687.0046
3599,1739157.4654,2209301.2691
3600,1741850.5613,2210614.0108
3601,1741834.5073,2210444.9287
3602,1740648.5941,2211587.1411
3603,1740712.82,2211908.945
3604,1740818.1408,2211911.7456
3605,1740722.1748,2211909.1882
3606,1740529.0268,2211315.8741
3607,1743121.5733,2214685.7775
3608,1743274.4959,2214455.1027
3609,1742105.0712,2215627.2819
3610,1741300.9225,2214886.1206
3611,1739029.7354,2215924.7202
3612,1739024.785,2216278.126
3613,1739028.4403,2216147.6599
3614,1738449.5646,2217610.8479
3615,1738816.408,2217234.2072
3616,1738816.0705,2217087.0735
3617,1738810.3238,2217009.6132
3618,1738835.6002,2216760.5911
3619,1738177.9198,2218069.4039
3620,1738252.0472,2218073.0313
3621,1741108.8468,2216833.3287
3622,1741058.002,2217218.3836
3623,1738109.1539,2217733.4528
3624,1738234.3056,2217717.1128
3625,1737678.0193,2217525.6824
3626,1738053.4972,2217737.9996
3627,1736797.283,2217751.9618
3628,1738111.2046,2216546.897
3629,1737346.1424,2215541.4168
3630,1737469.5753,2215304.0727
3631,1737625.0069,2215108.1273
3632,1738107.978,2220196.4698
3633,1741266.8776,2219038.2426
3634,1743375.588,2218855.7363
3635,1743384.0801,2218855.7436
3636,1737826.3233,2220093.4008
3637,1736054.99,2220303.2255
3638,1735879.9444,2219637.5383
3639,1735816.6326,2219460.4182
3640,1735468.3451,2220223.0905
3641,1735227.7357,2220315.7378
3642,1734939.8217,2220594.6388
3643,1734522.6736,2220382.1276
3644,1733627.6612,2220339.8987
3645,1732555.1957,2218854.1208
3646,1735275.9731,2222480.0041
3647,1735213.5079,2222024.7018
3648,1734943.4913,2223573.391
3649,1733613.975,2218526.3475
3650,1735695.3186,2216990.6741
3651,1741397.5505,2223787.8866
3652,1741148.6943,2223059.371
3653,1741473.3609,2223944.192
3654,1740746.3466,2224370.6919
3655,1740637.6908,2223353.5279
3656,1740614.6098,2223169.7347
3657,1740643.1651,2223348.9114
3658,1739647.2461,2225025.5536
3659,1739681.7403,2225295.963
3660,1738888.3194,2222734.8325
3661,1738552.2943,2222735.0118
3662,1738119.3323,2223175.4555
3663,1742662.3475,2223737.6461
3664,1743831.5448,2221972.0255
3665,1741274.9184,2226034.2297
3666,1744210.7665,2224021.9663
3667,1740947.9493,2230957.2872
3668,1742131.3364,2226910.538
3669,1742244.337,2227188.1633
3670,1740445.8709,2225631.4946
3671,1741840.1785,2226792.2127
3672,1740062.9944,2229612.4059
3673,1740164.2019,2229816.4714
3674,1735737.8966,2234224.8707
3675,1735914.9426,2233201.5051
3676,1735827.511,2232787.8549
3677,1736861.243,2227231.6825
3678,1736032.9251,2226997.132
3679,1737958.4516,2227088.4966
3680,1733651.0774,2224202.8242
3681,1737598.4034,2225628.4943
3682,1737417.5156,2225319.737
3683,1742421.0274,2226372.0607
3684,1744523.703,2233422.2402
3685,1744407.3541,2233548.2311
3686,1743146.6186,2233946.0148
3687,1743116.3081,2236562.1796
3688,1742700.1722,2235990.2784
3689,1743406.4092,2235564.3626
3690,1741684.6987,2234547.741
3691,1742169.7907,2237227.8655
3692,1741797.7619,2234859.4868
3693,1741694.2839,2234555.3049
3694,1740952.0273,2233809.7483
3695,1740947.147,2234357.4228
3696,1740007.4397,2236731.2902
3697,1740152.4562,2232773.0578
3698,1739850.314,2233686.7574
3699,1738506.2709,2236431.3583
3700,1739288.7537,2237212.1284
3701,1736935.3348,2230105.3471
3702,1738151.0883,2231175.8209
3703,1737237.4551,2231833.1505
3704,1738051.6604,2231741.5203
3705,1737084.6133,2231617.4123
3706,1743211.0513,2229646.477
3707,1742204.454,2230852.6676
3708,1743204.433,2229813.0333
3709,1746265.71,2232038.2398
3710,1746856.4968,2230727.5788
3711,1745509.0555,2232676
3712,1745085.0572,2235959.4184
3713,1746893.2485,2235701.0489
3714,1746360.597,2235438.926
3715,1746270.6479,2235665.4117
3716,1745874.6205,2235153.2168
3717,1747700.6154,2234930.3471
3718,1748166.4479,2231404.267
3719,1749150.6978,2236337.0458
3720,1750468.2244,2236275.5401
3721,1750095.4228,2234356.2941
3722,1750108.5608,2234342.9349
3723,1751044.6887,2234615.6567
3724,1751045.8391,2234613.0714
3725,1751936.9683,2235847.2162
3726,1750834.1443,2239083.8084
3727,1751419.368,2239837.8107
3728,1750549.7241,2237444.9747
3729,1749111.2514,2238192.8452
3730,1751101.4513,2239972.58
3731,1745520.6637,2238126.8046
3732,1748418.0274,2243538.133
3733,1748788.543,2243512.6088
3734,1744595.795,2241649.824
3735,1744375.4281,2240598.5975
3736,1744581.6908,2241653.3797
3737,1744089.0741,2240573.2773
3738,1739634.0541,2237697.1404
3739,1740994.5848,2240186.4508
3740,1740813.0938,2239914.4034
3741,1740636.6164,2237561.4059
3742,1734800.9619,2239810.4113
3743,1734428.6492,2238129.8984
3744,1734295.8896,2237779.565
3745,1734112.4558,2237436.1319
3746,1734119.2111,2237566.3125
3747,1734082.1443,2235260.498
3748,1734643.1406,2236049.0125
3749,1732073.3104,2243037.4218
3750,1731544.588,2241534.2335
3751,1731452.5158,2242616.1236
3752,1730485.5376,2240341.6792
3753,1729115.8335,2239745.7256
3754,1728861.3352,2239979.5938
3755,1727835.8616,2241393.8639
3756,1728585.9163,2237916.612
3757,1727984.6895,2237523.2998
3758,1727436.8855,2239413.2182
3759,1727449.2324,2239358.2572
3760,1727860.5954,2238986.5872
3761,1727726.576,2239053.4146
3762,1727202.6642,2239772.9045
3763,1729706.7106,2236686.6203
3764,1728513.3004,2236054.3584
3765,1728163.1768,2236179.9734
3766,1728048.3062,2236156.9681
3767,1726975.1225,2234159.4386
3768,1727040.9559,2234709.4274
3769,1728234.0418,2235718.2312
3770,1728293.9431,2235264.5178
3771,1730220.8921,2235555.7319
3772,1731034.8919,2230183.7476
3773,1732326.2849,2226941.4285
3774,1730330.9114,2226781.5926
3775,1731742.675,2226310.5051
3776,1731719.9767,2226307.9951
3777,1731657.343,2226459.2579
3778,1731114.386,2225439.8132
3779,1731099.514,2225119.9144
3780,1731119.2671,2224609.6794
3781,1733146.0717,2227728.164
3782,1733965.445,2227522.1857
3783,1733381.6388,2229178.3873
3784,1733424.4048,2233082.1043
3785,1732195.2999,2232825.1507
3786,1732241.6197,2233008.922
3787,1722988.6996,2231881.6314
3788,1722335.536,2232192.4239
3789,1722260.8257,2232191.4893
3790,1721360.3167,2232615.0018
3791,1721087.8717,2233291.5306
3792,1721720.4207,2231464.69
3793,1720938.6518,2230870.3141
3794,1717824.6863,2226490.6955
3795,1717445.8338,2227088.3902
3796,1716774.2968,2228163.9317
3797,1716400.2911,2227513.5813
3798,1715757.0441,2226669.2604
3799,1715536.1528,2227438.6847
3800,1719716.1008,2223202.3187
3801,1719661.0891,2223772.6196
3802,1721685.928,2225578.8555
3803,1721613.2649,2225869.6766
3804,1723833.7452,2229241.4604
3805,1725061.9113,2227951.5967
3806,1725029.6617,2226267.5364
3807,1725315.264,2225774.9482
3808,1726462.5734,2228631.6009
3809,1726964.1762,2227402.5806
3810,1728029.4996,2228763.4712
3811,1728936.2897,2229955.1089
3812,1727525.6423,2227352.0746
3813,1729056.4423,2229625.0369
3814,1729649.55,2229563.1934
3815,1729205.8463,2227740.141
3816,1726172.8127,2233552.6924
3817,1726474.4334,2233347.1054
3818,1728202.7773,2232200.34
3819,1729504.405,2233763.1295
3820,1729530.644,2233338.436
3821,1729537.5145,2233959.6662
3822,1731227.2257,2235780.7078
3823,1732659.3195,2234248.2079
3824,1731842.0125,2237017.2541
3825,1731787.3824,2236687.2065
3826,1732101.1485,2238317.7674
3827,1731881.6228,2239071.5587
3828,1733034.2271,2238100.7957
3829,1732893.9944,2240642.1226
3830,1733875.0005,2240144.5526
3831,1733682.0099,2238848.5206
3832,1733731.9109,2238639.2452
3833,1734045.7011,2241459.1406
3834,1731903.6069,2245527.7445
3835,1731409.8326,2245103.2501
3836,1731887.485,2245528.937
3837,1730682.8787,2244476.8148
3838,1730664.5623,2244157.6193
3839,1729945.1384,2242411.7629
3840,1730789.1914,2241502.5653
3841,1728755.6297,2241441.7391
3842,1732216.8196,2243854.8656
3843,1731761.982,2244403.15
3844,1729350.0329,2243729.0589
3845,1729325.4624,2244466.5046
3846,1729477.0029,2243613.3751
3847,1729267.2044,2243043.471
3848,1727664.4184,2244552.8982
3849,1727672.1077,2244550.6118
3850,1727714.5003,2244596.9909
3851,1729319.1742,2246872.5695
3852,1729896.0141,2244755.6799
3853,1731478.6608,2257835.2128
3854,1731556.2794,2258372.5227
3855,1730417.045,2255978.1575
3856,1729423.8212,2257798.5126
3857,1729429.7425,2258012.4876
3858,1729769.603,2255994.5075
3859,1729508.024,2256179.5109
3860,1729074.5109,2255695.5868
3861,1729250.5015,2255774.7564
3862,1731058.9363,2251400.5694
3863,1730463.9823,2251150.5364
3864,1731691.1841,2251519.9055
3865,1731075.6565,2250125.8659
3866,1730435.712,2250566.5833
3867,1731456.948,2250280.3267
3868,1731786.9538,2250570.2132
3869,1732118.3695,2250773.7905
3870,1731771.8328,2246978.2415
3871,1731754.4151,2245774.509
3872,1731759.8677,2245762.6049
3873,1732111.5099,2247854.2424
3874,1731837.7058,2247029.8981
3875,1731489.1727,2247713.9984
3876,1732555.1441,2246898.0677
3877,1732875.6021,2245434.6831
3878,1735794.9151,2246643.3465
3879,1737617.8565,2250930.1156
3880,1736969.88,2251109.1819
3881,1736833.1628,2250970.6418
3882,1738319.5797,2250456.004
3883,1736740.2151,2252193.9948
3884,1737765.9684,2252528.1949
3885,1734929.6801,2257116.418
3886,1735260.0146,2257645.2071
3887,1733101.11,2252384.7143
3888,1732737.0325,2252908.8219
3889,1732434.0647,2254100.4217
3890,1732605.5795,2254714.107
3891,1732931.5282,2250973.3853
3892,1734169.1198,2249512.61
3893,1734338.7536,2249322.5616
3894,1732843.3562,2250780.1738
3895,1736557.0156,2245227.2747
3896,1737617.279,2244230.3725
3897,1738685.3091,2243096.0464
3898,1738924.0658,2243000.3711
3899,1738949.4941,2242924.0032
3900,1741605.24,2245491.3113
3901,1741697.0111,2246000.3709
3902,1741557.0271,2245658.9369
3903,1741728.1064,2246217.4209
3904,1741459.5751,2245461.0187
3905,1741555.2928,2245472.1552
3906,1740954.2378,2248166.427
3907,1741151.5639,2248528.6791
3908,1741099.3423,2249766.4919
3909,1738528.9633,2248980.8842
3910,1739198.7644,2248407.6764
3911,1738393.1128,2249273.2057
3912,1739229.5009,2248369.9956
3913,1740280.3722,2251216.7701
3914,1740271.204,2253327.9823
3915,1738545.8672,2251788.267
3916,1738071.6184,2251415.9435
3917,1737423.9904,2247990.822
3918,1737200.3038,2248843.3631
3919,1736940.5764,2246046.4481
3920,1737275.4622,2247138.1543
3921,1736451.1215,2247377.1377
3922,1742166.8465,2244607.4499
3923,1742334.2816,2243694.8901
3924,1742186.2054,2245139.5236
3925,1742555.6112,2246273.1297
3926,1742203.3636,2246036.0171
3927,1742276.6429,2245482.8675
3928,1742281.3567,2245313.2976
3929,1743089.1723,2247218.0306
3930,1742907.1589,2249636.7845
3931,1743039.9452,2247332.9176
3932,1742841.3238,2249779.4296
3933,1742624.3514,2247273.1571
3934,1742003.667,2247629.0926
3935,1742436.27,2247201.777
3936,1741976.5822,2249156.1424
3937,1744467.9399,2243003.4178
3938,1743780.264,2242672.1384
3939,1744702.5762,2243108.9314
3940,1748445.4397,2247724.0771
3941,1747704.7102,2247423.1555
3942,1748154.8742,2251829.075
3943,1748265.7798,2251514.733
3944,1748165.9882,2249238.9313
3945,1748103.32,2249038.0663
3946,1748424.8058,2252051.1125
3947,1748820.3226,2251905.2405
3948,1748854.6125,2251868.4367
3949,1749080.851,2251851.9297
3950,1749343.1677,2248977.7458
3951,1749350.3245,2249116.0022
3952,1747977.9841,2251980.3466
3953,1747951.7976,2252885.8844
3954,1747219.4484,2249192.9963
3955,1746192.2875,2248585.8715
3956,1744852.8902,2250441.253
3957,1745346.8988,2249833.5528
3958,1744449.7995,2250646.46
3959,1744782.3342,2250593.3296
3960,1743952.6177,2251736.7062
3961,1745061.1347,2251406.9642
3962,1743629.837,2251952.5551
3963,1743329.9373,2252021.3227
3964,1742646.6911,2252116.348
3965,1742669.3352,2250242.7658
3966,1744960.8661,2256414.5775
3967,1745553.3906,2256820.7928
3968,1747796.0273,2256979.6099
3969,1747786.9645,2256725.3545
3970,1746370.3798,2259230.0676
3971,1745960.4361,2260139.6056
3972,1745891.4859,2260452.1491
3973,1746700.6742,2258838.1243
3974,1747252.0088,2263369.2288
3975,1746170.6155,2265890.0738
3976,1743402.2096,2257445.3494
3977,1743228.4903,2258408.8472
3978,1743321.1189,2258067.5263
3979,1743432.7276,2258809.3681
3980,1743722.6967,2260260.8377
3981,1743320.8065,2260025.6913
3982,1743409.2464,2259817.2909
3983,1743411.0511,2259821.6721
3984,1744143.9454,2260921.4937
3985,1745395.1811,2263671.7223
3986,1744805.958,2263544.7101
3987,1744722.1852,2263402.0855
3988,1744002.8823,2261876.8129
3989,1744803.5385,2263532.529
3990,1744727.398,2263403.2873
3991,1744041.371,2261573.0623
3992,1744045.5669,2261644.0728
3993,1745937.8714,2263798.589
3994,1742971.5282,2258195.9453
3995,1743311.537,2257823.8662
3996,1742740.2136,2258361.5615
3997,1742687.9685,2258478.3915
3998,1742564.7106,2258818.0322
3999,1734803.7446,2269766.067
4000,1733645.0938,2269664.3421
4001,1733591.7844,2269694.2908
4002,1733293.7496,2269926.15
4003,1745226.2626,2275420.3562
4004,1745721.4675,2275336.7351
4005,1745921.0123,2275629.2669
4006,1746026.6664,2275834.6662
4007,1746289.9714,2277612.45
4008,1746784.007,2278234.9852
4009,1745482.9186,2281013.6458
4010,1745363.0613,2281503.5412
4011,1744825.5593,2281918.8473
4012,1744544.4466,2282581.9295
4013,1741330.3889,2283295.7308
4014,1741260.271,2283907.2898
4015,1743299.5506,2287128.7466
4016,1742890.8871,2286155.5238
4017,1741309.6873,2284561.9705
4018,1741363.3146,2284361.5625
4019,1743389.752,2287435.628
4020,1742043.0127,2277210.1913
4021,1741245.2222,2279066.6004
4022,1742028.636,2277340.8418
4023,1738902.2534,2278771.4336
4024,1738896.9269,2279161.2666
4025,1739953.844,2274231.3532
4026,1739888.5173,2274463.2986
4027,1738134.0555,2279802.5132
4028,1737641.8479,2277700.9166
4029,1737466.0392,2277666.4533
4030,1737642.9751,2277693.7908
4031,1738017.9935,2280007.2354
4032,1736189.4931,2278680.8761
4033,1736211.3785,2278641.2098
4034,1732696.1927,2281872.7675
4035,1733726.1877,2280347.1944
4036,1733991.3113,2283007.8031
4037,1734049.6115,2283173.1939
4038,1732740.7798,2284593.7306
4039,1737102.2956,2281233.2906
4040,1735020.3676,2279437.6384
4041,1737124.4283,2278228.1128
4042,1737070.2481,2278181.756
4043,1737429.8675,2278570.0526
4044,1736940.0221,2275668.5082
4045,1736986.9638,2274991.5057
4046,1737117.3508,2274734.8906
4047,1736968.1757,2275921.5696
4048,1736068.4997,2274867.9729
4049,1735551.2546,2272717.0791
4050,1735311.6722,2278285.7213
4051,1738098.3328,2270988.1598
4052,1737993.2017,2271030.0264
4053,1741193.0355,2266159.6732
4054,1740402.9569,2264495.5604
4055,1742163.3578,2268941.2384
4056,1741905.958,2267409.9749
4057,1741692.926,2267094.1275
4058,1745096.3642,2268956.1313
4059,1745151.458,2268805.905
4060,1743740.9532,2273239.339
4061,1743853.8515,2273401.7571
4062,1741067.0101,2266706.0114
4063,1740893.8734,2267094.736
4064,1741416.5891,2264414.8148
4065,1741431.2594,2264349.8728
4066,1741317.0188,2264077.3431
4067,1740798.9686,2263406.4781
4068,1741482.7172,2264637.1059
4069,1742252.4185,2260440.5883
4070,1741805.7845,2260266.1848
4071,1742916.4222,2261506.6763
4072,1742498.4605,2260690.4081
4073,1742492.3428,2260683.6469
4074,1742262.1846,2260443.3197
4075,1743038.3795,2262340.0662
4076,1743191.938,2262873.4616
4077,1743257.9249,2263279.4802
4078,1743629.4515,2264378.5118
4079,1743561.455,2264189.5825
4080,1743391.567,2263948.4499
4081,1743876.1657,2265346.4148
4082,1740096.8833,2258126.6185
4083,1740315.6114,2259378.2916
4084,1737989.1844,2259067.8611
4085,1738925.8753,2258457.9096
4086,1736994.69,2258835.256
4087,1735277.4582,2260633.7788
4088,1735381.7772,2261476.3386
4089,1735664.8133,2261516.6753
4090,1736104.9603,2262246.1269
4091,1735396.4882,2261479.6682
4092,1735029.0761,2260771.8843
4093,1735659.5083,2261508.7123
4094,1732856.7372,2262627.5707
4095,1733038.929,2262805.2481
4096,1732316.7546,2262534.3863
4097,1732570.4473,2263951.4265
4098,1733081.1073,2263568.1162
4099,1732529.0526,2264283.3004
4100,1732127.5454,2264515.4009
4101,1731771.5273,2264660.6734
4102,1732100.4548,2264475.1583
4103,1731068.9735,2265446.791
4104,1732674.9901,2265731.0766
4105,1732868.8836,2265879.8978
4106,1731013.4849,2267854.3097
4107,1731480.4879,2267652.7695
4108,1730910.2181,2268025.2041
4109,1729433.7144,2270633.7371
4110,1729331.0041,2270802.1054
4111,1729662.411,2266304.7387
4112,1731033.3013,2266588.402
4113,1729731.5441,2265758.6678
4114,1732626.6475,2271951.2167
4115,1730587.7461,2270813.2223
4116,1730033.3622,2271950.3717
4117,1733969.4366,2266307.1112
4118,1733907.7095,2265962.4331
4119,1733947.7703,2266677.5504
4120,1733946.1045,2266559.0659
4121,1733791.6408,2266933.6364
4122,1741569.4008,2254012.4501
4123,1745759.4387,2253886.5245
4124,1744816.431,2252947.793
4125,1746022.5599,2253505.4477
4126,1744338.9831,2248608.2577
4127,1744972.9578,2248147.6694
4128,1745064.4684,2247971.4395
4129,1744448.6992,2246475.0654
4130,1744416.7921,2246215.8176
4131,1748709.804,2243675.8568
4132,1749244.4405,2245114.4377
4133,1749153.5427,2241273.7584
4134,1750666.5934,2244788.4611
4135,1750697.3934,2245286.7689
4136,1750496.5318,2246141.8826
4137,1750110.2069,2246473.7784
4138,1750007.8466,2246615.8582
4139,1749564.5399,2247094.9416
4140,1749652.6035,2247015.281
4141,1751024.5008,2249859.0774
4142,1750770.7641,2249803.6341
4143,1749786.8957,2246767.5607
4144,1750634.3594,2249585.8995
4145,1749622.8628,2247292.194
4146,1749625.8723,2247280.5735
4147,1750643.0298,2249587.6159
4148,1751435.5041,2250210.5944
4149,1751541.0664,2244809.9772
4150,1752068.4678,2245206.5291
4151,1752404.1618,2246678.3183
4152,1750677.1089,2246403.8768
4153,1751584.8622,2246924.273
4154,1750820.8605,2246397.375
4155,1751720.2495,2247304.6605
4156,1751841.9554,2247371.9071
4157,1751988.8462,2247408.1634
4158,1753360.3792,2247167.7472
4159,1752547.5345,2248142.8537
4160,1752780.6011,2248096.3864
4161,1753689.4722,2248645.869
4162,1754193.7013,2249268.2636
4163,1754146.4811,2249225.9358
4164,1754089.9875,2249065.8929
4165,1754090.1446,2248963.4731
4166,1751614.9698,2248499.4777
4167,1751437.295,2249162.8586
4168,1752574.7467,2242180.3724
4169,1750572.2272,2240024.8373
4170,1752990.565,2242940.2125
4171,1752196.3418,2244342.586
4172,1752579.6396,2243526.5926
4173,1757135.2606,2240255.3191
4174,1759067.3673,2239678.0508
4175,1759465.1469,2240121.1064
4176,1759390.474,2244856.4909
4177,1759621.4145,2245090.5955
4178,1761221.8693,2245262.3053
4179,1760194.5885,2246406.4961
4180,1759819.7718,2245874.1637
4181,1760458.128,2248917.7693
4182,1760550.2582,2248119.2279
4183,1760401.7371,2247909.2572
4184,1761212.5197,2250380.1326
4185,1761345.3114,2250896.4618
4186,1761183.1659,2251198.2705
4187,1760896.9736,2250956.7958
4188,1761306.9879,2251765.0836
4189,1761554.3894,2251882.0891
4190,1763142.905,2253361.7825
4191,1761709.6967,2252797.5988
4192,1758202.3316,2264590.5016
4193,1757955.8731,2264865.0587
4194,1758080.8776,2265019.735
4195,1758076.2603,2261669.8267
4196,1757791.7086,2261862.1316
4197,1757398.6418,2256965.4167
4198,1755809.2367,2257773.3134
4199,1756534.0162,2257398.0233
4200,1756519.2489,2257281.6943
4201,1756621.0205,2257142.1192
4202,1756756.1317,2257094.2241
4203,1757258.2613,2256991.0915
4204,1758099.1537,2254525.1657
4205,1760898.9511,2260694.8339
4206,1763903.6331,2259918.9306
4207,1764092.4548,2268130.322
4208,1759522.1673,2268569.4086
4209,1758933.1709,2268531.8804
4210,1760637.1648,2270085.0397
4211,1761974.4332,2270017.8839
4212,1762173.229,2270042.3155
4213,1760372.6147,2270302.9332
4214,1761986.649,2270014.6541
4215,1762007.651,2265347.8514
4216,1761799.4132,2262537.1228
4217,1764025.8142,2255120.7389
4218,1762367.482,2255653.8451
4219,1763320.5905,2254111.6307
4220,1762462.9722,2254762.0601
4221,1762086.3237,2254791.0084
4222,1763301.4732,2253437.438
4223,1760453.3603,2251822.0122
4224,1758929.8893,2249492.8617
4225,1759033.1784,2249742.406
4226,1759691.1541,2250518.119
4227,1759243.8055,2249782.7103
4228,1759835.9237,2250721.9868
4229,1760256.9471,2251753.4426
4230,1759151.7988,2249845.7164
4231,1759129.8417,2249851.2045
4232,1758999.5281,2249855.5485
4233,1758880.873,2251459.7087
4234,1757585.3138,2252114.2586
4235,1757772.5356,2250323.5277
4236,1757821.7382,2252494.0777
4237,1756611.5558,2253419.1466
4238,1756401.2433,2252179.6161
4239,1755475.4476,2255422.1595
4240,1756183.6156,2261688.6283
4241,1755653.2948,2263384.9041
4242,1757846.5511,2263216.859
4243,1757885.0146,2263173.1383
4244,1758069.1202,2263125.9455
4245,1758755.1053,2263587.5246
4246,1754878.1755,2266309.4991
4247,1754953.8235,2266589.4425
4248,1754981.5637,2266637.8156
4249,1756288.7789,2266679.4711
4250,1755446.2911,2266935.8655
4251,1757324.5006,2265521.7268
4252,1755922.0072,2266269.8769
4253,1755241.4823,2266768.189
4254,1756487.6701,2265934.3921
4255,1751645.3725,2267560.683
4256,1753097.3179,2266393.1943
4257,1750013.518,2266212.8189
4258,1751327.2233,2267277.7618
4259,1751644.1561,2267547.6244
4260,1749587.0501,2266414.643
4261,1755277.5944,2269245.2882
4262,1756927.119,2267700.0786
4263,1759085.9726,2267151.1949
4264,1755863.4717,2269353.049
4265,1756857.4641,2268705.8316
4266,1756817.9082,2268720.4112
4267,1756628.1005,2269052.5878
4268,1756123.04,2269462.323
4269,1756122.2955,2269460.1929
4270,1757312.4742,2268786.2663
4271,1753678.2748,2279901.6909
4272,1754182.3859,2279360.4797
4273,1752573.9485,2282975.0337
4274,1752783.8914,2283301.421
4275,1752649.9849,2285040.6755
4276,1753020.4717,2285592.8472
4277,1751788.2912,2288083.8777
4278,1748915.272,2288245.8434
4279,1743761.9554,2297367.2631
4280,1744735.2506,2293701.4559
4281,1745708.9271,2296854.4399
4282,1745794.4897,2294568.7417
4283,1761752.8175,2311085.2252
4284,1760326.715,2309851.3643
4285,1753662.0202,2309300.7864
4286,1754651.6511,2313698.6251
4287,1754269.6049,2310283.5492
4288,1754206.1664,2310268.9116
4289,1753018.9883,2309995.7595
4290,1752118.1532,2312168.9101
4291,1752189.8505,2307612.2596
4292,1750791.0632,2309484.4424
4293,1751111.5486,2311138.1137
4294,1745906.8944,2291464.656
4295,1745552.6119,2290377.9099
4296,1746065.5991,2291506.2013
4297,1748232.3263,2275953.3991
4298,1750577.7451,2275121.8458
4299,1749088.0036,2279959.7401
4300,1749090.3338,2279915.6225
4301,1749076.541,2279342.6027
4302,1749003.1994,2280419.6105
4303,1749640.1918,2276777.1723
4304,1749258.6157,2276918.3341
4305,1749045.0301,2277331.6679
4306,1748608.692,2278085.3047
4307,1747738.3689,2272854.3204
4308,1747839.2388,2273770.34
4309,1747342.2879,2273895.5936
4310,1746662.8253,2274388.7636
4311,1751856.5749,2265371.2511
4312,1751593.9433,2259837.3314
4313,1751679.2076,2259736.0233
4314,1751399.6994,2260087.0561
4315,1750723.8759,2260983.0515
4316,1750084.9305,2263153.5035
4317,1749629.3382,2263482.6163
4318,1749654.1199,2261305.5768
4319,1749510.7895,2262044.9944
4320,1748059.8508,2260743.657
4321,1752582.655,2252611.42
4322,1752228.5582,2252418.7066
4323,1754305.2535,2250804.2719
4324,1753213.0569,2251281.9938
4325,1756733.8432,2250703.2176
4326,1755186.9467,2249810.7831
4327,1755723.7106,2250437.9606
4328,1756019.1513,2249791.0236
4329,1755741.4645,2249433.2821
4330,1758640.6049,2245115.7918
4331,1759008.6043,2247803.3408
4332,1758359.3633,2246774.7846
4333,1758570.5747,2247558.6549
4334,1757878.738,2243302.1792
4335,1757885.5879,2243272.2307
4336,1757249.8418,2245338.7634
4337,1757131.575,2245629.5856
4338,1757292.3796,2246102.46
4339,1757253.2596,2246963.0642
4340,1757429.729,2247457.8956
4341,1756289.5645,2245907.1642
4342,1755510.8831,2246947.9387
4343,1755066.6516,2247928.6152
4344,1756789.2879,2246368.2756
4345,1756713.2436,2246881.5331
4346,1754567.2508,2248121.7026
4347,1756200.2543,2248445.4346
4348,1756268.1736,2248182.5191
4349,1755801.842,2241211.252
4350,1755924.5,2241447.0018
4351,1755865.0036,2241703.8521
4352,1755891.2639,2241476.0523
4353,1756042.8557,2242509.0473
4354,1756085.4985,2242125.9988
4355,1755996.8517,2244631.7445
4356,1755181.9235,2244022.3069
4357,1753099.5807,2244588.7219
4358,1754544.0057,2243419.2051
4359,1752816.541,2244910.1164
4360,1754533.4893,2246698.011
4361,1753846.8568,2244917.3659
4362,1753763.9854,2244940.4407
4363,1756097.6715,2241670.4047
4364,1756013.2905,2241564.3959
4365,1755155.1041,2236623.2141
4366,1754665.0534,2236899.8997
4367,1754666.5525,2236903.556
4368,1754679.0723,2235584.1914
4369,1754454.5155,2234463.4607
4370,1754114.1097,2234120.1981
4371,1754057.6438,2234073.1122
4372,1756595.5052,2233074.8881
4373,1753135.8279,2233094.906
4374,1752270.5065,2232163.7774
4375,1750733.8267,2230821.4292
4376,1757220.7736,2232308.8904
4377,1757312.4124,2232823.8155
4378,1754554.2031,2232807.3805
4379,1755542.4851,2233020.4308
4380,1755565.4596,2235440.2362
4381,1756510.7666,2236541.9818
4382,1756822.2301,2234739.9805
4383,1757286.1594,2235300.6704
4384,1755909.4841,2237203.0835
4385,1758241.6048,2238517.0431
4386,1756430.7011,2237784.7659
4387,1757807.4681,2236786.1673
4388,1756673.4688,2237209.7693
4389,1751496.9555,2233973.0167
4390,1749287.27,2232529.2007
4391,1749288.4166,2232515.2878
4392,1752034.5676,2234324.6717
4393,1753211.8869,2234118.6064
4394,1752381.1249,2234369.852
4395,1748827.5777,2229450.3977
4396,1747396.1959,2229723.0563
4397,1749427.2277,2229118.4733
4398,1749514.4506,2229167.0671
4399,1750967.9017,2229934.3747
4400,1750263.013,2229743.1471
4401,1752579.4216,2230497.7378
4402,1750260.6429,2229810.8914
4403,1750234.8824,2229776.1899
4404,1750468.5456,2230377.7606
4405,1751340.6053,2229255.0976
4406,1750262.9009,2229640.72
4407,1753155.3132,2229292.178
4408,1753934.4629,2229142.0886
4409,1753477.8619,2229442.2063
4410,1754731.9326,2230267.9146
4411,1753605.213,2227676.756
4412,1753066.5769,2229781.599
4413,1753586.7542,2230378.8693
4414,1753315.398,2230140.7156
4415,1753316.3078,2230134.7001
4416,1747473.328,2226350.5372
4417,1746632.3825,2228699.7168
4418,1746625.6089,2228696.0759
4419,1747309.0848,2226082.3493
4420,1745034.7518,2223577.9625
4421,1744775.4382,2223524.6121
4422,1746465.1794,2222646
4423,1746596.3252,2222249.0524
4424,1746840.1282,2224017.4528
4425,1745693.5123,2221280.8752
4426,1744046.459,2218665.9891
4427,1745878.4428,2221091.5742
4428,1745022.772,2219445.9994
4429,1744170.3093,2218483.8862
4430,1739027.0821,2204883.0669
4431,1738062.1724,2204762.0421
4432,1742929.9604,2206261.9037
4433,1743254.2414,2206096.2099
4434,1744967.8616,2208918.2374
4435,1746033.5081,2209153.8429
4436,1745650.5746,2210230.7535
4437,1747961.889,2212352.5179
4438,1747533.7163,2213172.3134
4439,1746695.5857,2213221.8958
4440,1746455.6685,2213059.9981
4441,1745099.171,2213013.4193
4442,1745219.039,2213557.8774
4443,1746813.6978,2213899.8909
4444,1748883.4763,2215638.6867
4445,1748783.7443,2215382.4157
4446,1748825.7792,2215436.5562
4447,1748831.8465,2215436.118
4448,1748441.2075,2214553.9279
4449,1748594.2167,2213682.4695
4450,1750459.7836,2215044.1683
4451,1751426.0722,2218453.2219
4452,1751452.8312,2218025.9682
4453,1751627.8206,2217766.1174
4454,1751858.4134,2217854.9871
4455,1753326.9677,2217805.9472
4456,1752081.7767,2218078.7596
4457,1753808.8719,2219568.4699
4458,1752696.2364,2221421.3325
4459,1752757.1247,2220923.0261
4460,1754513.9958,2220442.0143
4461,1754663.1788,2222016.007
4462,1754622.2643,2221720.225
4463,1755630.3148,2225449.6636
4464,1757663.4068,2226724.2829
4465,1755807.6936,2225442.9684
4466,1757063.8026,2228915.0697
4467,1756927.942,2229666.9633
4468,1754622.2077,2224803.7387
4469,1753469.8233,2225522.6706
4470,1753696.984,2226394.4793
4471,1752616.5166,2226606.9692
4472,1751175.8593,2221161.9275
4473,1751915.2907,2222773.2622
4474,1751027.2448,2222872.0156
4475,1750401.6592,2222129.333
4476,1749093.8619,2218950.4888
4477,1749210.6786,2219268.3721
4478,1750053.0958,2221373.079
4479,1749498.694,2222248.3347
4480,1750267.262,2223512.9554
4481,1751691.5185,2226177.0035
4482,1747636.7867,2222813.5959
4483,1744641.6675,2215323.4924
4484,1740170.7291,2206499.5376
4485,1741647.6035,2202481.4005
4486,1729207.6896,2197900.7399
4487,1729322.2591,2197225.4547
4488,1729331.7989,2196986.0954
4489,1727926.2084,2198898.2518
4490,1727531.5462,2199555.614
4491,1729277.2059,2199821.952
4492,1728247.2801,2215820.5846
4493,1727183.8664,2212657.8682
4494,1729141.9411,2215839.1852
4495,1729325.2372,2222413.3244
4496,1729328.7089,2221726.5253
4497,1705592.0041,2184595.6733
4498,1761944.4335,2254643.0437
4499,1761980.0666,2254600.9959
4500,1759910.0299,2240934.8471
4501,1760241.8486,2241982.806
4502,1727832.576,2237651.6875
4503,1732967.3683,2190416.1808
4504,1728507.6567,2186230.8625
4505,1728561.5037,2186195.9961
4506,1727747.7375,2187762.6756
4507,1732511.4713,2260231.7027
4508,1732797.2183,2259710.9376
4509,1738865.6414,2208008.7776
4510,1739053.5234,2208137.9255
4511,1759282.5333,2253209.1186
4512,1760852.8756,2252698.8337
4513,1758732.4042,2252775.9404
4514,1760044.9823,2251854.6975
4515,1757850.3863,2250107.5417
4516,1746065.6535,2248654.4006
4517,1735791.3637,2248683.5201
4518,1723991.916,2236495.5244
4519,1724836.1096,2235537.2388
4520,1742645.499,2212600.0005
4521,1742330.4973,2212102.9951
4522,1742211.4976,2211956.0037
4523,1742183.4966,2211998.0027
4524,1742146.7082,2212036.1356
4525,1741987.495,2210668.0001
4526,1708639.639,2187042.8423
4527,1739417.865,2208343.749
4528,1762003.416,2254656.5857
4529,1725415.3207,2235766.2165
4530,1708342.361,2187759.0851
4531,1708050.8379,2188460.879
4532,1706497.2669,2189689.7496
4533,1706008.538,2189015.2928
4534,1707553.6649,2185026.9248
4535,1739654.8014,2208575.9185
4536,1741007.4725,2213543.4382
4537,1728268.1472,2235712.7073
4538,1757885.8371,2244853.7809
4539,1730246.173,2251736.5956
4540,1730397.6348,2252873.4373
4541,1756341.6762,2240050.0872
4542,1756209.416,2239972.5332
4543,1756720.6538,2239083.3037
4544,1757172.1182,2239777.7401
4545,1760345.9293,2242319.2522
4546,1760230.7974,2242912.9169
4547,1760078.9064,2242943.8393
4548,1739179.173,2248311.365
4549,1739789.8151,2249589.8761
4550,1739333.2719,2248430.1946
4551,1721161.4263,2236989.4157
4552,1721633.9479,2236562.2176
4553,1722298.2547,2235889.2165
4554,1722197.8067,2236084.5804
4555,1727374.6058,2187870.6593
4556,1727436.6891,2187852.6949
4557,1727707.5139,2187774.3114
4558,1710301.5264,2177714.7519
4559,1710526.9855,2177827.436
4560,1710517.6147,2177869.9764
4561,1710563.0504,2178003.3013
4562,1709805.6229,2185757.4485
4563,1753133.7489,2266357.905
4564,1744860.44,2293523.1006
4565,1746425.4996,2288396.0005
4566,1745837.495,2294542.004
4567,1750975.501,2274899.9954
4568,1744703.4971,2252780.0003
4569,1745263.5033,2251478.0011
4570,1745513.0679,2250887.553
4571,1745481.1263,2249668.5013
4572,1741637.4983,2260045.9953
4573,1740433.499,2262776.0042
4574,1740447.5012,2263014.0009
4575,1740209.5006,2264092.0015
4576,1740391.5013,2259373.9912
4577,1736177.4976,2262999.9929
4578,1736387.5045,2262761.9988
4579,1733377.4999,2262958.0007
4580,1733853.5028,2265869.9916
4581,1733363.5004,2265967.9987
4582,1730325.5014,2250651.9988
4583,1730388.4991,2251190.9944
4584,1728575.502,2232003.9952
4585,1729009.9528,2232410.4523
4586,1729765.4978,2233096.0002
4587,1730801.5005,2233670.0016
4588,1742057.4939,2227341.9993
4589,1734413.4993,2212572.0004
4590,1733237.499,2214083.9952
4591,1733114.1759,2214140.0001
4592,1725873.5012,2218059.9992
4593,1725103.5041,2217933.996
4594,1723421.9048,2187089.2924
4595,1723630.7777,2186840.1068
4596,1702913.5009,2193644.0041
4597,1702934.5014,2193384.9922
4598,1724193.503,2221181.9938
4599,1723535.5039,2222750.0005
4600,1738361.4965,2217682.0002
4601,1738291.4996,2231849.9921
4602,1743359.5012,2257833.9938
4603,1737038.5016,2278113.001
4604,1734945.5052,2279253.997
4605,1740167.4986,2257959.9958
4606,1731851.5022,2266709.9924
4607,1753943.4962,2249140.0035
4608,1753859.505,2248901.9972
4609,1755119.5025,2266794.0001
4610,1754727.4994,2243483.9988
4611,1750121.5018,2229595.9954
4612,1750205.5021,2229735.9971
4613,1762052.7215,2254766.749
4614,1762201.6427,2255613.1318
4615,1764134.5045,2259692.1441
4616,1727541.6733,2237511.8888
4617,1727755.2915,2237606.2652
4618,1728574.8225,2213022.4737
4619,1727944.0468,2212666.451
4620,1728169.9209,2208927.6378
4621,1726140.3963,2217992.6731
4622,1726396.8579,2218012.8558
4623,1748948.2383,2241052.0468
4624,1748356.59214237,2239449.85917498
4625,1748560.0957,2239958.168
4626,1727519.13367999,2227345.17066318
4627,1727623.5015,2186937.9963
4628,1781154.0594,2115053.3605
4629,1779630.5762,2115004.5099
4630,1787682.8594,2115063.9854
4631,1791630.2477,2114488.9741
4632,1779617.9335,2115093.6661
4633,1780176.8358,2117369.1707
4634,1779667.1052,2116616.0363
4635,1783922.4883,2117947.6385
4636,1785210.5975,2118460.6828
4637,1785267.1254,2118439.4262
4638,1786731.7828,2118248.5851
4639,1786989.2385,2118094.4574
4640,1792019.8337,2115259.2444
4641,1793325.5615,2114576.9332
4642,1794278.622,2114826.4736
4643,1794908.0756,2114762.6668
4644,1796399.9024,2115435.2295
4645,1799954.6799,2114150.3319
4646,1798809.279,2115345.5501
4647,1800657.5003,2113660.4981
4648,1802697.8878,2113746.266
4649,1767986.931,2114470.1132
4650,1768020.7186,2114412.0333
4651,1767658.2195,2115113.358
4652,1767663.5329,2115432.9432
4653,1761447.5002,2119303.9934
4654,1763001.5021,2118785.9973
4655,1760005.5032,2120158.0063
4656,1757205.4981,2124483.9943
4657,1758017.504,2123153.9945
4658,1758031.4959,2123098.0003
4659,1756498.5018,2125415.0005
4660,1753740.4972,2127276.9975
4661,1753661.1634,2128278.1932
4662,1753714.1108,2127438.6527
4663,1753742.3973,2127347.8074
4664,1754714.6765,2130768.709
4665,1754523.482,2131705.7457
4666,1753872.1257,2133351.4784
4667,1753185.2925,2133820.9494
4668,1753855.2622,2133370.6284
4669,1752714.0424,2135322.7337
4670,1753949.802,2137475.9149
4671,1753761.4851,2137954.5451
4672,1755202.3583,2143495.7306
4673,1751591.4959,2126709.9931
4674,1752614.6314,2127336.9641
4675,1749323.4972,2126527.9954
4676,1747300.4968,2127458.9991
4677,1748587.5806,2126987.6597
4678,1743317.4997,2140738.0019
4679,1744437.5031,2138567.9969
4680,1741287.4938,2142152.0046
4681,1732383.4977,2142291.9982
4682,1734497.5003,2141045.9966
4683,1735006.1606,2140840.6616
4684,1732523.5014,2143692.0013
4685,1742735.5478,2156533.6407
4686,1732590.5544,2143806.4792
4687,1743045.257,2156626.3914
4688,1744198.8663,2158131.1346
4689,1746292.637,2159701.3111
4690,1745568.3451,2158701.9563
4691,1748364.7951,2162726.4328
4692,1749456.2357,2164891.2205
4693,1751504.817,2169346.5291
4694,1751558.0229,2169933.9413
4695,1753646.7887,2171732.8627
4696,1754249.9602,2172904.316
4697,1756027.1998,2175213.3026
4698,1756019.4935,2175487.4149
4699,1756073.6006,2176185.3183
4700,1758250.7123,2185230.7881
4701,1756379.139,2178216.81
4702,1756515.707,2176823.7841
4703,1758426.0833,2185380.7344
4704,1761920.2654,2188094.9058
4705,1761969.0462,2188085.0536
4706,1762523.7138,2187649.5029
4707,1764616.7048,2186580.3442
4708,1766059.4113,2187833.1543
4709,1767499.8144,2189017.0342
4710,1731011.5018,2146365.9946
4711,1735573.9077,2151565.7937
4712,1731960.1443,2147161.0667
4713,1731921.4972,2147136.0031
4714,1737158.7568,2154826.6142
4715,1740565.4425,2161282.5693
4716,1743270.9795,2163745.4364
4717,1743799.6794,2164349.1765
4718,1743954.7256,2164417.9067
4719,1744060.2658,2164697.3177
4720,1744129.4955,2165106.6321
4721,1744482.1068,2167913.5953
4722,1743964.584,2167129.2113
4723,1744022.7721,2165581.7013
4724,1743915.484,2166059.2591
4725,1743947.9227,2166825.923
4726,1743948.2863,2166812.8732
4727,1746763.3675,2170003.2663
4728,1746782.1331,2170320.1622
4729,1747768.3986,2171762.2385
4730,1752578.443,2177568.015
4731,1729107.4987,2154136.0002
4732,1731347.5042,2153422.003
4733,1729056.5977,2155410.5272
4734,1728939.5027,2154808.0014
4735,1728575.502,2161794.0045
4736,1729611.4972,2158336.0033
4737,1729373.4944,2164048.0001
4738,1730577.504,2164621.9994
4739,1732719.4965,2164678.0039
4740,1733559.5016,2166539.9934
4741,1734021.4975,2166791.9958
4742,1735547.4975,2171034.0045
4743,1734371.86,2167151.6727
4744,1735463.5032,2171482.0012
4745,1741775.4322,2173303.6484
4746,1737869.8913,2173589.8864
4747,1742230.9531,2173557.5882
4748,1742251.7356,2173465.0768
4749,1742271.2748,2173600.851
4750,1744074.8912,2173598.9251
4751,1745655.8754,2174353.1461
4752,1745998.4057,2175100.5339
4753,1749243.8435,2178936.9436
4754,1750132.9408,2180603.8214
4755,1748802.7651,2180179.667
4756,1748741.614,2181193.0147
4757,1749130.6999,2182820.3907
4758,1748567.3737,2182146.6365
4759,1750077.8039,2184836.5758
4760,1753234.8975,2186322.4198
4761,1754092.1025,2187067.789
4762,1753447.9062,2186488.7721
4763,1754424.5232,2187368.8036
4764,1756277.5675,2189458.1681
4765,1756772.4311,2190195.1434
4766,1756477.8917,2189794.9903
4767,1757531.8418,2191202.0236
4768,1759389.5473,2192139.1315
4769,1753834.6105,2189476.1824
4770,1754651.9977,2191644.1041
4771,1753792.1434,2189755.5471
4772,1757051.0355,2194416.1905
4773,1757085.3215,2196116.6847
4774,1756976.4874,2196335.1379
4775,1756496.5846,2198138.8988
4776,1756085.5029,2198222.0024
4777,1756157.9212,2198254.1305
4778,1756043.4973,2198263.9938
4779,1757428.3152,2199709.9388
4780,1756006.1658,2198319.6548
4781,1757553.3407,2199202.3592
4782,1758924.091,2196419.3576
4783,1759070.9623,2196567.7025
4784,1759137.1312,2196899.1493
4785,1759283.7227,2197376.8926
4786,1759366.456,2197840.0181
4787,1759755.1957,2199597.9859
4788,1760191.69,2200255.1002
4789,1760548.2623,2200775.6321
4790,1760795.692,2201547.1593
4791,1762856.7244,2201782.3363
4792,1749705.9701,2185692.9763
4793,1749428.207,2188819.2136
4794,1750306.634,2190430.9832
4795,1750640.8593,2194793.2737
4796,1750778.6088,2194686.8091
4797,1751601.7669,2194141.4065
4798,1750700.0557,2194669.0047
4799,1750631.9749,2195587.1462
4800,1750733.8547,2196576.7742
4801,1734273.4999,2172322.0051
4802,1734280.4951,2173644.9991
4803,1737199.4978,2176046.0016
4804,1734875.4982,2173833.9973
4805,1734679.5028,2178733.9955
4806,1735953.5028,2177781.9998
4807,1734413.4958,2179489.9981
4808,1732950.5015,2181358.9918
4809,1732873.4957,2181421.9996
4810,1732846.515,2181935.8875
4811,1732843.8155,2181867.0317
4812,1732868.1191,2181630.9388
4813,1732863.6174,2181477.646
4814,1733787.9954,2183293.3354
4815,1734460.9766,2185738.0566
4816,1736811.5421,2187850.968
4817,1737600.5791,2187890.5545
4818,1738569.3169,2189427.2064
4819,1740180.7801,2189906.9543
4820,1738665.0936,2189430.1985
4821,1740958.1418,2190376.9598
4822,1741836.0111,2190528.1916
4823,1744313.0744,2190759.9188
4824,1745578.8188,2192566.983
4825,1746494.1052,2194026.7181
4826,1746432.736,2193704.078
4827,1746848.6423,2196184.5729
4828,1746882.1302,2196207.903
4829,1746962.3423,2196470.3128
4830,1746937.8966,2197024.2638
4831,1747135.0893,2197226.4325
4832,1747556.5878,2197739.3404
4833,1747753.3332,2198080.6173
4834,1748630.2279,2199733.9471
4835,1747958.1155,2198912.2652
4836,1749527.4942,2200131.1038
4837,1750779.9975,2200705.6979
4838,1750927.8672,2200725.9879
4839,1756110.6374,2210698.0732
4840,1755746.1791,2210110.0484
4841,1758481.0723,2209435.234
4842,1760084.0241,2209187.1671
4843,1760684.9886,2209114.4682
4844,1762352.8205,2204978.5158
4845,1761511.5719,2204948.914
4846,1762714.3889,2204709.0873
4847,1762587.2579,2204869.2125
4848,1764867.879,2205625.0049
4849,1765155.2532,2206402.9845
4850,1755223.9047,2212324.1377
4851,1755277.0115,2214961.6058
4852,1755085.8432,2219174.9385
4853,1755434.3981,2219798.6608
4854,1748616.5301,2200240.4103
4855,1748582.6672,2201396.3113
4856,1749643.6304,2205013.7484
4857,1750421.388,2203813.2402
4858,1748293.4946,2205945.6731
4859,1748136.1108,2206813.5804
4860,1748081.3522,2206507.0531
4861,1747807.3767,2208393.9052
4862,1747921.8458,2208104.6143
4863,1747852.3351,2207600.4005
4864,1747747.2825,2209551.6838
4865,1747986.1588,2209821.0135
4866,1749197.2584,2211562.803
4867,1749321.02,2210569.1356
4868,1749987.3403,2210593.6329
4869,1749338.8255,2210410.3234
4870,1748971.8317,2208935.4483
4871,1742083.6189,2192724.0471
4872,1741768.3508,2190998.8511
4873,1741734.896,2190781.1415
4874,1742182.6111,2194000.1974
4875,1741756.3756,2194731.2245
4876,1741355.4739,2195247.3466
4877,1741372.8695,2195261.7845
4878,1741260.0041,2195898.1855
4879,1741160.8752,2196908.0529
4880,1741175.5784,2196648.7145
4881,1742432.9107,2199533.371
4882,1743947.3888,2200892.2577
4883,1739840.7787,2191387.7843
4884,1739386.6194,2192116.2975
4885,1739408.1092,2192432.3895
4886,1738982.3873,2194463.7748
4887,1738997.3268,2194477.6694
4888,1739331.5628,2194907.8576
4889,1739958.0181,2196594.029
4890,1740755.0686,2199377.252
4891,1740994.5909,2199780.7517
4892,1732453.5008,2181646.0042
4893,1730227.5053,2184137.9961
4894,1730969.5057,2183199.9951
4895,1746948.8721,2127506.7117
4896,1747225.8676,2127445.1164
4897,1746764.1582,2127536.4091
4898,1743096.0654,2127770.7537
4899,1742825.0991,2127770.6576
4900,1740611.6051,2127546.9486
4901,1738909.8171,2127944.3685
4902,1738686.4431,2127939.1327
4903,1738490.7797,2127971.6163
4904,1738434.8272,2128002.4689
4905,1737771.9002,2129954.2626
4906,1738408.8752,2128003.2338
4907,1735922.0049,2130436.7436
4908,1735606.4535,2130670.9236
4909,1733677.3156,2130098.2115
4910,1733447.4579,2130017.9558
4911,1733225.3212,2129579.6213
4912,1731971.3702,2127324.3859
4913,1731842.5486,2126410.4673
4914,1731019.6963,2124768.2106
4915,1729846.1266,2125727.4629
4916,1729627.9292,2125863.1121
4917,1728731.6001,2127237.8032
4918,1727870.2671,2126160.7262
4919,1727431.2754,2125273.8578
4920,1726215.3328,2124997.9105
4921,1726103.8003,2124989.0499
4922,1726048.7371,2125039.9094
4923,1723299.3204,2126945.6763
4924,1723154.8076,2127144.7981
4925,1722574.9715,2127891.0145
4926,1721384.8051,2130644.4673
4927,1721846.0812,2128646.3366
4928,1721860.0767,2128489.3172
4929,1720694.0753,2130583.383
4930,1758991.0899,2127730.3999
4931,1757406.0892,2124712.3357
4932,1757293.7911,2124626.5034
4933,1759228.1139,2128109.8485
4934,1759751.9247,2128157.3252
4935,1761045.8214,2127745.486
4936,1763291.4222,2128652.5596
4937,1764017.4669,2127930.9832
4938,1763519.3026,2128638.3598
4939,1763516.7197,2128644.3912
4940,1738682.6119,2174425.0495
4941,1741207.0284,2178115.3415
4942,1742671.5409,2180582.3871
4943,1743088.5439,2182234.5219
4944,1742975.7177,2182973.482
4945,1743367.78,2185056.004
4946,1742976.159,2183519.9876
4947,1743531.4749,2185497.5612
4948,1743523.6704,2185440.6391
4949,1743812.8153,2186013.0182
4950,1745208.7643,2188569.3847
4951,1749084.3535,2139400.0123
4952,1745038.0003,2136506.2428
4953,1744955.498,2136425.9961
4954,1734811.418,2181681.4398
4955,1734711.166,2178776.3887
4956,1734782.3553,2182123.8891
4957,1736959.9655,2183738.8189
4958,1737458.9785,2185204.8347
4959,1737554.5989,2185354.8245
4960,1740708.8056,2143342.3721
4961,1741295.1583,2142265.2358
4962,1741296.638,2142258.6188
4963,1740590.8337,2144610.7313
4964,1741447.3076,2146277.8161
4965,1741929.4359,2147228.4057
4966,1742078.6061,2150722.8414
4967,1744148.76,2143981.5895
4968,1743331.6606,2140831.5982
4969,1744081.9152,2145437.3001
4970,1745739.5691,2150014.2181
4971,1768554.0657,2117216.0977
4972,1767786.8432,2115618.1527
4973,1767758.8673,2115593.4376
4974,1767649.5042,2115454.0023
4975,1769025.4704,2118626.2701
4976,1768216.755,2124901.0406
4977,1751706.4603,2128715.6528
4978,1751493.8268,2126800.7641
4979,1751519.1704,2126744.9539
4980,1749234.7369,2133487.7326
4981,1749252.531,2133720.2057
4982,1749628.4497,2134683.9239
4983,1749548.8643,2137006.4412
4984,1751066.877,2139351.982
4985,1750102.0089,2138521.4636
4986,1751804.3213,2140031.1916
4987,1753449.2556,2144121.5836
4988,1733013.0058,2155242.7522
4989,1731375.6237,2153477.4438
4990,1734193.9726,2155942.3703
4991,1737194.9325,2165383.8247
4992,1735949.1308,2157030.1329
4993,1735818.3314,2157465.7153
4994,1737418.2526,2164210.0923
4995,1736149.3032,2160619.7309
4996,1736335.3578,2160364.5514
4997,1736167.9144,2160454.734
4998,1736189.8961,2160550.0318
4999,1759336.5076,2181808.8862
5000,1758526.7916,2180041.8769
5001,1758345.2494,2179953.5678
5002,1757343.6505,2178132.6401
5003,1761733.8875,2120097.9112
5004,1761476.6966,2119453.6636
5005,1761463.803,2119385.043
5006,1761471.241,2119369.6782
5007,1762698.448,2121256.8843
5008,1764198.5705,2122765.5273
5009,1765705.8791,2124790.8873
5010,1742349.5821,2174191.3033
5011,1742876.5084,2176065.438
5012,1742368.677,2174426.8067
5013,1742358.0728,2174195.124
5014,1743126.4843,2176902.2357
5015,1743584.603,2177058.3848
5016,1744609.3869,2179770.1224
5017,1744096.1181,2178041.0205
5018,1743942.2554,2177796.0524
5019,1744811.4895,2180041.7426
5020,1746321.6147,2142029.4617
5021,1744560.2002,2138600.4084
5022,1747797.318,2144935.047
5023,1747411.6618,2148131.5941
5024,1747493.2377,2149315.7603
5025,1747459.2104,2148381.1661
5026,1755736.7702,2135911.6039
5027,1757526.004,2140003.0602
5028,1756673.4844,2138610.7347
5029,1780460.1285,2112056.7415
5030,1778415.9427,2112680.3114
5031,1784172.7973,2111796.5117
5032,1784630.5689,2111704.0165
5033,1785339.9139,2111934.7115
5034,1786052.3564,2112705.2824
5035,1739042.0731,2170813.746
5036,1735611.2989,2171066.6851
5037,1740752.3088,2171988.3578
5038,1779351.2402,2115207.6937
5039,1779231.8934,2115548.5861
5040,1778690.3004,2115600.8097
5041,1777112.9944,2114624.3136
5042,1774639.293,2116362.353
5043,1774435.0978,2116694.6756
5044,1774680.9134,2118566.3597
5045,1775406.0008,2120293.9649
5046,1733784.5507,2189230.876
5047,1730994.6585,2183210.5424
5048,1745975.3438,2202398.7474
5049,1745201.3946,2204855.454
5050,1745950.7791,2202408.8717
5051,1735773.748,2191181.7146
5052,1737054.1718,2193115.8302
5053,1735813.5036,2191314.2719
5054,1737054.0818,2193764.1854
5055,1737168.5908,2195923.8665
5056,1737726.6374,2196612.0835
5057,1737189.2562,2195999.7524
5058,1737174.9235,2195933.5748
5059,1738119.7547,2197147.5387
5060,1734188.468,2174028.3734
5061,1734230.8801,2173722.7689
5062,1733687.5269,2176237.4703
5063,1730763.6159,2176936.7801
5064,1730377.1422,2178320.7359
5065,1756357.5142,2122154.5131
5066,1757696.6035,2123061.7938
5067,1757918.2739,2123089.5039
5068,1755941.4237,2121813.3767
5069,1755737.3234,2121756.6885
5070,1755346.0989,2121602.5264
5071,1753718.6285,2120082.1582
5072,1754175.501,2120388.9763
5073,1741020.614,2125576.4714
5074,1738938.7577,2122671.5017
5075,1730141.945,2141536.7525
5076,1732300.0185,2142310.3136
5077,1729410.7479,2141008.3536
5078,1726344.8103,2138124.1566
5079,1726643.8318,2137071.9766
5080,1726022.4619,2133349.6808
5081,1722992.9633,2131833.9972
5082,1724120.3256,2131341.3392
5083,1721622.7996,2133169.7372
5084,1725701.8083,2131691.1801
5085,1739518.5095,2126131.4525
5086,1738357.1908,2124640.245
5087,1736810.171,2123131.1743
5088,1737597.0268,2121237.15
5089,1738492.9324,2119640.6451
5090,1737736.5062,2118578.6307
5091,1728712.4999,2127769.0629
5092,1729173.3755,2129621.4224
5093,1729700.9168,2131241.7054
5094,1729027.6863,2130282.2453
5095,1729578.0359,2132548.6702
5096,1729124.1068,2133532.0309
5097,1729037.4228,2145615.3404
5098,1730946.2478,2146430.3936
5099,1727279.6463,2143127.9276
5100,1727203.1236,2142538.9194
5101,1730246.1147,2137707.2818
5102,1734783.4875,2140690.4716
5103,1734988.9005,2140799.3677
5104,1733655.3433,2133455.7972
5105,1733699.5553,2133465.6374
5106,1730596.2843,2134833.5086
5107,1728539.1952,2135214.1679
5108,1729388.0852,2135031.0978
5109,1762917.554,2117900.1666
5110,1762918.0003,2118617.8028
5111,1762962.4728,2118706.6946
5112,1762965.0468,2118707.3062
5113,1762451.1517,2117747.4165
5114,1761610.4352,2117000.1466
5115,1759316.5445,2115553.718
5116,1758210.2839,2115227.3495
5117,1758154.5415,2115222.6229
5118,1755807.1538,2113955.8296
5119,1728216.3578,2165185.4997
5120,1729259.0466,2164158.0237
5121,1725999.0572,2168917.6035
5122,1724479.1752,2173657.8603
5123,1723975.6968,2174774.8978
5124,1724181.771,2177320.403
5125,1721364.2691,2120187.6002
5126,1723484.5698,2166685.9755
5127,1728519.1793,2161852.774
5128,1733523.7063,2166575.5054
5129,1732877.9423,2167536.7414
5130,1732128.4113,2170142.0725
5131,1727737.0398,2173863.8256
5132,1748084.1705,2123565.5917
5133,1749236.5295,2126415.1863
5134,1749265.7076,2126492.6066
5135,1749281.9031,2126494.6763
5136,1748267.6301,2123506.7531
5137,1747644.3734,2119905.7795
5138,1759089.7789,2119526.4019
5139,1759842.0072,2119888.3468
5140,1759920.9322,2120087.5446
5141,1756763.6539,2118256.6154
5142,1753829.6264,2116786.8523
5143,1754776.7348,2117712.6659
5144,1752429.2181,2115788.7751
5145,1730344.0178,2123550.9349
5146,1728521.9616,2119742.0695
5147,1744718.9686,2134281.4773
5148,1745090.3087,2134398.522
5149,1745690.1933,2134246.992
5150,1745755.1714,2134227.5665
5151,1745133.4354,2134413.4043
5152,1745319.7343,2134357.7146
5153,1745581.8376,2134279.3709
5154,1745630.4548,2134264.844
5155,1740772.4489,2130860.691
5156,1740613.3361,2130972.2377
5157,1740007.3826,2131443.6297
5158,1738802.9371,2132422.2267
5159,1751813.9138,2196382.2018
5160,1752152.253,2195017.7704
5161,1752642.1359,2198308.1731
5162,1762038.8788,2200057.6338
5163,1761817.0892,2200077.8401
5164,1762069.32,2199874.4217
5165,1760894.6852,2198810.141
5166,1760174.3043,2197812.066
5167,1762224.3306,2198885.8172
5168,1760568.8475,2197387.2375
5169,1766603.8369,2199315.1328
5170,1766789.4925,2198763.6363
5171,1766480.4017,2199332.6829
5172,1763233.20202024,2198013.20741921
5173,1761844.579,2197687.1274
5174,1768172.7467,2199203.676
5175,1767009.6857,2198569.5943
5176,1768364.7879,2199415.5959
5177,1759732.1222,2196762.0101
5178,1759731.7515,2196718.4408
5179,1757965.8675,2203078.1617
5180,1758340.3362,2203644.8299
5181,1758550.6183,2203934.7768
5182,1758566.5074,2203955.8604
5183,1759684.9587,2206536.0898
5184,1760844.396,2206903.9651
5185,1770801.6258,2201781.5109
5186,1771682.6814,2200721.5352
5187,1771553.5726,2200381.8698
5188,1771520.0373,2200200.7416
5189,1771655.1612,2200609.34
5190,1771580.4867,2199891.3025
5191,1771635.0788,2199438.6733
5192,1772828.9889,2200886.4969
5193,1772469.219,2199627.5533
5194,1747109.4731,2181373.0843
5195,1745720.1669,2180993.2959
5196,1746956.3059,2181067.8592
5197,1747189.7212,2181018.1863
5198,1759723.0546,2189679.6519
5199,1758862.1956,2188744.4432
5200,1758545.9167,2188131.8584
5201,1758528.3093,2187912.4917
5202,1758795.3115,2187211.025
5203,1759359.0614,2186671.1557
5204,1758216.5601,2185301.8779
5205,1762749.4769,2195428.8267
5206,1762872.1995,2195412.232
5207,1763586.5477,2196301.1411
5208,1764062.7391,2195553.2732
5209,1761352.6057,2192585.8494
5210,1760707.555,2191247.5063
5211,1769568.4127,2111940.205
5212,1769879.9396,2112184.0693
5213,1770081.2953,2112389.9053
5214,1770127.4989,2112443.9956
5215,1768919.2047,2111922.2626
5216,1767718.6928,2110139.5928
5217,1766985.5653,2111235.5452
5218,1767775.3894,2107786.7854
5219,1765425.757,2115794.1455
5220,1766779.6981,2115790.0282
5221,1767470.4803,2115509.8643
5222,1764154.9971,2115304.5157
5223,1759581.078,2113058.7369
5224,1762647.0891,2112905.6013
5225,1764215.2044,2113701.6741
5226,1760342.3674,2118406.0969
5227,1756354.4043,2115406.9492
5228,1757198.4756,2113261.1756
5229,1759523.1932,2113566.0734
5230,1761021.9816,2114086.3118
5231,1762492.8803,2115906.5105
5232,1753295.8476,2119039.595
5233,1755375.1786,2115048.8006
5234,1754941.5594,2115030.8337
5235,1759680.5999,2117347.0822
5236,1758071.7183,2122544.741
5237,1758177.1826,2122592.2403
5238,1756905.6365,2120278.3486
5239,1758189.2128,2122586.2686
5240,1758311.4948,2122579.9966
5241,1754839.8448,2123064.9781
5242,1754345.7516,2122771.8995
5243,1751048.8253,2121464.1679
5244,1752457.4896,2121465.9708
5245,1753791.1677,2122099.8
5246,1754905.3785,2121450.2893
5247,1754557.0317,2121266.3883
5248,1754541.0804,2121131.359
5249,1755258.406,2120300.0965
5250,1756444.2537,2120331.7116
5251,1753386.6121,2123900.6411
5252,1756344.5723,2125352.75
5253,1756414.8834,2125384.4211
5254,1746408.547,2121476.3984
5255,1749201.4598,2122606.7813
5256,1749273.0229,2121685.0551
5257,1737964.5936,2128455.5731
5258,1735635.4656,2128113.9826
5259,1736383.3637,2129202.9189
5260,1738127.9791,2131746.2123
5261,1730825.3114,2132825.8649
5262,1731339.1965,2131703.3068
5263,1730958.3065,2128185.4374
5264,1730549.1789,2130271.3743
5265,1730417.4362,2126493.8598
5266,1728618.8006,2132336.475
5267,1728970.4864,2130448.1315
5268,1728284.0395,2132989.9119
5269,1730226.6775,2130997.9961
5270,1730345.2367,2131068.8915
5271,1728627.2694,2127863.1445
5272,1727849.8918,2130733.9298
5273,1727180.1381,2128869.6716
5274,1727472.7963,2126243.7149
5275,1727363.2484,2126190.6879
5276,1725931.2783,2126602.0759
5277,1727440.4354,2131620.0774
5278,1726131.7586,2130512.6362
5279,1723437.6934,2130026.2512
5280,1723762.9959,2127919.3757
5281,1723748.1673,2127682.4852
5282,1723766.0258,2127906.5466
5283,1722878.0465,2130797.8913
5284,1721380.2709,2130735.1821
5285,1725054.4232,2124694.6786
5286,1721352.2568,2122148.4369
5287,1721900.3011,2125944.1943
5288,1727294.9159,2125096.7964
5289,1726453.0973,2121299.2905
5290,1726333.3022,2121047.1338
5291,1727207.2302,2125190.3366
5292,1727207.139,2125366.1901
5293,1730289.3932,2121213.1922
5294,1732973.9119,2126256.1166
5295,1733029.3454,2126389.3129
5296,1733797.4386,2127653.5146
5297,1736178.8364,2126131.5196
5298,1734309.4281,2126643.7466
5299,1734785.1102,2127241.1532
5300,1736872.0748,2125766.2995
5301,1737831.9154,2125397.5771
5302,1737702.2888,2125226.8009
5303,1736789.8464,2120725.9127
5304,1737242.0513,2120792.7707
5305,1737141.0328,2120644.1339
5306,1738691.9516,2124504.9011
5307,1738756.9831,2124340.8108
5308,1741522.7,2123177.6098
5309,1743275.2034,2126008.9718
5310,1745552.8058,2126199.6398
5311,1741653.2888,2122153.5073
5312,1745097.3292,2123962.6034
5313,1743772.4961,2130359.1197
5314,1745390.4215,2131770.8649
5315,1745516.8029,2131759.6839
5316,1745627.5015,2131693.996
5317,1741183.8996,2132809.421
5318,1740309.2382,2134021.8585
5319,1738995.8926,2134644.527
5320,1739417.2016,2139046.4039
5321,1736839.3072,2133887.8395
5322,1737090.3064,2134220.3633
5323,1736783.9113,2138794.5813
5324,1736541.0998,2138968.8413
5325,1736353.9259,2139055.7196
5326,1734361.9578,2135758.6983
5327,1736475.6667,2134083.551
5328,1736532.1232,2134096.1128
5329,1739487.2429,2129762.1332
5330,1742739.2057,2130236.1019
5331,1744441.1372,2137202.9133
5332,1744773.1855,2136651.9794
5333,1744885.5014,2136621.9922
5334,1722389.1959,2135952.9297
5335,1724722.7001,2137829.5754
5336,1722700.8548,2133919.2744
5337,1729834.653,2137342.2337
5338,1727540.2028,2147534.066
5339,1724770.2797,2156964.9723
5340,1728818.302,2154825.8254
5341,1721509.2969,2157261.1228
5342,1719102.9198,2156497.0791
5343,1720567.9356,2156686.2198
5344,1720696.0767,2156748.5801
5345,1720821.4221,2156847.0692
5346,1723793.1278,2159493.8788
5347,1723816.1493,2159491.4381
5348,1723917.986,2159419.0455
5349,1723280.1913,2159561.8891
5350,1722862.1529,2160371.1768
5351,1722409.453,2160552.189
5352,1722020.2528,2163347.6895
5353,1721048.1067,2166353.1385
5354,1720118.131,2170068.3847
5355,1722190.8287,2163545.3514
5356,1723039.4635,2165234.2851
5357,1722183.6065,2163601.4966
5358,1717574.3537,2169072.1099
5359,1720045.7552,2166756.7297
5360,1717194.3024,2169578.7117
5361,1720420.1613,2166626.7077
5362,1719143.0848,2163290.8216
5363,1718412.2719,2165622.5886
5364,1718421.906,2165590.6013
5365,1718522.4991,2165473.6893
5366,1718300.1668,2165897.0068
5367,1718674.6867,2162793.9667
5368,1717748.4733,2164455.5058
5369,1715871.4061,2165456.0571
5370,1715477.5893,2167171.9185
5371,1716628.5481,2168622.202
5372,1713727.4111,2166730.9232
5373,1718010.6973,2161159.7277
5374,1718357.2963,2161120.6599
5375,1713903.9313,2161671.2889
5376,1713803.1881,2161859.0049
5377,1712603.9433,2163670.219
5378,1712745.4419,2165181.394
5379,1713471.4449,2165270.6244
5380,1711089.393,2164454.0677
5381,1710926.1577,2165276.1318
5382,1719330.9769,2159524.6398
5383,1727641.7439,2157181.0604
5384,1729539.9598,2158379.6985
5385,1727956.3616,2167482.6939
5386,1728004.9916,2167611.7031
5387,1727088.9544,2172569.084
5388,1724716.2349,2177563.1861
5389,1726733.5265,2179132.1994
5390,1725598.2359,2180897.5561
5391,1725823.1589,2179740.1227
5392,1725946.772,2181371.8307
5393,1725988.6091,2179808.575
5394,1726557.548,2181319.2403
5395,1726507.7116,2179646.2235
5396,1724442.8686,2179862.3825
5397,1720614.6579,2176124.4318
5398,1723036.8203,2176111.5934
5399,1723219.2233,2175826.783
5400,1723253.9493,2175648.1252
5401,1725452.2695,2168984.5134
5402,1723452.5891,2170643.5727
5403,1721010.7602,2171789.6206
5404,1721879.5977,2173894.4411
5405,1722776.2034,2169394.9415
5406,1729985.3262,2167229.5217
5407,1731149.7237,2164824.4596
5408,1732074.6357,2172348.6674
5409,1730753.5652,2168078.5114
5410,1732237.6089,2172960.0565
5411,1734224.1929,2172295.6116
5412,1734235.2057,2172293.3231
5413,1732342.7844,2177588.669
5414,1732362.4695,2177708.58
5415,1730437.0258,2176028.9515
5416,1730341.5365,2175913.1162
5417,1731387.5467,2174639.631
5418,1730383.0644,2175079.5951
5419,1731070.0551,2174500.4761
5420,1730951.0789,2174258.6305
5421,1734772.2595,2176744.8075
5422,1734901.0278,2173901.2556
5423,1736238.5247,2176896.2116
5424,1736855.9106,2176524.6669
5425,1736874.2526,2176516.7263
5426,1736087.5496,2177075.1776
5427,1732740.7959,2179344.6715
5428,1734348.1658,2179511.8606
5429,1732667.5695,2179267.9342
5430,1731478.1276,2179472.3371
5431,1732886.8203,2181304.3032
5432,1732897.236,2181302.4637
5433,1730329.2529,2179656.8823
5434,1732351.8874,2181583.924
5435,1732368.6259,2181586.573
5436,1730020.0775,2179677.1047
5437,1729868.9284,2179648.6096
5438,1727720.5728,2181337.4244
5439,1728601.7811,2178709.3001
5440,1729114.3064,2179270.0675
5441,1729378.7251,2179473.5076
5442,1728364.5457,2178546.0484
5443,1727542.8635,2178779.9933
5444,1729417.2725,2177242.6246
5445,1730032.0244,2179207.209
5446,1729873.2854,2179108.737
5447,1729686.1876,2183658.7128
5448,1730192.1302,2184110.3581
5449,1728004.5223,2182424.7239
5450,1727080.3839,2182990.1929
5451,1727937.9764,2182317.98
5452,1727948.0262,2182321.9274
5453,1728980.8304,2182353.9528
5454,1738166.5211,2187772.7175
5455,1738778.1561,2188155.9614
5456,1738931.0412,2188246.3574
5457,1739281.532,2188319.2266
5458,1739386.2011,2186220.357
5459,1738372.3888,2185878.606
5460,1748458.4613,2194160.7687
5461,1747872.8168,2195848.7198
5462,1751018.0831,2200383.8979
5463,1751780.2849,2197971.5907
5464,1751784.2393,2200675.24
5465,1752745.7021,2201908.9281
5466,1754168.1549,2201502.771
5467,1754256.7904,2201659.3878
5468,1756065.9196,2207515.7692
5469,1761158.8886,2203914.1833
5470,1763420.9172,2207790.5746
5471,1763359.7006,2206883.0198
5472,1762573.6885,2205278.7268
5473,1762348.768,2203910.0691
5474,1762142.4155,2203660.9586
5475,1761294.2553,2203582.4674
5476,1761053.8108,2203130.5864
5477,1760706.9547,2203098.5001
5478,1761139.4445,2209591.6465
5479,1761940.5228,2211367.5342
5480,1763721.6244,2211877.5762
5481,1760031.8777,2211482.5986
5482,1754247.9078,2217469.5169
5483,1754061.1454,2216782.9276
5484,1753428.474,2212552.9091
5485,1752862.4515,2212267.4628
5486,1751974.1408,2213122.5264
5487,1753153.6291,2214901.6714
5488,1753144.8024,2214952.2036
5489,1753580.8273,2214451.9364
5490,1751103.1844,2213054.432
5491,1751129.4521,2213761.5737
5492,1750997.9212,2212925.6114
5493,1751620.7116,2211107.1321
5494,1755065.3141,2210283.2713
5495,1752573.81499009,2209766.39501137
5496,1752179.9138,2208678.0795
5497,1753726.9294,2208544.3406
5498,1754140.1122,2208968.6054
5499,1754812.5954,2209995.0727
5500,1754850.7423,2210135.0061
5501,1751594.045,2209829.9892
5502,1752217.8708,2209905.2809
5503,1751525.92,2210142.8807
5504,1756118.6242,2204934.9433
5505,1753809.537,2204702.2238
5506,1750429.5248,2201136.0434
5507,1750657.6788,2201098.3079
5508,1748539.2819,2204023.506
5509,1749252.3934,2202834.6598
5510,1749944.7155,2206791.5621
5511,1750102.0586,2207215.8287
5512,1750360.3227,2208702.9193
5513,1747466.2732,2206278.7436
5514,1747848.6277,2205947.5612
5515,1747349.4987,2206216.0003
5516,1745920.3735,2206178.8463
5517,1747306.0376,2206187.3713
5518,1746980.1458,2209115.6747
5519,1747304.7838,2206250.1247
5520,1747095.8264,2210021.6246
5521,1748272.7937,2207180.6495
5522,1748691.9203,2208470.3607
5523,1748630.3806,2208193.8255
5524,1749474.7432,2208539.5853
5525,1749432.8405,2208233.3379
5526,1747601.7336,2210527.2758
5527,1747306.7604,2210334.5657
5528,1750636.9119,2204368.8448
5529,1750628.0909,2203870.4503
5530,1751259.5143,2204769.5373
5531,1751303.539,2204929.2049
5532,1751261.4561,2206327.446
5533,1751457.307,2207038.8035
5534,1751519.3151,2204980.5814
5535,1752499.6173,2206108.1874
5536,1752722.1201,2205512.3657
5537,1746179.5733,2204025.9718
5538,1747537.1948,2204364.343
5539,1748736.4675,2198326.4714
5540,1747966.9646,2198278.6277
5541,1750056.7262,2197629.3728
5542,1748546.9658,2197850.2482
5543,1748476.7779,2197794.9904
5544,1748190.3646,2197404.5469
5545,1748881.8681,2196334.204
5546,1744823.5631,2200559.7658
5547,1745096.9004,2193167.2611
5548,1744782.7275,2193253.851
5549,1743585.0694,2197900.0743
5550,1742978.6638,2201314.1169
5551,1743746.2345,2202330.7731
5552,1741542.8039,2194144.4576
5553,1741258.374,2194248.2531
5554,1740877.8908,2191611.8006
5555,1740924.2611,2191669.5744
5556,1740909.06700342,2191675.70622216
5557,1740869.6511,2191693.9917
5558,1740170.9325,2192293.0429
5559,1740433.0496,2193670.2317
5560,1738471.1214,2195719.3009
5561,1738035.4493,2194709.2825
5562,1737262.4429,2191638.8031
5563,1737210.6971,2191627.223
5564,1737846.4853,2192596.9863
5565,1737431.3569,2192189.3436
5566,1736617.3471,2189519.2497
5567,1736788.6147,2188150.3753
5568,1736801.9654,2187974.8493
5569,1736798.7605,2188125.7977
5570,1736810.8367,2187980.4585
5571,1737700.0058,2184148.1419
5572,1737170.256,2182704.1346
5573,1735982.4562,2177881.3469
5574,1735987.3782,2177870.1548
5575,1742206.4276,2172459.8813
5576,1744040.1223,2172358.8806
5577,1744050.9813,2172482.1917
5578,1742968.4569,2170274.7857
5579,1743516.9684,2171176.5325
5580,1743871.1176,2172089.46
5581,1744034.7869,2172302.4996
5582,1741993.8289,2169537.4216
5583,1743552.8034,2171326.5055
5584,1740927.9759,2167338.2283
5585,1741834.118,2167824.0097
5586,1741950.2385,2167789.5295
5587,1742171.1631,2168904.8482
5588,1741316.9751,2168845.5112
5589,1741728.9546,2169197.3902
5590,1747316.7276,2173554.3343
5591,1748635.8075,2175775.6658
5592,1750690.0969,2177590.4314
5593,1752776.2249,2182430.7209
5594,1751934.7256,2181638.9434
5595,1750965.4527,2183035.4747
5596,1754253.6059,2184855.6463
5597,1755672.3428,2185917.0249
5598,1755165.304,2185245.5537
5599,1755731.3539,2184112.5365
5600,1759893.3072,2195053.6909
5601,1759786.587,2195000.353
5602,1759786.2975,2194997.1865
5603,1759645.133,2195031.0524
5604,1759280.6486,2196194.8878
5605,1760513.6697,2195731.8907
5606,1760661.402,2195899.7498
5607,1759966.0419,2194973.0895
5608,1759874.2803,2194707.6502
5609,1762147.3352,2196410.6926
5610,1762303.6635,2196202.0424
5611,1760438.1075,2194537.0854
5612,1760215.2889,2194189.0548
5613,1760112.7461,2194128.7875
5614,1762240.2202,2195948.3374
5615,1760504.6581,2194641.6707
5616,1760501.0148,2194634.1347
5617,1762094.65,2196595.7607
5618,1761118.149,2201810.1922
5619,1761346.6996,2202246.2103
5620,1756082.8404,2198037.5406
5621,1756046.2648,2198142.2197
5622,1753858.1964,2195385.0298
5623,1753537.3738,2194998.7312
5624,1753804.2269,2195372.7905
5625,1753005.8845,2194721.0481
5626,1752351.4728,2194415.5653
5627,1755631.6587,2198319.1049
5628,1755976.4002,2198234.1243
5629,1755885.4318,2198762.5265
5630,1754962.6537,2194648.3338
5631,1755500.3089,2194830.212
5632,1755654.6746,2194936.006
5633,1756232.4631,2195923.3267
5634,1755504.7362,2194828.8286
5635,1754803.8384,2194630.8312
5636,1755320.6273,2195716.5962
5637,1755376.6264,2196028.8635
5638,1754458.0023,2195521.0051
5639,1753722.5025,2189663.6268
5640,1753724.4928,2189574.7652
5641,1752539.7351,2189341.1929
5642,1751546.7986,2190876.7477
5643,1749853.9727,2192193.6899
5644,1750135.1447,2192470.0075
5645,1745279.781,2176816.466
5646,1745391.9163,2177120.3004
5647,1745353.296,2185575.8604
5648,1745467.6101,2185733.062
5649,1745469.6189,2185720.6813
5650,1748161.7322,2187849.9597
5651,1748389.8547,2188235.1482
5652,1741385.2011,2181552.4716
5653,1742998.5542,2183146.7605
5654,1741124.7073,2181464.7336
5655,1741121.2512,2181474.3709
5656,1740831.8742,2181280.2069
5657,1738192.5082,2183318.2035
5658,1738146.2421,2183016.4699
5659,1740820.0527,2179837.9026
5660,1741041.5367,2179861.7226
5661,1738104.2539,2182799.6978
5662,1738149.1778,2183003.3109
5663,1738309.9949,2183717.207
5664,1740976.5843,2183553.7735
5665,1738359.4072,2177955.0686
5666,1739308.1295,2170466.1544
5667,1740167.4666,2169623.4618
5668,1739912.2557,2169934.083
5669,1739788.4388,2170095.5086
5670,1739906.5693,2169934.1775
5671,1739277.2655,2169968.2796
5672,1740166.759,2168990.5211
5673,1739295.4564,2169817.433
5674,1739297.1818,2169820.1917
5675,1741057.3685,2172032.8044
5676,1740943.0772,2171839.2587
5677,1732781.2172,2164640.0034
5678,1732944.046,2164500.4183
5679,1734792.224,2165495.9788
5680,1734818.4266,2163227.9386
5681,1731415.0549,2161161.7178
5682,1738508.1366,2169967.2952
5683,1737208.1539,2168689.8777
5684,1737116.143,2168593.1929
5685,1731663.1212,2158131.7688
5686,1747580.5732,2168913.8141
5687,1747197.5268,2167271.8079
5688,1744217.132,2164716.5775
5689,1748094.1548,2172103.859
5690,1749115.9326,2171320.751
5691,1748903.7698,2171459.3255
5692,1748901.9308,2171452.8723
5693,1748761.6566,2171482.3696
5694,1749183.7024,2171215.228
5695,1749647.8976,2172841.3514
5696,1745590.8026,2170607.7446
5697,1743116.2189,2165468.6805
5698,1740705.8649,2165823.5166
5699,1739917.5636,2165411.2637
5700,1740783.3859,2165615.0064
5701,1740937.4641,2165410.4564
5702,1738442.2872,2164803.6475
5703,1739853.719,2161845.7965
5704,1735598.2954,2159168.035
5705,1735464.0529,2153560.6355
5706,1744387.4923,2153619.9226
5707,1751366.0491,2165961.4567
5708,1753460.9385,2168212.3426
5709,1755995.1921,2171388.7692
5710,1757782.5753,2172772.6485
5711,1758108.2513,2174932.2043
5712,1759151.5966,2178260.0515
5713,1759266.9316,2185809.7417
5714,1759704.5567,2186399.8328
5715,1762955.7841,2185603.4945
5716,1765428.1927,2184920.8193
5717,1762048.652,2185387.9549
5718,1769853.4697,2194570.5836
5719,1769436.622,2193314.7728
5720,1769892.8938,2194624.2903
5721,1770359.1533,2197908.5666
5722,1770326.2439,2197803.7944
5723,1770310.9287,2198141.9658
5724,1771318.8977,2195137.1109
5725,1771256.964,2195091.404
5726,1771467.2439,2195833.3942
5727,1771658.1057,2195982.1857
5728,1772045.459,2196821.9518
5729,1772182.6166,2196819.6803
5730,1774175.033,2200020.7106
5731,1774973.4399,2200722.5677
5732,1764272.2388,2188288.9269
5733,1762238.2027,2188727.5681
5734,1762312.7203,2189023.2434
5735,1763746.3859,2189637.9018
5736,1765749.3631,2190611.4883
5737,1763717.7244,2191389.7937
5738,1766103.8041,2197205.9913
5739,1764752.2255,2193048.5289
5740,1764645.0555,2192801.0809
5741,1764641.7044,2192797.2001
5742,1764752.9067,2193043.8911
5743,1765822.2789,2198358.3201
5744,1765724.5838,2198085.4477
5745,1764505.7527,2192600.4795
5746,1764039.2337,2192696.1076
5747,1764167.3877,2192486.2538
5748,1763533.973,2193198.1501
5749,1763270.878,2193387.6292
5750,1762777.0737,2193613.6801
5751,1762229.6022,2191611.6835
5752,1761737.9914,2188744.4853
5753,1761232.2643,2188570.8937
5754,1756990.636,2185673.7437
5755,1757341.5886,2185172.4919
5756,1755770.4195,2177275.3572
5757,1755514.9832,2177415.3695
5758,1755601.9341,2177474.0028
5759,1755673.2815,2177438.2234
5760,1755735.4937,2177369.6099
5761,1755497.7739,2177418.66
5762,1752799.0808,2178729.144
5763,1754692.4333,2179461.7826
5764,1753798.2769,2175439.9148
5765,1751148.1019,2174867.1584
5766,1751682.9419,2173403.8664
5767,1744657.7644,2162755.1687
5768,1744505.8374,2162954.9545
5769,1744994.2482,2161257.4186
5770,1743855.4443,2161924.9422
5771,1742916.4811,2160360.4871
5772,1742593.379,2159841.9872
5773,1734120.3882,2142908.5778
5774,1736101.0297,2142037.8106
5775,1736170.5006,2142019.0016
5776,1744180.1329,2149611.0467
5777,1743899.7965,2149918.7421
5778,1739891.0568,2148404.1771
5779,1737077.2831,2146751.782
5780,1746006.2327,2146286.9521
5781,1746471.6547,2148630.855
5782,1746102.0353,2146447.5211
5783,1746103.1469,2146438.4263
5784,1744821.9456,2148181.2815
5785,1748996.3397,2143443.0938
5786,1748983.4192,2143500.6079
5787,1749230.5125,2143235.8892
5788,1748406.9977,2146066.3924
5789,1748485.7196,2147763.3449
5790,1749275.6392,2141283.6739
5791,1744527.4432,2138527.4374
5792,1744437.4957,2138456.0013
5793,1746223.0033,2136261.5447
5794,1745333.164,2135692.3529
5795,1747862.6084,2136212.2893
5796,1747274.3751,2136497.0324
5797,1745277.498,2135641.9982
5798,1747221.0917,2136485.0927
5799,1746304.2139,2136279.7509
5800,1748447.3976,2135523.3908
5801,1745934.2641,2132722.2001
5802,1745932.0117,2132718.5886
5803,1745865.5027,2132716.0001
5804,1752261.7615,2129236.3503
5805,1752195.9992,2129200.4665
5806,1752474.4767,2129460.5554
5807,1750614.9512,2136238.226
5808,1750609.0259,2136234.2849
5809,1751984.5407,2137909.1666
5810,1751707.0956,2137491.6105
5811,1752152.3281,2141907.3673
5812,1750844.7896,2142744.2979
5813,1755830.2366,2130403.3674
5814,1756162.8558,2131913.5024
5815,1755993.0021,2133373.0678
5816,1757583.0822,2136883.5255
5817,1751894.3231,2131489.6358
5818,1754471.6721,2138114.581
5819,1756508.7105,2140196.1702
5820,1756790.7185,2140296.7254
5821,1756231.9129,2144585.1592
5822,1757512.0514,2143000.936
5823,1755962.2742,2144098.5122
5824,1751535.0144,2134049.5719
5825,1751859.6374,2132522.5137
5826,1761467.2797,2125903.8148
5827,1763183.7283,2126181.4393
5828,1761727.5902,2125791.8335
5829,1761728.5715,2125787.4613
5830,1760598.8826,2129368.4877
5831,1760144.1286,2128889.8697
5832,1761645.8742,2130151.8056
5833,1759271.7839,2129013.2913
5834,1757619.7776,2129672.6421
5835,1758563.3791,2131278.8644
5836,1757731.0081,2128712.2596
5837,1758878.9303,2123760.146
5838,1758211.6772,2123364.854
5839,1758099.1961,2123268.4764
5840,1759979.0818,2123291.3694
5841,1760101.7652,2123376.9335
5842,1760457.8023,2124040.8897
5843,1759893.2839,2122985.507
5844,1759883.5577,2122822.9792
5845,1759689.8484,2125998.72
5846,1766099.7592,2123013.8969
5847,1762903.1895,2124577.9163
5848,1761228.127,2122837.8518
5849,1766418.0228,2119732.2021
5850,1765826.3157,2117837.5222
5851,1765788.6424,2117718.6142
5852,1765780.5076,2117602.9995
5853,1771846.1644,2118267.5503
5854,1769035.1323,2118652.098
5855,1770783.3758,2119131.2658
5856,1771146.3848,2121352.6807
5857,1767707.7925,2114357.0765
5858,1765485.3459,2113234.4354
5859,1786752.4526,2111892.3602
5860,1784294.0644,2113310.2364
5861,1780737.4177,2113769.2315
5862,1789566.5905,2115615.9169
5863,1795802.0731,2112537.0623
5864,1798037.04,2112569.5181
5865,1800192.3253,2112700.0821
5866,1797760.0701,2111690.8933
5867,1798394.3849,2114192.3853
5868,1799744.0736,2115796.3133
5869,1799466.1171,2115724.0371
5870,1802341.98,2116053.3429
5871,1801413.1532,2115130.2972
5872,1802135.1428,2114702.7937
5873,1795281.1868,2116147.1867
5874,1792934.1607,2115802.383
5875,1794426.174,2116677.5031
5876,1789846.6428,2118422.0948
5877,1780387.4807,2118119.5842
5878,1781827.5535,2119345.9684
5879,1779546.7892,2120404.5473
5880,1780349.1065,2118129.2066
5881,1778641.6871,2122022.544
5882,1775563.9966,2121922.9144
5883,1778938.7248,2122858.4504
5884,1779089.4205,2123182.2278
5885,1777268.5028,2119577.9953
5886,1779621.2957,2116658.1567
5887,1777189.9469,2117900.5071
5888,1776464.8997,2118494.5846
5889,1777057.5924,2118038.5287
5890,1774467.1922,2120917.6445
5891,1771237.5529,2116584.5873
5892,1726826.4793,2175178.0054
5893,1726914.8949,2176366.0934
5894,1725788.3379,2175618.2538
5895,1761584.3456,2199874.7582
5896,1729164.0434,2119426.8726
5897,1725575.4083,2118507.0067
5898,1764045.7594,2202167.4834
5899,1762299.5041,2203395.3605
5900,1763060.1878,2200780.2408
5901,1764706.3728,2201698.3846
5902,1764450.6779,2201968.4045
5903,1743934.8333,2137528.4938
5904,1720109.7952,2128355.2951
5905,1721730.1418,2127581.3345
5906,1721922.542,2127492.5289
5907,1717847.3118,2128520.3462
5908,1759850.6593,2128303.1638
5909,1760102.9102,2128843.7668
5910,1756272.3208,2203648.5728
5911,1756516.1237,2203209.871
5912,1759465.9943,2202454.3814
5913,1759227.8407,2203280.308
5914,1759173.7488,2202014.2804
5915,1760239.9609,2197254.1148
5916,1764265.7629,2195773.2142
5917,1763484.0834,2194579.7854
5918,1763042.7343,2194113.4292
5919,1731781.4938,2147528.0045
5920,1731627.502,2146771.9947
5921,1735463.4976,2141171.991
5922,1744476.428,2138170.8944
5923,1744563.4996,2137839.9914
5924,1752898.6667,2124148.9464
5925,1753370.3182,2123973.1722
5926,1769021.5049,2113367.998
5927,1768985.2544,2113353.4983
5928,1776133.5,2110344.0036
5929,1745690.4994,2132289.0029
5930,1745124.3123,2136015.4793
5931,1768164.0678,2114326.1584
5932,1776215.4718,2110427.3614
5933,1756613.2834,2205033.9904
5934,1760011.2352,2204387.3817
5935,1759975.8768,2204925.9348
5936,1761721.1465,2197887.5466
5937,1766977.3749,2112630.7265
5938,1768595.2652,2113240.8486
5939,1768917.8497,2113321.6403
5940,1752915.1398,2123601.0573
5941,1742036.8575,2192713.502
5942,1742045.5089,2192858.088
5943,1742120.167,2193053.5864
5944,1719717.7963,2130367.4134
5945,1755284.5986,2207585.6702
5946,1755103.3336,2207450.1754
5947,1753747.689,2204861.5915
5948,1755321.5539,2207662.3132
5949,1755301.9056,2207627.2123
5950,1740820.747,2171242.2218
5951,1740805.119,2171312.2475
5952,1740663.0765,2170537.5074
5953,1740849.8978,2171146.3226
5954,1740715.7939,2170370.7226
5955,1740862.8993,2171296.2673
5956,1755260.8166,2207622.3266
5957,1757905.6429,2206244.4314
5958,1754773.3116,2202049.2416
5959,1755123.4144,2202569.5859
5960,1755252.7209,2202740.6191
5961,1754693.628,2201941.0203
5962,1755680.4099,2203512.24
5963,1755781.7353,2203498.3638
5964,1755929.3356,2203634.1343
5965,1755530.4399,2203510.4243
5966,1736773.1064,2172118.9523
5967,1735494.945,2171576.3197
5968,1737341.6691,2172810.3625
5969,1737384.8494,2172998.5381
5970,1735498.2452,2171568.107
5971,1765206.5572,2201686.1908
5972,1766884.4557,2198510.3963
5973,1763429.0106,2194617.1041
5974,1763308.6858,2194668.427
5975,1762960.2596,2195106.4665
5976,1762717.0938,2193855.6112
5977,1763211.3408,2196621.0014
5978,1764432.2508,2196074.1668
5979,1762569.7293,2195459.706
5980,1761508.8831,2193346.9735
5981,1798785.5041,2115369.9982
5982,1753684.4972,2189689.0007
5983,1753691.5032,2189527.9995
5984,1747909.4992,2198264.0044
5985,1753747.4931,2204718.0042
5986,1762561.4207,2205007.2185
5987,1749337.5018,2202534.0017
5988,1750436.5001,2203605.0028
5989,1748217.498,2206005.9959
5990,1743016.4953,2183122.9976
5991,1743346.2683,2185088.5038
5992,1743361.3635,2185065.6934
5993,1728981.499,2130140.0052
5994,1725908.4946,2179706.9973
5995,1726601.5008,2179279.9918
5996,1752137.4936,2214070.003
5997,1752389.5041,2209603.9985
5998,1752570.513,2209751.2007
5999,1741903.4995,2169326.0057
6000,1770029.5013,2194805.9967
6001,1764177.503,2192327.9966
6002,1759981.4269,2197293.6531
6003,1771647.0813,2200649.9289
6004,1772328.0949,2199006.4524
6005,1771991.3673,2197370.38
6006,1766678.9786,2197707.7793
6007,1766771.4691,2197869.6938
6008,1766809.6334,2198266.7088
6009,1724575.8468,2173821.1256
6010,1724658.8337,2173947.3468
6011,1724962.6802,2174448.8297
6012,1725025.3975,2174560.4213
6013,1725055.8963,2174585.6152
6014,1725241.1699,2174865.9171
6015,1751734.489,2194238.684
6016,1751741.9123,2194247.2385
6017,1729191.4972,2185859.9971
6018,1729415.4967,2185173.9923
6019,1729576.4937,2184690.9956
6020,1731630.6989,2187786.6118
6021,1729613.45,2184747.7295
6022,1719867.4959,2145525.9955
6023,1720086.5804,2145717.6174
6024,1719881.4967,2144224.0005
6025,1719965.5035,2145077.9956
6026,1717025.4989,2143075.996
6027,1711236.4992,2139708.9994
6028,1708373.5004,2144685.9923
6029,1707099.4982,2145470.0005
6030,1705909.499,2147569.9956
6031,1706455.4981,2147121.9946
6032,1703263.5015,2149880.0032
6033,1693127.4937,2157999.9996
6034,1694919.501,2153800.0006
6035,1688857.499,2157523.9972
6036,1689991.4989,2157159.9965
6037,1690383.5013,2157104.0025
6038,1690439.4993,2157201.9954
6039,1690859.4962,2157313.9991
6040,1688000.2709,2158178.4384
6041,1688633.5018,2157621.9938
6042,1687695.5008,2159469.9987
6043,1687767.7659,2162224.2936
6044,1687698.6521,2159510.748
6045,1689055.2687,2163168.2089
6046,1689566.5253,2164029.5538
6047,1699890.0361,2171453.3294
6048,1698190.8716,2170645.8512
6049,1701051.651,2171743.7712
6050,1701105.2935,2171734.6082
6051,1702894.1957,2173228.7442
6052,1704179.0596,2173451.8685
6053,1705046.9868,2175553.4902
6054,1704842.9586,2176104.0792
6055,1704880.0181,2176041.4171
6056,1704404.1709,2176841.6605
6057,1703388.109,2178055.3094
6058,1704299.4291,2176965.4659
6059,1704402.9376,2176845.6621
6060,1701109.5723,2180441.311
6061,1700967.7898,2180066.3184
6062,1701003.056,2179649.0635
6063,1701003.073,2179656.3585
6064,1700974.3119,2180058.1507
6065,1699533.2523,2182638.4394
6066,1699903.7727,2181859.6506
6067,1700379.2913,2181248.3131
6068,1700505.2751,2181168.5374
6069,1685217.4998,2160114.0049
6070,1687443.1392,2159526.3629
6071,1683913.6919,2162595.478
6072,1681303.0171,2163304.6368
6073,1683896.1402,2162649.1198
6074,1679043.4964,2164551.9915
6075,1680926.5012,2164530.9935
6076,1681315.0521,2164086.447
6077,1680163.9018,2168773.768
6078,1678586.091,2172412.6185
6079,1681921.0242,2174219.6181
6080,1677419.4996,2174631.9952
6081,1680674.5051,2175842.9931
6082,1680263.6016,2177740.2853
6083,1677423.6611,2175083.6014
6084,1678966.497,2178390.998
6085,1678577.9978,2179137.2833
6086,1678770.7658,2178736.6358
6087,1678031.4097,2179823.1523
6088,1677522.7535,2180394.0512
6089,1677497.4968,2180453.7028
6090,1677388.5704,2180962.6237
6091,1677402.11,2180758.4428
6092,1677091.2406,2181747.368
6093,1677203.2995,2181611.8393
6094,1677085.8756,2181746.7106
6095,1677220.8943,2181550.6441
6096,1676712.5012,2181890.9952
6097,1675135.4353,2182480.7741
6098,1675490.9936,2181917.8102
6099,1674162.1812,2183435.0422
6100,1674605.4567,2182919.7705
6101,1675067.5048,2182597.9945
6102,1674139.6603,2183465.2969
6103,1674073.4917,2183606.003
6104,1674028.6157,2183889.3797
6105,1673391.3689,2186253.8802
6106,1673446.4437,2186045.6143
6107,1673548.4976,2186818.9979
6108,1673527.5031,2185902.0044
6109,1673779.504,2185033.9994
6110,1673665.1982,2188338.1509
6111,1673426.9439,2187959.4112
6112,1673431.6231,2187956.3294
6113,1674255.4984,2189555.9981
6114,1674367.5007,2188561.9987
6115,1676712.4181,2191135.0364
6116,1676326.8878,2190655.1412
6117,1674983.5027,2189765.9972
6118,1684816.0046,2192666.9817
6119,1682309.0668,2193471.176
6120,1685061.0601,2192264.1766
6121,1685680.2353,2191706.8703
6122,1686642.9471,2190744.5839
6123,1686814.7921,2190144.9099
6124,1687783.8659,2189946.9258
6125,1688245.0479,2189570.173
6126,1689161.9017,2188747.2863
6127,1689465.3772,2188857.9335
6128,1689867.7799,2188206.1938
6129,1690311.0855,2187413.904
6130,1691279.8212,2187158.1053
6131,1691647.8687,2187600.048
6132,1692511.9267,2189009.9175
6133,1694975.2417,2189755.8347
6134,1695538.9259,2189618.9541
6135,1700010.9505,2187025.9194
6136,1697388.8972,2187470.5521
6137,1701445.4167,2187636.2377
6138,1701694.0701,2189551.1508
6139,1698668.3672,2192527.5958
6140,1698691.899,2192818.7348
6141,1688428.1711,2190328.4276
6142,1690021.8982,2191810.6389
6143,1690219.3522,2191733.0305
6144,1690775.7451,2192370.2853
6145,1691601.5811,2192516.3301
6146,1691504.3951,2192429.6231
6147,1694301.4616,2196050.7766
6148,1694194.1496,2195678.7344
6149,1695543.3954,2197766.8055
6150,1695326.5707,2199744.1243
6151,1695269.8241,2200539.5477
6152,1695726.2045,2201115.0631
6153,1696072.8594,2201099.7376
6154,1696410.1051,2201150.555
6155,1696979.8521,2201375.9539
6156,1697991.9163,2201339.5702
6157,1698312.4477,2202144.7739
6158,1700125.7973,2203811.829
6159,1700517.3366,2204412.3325
6160,1700676.7407,2204625.8715
6161,1701292.853,2205249.6685
6162,1702872.6482,2205225.6508
6163,1704184.3393,2204567.9879
6164,1703483.265,2204633.7218
6165,1684055.6589,2194879.2811
6166,1682279.8929,2193593.2749
6167,1683745.1885,2195582.429
6168,1684545.0449,2196446.133
6169,1685082.8178,2197305.1655
6170,1685303.6651,2198648.3193
6171,1685132.6938,2198047.4509
6172,1685152.836,2197931.249
6173,1685150.467,2197939.6934
6174,1685131.7491,2198035.4959
6175,1685378.4541,2198766.8529
6176,1687393.9996,2198170.2015
6177,1691062.4932,2199937.0025
6178,1690952.1889,2199859.7607
6179,1690920.9623,2199813.6419
6180,1690637.6663,2199384.9624
6181,1688756.4044,2198713.2558
6182,1691045.8607,2199974.5379
6183,1691041.0237,2200067.8469
6184,1690970.3529,2206981.0158
6185,1690421.7243,2205495.8381
6186,1690271.0123,2205240.2176
6187,1690423.2229,2203296.7713
6188,1691127.6176,2207479.2189
6189,1691332.1732,2208234.1304
6190,1691441.6291,2208525.3179
6191,1692036.22,2209534.043
6192,1692789.1632,2209993.9911
6193,1694168.0963,2210471.4272
6194,1694841.2125,2211261.7095
6195,1695142.3879,2211076.2302
6196,1695055.4269,2211240.1418
6197,1694959.985,2211329.7508
6198,1695386.3806,2210530.421
6199,1695705.1026,2210091.8903
6200,1696108.9771,2209934.442
6201,1696635.8135,2209547.073
6202,1697578.1368,2208621.8497
6203,1697970.4511,2208493.3265
6204,1710340.5661,2139844.0956
6205,1711187.6258,2139629.4094
6206,1710115.0027,2139825.8146
6207,1706505.2438,2142121.1097
6208,1698200.5151,2140008.6727
6209,1706315.4162,2142139.5942
6210,1694773.6766,2142034.8391
6211,1693430.0531,2140580.2369
6212,1690117.8582,2142340.0159
6213,1685728.061,2137376.526
6214,1685418.0595,2136025.4304
6215,1685675.8687,2137307.6532
6216,1694478.2348,2160349.9464
6217,1693133.4207,2158058.7841
6218,1699469.077,2162417.215
6219,1708135.404,2167037.9684
6220,1708380.2121,2166887.3011
6221,1711357.5995,2168491.225
6222,1714090.5752,2172116.632
6223,1711807.3941,2168850.1777
6224,1714138.3737,2172297.7186
6225,1714186.2208,2172455.1988
6226,1715565.068,2173328.5862
6227,1685295.7304,2199904.9509
6228,1686728.4692,2201996.9483
6229,1686981.7016,2203084.9511
6230,1687146.166,2203419.602
6231,1687594.0708,2204348.129
6232,1688089.8132,2205507.2514
6233,1687516.6375,2206729.874
6234,1686703.8659,2208946.2102
6235,1687759.3214,2210381.0102
6236,1687582.3145,2210400.1313
6237,1681829.1279,2169704.8228
6238,1680199.7153,2168791.2153
6239,1684545.8595,2171854.3262
6240,1683200.9722,2171516.7384
6241,1684523.9642,2172617.8527
6242,1697200.2312,2153495.1323
6243,1697392.6124,2152493.1969
6244,1697418.4986,2152462.9975
6245,1697103.4757,2153584.2213
6246,1697038.1041,2153564.7412
6247,1697029.3127,2153510.3742
6248,1697857.3274,2156637.8318
6249,1699329.625,2159622.8078
6250,1699497.5761,2158578.8864
6251,1675170.6518,2171161.5238
6252,1678538.7972,2172425.5119
6253,1672688.6868,2169590.2233
6254,1683780.25848121,2208103.94771761
6255,1708457.1152,2145365.3151
6256,1708370.6771,2144716.3564
6257,1709113.8465,2155312.3424
6258,1709170.2883,2154448.2778
6259,1683760.3284,2199575.8354
6260,1682376.6512,2201369.0919
6261,1682596.3071,2201000.1168
6262,1700870.2239,2144644.9803
6263,1707048.8822,2145445.6441
6264,1696228.1702,2148142.8858
6265,1700488.4015,2142964.5092
6266,1700607.1257,2143034.9603
6267,1700617.0094,2143084.3144
6268,1694717.4688,2149361.3508
6269,1700714.6682,2143121.3066
6270,1683823.0853,2177504.8848
6271,1680692.1349,2175870.8914
6272,1685742.3438,2179160.596
6273,1695949.2046,2206305.6351
6274,1679569.907,2181451.0251
6275,1679706.6753,2182173.0266
6276,1681287.5983,2184103.736
6277,1684276.7723,2185572.8892
6278,1683353.4443,2185122.7072
6279,1681388.0836,2184222.6365
6280,1673059.4514,2183900.3172
6281,1674045.2027,2183619.5309
6282,1671669.1407,2183724.66
6283,1668138.0538,2182559.5033
6284,1667930.9163,2182467.8035
6285,1685885.6287,2155344.6468
6286,1688811.7635,2157466.4053
6287,1685816.7417,2155400.4591
6288,1684537.3705,2154573.6097
6289,1684376.8385,2154564.8628
6290,1684356.0346,2154541.9751
6291,1683853.7609,2153438.5925
6292,1681719.1635,2152302.5934
6293,1679461.6105,2150213.2272
6294,1677448.483,2148021.6297
6295,1675183.3848,2146103.4058
6296,1674569.7355,2145289.9403
6297,1673493.0926,2146222.2024
6298,1671971.8106,2145423.1928
6299,1669427.7646,2142957.2357
6300,1692090.7162,2139816.356
6301,1692088.9007,2138617.2492
6302,1691238.2698,2133254.0457
6303,1690861.0916,2134512.2802
6304,1682119.0456,2158300.414
6305,1685171.0805,2160093.057
6306,1681117.5939,2157535.7017
6307,1680210.9315,2156502.1915
6308,1679981.9465,2156248.5478
6309,1679716.3676,2156165.2563
6310,1679473.108,2156133.9488
6311,1679438.3105,2156115.9885
6312,1678726.3523,2155543.626
6313,1678519.2889,2155140.0471
6314,1677855.0602,2154525.519
6315,1675300.4068,2152946.3278
6316,1675067.4563,2152723.2771
6317,1674597.5644,2152475.4813
6318,1670873.9221,2149861.1062
6319,1668675.0138,2148114.3888
6320,1676938.4021,2160516.3359
6321,1679717.4551,2162707.035
6322,1681279.1643,2163306.8363
6323,1673828.2203,2157672.4511
6324,1668419.04254192,2153844.30716248
6325,1699793.6555,2172744.0032
6326,1698946.8978,2178242.9252
6327,1698827.4312,2178901.3525
6328,1698953.6596,2178422.8274
6329,1698871.7673,2179168.2685
6330,1693652.5989,2144814.8869
6331,1693607.1914,2148610.7175
6332,1694363.0282,2147259.3427
6333,1682420.6698,2179528.9586
6334,1682284.7337,2179499.4554
6335,1686334.0706,2180981.5489
6336,1680289.4177,2177754.9484
6337,1686483.353,2180888.2006
6338,1688380.8198,2181081.1626
6339,1689302.8059,2182923.2769
6340,1689909.1838,2183147.0845
6341,1691287.5739,2182442.9631
6342,1692047.4565,2182411.7493
6343,1692185.1172,2182478.4116
6344,1694175.0718,2182090.2215
6345,1693389.933,2181918.7123
6346,1694242.0262,2182104.8566
6347,1696712.6589,2183112.5731
6348,1695948.1867,2182477.5969
6349,1694985.3105,2182267.2296
6350,1695809.8435,2182447.3563
6351,1697578.7127,2183907.653
6352,1698861.9082,2184489.8906
6353,1699220.407,2184841.8575
6354,1690401.8825,2168281.3327
6355,1690136.3421,2166836.3101
6356,1690266.9546,2168545.6421
6357,1690343.7108,2168394.5416
6358,1688723.5893,2169072.2503
6359,1688060.2247,2170105.154
6360,1686979.3211,2172095.9761
6361,1687310.7864,2170893.7884
6362,1686497.7167,2202180.0111
6363,1685075.9225,2203828.669
6364,1685365.4879,2203328.1129
6365,1685478.1162,2203213.6964
6366,1683940.4048,2203736.0585
6367,1683521.1571,2203647.3792
6368,1682709.2582,2204437.8877
6369,1682376.6613,2204247.4884
6370,1720294.1723,2143863.4867
6371,1719899.7549,2144178.068
6372,1719902.8897,2144181.223
6373,1719754.3733,2140122.5756
6374,1720157.6549,2139463.4835
6375,1717291.8125,2136070.3784
6376,1714155.7351,2134394.3974
6377,1712471.1369,2132219.5748
6378,1713391.7898,2129986.8601
6379,1713255.7211,2129668.1292
6380,1713626.3001,2129028.1655
6381,1713834.4691,2127803.1014
6382,1688886.2579,2163967.9321
6383,1688797.4495,2164079.7019
6384,1688258.483,2165026.9882
6385,1688167.7695,2165182.9263
6386,1687867.8067,2165684.0241
6387,1686322.5907,2168231.9768
6388,1685800.2537,2168333.2091
6389,1681929.8559,2174250.0414
6390,1685771.6544,2175829.0844
6391,1687322.7761,2177931.6112
6392,1689194.275,2179285.7894
6393,1694685.0663,2170260.2828
6394,1695071.7798,2169479.1227
6395,1694019.1791,2173969.9612
6396,1694636.1824,2172829.9087
6397,1691164.1673,2174467.961
6398,1692056.6849,2174798.6491
6399,1691030.0588,2174373.203
6400,1690372.7341,2173613.8517
6401,1687627.9525,2172989.8335
6402,1687666.6888,2173960.6061
6403,1672726.2665,2190187.9482
6404,1673524.1924,2186835.2875
6405,1672477.4618,2190386.0114
6406,1671986.9291,2191312.924
6407,1671224.8664,2193515.0715
6408,1670802.8722,2195334.3725
6409,1670881.093,2195018.4436
6410,1706191.8654,2148886.18
6411,1705928.3789,2147612.9208
6412,1703853.1645,2152438.7902
6413,1706286.5239,2149135.3933
6414,1705032.1092,2154739.8245
6415,1706132.9954,2158744.9857
6416,1708238.4679,2162862.2399
6417,1708237.1031,2163418.2409
6418,1695008.9922,2194047.041
6419,1694821.23,2193959.0636
6420,1695771.7252,2194614.1226
6421,1696109.0903,2194594.1141
6422,1696944.1049,2195137.7792
6423,1696152.7521,2194934.3125
6424,1696195.2004,2194765.2887
6425,1700712.2387,2196963.4019
6426,1699293.1054,2196411.603
6427,1693764.4844,2212899.4134
6428,1693875.1764,2213123.1857
6429,1694559.3153,2212303.6599
6430,1695997.582,2212067.5366
6431,1695827.9406,2211912.0818
6432,1697358.7638,2212871.4456
6433,1697364.697,2212458.32
6434,1697208.0348,2214409.3162
6435,1697373.9307,2213118.7117
6436,1697360.3184,2215263.8762
6437,1704386.0857,2199415.9576
6438,1703748.2607,2198551.2425
6439,1705050.0874,2200021.4505
6440,1672642.4192,2163379.8048
6441,1673860.6082,2162388.9788
6442,1682679.7778,2166024.9263
6443,1681330.9273,2164105.7926
6444,1683919.4252,2166963.713
6445,1714577.6263,2137639.7021
6446,1716872.8225,2138812.5976
6447,1718401.513,2138910.8777
6448,1718396.0371,2138783.6964
6449,1710823.8349,2130682.8671
6450,1712664.3493,2128816.6823
6451,1711891.3559,2128098.8382
6452,1715438.1044,2132708.7159
6453,1714092.5584,2133335.8109
6454,1717738.8291,2132323.7336
6455,1717759.3883,2132031.6724
6456,1714872.9698,2130276.8693
6457,1716948.7572,2131566.7863
6458,1718013.9366,2131368.6298
6459,1716737.1112,2129320.1466
6460,1717520.8202,2129884.3376
6461,1718081.0064,2131333.5508
6462,1716100.2133,2129718.1354
6463,1720641.6314,2132507.1843
6464,1720085.923,2132266.5285
6465,1724344.6691,2140819.6524
6466,1722448.4547,2140141.797
6467,1724805.7993,2143314.9068
6468,1725480.1767,2143450.4172
6469,1726394.0549,2142195.2486
6470,1722912.0943,2142309.5419
6471,1724534.3695,2142966.3688
6472,1693513.7682,2144955.1239
6473,1691461.4914,2145155.9531
6474,1693119.7211,2145000.4531
6475,1692558.4887,2146192.2541
6476,1690435.2752,2147985.3799
6477,1691099.2431,2147505.786
6478,1692001.1104,2146123.301
6479,1691427.8152,2145961.6898
6480,1691827.7113,2146090.7787
6481,1689279.2927,2144402.5323
6482,1688798.9949,2145163.4468
6483,1687509.8309,2146039.2534
6484,1686246.3549,2148300.2215
6485,1685950.4631,2149208.8007
6486,1685488.6144,2149742.884
6487,1689560.2539,2147705.5918
6488,1689244.3857,2146362.0861
6489,1683580.9506,2148545.5751
6490,1684704.2696,2147875.0128
6491,1686688.6857,2145737.0527
6492,1685806.2645,2145384.7763
6493,1686982.0728,2144271.8585
6494,1686865.9032,2144367.1984
6495,1691337.7337,2139568.385
6496,1688882.7479,2139807.3315
6497,1690180.1989,2140076.8915
6498,1688594.0841,2139072.9499
6499,1688139.7136,2139241.4994
6500,1690223.1656,2136435.0221
6501,1687619.3024,2136363.4444
6502,1688723.3041,2136029.5543
6503,1687703.0288,2137423.038
6504,1688993.6418,2137250.451
6505,1692265.9161,2135140.9445
6506,1693306.0471,2136804.9589
6507,1696233.3286,2136729.0723
6508,1694134.8127,2134905.3923
6509,1708029.6026,2137982.5081
6510,1707938.2925,2133850.2838
6511,1706738.5685,2131734.6326
6512,1705324.2865,2131327.1056
6513,1700377.3044,2129964.1488
6514,1698221.7236,2127716.2177
6515,1697463.5718,2124648.7863
6516,1697657.3207,2125535.76
6517,1696103.9396,2123919.7685
6518,1693570.1902,2122627.9641
6519,1695357.2413,2124022.0486
6520,1695734.2916,2124007.1289
6521,1695455.9583,2124030.4323
6522,1695528.4078,2124017.3686
6523,1707662.5118,2137775.5151
6524,1707245.9614,2138342.4023
6525,1706751.8978,2138329.2742
6526,1706388.6873,2138244.9951
6527,1706394.9485,2138242.0093
6528,1705238.7287,2137380.9051
6529,1706747.0568,2138321.5937
6530,1703888.2376,2135945.9057
6531,1704109.1159,2135831.3608
6532,1702929.0762,2134916.0782
6533,1703451.8343,2135593.8532
6534,1704462.7948,2135994.9145
6535,1704711.7823,2136592.0751
6536,1704604.1379,2136340.4502
6537,1703554.3263,2135928.2988
6538,1704608.4728,2136346.0077
6539,1703561.489,2135928.6799
6540,1704767.1772,2137616.6235
6541,1704647.144,2137635.0773
6542,1701134.2337,2137961.4989
6543,1699968.906,2130182.1466
6544,1699769.732,2130445.6757
6545,1699687.2078,2130540.504
6546,1699414.3411,2131024.0824
6547,1696238.2212,2133154.8788
6548,1693429.7731,2133395.6831
6549,1696130.7543,2133162.951
6550,1692574.9287,2133343.2439
6551,1699355.8219,2131008.7157
6552,1697922.5782,2129516.1775
6553,1694431.9833,2129776.3267
6554,1691931.0316,2129706.3415
6555,1691034.3361,2131467.8496
6556,1696260.1873,2131076.8956
6557,1695359.2671,2132124.0587
6558,1693455.9596,2130552.671
6559,1692002.9078,2131518.8549
6560,1691846.7073,2132366.1874
6561,1692730.6595,2132640.0704
6562,1693319.0314,2123425.8184
6563,1692679.9807,2124455.2722
6564,1696814.2719,2121794.8298
6565,1697789.3709,2123898.6596
6566,1697314.0449,2122210.6257
6567,1698219.453,2121841.2029
6568,1704480.4148,2129246.8613
6569,1701453.7335,2126772.6364
6570,1701031.3975,2126270.8414
6571,1701090.9514,2126283.8477
6572,1700749.389,2126015.0439
6573,1700241.2946,2125447.9431
6574,1700090.1861,2125123.8509
6575,1699568.676,2123032.2833
6576,1700645.6431,2123390.1441
6577,1702451.6836,2124342.2424
6578,1700852.0935,2125803.9437
6579,1700989.9673,2125904.8026
6580,1703228.0003,2125796.6999
6581,1701649.3358,2126405.8338
6582,1703278.373,2125896.857
6583,1704727.9521,2127078.3882
6584,1704278.5728,2126287.7788
6585,1707822.0671,2127145.8515
6586,1708220.0105,2127841.2531
6587,1710300.2116,2132378.419
6588,1708265.5713,2133790.4278
6589,1710855.0952,2137640.0415
6590,1699904.9055,2144697.0944
6591,1699684.5248,2144761.9085
6592,1703070.0262,2149616.7545
6593,1703213.5134,2149857.807
6594,1699835.0482,2146924.433
6595,1700936.2761,2148000.8448
6596,1702867.9547,2149289.5134
6597,1697934.6198,2147659.4355
6598,1698747.5986,2149147.8506
6599,1701929.2413,2151765.6124
6600,1701961.5034,2151769.9974
6601,1694120.2573,2153894.0096
6602,1694880.7589,2153799.9687
6603,1692176.4199,2152078.4898
6604,1690779.5793,2151850.2868
6605,1689154.6542,2150727.8392
6606,1685350.8812,2151310.1311
6607,1686339.6761,2150641.7114
6608,1692610.2909,2153462.9217
6609,1691271.5183,2153785.0698
6610,1690389.6175,2153524.8126
6611,1690115.9605,2154094.6329
6612,1688863.8803,2150168.7898
6613,1686992.3594,2148675.2147
6614,1688462.0237,2148675.4477
6615,1689258.6988,2148723.1099
6616,1683753.0426,2156789.2285
6617,1683608.2428,2156175.4889
6618,1682253.4973,2154605.7265
6619,1681941.9422,2154263.7666
6620,1679634.8506,2154158.4733
6621,1681242.7608,2155670.3304
6622,1680631.1597,2153096.1931
6623,1673526.4278,2146462.6555
6624,1672126.5839,2147495.7612
6625,1669386.1457,2147632.3416
6626,1675147.039,2149883.5109
6627,1672411.504,2149206.2316
6628,1671968.9643,2145388.4981
6629,1671900.9241,2145237.5654
6630,1671183.5974,2142905.0501
6631,1676479.0751,2143768.679
6632,1677355.2206,2144811.5817
6633,1680525.7889,2147936.1833
6634,1681955.0768,2149079.5711
6635,1684756.1581,2157972.8551
6636,1687967.697,2158192.5565
6637,1683987.8632,2157475.0474
6638,1679746.766,2158973.4874
6639,1677639.8008,2159747.1735
6640,1679187.9502,2160805.8822
6641,1679710.896,2158001.2987
6642,1678499.086,2157476.1585
6643,1676376.926,2158524.3757
6644,1675662.1915,2155603.1103
6645,1673033.1586,2155161.0781
6646,1674312.8288,2156688.9768
6647,1669355.7613,2152978.5922
6648,1668102.468,2152035.4576
6649,1682385.4742,2161812.2255
6650,1683872.2199,2162610.8248
6651,1679837.839,2161367.4994
6652,1682297.047,2161685.4319
6653,1678137.3114,2163979.1935
6654,1678967.5805,2164493.0914
6655,1674763.2305,2162554.2106
6656,1674707.77,2162416.4874
6657,1672467.2543,2161245.5432
6658,1674433.1581,2162156.1698
6659,1671695.1893,2160856.7706
6660,1670662.4321,2160134.121
6661,1669785.5021,2159549.8175
6662,1669240.5513,2159267.524
6663,1668292.3123,2159026.8909
6664,1668278.0677,2159021.2133
6665,1665750.3646,2156813.2932
6666,1665393.4204,2156807.2823
6667,1664214.9439,2155911.6633
6668,1663943.2246,2155868.931
6669,1663690.5588,2158865.2501
6670,1676694.272,2166315.9335
6671,1675737.8786,2166112.9848
6672,1676635.4234,2167896.6365
6673,1671035.8384,2164127.2088
6674,1670543.4465,2161838.2572
6675,1668686.4427,2163354.6769
6676,1670288.5107,2162076.9649
6677,1669820.6346,2160645.0056
6678,1668424.7734,2161587.0703
6679,1669228.1677,2161854.1877
6680,1668654.1939,2160184.4902
6681,1668308.1899,2160343.3366
6682,1667605.4031,2161610.0203
6683,1662606.067,2155531.4607
6684,1674581.3495,2171372.9078
6685,1674432.9564,2171487.7472
6686,1673998.3029,2172130.6903
6687,1670319.0855,2170637.3644
6688,1666906.6098,2171727.4489
6689,1661211.1301,2170093.508
6690,1661041.0612,2170033.3239
6691,1665594.091,2170315.6918
6692,1665192.2933,2170074.6574
6693,1665156.4222,2170061.6906
6694,1662346.303,2168458.7622
6695,1664118.5277,2169458.4665
6696,1665952.593,2167593.9939
6697,1665779.9816,2167509.7052
6698,1670279.8418,2167775.103
6699,1670264.9017,2167724.7182
6700,1670350.7559,2167313.3911
6701,1670282.247,2167272.4476
6702,1669700.2252,2166479.0453
6703,1670004.3313,2167270.3537
6704,1666476.3217,2163324.8764
6705,1659414.953,2161320.8932
6706,1670145.2221,2168005.5988
6707,1670066.9536,2168153.8599
6708,1666901.1053,2166754.9924
6709,1666086.5935,2161613.5815
6710,1672760.5148,2166822.5558
6711,1673710.1892,2169466.535
6712,1676656.2924,2174274.3233
6713,1677384.5984,2174627.3936
6714,1675838.2292,2173907.2055
6715,1675678.1476,2173812.5152
6716,1674111.697,2174720.5388
6717,1672511.6882,2173986.1214
6718,1672640.0429,2174084.4678
6719,1672899.2784,2174221.4364
6720,1672420.589,2173906.2743
6721,1672191.3698,2174624.7892
6722,1677540.6042,2176474.1668
6723,1677399.3927,2175110.1093
6724,1675722.9451,2177752.8215
6725,1678937.2055,2178385.8443
6726,1675437.1472,2178015.1461
6727,1675498.7891,2177164.8318
6728,1675133.6707,2176944.8545
6729,1674712.874,2176684.0699
6730,1680700.8755,2180533.2728
6731,1680392.4575,2181819.0206
6732,1680543.0348,2182003.9087
6733,1681487.645,2182403.7133
6734,1683290.2699,2183742.9149
6735,1681705.5756,2182658.3185
6736,1681938.1792,2181329.8376
6737,1680745.0679,2183657.8115
6738,1679945.0552,2182345.5701
6739,1675218.376,2179000.4276
6740,1677464.8125,2180470.5712
6741,1672347.2435,2178003.4327
6742,1671406.9126,2177725.3409
6743,1670294.2291,2178308.9777
6744,1667934.8885,2178396.6211
6745,1668194.7492,2178470.8283
6746,1672266.9053,2180847.63
6747,1664386.9434,2178629.5123
6748,1664319.7725,2178426.413
6749,1671252.805,2181308.3438
6750,1671074.6379,2181285.7663
6751,1672324.9309,2178035.3203
6752,1672020.0214,2178218.7295
6753,1672131.8601,2178130.0943
6754,1671933.1764,2178574.7755
6755,1669012.7781,2179689.6011
6756,1668839.4523,2179956.3034
6757,1671420.0257,2177148.6594
6758,1675301.8012,2180939.0769
6759,1675551.2479,2180929.7957
6760,1677199.4333,2181558.5544
6761,1672581.4665,2182322.3492
6762,1674115.5315,2183472.1787
6763,1672466.3753,2182030.3478
6764,1672555.6147,2184541.4304
6765,1672277.1479,2184625.6953
6766,1670426.6993,2182417.3567
6767,1670118.8391,2182230.6548
6768,1672488.2102,2193802.2962
6769,1672590.6649,2193457.4916
6770,1668844.4087,2195222.6025
6771,1669302.9782,2195931.6394
6772,1673689.7124,2189855.2447
6773,1674231.5603,2189589.1265
6774,1673662.1128,2190247.5735
6776,1673965.5937,2191426.3248
6777,1674453.0519,2193028.4809
6778,1674532.6747,2191928.9629
6779,1674996.061,2192252.7982
6780,1674458.525,2194128.1694
6781,1675057.0185,2192932.0173
6782,1675150.8384,2191791.0279
6783,1675116.1357,2191476.717
6784,1675029.0071,2189816.5057
6785,1675030.5085,2189816.0288
6786,1675548.6073,2195778.787
6787,1675802.1281,2195301.8523
6788,1673689.0627,2196120.732
6789,1673568.8247,2196293.7823
6790,1671861.1231,2195724.2426
6791,1671445.6851,2195606.1475
6792,1676985.9615,2198878.7757
6793,1677135.6992,2198984.7951
6794,1677713.1603,2199566.7718
6795,1677742.9962,2199583.7496
6796,1678956.3801,2200278.039
6797,1679388.4998,2200757.5393
6798,1678902.1695,2199212.3594
6799,1679447.0737,2199446.4097
6800,1678169.6743,2200798.7213
6801,1678455.40934009,2201070.84827014
6802,1677658.519,2199675.4551
6803,1676130.925,2200530.1862
6804,1676407.0725,2201334.8666
6805,1676947.7384,2201730.5359
6806,1675072.8642,2201112.3096
6807,1674603.56,2201004.8024
6808,1673458.8832,2196715.4968
6809,1672277.965,2197839.068
6810,1672115.4391,2199218.9003
6811,1672119.6481,2198863.4836
6812,1672031.6504,2200424.388
6813,1672141.9469,2201587.7352
6814,1673088.1398,2202087.5512
6815,1673544.653,2203343.1065
6816,1674789.556,2203383.7122
6817,1674777.5746,2203805.7698
6818,1674483.6666,2198808.0265
6819,1674446.1172,2198341.0626
6820,1674393.6955,2202382.5459
6821,1675395.9541,2202826.3997
6822,1677908.1092,2203124.701
6823,1678385.9388,2203619.3871
6824,1676611.9283,2202608.9886
6825,1676243.5901,2202523.4856
6826,1677222.9632,2204079.0681
6827,1677505.3609,2204132.7274
6828,1673898.6472,2203991.731
6829,1675513.1974,2206409.2379
6830,1675026.7733,2208407.8755
6831,1674914.2268,2208616.6561
6832,1677128.5388,2207321.7558
6833,1678581.9908,2207672.4152
6834,1678611.287,2208011.6929
6835,1677293.4795,2208542.5304
6836,1677465.84,2208829.1016
6837,1673554.1224,2205644.1791
6838,1673787.1692,2206255.9412
6839,1671354.4431,2203011.3639
6840,1671538.6142,2203401.9978
6841,1670587.2415,2201554.9182
6842,1670309.3862,2201744.0899
6843,1670820.7237,2199281.2542
6844,1670557.3222,2199151.292
6845,1669584.6263,2198051.4517
6846,1669334.9324,2198157.615
6847,1668215.5086,2199119.5485
6848,1667855.1551,2198960.8672
6849,1670434.4376,2201210.3079
6850,1670449.1201,2200878.1335
6851,1669486.3312,2200883.4058
6852,1669780.1481,2201027.7708
6853,1669222.6503,2199975.2659
6854,1669018.3655,2200313.8714
6855,1668986.799,2198122.094
6856,1668509.2934,2197788.8855
6857,1668453.5458,2196645.0783
6858,1668244.076,2196288.2835
6859,1673991.9926,2199466.3735
6860,1672447.6834,2198632.6885
6861,1674226.4311,2199787.4927
6862,1673151.6096,2195021.6839
6863,1673535.5825,2195001.9188
6864,1677647.3645,2193829.4
6865,1676907.4206,2193579.0443
6866,1678080.4987,2194967.1992
6867,1679417.4424,2195958.4559
6868,1678541.8091,2193998.0598
6869,1679561.2265,2196826.0906
6870,1678900.4469,2197751.7548
6871,1678634.2478,2198097.4863
6872,1680605.2809,2197575.2235
6873,1680413.5731,2198668.6073
6874,1678322.2375,2197256.1435
6875,1678732.6379,2196603.6246
6876,1682215.671,2196339.9202
6877,1682036.6373,2195870.9696
6878,1681005.462,2194115.2928
6879,1686219.5665,2195709.6888
6880,1685879.6086,2195517.6782
6882,1686783.6245,2196270.328
6883,1686416.6979,2196214.025
6884,1687287.7994,2196857.247
6885,1686763.941,2196929.3092
6886,1688100.2664,2198942.6685
6887,1687850.9685,2198867.4195
6888,1688081.0843,2199824.5838
6889,1694209.8257,2206210.3461
6890,1693940.8543,2206224.4457
6891,1693039.3416,2206964.5376
6892,1693417.001,2207955.4519
6893,1693005.053,2207903.8968
6894,1695600.5849,2209337.0134
6895,1695857.4307,2207575.9343
6896,1698150.0477,2206145.9572
6897,1697826.417,2206127.0263
6898,1692822.1501,2210629.8185
6899,1692876.4633,2211003.7859
6900,1692087.3179,2209571.5499
6901,1692242.3021,2209652.9721
6902,1691161.041,2209518.0361
6903,1691724.2673,2210411.1492
6904,1691946.6426,2211357.2769
6905,1692533.3178,2212383.8057
6906,1692795.0996,2212273.7151
6907,1689928.2709,2212813.779
6908,1689987.7605,2212386.352
6909,1689542.6129,2209226.0465
6910,1689122.1136,2209726.082
6911,1692943.7003,2205280.3899
6912,1690639.1414,2203063.2827
6913,1692653.1451,2202817.4422
6914,1691048.6599,2202402.6723
6915,1693472.6272,2202157.54
6916,1691126.8273,2199958.0774
6917,1689310.1666,2197816.6366
6918,1689149.2374,2198366.2145
6919,1689433.3093,2197547.2073
6920,1688094.6312,2196587.2356
6921,1688318.1254,2197480.0646
6922,1687981.9124,2202720.7445
6923,1688793.1076,2202087.3185
6924,1689180.8463,2201846.6467
6925,1688938.2564,2203434.8971
6926,1688948.2351,2203874.8478
6927,1688715.211,2209687.3169
6928,1689004.086,2206864.9383
6929,1688664.6436,2206670.466
6930,1688695.5838,2206689.3946
6931,1688610.6237,2209895.2353
6932,1684599.365,2207877.2058
6933,1684606.2579,2208748.3178
6934,1685043.3061,2207129.7978
6935,1685813.5156,2207431.1934
6936,1685688.6164,2205765.6244
6937,1686432.7576,2206008.9284
6938,1684921.0403,2205037.5086
6939,1684802.5641,2205640.8523
6940,1682325.8384,2207146.1801
6941,1682877.0752,2206747.2029
6942,1683475.8272,2203737.1255
6943,1683453.6634,2204052.1145
6944,1681461.1077,2206698.3396
6945,1681735.1605,2206577.1345
6946,1682088.668,2204053.6957
6947,1681970.6518,2203944.1059
6948,1681246.2568,2203408.8282
6949,1685382.4055,2202658.0739
6950,1684997.9186,2202563.8623
6951,1684195.7701,2201663.0272
6952,1683033.4573,2201575.0579
6953,1682885.3385,2202077.573
6954,1682518.4491,2203371.3469
6955,1682476.4413,2202877.2197
6956,1682615.4132,2198993.5486
6957,1680203.6887,2201598.3492
6958,1679021.3345,2202751.1581
6959,1678843.3187,2202869.6749
6960,1683085.32,2197889.9533
6961,1681672.766,2196866.5865
6962,1681248.1809,2197217.157
6963,1683850.4715,2190894.1521
6964,1684364.1918,2190169.6816
6965,1683785.1066,2189915.0851
6966,1685305.3257,2188583.9517
6967,1685418.3827,2189012.3245
6968,1687333.8176,2187950.7302
6969,1688384.6342,2187697.1282
6970,1687000.6162,2187597.6235
6971,1689669.352,2186807.4945
6972,1689349.5891,2186842.7534
6973,1689521.1174,2186208.9
6974,1688080.2606,2186500.8212
6975,1686106.0186,2186209.8725
6976,1686795.5229,2186383.624
6977,1691836.6536,2186993.5641
6978,1692320.6728,2186784.2874
6979,1694432.8558,2188041.0962
6980,1694743.0857,2187741.5574
6981,1698049.0452,2186291.3312
6982,1697585.0805,2186440.8179
6983,1702047.9818,2187525.1848
6984,1702520.4633,2187500.8601
6985,1702063.0975,2191025.6398
6986,1701767.3599,2190740.027
6987,1698005.556,2191051.2701
6988,1698785.5224,2190884.9393
6989,1693571.7149,2190847.7615
6990,1693281.0854,2190417.4573
6991,1692566.3168,2190193.6991
6992,1691234.9131,2189935.3329
6993,1690467.2079,2190476.0948
6994,1691025.9372,2194923.5828
6995,1690789.2335,2192397.1632
6996,1691060.9805,2195248.4262
6997,1690998.9873,2195675.3844
6998,1690707.7316,2195792.865
6999,1692518.9382,2195589.3981
7000,1692825.9591,2194463.356
7001,1692409.641,2196055.8578
7002,1692192.071,2196569.5188
7003,1692126.3558,2196812.1415
7004,1692721.4377,2198024.3945
7005,1693283.0331,2199402.3628
7006,1692991.1659,2198882.6812
7007,1692677.8101,2198177.4469
7008,1693369.3929,2197263.5884
7009,1693426.6015,2196704.5318
7010,1691636.1533,2197179.9591
7011,1690776.4893,2197100.3176
7012,1690928.9193,2196850.351
7013,1690980.0506,2196816.9203
7014,1690939.097,2196847.2132
7015,1690720.4828,2197795.9555
7016,1692457.7212,2199532.0708
7017,1692004.6329,2199208.0097
7018,1691345.7524,2198537.6471
7019,1691300.7797,2198412.512
7020,1695538.0693,2196808.1295
7021,1695859.5622,2197374.8774
7022,1703242.6788,2206075.8367
7023,1703479.7208,2207271.7652
7024,1703814.1737,2208927.2329
7025,1703998.0069,2209416.3021
7026,1702435.2225,2206272.8365
7027,1702220.9037,2206167.8675
7028,1700727.8386,2206032.6383
7029,1700055.4205,2206296.131
7030,1700243.0534,2207856.2717
7031,1700059.1792,2208783.6158
7032,1698430.0718,2209580.9725
7033,1698164.8076,2211497.5427
7034,1698190.8061,2211790.7277
7035,1702107.0578,2208041.8579
7036,1702385.6419,2208475.76
7037,1701264.3365,2211160.9595
7038,1701108.7814,2210929.9223
7039,1699165.1692,2209934.6251
7040,1699432.636,2212316.4534
7041,1699156.6691,2211940.8211
7042,1699899.4244,2211240.2159
7043,1699764.0671,2210730.3491
7044,1699009.4465,2204168.8677
7045,1697365.8833,2204060.6874
7046,1697362.5238,2204403.5777
7047,1694057.0799,2201976.9877
7048,1694780.2077,2199904.2356
7049,1693406.5586,2200126.5796
7050,1694042.9041,2198589.9135
7051,1693889.2825,2197932.5296
7052,1696540.7495,2194169.9599
7053,1697229.1947,2193810.3108
7054,1698180.6806,2194387.5253
7055,1698841.8832,2194397.001
7056,1696538.3115,2192414.3682
7057,1696743.4274,2192163.1775
7058,1697723.0252,2192179.9654
7059,1697569.4627,2192665.5196
7060,1699567.3046,2200094.8606
7061,1699460.0549,2199504.554
7062,1699233.4668,2196857.5318
7063,1702448.7674,2198697.4624
7064,1702143.9209,2198441.3376
7065,1702844.5672,2198892.3241
7066,1702710.1161,2199408.3053
7067,1700840.6941,2199727.827
7068,1700947.8294,2198130.2829
7069,1700956.8757,2200383.0251
7070,1702824.871,2200713.7422
7071,1702760.7858,2200290.399
7072,1702772.8431,2200130.4193
7073,1703540.4687,2203227.2093
7074,1703650.9271,2202808.2612
7075,1703059.4196,2201124.8652
7076,1702080.2037,2202674.3029
7077,1702016.4628,2202366.4398
7078,1702521.1584,2201037.6293
7079,1703317.2156,2197732.1471
7080,1702252.1727,2197880.2287
7081,1703604.2852,2197829.5947
7082,1694023.6644,2192658.1381
7083,1693951.0599,2193145.7177
7084,1694900.5524,2191260.2036
7085,1694678.944,2191531.8301
7086,1696237.5224,2191917.7439
7087,1693862.1908,2191385.5303
7088,1693644.2454,2192090.5346
7089,1693451.2351,2193131.3019
7090,1692092.0152,2190879.6249
7091,1692742.1504,2191933.5131
7092,1689730.8764,2194059.631
7093,1689604.2955,2194475.1506
7094,1686235.7236,2192200.1255
7095,1687008.2972,2192205.8093
7096,1687377.5718,2192144.645
7097,1687529.0999,2193711.3499
7098,1687525.1108,2193687.4228
7099,1687433.7173,2193509.6858
7100,1687821.4521,2195484.3323
7101,1687879.9291,2196045.0002
7102,1685730.8253,2193642.2322
7103,1685907.3498,2193720.0086
7104,1682154.1102,2189919.0196
7105,1681715.2745,2190903.608
7106,1681844.1561,2192656.8025
7107,1679825.043,2191422.5658
7108,1678334.4764,2191942.0272
7109,1680353.0623,2191805.0072
7110,1678465.4936,2190819.6192
7111,1677030.3743,2191214.8021
7112,1677073.228,2188164.5111
7113,1676765.1358,2188086.8845
7114,1674390.3263,2188538.4885
7115,1674390.502,2188541.2758
7116,1675879.5455,2185355.9326
7117,1675560.4666,2185186.7592
7118,1674050.5841,2183906.3014
7119,1676000.0663,2185560.4793
7120,1676021.5603,2184277.7978
7121,1675086.7418,2182635.3762
7122,1675920.7163,2184397.4112
7123,1676645.109,2182161.42
7124,1676690.0725,2181919.5247
7125,1676506.4377,2183318.9649
7126,1679996.2918,2187888.9723
7127,1684003.1694,2188593.9877
7128,1683352.588,2188525.6938
7129,1684134.4794,2188583.2538
7130,1684095.9012,2188582.7207
7131,1683122.256,2188541.0785
7132,1684092.284,2188579.6114
7133,1683349.5565,2188520.0997
7134,1684419.0958,2188377.8228
7135,1679000.5223,2183117.7796
7136,1678886.772,2183557.0721
7137,1683558.314,2187178.3175
7138,1682299.4595,2186563.2636
7139,1679728.1057,2188824.229
7140,1680177.1978,2190468.9315
7141,1680588.4654,2190582.1147
7142,1680721.5871,2189745.9321
7143,1680539.2635,2189588.2204
7144,1686654.0185,2180447.944
7145,1688739.4724,2180902.7779
7146,1691605.2383,2181528.826
7147,1692479.228,2181719.7545
7148,1692355.4701,2182714.7725
7149,1693446.5983,2183282.6714
7150,1694567.2945,2184153.249
7151,1692619.6545,2183598.2041
7152,1693061.5291,2184648.7867
7153,1695948.7061,2185046.4742
7154,1695420.8968,2185220.0046
7155,1690751.2846,2184562.7384
7156,1690581.7594,2184334.4334
7157,1689310.7845,2185599.3932
7158,1689520.2477,2185170.4243
7159,1686255.9528,2181470.5812
7160,1686250.6007,2183331.0165
7161,1684332.2598,2183091.5209
7162,1687046.0741,2178456.0729
7163,1687049.4175,2178559.0675
7164,1683285.9659,2169398.1442
7165,1684550.2386,2169880.7386
7166,1680934.9217,2164564.3182
7167,1680940.1816,2164558.1697
7168,1680587.3456,2166337.3261
7169,1681851.308,2167685.2567
7170,1684504.4842,2166160.2453
7171,1685295.5705,2165902.5316
7172,1685848.7754,2164937.4085
7173,1685726.1454,2164790.0601
7174,1683923.4115,2162695.3989
7175,1685766.3159,2161906.3138
7176,1687391.5527,2159582.8499
7177,1687415.4962,2159553.9907
7178,1692705.7749,2165020.0121
7179,1690450.7457,2168897.712
7180,1691420.3141,2169549.4134
7181,1691668.3988,2169925.973
7182,1691532.2792,2169686.5392
7183,1691378.2179,2170701.9054
7184,1691530.1047,2169676.4529
7185,1690124.6825,2171081.8431
7186,1689586.189,2171932.1709
7187,1688181.4158,2170519.6494
7188,1687818.0048,2171418.5876
7189,1686336.8438,2170214.8876
7190,1685920.9473,2170798.1937
7191,1692608.1802,2169506.5056
7192,1693614.266,2170310.3389
7193,1692633.2178,2171499.627
7194,1693907.4497,2170977.2945
7195,1688930.0874,2175394.7656
7196,1689155.3782,2174526.0802
7197,1692686.8961,2177932.95
7198,1693387.1037,2175439.7021
7199,1692412.0577,2178733.1589
7200,1692506.0807,2178289.5223
7201,1691189.2143,2177171.5809
7202,1689189.8225,2177399.552
7203,1694081.38,2178587.9159
7204,1694552.2762,2178071.6415
7205,1695147.1296,2175919.9182
7206,1695722.6181,2174165.103
7207,1695006.8078,2172454.3252
7208,1700541.3123,2169928.2462
7209,1701480.1628,2170549.9922
7210,1706320.4985,2174868.8483
7211,1705911.3879,2174676.2813
7212,1705819.8591,2174482.9186
7213,1705906.7248,2174651.9566
7214,1706398.9409,2174899.2811
7215,1706435.0373,2174899.3743
7216,1706526.7267,2174869.744
7217,1707824.0944,2175434.0451
7218,1705465.2641,2178524.0387
7219,1703980.9934,2181977.3743
7220,1704288.5779,2183929.0096
7221,1700871.4516,2184891.2835
7222,1700412.817,2183682.9483
7223,1700504.4929,2183477.2411
7224,1702887.637,2173363.7297
7225,1703585.1016,2175349.0428
7226,1702122.5053,2174527.8177
7227,1701872.0934,2175007.8335
7228,1701963.2397,2175261.4661
7229,1701042.745,2175995.0538
7230,1700855.32,2177137.0247
7231,1700736.0498,2172694.8084
7232,1700644.0665,2174117.6364
7233,1700794.1942,2173027.756
7234,1700798.6297,2173025.9925
7235,1697842.0891,2174332.8083
7236,1697372.7091,2178016.9807
7237,1697385.868,2178051.3172
7238,1697515.0752,2178168.5908
7239,1697920.0321,2181306.4327
7240,1698300.4894,2181605.5389
7241,1697005.5735,2173259.1846
7242,1685470.6651,2167561.2624
7243,1686080.4247,2166904.7879
7244,1690843.5887,2162191.4039
7245,1688626.4628,2157654.204
7246,1691162.1888,2162528.2771
7247,1714896.6229,2171690.8413
7248,1719681.5198,2176098.9042
7249,1718497.4541,2174423.6787
7250,1717525.239,2173133.5921
7251,1715269.9898,2171542.2667
7252,1717615.2646,2173263.639
7253,1715260.7173,2171544.2153
7254,1699555.5808,2163915.0832
7255,1701182.3254,2164817.2143
7256,1704065.2488,2166352.6257
7257,1705761.1998,2167238.4748
7258,1707417.3138,2168784.5863
7259,1707709.8538,2168990.8149
7260,1712044.5444,2172303.0947
7261,1713021.0278,2173316.0646
7262,1712253.7222,2172629.9595
7263,1712255.6244,2172621.3426
7264,1705240.7981,2169141.5031
7265,1706289.1471,2170144.2069
7266,1708173.9533,2172139.5444
7267,1709854.5865,2174241.9604
7268,1709692.2086,2173468.8638
7269,1708335.3333,2172285.3492
7270,1707636.5441,2173815.7461
7271,1706799.9777,2172741.7353
7272,1704217.9037,2171907.0995
7273,1704194.9281,2170923.3171
7274,1703131.5815,2171567.7288
7275,1702124.7066,2170763.0518
7276,1699264.5737,2169101.6703
7277,1699262.5215,2168589.8647
7278,1694586.2083,2166533.4551
7279,1693745.7528,2165857.4543
7280,1694010.1054,2160877.4038
7281,1693872.2756,2160894.5951
7282,1693921.1647,2164886.0505
7283,1694824.5732,2163058.2736
7284,1694693.4211,2163968.5382
7285,1691817.0099,2160302.8127
7286,1693054.9086,2160693.0103
7287,1697255.4625,2157519.115
7288,1696325.5543,2158604.3172
7289,1698064.2314,2153956.0263
7290,1698886.1442,2152514.1552
7291,1700320.83,2152094.765
7292,1700379.5047,2152105.9964
7293,1708381.6322,2157112.8083
7294,1707334.218,2156527.4847
7295,1709025.9416,2159900.1113
7296,1707324.6972,2158839.933
7297,1701866.5012,2157350.5123
7298,1703400.925,2159351.9351
7299,1703619.2637,2159761.0032
7300,1703618.8854,2159767.4173
7301,1703528.9364,2161531.9701
7302,1704122.4375,2160432.2252
7303,1701131.1943,2159283.2502
7304,1699528.8583,2160140.8369
7305,1707038.4723,2150931.0704
7306,1707406.6918,2149928.4502
7307,1706476.5011,2147174.8583
7308,1711018.3755,2148911.7557
7309,1711186.9576,2150077.4451
7310,1715875.5581,2151418.6024
7311,1716981.8416,2143091.097
7312,1711911.8442,2155622.4925
7313,1711491.251,2159063.5475
7314,1710877.3444,2160688.9593
7315,1715803.3922,2153489.039
7316,1714097.6763,2155151.962
7317,1714069.9827,2155324.3174
7318,1714103.135,2155154.022
7319,1712721.6903,2160339.9475
7320,1712738.5243,2160965.5697
7321,1715323.4178,2159095.0919
7322,1714983.9185,2159710.4026
7323,1710560.7179,2156355.8135
7324,1709270.629,2158416.3147
7325,1722276.3197,2149885.328
7326,1720814.224,2148946.2551
7327,1719838.0198,2145534.4478
7328,1664794.978,2169771.3604
7329,1664826.8803,2169790.0399
7330,1698365.4148,2214428.5638
7331,1701779.5018,2152413.999
7332,1702619.497,2150762.0053
7333,1702010.5027,2151692.9915
7334,1696272.9746,2214470.5676
7335,1696352.5254,2214823.8543
7336,1696287.6298,2136976.9634
7337,1696242.4411,2137302.879
7338,1696291.2181,2136979.2577
7339,1673536.2688,2164664.8143
7340,1674170.5748,2162323.4275
7341,1695354.1424,2211303.7105
7342,1697928.8012,2214655.5341
7343,1697861.369,2170785.3713
7344,1690929.4942,2165139.9989
7345,1694604.4981,2167960.9948
7346,1680968.4984,2194071.0004
7347,1676551.499,2193657.995
7348,1682291.4969,2193461.9926
7349,1681829.4942,2192677.9973
7350,1678532.4992,2193623.0011
7351,1677657.5,2191978.0057
7352,1676740.4964,2191172.9919
7353,1676761.4963,2191753.995
7354,1693295.497,2193252.0029
7355,1691979.4961,2192691.9987
7356,1693799.5,2193447.993
7357,1693883.4939,2193518.0012
7358,1693463.5028,2194035.9927
7359,1687975.498,2198305.9949
7360,1687583.4967,2198361.9993
7361,1688633.4943,2198515.9966
7362,1690621.5015,2202981.9956
7363,1690908.497,2202288.9996
7364,1694681.4944,2170418.0038
7365,1694331.5003,2170628.0043
7366,1694856.4973,2172370.9994
7367,1693897.5011,2174169.9946
7369,1694009.4987,2174519.9976
7370,1699133.4995,2196458.0042
7371,1672323.4948,2198515.9945
7372,1701163.4936,2197452.0006
7373,1701863.5018,2198067.9993
7374,1702829.4977,2200867.997
7375,1674230.1681,2162285.3073
7376,1694714.2377,2211621.3979
7377,1694732.5652,2211544.6312
7378,1703657.148,2197886.9187
7379,1678469.0874,2201082.9721
7380,1679070.6773,2201529.8029
7381,1770701.1197,2093533.8739
7382,1770211.121,2093155.8713
7383,1768181.1223,2091867.8702
7384,1772059.1244,2094275.8715
7385,1773540.9363,2093289.3279
7386,1773021.0598,2094275.8863
7387,1773023.4699,2094278.7675
7388,1775852.3715,2093651.3351
7389,1777409.43,2094255.5278
7390,1781582.4508,2093108.535
7391,1782797.6421,2093217.4205
7392,1785784.2376,2094164.112
7393,1788182.7385,2095310.1341
7394,1791083.2936,2096147.4873
7395,1780305.1228,2101933.9917
7396,1779521.1183,2101864.0011
7397,1778051.1254,2100393.9962
7398,1781803.1218,2103852.0014
7399,1782083,2104152.4368
7400,1781845.1192,2103921.9975
7401,1782419.1297,2104901.9994
7402,1782489.1235,2104622.0023
7403,1782090.1238,2107358.9931
7404,1782461.1284,2106610.0001
7405,1782734.1253,2105454.9989
7406,1782867.1227,2106329.9937
7407,1782741.1256,2106470.0041
7408,1782498.9846,2107933.8361
7409,1782413.1336,2107879.9967
7410,1782411.4769,2107873.008
7411,1782827.1421,2107843.2479
7412,1783087.899,2107647.265
7413,1784507.109,2107738.5095
7414,1783261.9102,2107727.0758
7415,1784619.7652,2107709.0699
7416,1787213.0325,2106277.2928
7417,1785382.6682,2106768.4836
7418,1785118.3627,2106681.6845
7419,1787400.6743,2106349.1644
7420,1787664.9827,2106165.0299
7421,1790627.7267,2105014.9852
7422,1791037.1208,2105111.2674
7423,1795333.6684,2105549.7308
7424,1796332.2546,2105283.6634
7425,1797803.6585,2102950.6414
7426,1797695.5208,2102034.2755
7427,1798069.7358,2101380.7931
7428,1799533.5698,2098956.5262
7429,1799582.4707,2098686.28
7430,1798939.4183,2096698.0329
7431,1798952.5955,2096719.4609
7432,1799418.3394,2096399.8851
7433,1799570.9682,2095845.6117
7434,1800140.9744,2094968.5976
7435,1800167.4617,2094943.0917
7436,1800972.6338,2095206.1645
7437,1801090.2712,2095143.6349
7438,1801531.6751,2095178.841
7439,1801723.553,2095209.5642
7440,1798237.2877,2102918.3169
7441,1798482.0007,2103079.4715
7442,1800298.0063,2103497.4255
7443,1800809.2777,2103848.4288
7444,1803145.8876,2106744.4482
7445,1803573.7232,2107240.9415
7446,1803824.5486,2107296.4294
7447,1805520.7561,2107718.2578
7448,1805324.6336,2107683.3574
7449,1784832.5268,2107784.051
7450,1788398.84,2107248.2413
7451,1790913.5068,2109299.0523
7452,1792350.3809,2109443.6553
7453,1792974.0376,2109247.0425
7454,1793034.7691,2109105.7701
7455,1793561.3723,2109073.6801
7456,1796023.664,2108292.9093
7457,1798544.3567,2109526.9149
7458,1798647.1686,2109608.2902
7459,1799403.3819,2109633.9333
7460,1800029.794,2109607.0169
7461,1801585.3827,2109609.4776
7462,1801777.6765,2109493.4888
7463,1801844.2424,2109440.4871
7464,1802437.5211,2110193.7274
7465,1804016.3727,2112048.9806
7466,1803643.6378,2111559.9937
7467,1804009.8738,2112389.5813
7468,1804086.308,2112204.6474
7469,1804477.2321,2114021.5549
7470,1803981.2847,2112725.076
7471,1803478.9823,2111177.1132
7472,1802783.7472,2110529.2131
7473,1803643.0386,2111551.8758
7474,1767600.1243,2093582.8789
7475,1768328.5677,2092264.6452
7476,1767632.4322,2096876.9162
7477,1766523.6846,2099662.8649
7478,1767386.5397,2099100.8643
7479,1765991.7701,2099834.4037
7480,1764518.7777,2100571.2315
7481,1762543.3942,2099270.2998
7482,1761912.5796,2102266.2468
7483,1761881.3307,2102792.7989
7484,1761999.9246,2103022.0166
7485,1764389.5259,2104363.9838
7486,1763936.031,2104576.8788
7487,1763610.6343,2104474.4029
7488,1763328.8263,2104578.9314
7489,1762685.3698,2104969.6686
7490,1762543.7481,2105744.6123
7491,1762174.9238,2106633.7782
7492,1759117.2767,2108326.4904
7493,1759019.4487,2109353.1323
7494,1757736.616,2109396.8507
7495,1757200.5904,2109049.5888
7496,1756988.1471,2109566.6802
7497,1756931.3059,2109932.3268
7498,1756356.6361,2109626.9207
7499,1756564.4999,2109754.7252
7500,1755816.164,2109875.343
7501,1755326.1728,2109515.1587
7502,1754331.0603,2109696.2702
7503,1753642.2826,2109891.906
7504,1751204.2945,2110779.3762
7505,1748296.33,2110789.5479
7506,1747983.8307,2111021.8784
7507,1746001.3165,2109649.3794
7508,1745188.4995,2110920.5193
7509,1744962.1256,2110570.5275
7510,1744947.3797,2110336.0643
7511,1744246.3971,2110852.0044
7512,1744045.0577,2110759.7738
7513,1743981.5986,2110651.0365
7514,1743835.2411,2110497.5092
7515,1742517.9696,2109982.7105
7516,1742495.0665,2109738.5613
7517,1742511.4854,2109618.7647
7518,1742210.9492,2109577.9205
7519,1741946.9263,2109673.9401
7520,1741309.508,2110217.1923
7521,1740502.1339,2111140.1316
7522,1740205.6349,2110538.0468
7523,1740154.6966,2110038.084
7524,1740147.7649,2109884.1793
7525,1738869.9471,2109643.4425
7526,1738777.9638,2110355.7934
7527,1737698.7043,2112218.7784
7528,1737984.9134,2113086.4925
7529,1744572.0052,2123101.9997
7530,1740683.7131,2116660.0712
7531,1781737.0054,2091681.883
7532,1781251.208,2091501.1599
7533,1785368.6006,2090765.1801
7534,1786355.3281,2090912.117
7535,1786695.6778,2090858.4939
7536,1791367.5396,2091777.758
7537,1779228.5385,2100120.9569
7538,1779237.4838,2099944.2334
7539,1778926.5164,2099069.6282
7540,1778912.8085,2099187.4452
7541,1779412.6275,2099100.5938
7542,1780419.2979,2097787.6434
7543,1780810.7613,2096672.1799
7544,1784114.8807,2096480.7594
7545,1785535.9684,2096174.7382
7546,1785813.9211,2096506.6521
7547,1790937.4187,2097168.8724
7548,1793941.1922,2109807.5449
7549,1797474.1002,2110591.901
7550,1794223.173,2110042.997
7551,1794220.5229,2110036.7564
7552,1797853.8822,2110862.8625
7553,1797886.7093,2096365.1786
7554,1796155.2459,2095295.7335
7555,1795009.371,2094331.2855
7556,1792686.5047,2093791.9322
7557,1791374.992,2095764.4574
7558,1763299.8755,2111993.9358
7559,1753823.2553,2111820.9561
7560,1754069.3514,2112811.0005
7561,1753709.394,2113429.3847
7562,1750278.0583,2115841.846
7563,1750320.7892,2116875.797
7564,1750905.009,2118062.1109
7565,1750496.8058,2120815.6514
7566,1759007.4219,2112363.9091
7567,1761781.2454,2102870.0484
7568,1761619.6965,2102830.8806
7569,1759479.3455,2101505.7541
7570,1758113.4878,2100796.0177
7571,1758569.4879,2100829.4777
7572,1754472.0899,2103503.4314
7573,1755340.9554,2102801.568
7574,1755819.0983,2113072.7594
7575,1755769.225,2113080.019
7576,1774012.5994,2099907.1268
7577,1774215.1225,2099805.9963
7578,1779233.8109,2107446.8571
7579,1781080.0232,2107067.2523
7580,1807163.3591,2096987.1401
7581,1805321.3725,2097931.678
7582,1766339.3498,2094881.6875
7583,1767561.288,2093564.9139
7584,1767277.2788,2097059.9834
7585,1767610.0473,2096867.086
7586,1765862.8159,2098680.1805
7587,1765186.1608,2097139.2565
7588,1763399.2076,2098591.0854
7589,1764868.4565,2098910.1388
7590,1767343.3389,2101096.737
7591,1764469.4293,2102434.2779
7592,1766292.5946,2105882.4142
7593,1760746.9857,2110768.8312
7594,1757876.0935,2111771.641
7595,1757153.8828,2111608.3282
7596,1754041.5865,2115189.8518
7597,1749551.0009,2119884.848
7598,1748476.7132,2118373.7618
7599,1747034.1125,2115067.8119
7600,1752974.471,2112201.5375
7601,1752519.0726,2112183.9406
7602,1750550.0816,2112866.0949
7603,1749273.7955,2113103.925
7604,1750005.9316,2112009.1355
7605,1747824.1356,2114222.3882
7606,1745210.8371,2112380.7341
7607,1745716.3657,2116092.236
7608,1746385.1588,2114518.4122
7609,1743568.5343,2114801.0116
7610,1740155.2823,2112959.2037
7611,1740832.4623,2113948.3759
7612,1744661.1242,2118969.2299
7613,1745422.544,2120494.5678
7614,1745400.967,2117169.678
7615,1740135.4475,2117543.6496
7616,1736854.7774,2115523.8527
7617,1739297.7804,2117758.46
7618,1740244.3668,2119251.68
7619,1737238.2843,2114511.5381
7620,1736284.6534,2114563.8316
7621,1737962.1473,2109837.3321
7622,1737329.1025,2109921.8288
7623,1735112.3528,2107840.9771
7624,1733986.5671,2107004.7934
7625,1733287.5028,2106876.9211
7626,1731671.4502,2107539.2599
7627,1734896.2547,2112853.6194
7628,1733167.1123,2108651.2821
7629,1733687.1655,2111041.9542
7630,1732228.5884,2111024.9455
7631,1734113.9545,2113469.7604
7632,1732722.1878,2112716.705
7633,1731348.36,2105787.8895
7634,1734704.5669,2105771.6783
7635,1734180.3583,2104897.4222
7636,1738339.1074,2107964.5199
7637,1738277.7766,2107811.6102
7638,1741608.8293,2109997.7173
7639,1740247.9377,2108430.2665
7640,1742559.8857,2109332.7411
7641,1744095.7124,2108036.564
7642,1739101.8861,2107507.0881
7643,1740371.5557,2107333.5914
7644,1744867.7392,2107872.6995
7645,1748460.0942,2109512.7236
7646,1747917.3898,2107527.7975
7647,1747388.7458,2107931.2305
7648,1753131.4614,2108549.8932
7649,1752523.5227,2107655.0334
7650,1752377.4966,2107719.643
7651,1751702.5569,2107413.9955
7652,1751526.5884,2107335.316
7653,1751261.1067,2106987.0937
7654,1751170.5074,2106953.7373
7655,1750956.8878,2106974.3473
7656,1747881.2959,2105620.5103
7657,1746139.9534,2104543.4702
7658,1745258.907,2104294.1925
7659,1743983.6904,2104492.7817
7660,1739420.7476,2104784.5197
7661,1743412.2982,2105121.7363
7662,1737091.4391,2102504.1471
7663,1737670.6595,2103608.1358
7664,1742692.7395,2103513.5929
7665,1743515.8766,2104958.3445
7666,1742545.3864,2103399.249
7667,1738247.1332,2106446.6643
7668,1744704.7156,2106891.9013
7669,1743457.6607,2105126.5954
7670,1744622.0843,2103563.5487
7671,1743422.7636,2102405.2001
7672,1742361.4514,2101148.9223
7673,1738178.2713,2102594.575
7674,1738911.8192,2102984.3581
7675,1742238.9068,2100935.0278
7676,1740505.1451,2100009.2594
7677,1742194.5572,2100602.0164
7678,1741788.8097,2100154.1055
7679,1741435.7156,2099042.831
7680,1741649.1641,2100086.1493
7681,1742532.4715,2099111.797
7682,1744038.5506,2100028.7128
7683,1745102.5102,2102914.279
7684,1745203.2906,2102878.992
7685,1746241.5333,2102493.5057
7686,1747704.2064,2103581.9073
7687,1751251.7938,2105190.8618
7688,1751072.077,2106897.6272
7689,1751775.6608,2105005.73
7690,1751942.1423,2105069.1451
7691,1752221.0805,2103657.7134
7692,1753358.7241,2106028.9328
7693,1755191.3742,2106361.7667
7694,1753473.785,2105340.1005
7695,1753577.5576,2104551.55
7696,1755530.1625,2107398.8287
7697,1754912.5711,2107922.9461
7698,1756696.5148,2107919.1599
7699,1757721.3568,2106849.0001
7700,1758829.3752,2106082.3338
7701,1762575.6277,2105021.0939
7702,1763214.6642,2104524.202
7703,1759538.111,2104523.5339
7704,1758707.9845,2101891.2127
7705,1757252.7997,2103669.5644
7706,1757767.8157,2103269.6304
7707,1756873.2826,2104028.8262
7708,1757167.6643,2103808.1859
7709,1757810.482,2103109.6143
7710,1757957.8382,2103093.7978
7711,1756515.3307,2104453.3054
7712,1756252.2098,2106406.7586
7713,1757320.1691,2105922.7106
7714,1754347.6537,2104211.1906
7715,1757385.2507,2099561.6843
7716,1755461.6162,2099405.5955
7717,1757196.1003,2099495.8287
7718,1760709.6959,2100974.3609
7719,1760727.0509,2099230.2278
7720,1768782.9004,2098188.9306
7721,1767599.1933,2097040.7444
7722,1767579.38,2097036.8164
7723,1771363.2215,2096356.4165
7724,1771842.2856,2095344.8663
7725,1772199.1256,2095101.8753
7726,1771442.4907,2097467.8509
7727,1771132.4399,2098656.8976
7728,1771084.8792,2099061.471
7729,1769561.6072,2100020.9851
7730,1766820.1208,2106529.9805
7731,1772064.2253,2101422.4983
7732,1772396.1414,2103164.0213
7733,1770685.117,2100590.3611
7734,1770074.7724,2104056.19
7735,1770221.9127,2104307.6105
7736,1770590.8676,2104548.6992
7737,1770514.021,2106408.1034
7738,1768532.2807,2104837.813
7739,1771082.1575,2098616.6232
7740,1770997.0453,2098147.8886
7741,1772372.2049,2097215.3336
7742,1773021.1341,2096263.2026
7743,1773067.1183,2096081.8764
7744,1774719.8398,2103586.599
7745,1774745.2507,2103439.8897
7746,1774700.068,2103674.1359
7747,1773879.7057,2105373.4111
7748,1774715.7621,2102839.1674
7749,1774534.1285,2100661.0972
7750,1774481.1236,2099931.9935
7751,1771560.7985,2106266.1573
7752,1770391.8058,2107931.2973
7753,1778789.4862,2103252.2682
7754,1779233.7355,2102543.042
7755,1778690.7517,2103369.279
7756,1778096.2413,2106788.7048
7757,1779954.899,2106373.1021
7758,1780034.388,2106371.6028
7759,1780333.1237,2106498.0025
7760,1781832.1281,2105256.5021
7761,1781826.8863,2105251.685
7762,1781691.1214,2105000.0012
7763,1780892.4685,2107503.014
7764,1781338.2019,2107384.107
7765,1780770.44846043,2107980.13564898
7766,1781712.0245,2107782.6647
7767,1780417.2666,2108078.0829
7768,1780865.0048,2107814.9902
7769,1788615.0462,2103378.7823
7770,1790726.5565,2104537.8565
7771,1792653.428,2101964.519
7772,1791626.0246,2104343.8573
7773,1795328.6313,2102850.0419
7774,1793955.5935,2104448.0775
7775,1795789.5482,2100801.3558
7776,1796754.1783,2099091.4521
7777,1795702.0322,2098756.0784
7778,1795089.5094,2098497.5961
7779,1794183.3489,2097727.4048
7780,1793074.8644,2095843.0239
7781,1797406.8801,2094871.8828
7782,1795789.3986,2093586.5087
7783,1800440.6908,2094629.4535
7784,1804437.0936,2095221.2003
7785,1802534.921,2095016.3727
7786,1802900.876,2094150.5493
7787,1802515.6505,2094456.9814
7788,1802479.3738,2096253.038
7789,1803345.516,2096786.9871
7790,1803606.25,2097179.017
7791,1803373.7695,2096843.5377
7792,1800934.1132,2096899.1286
7793,1803504.2311,2098255.5272
7794,1804433.1967,2099434.0279
7795,1803249.5726,2098696.5887
7796,1803109.5628,2099022.097
7797,1802819.0253,2099060.0608
7798,1803778.9688,2100640.5261
7799,1801337.959,2099492.8182
7800,1798552.2966,2097193.3997
7801,1798996.5992,2097295.0328
7802,1796465.503,2097778.6827
7803,1798191.5123,2097076.6725
7804,1798543.8833,2097190.6705
7805,1799904.2583,2099504.2258
7806,1803368.9489,2100937.6803
7807,1801925.5968,2100908.5826
7808,1800811.6749,2101195.1725
7809,1802515.2659,2102692.7502
7810,1802461.9857,2105422.7606
7811,1805785.1787,2108016.3604
7812,1805381.9546,2110215.1827
7813,1805918.5787,2108578.8627
7814,1805390.77,2112498.8841
7815,1800657.644,2105460.2003
7816,1801000.1173,2107794.8409
7817,1796041.0911,2106161.2832
7818,1796109.4304,2106190.0554
7819,1796263.3069,2106330.4708
7820,1796021.3526,2106304.0453
7821,1795983.3843,2106684.6144
7822,1796078.7658,2107374.466
7823,1791269.4192,2107223.8049
7824,1796862.542,2107787.8187
7825,1802658.2064,2108292.1146
7826,1803706.0672,2114337.6964
7827,1802597.4958,2110686.0753
7828,1803931.2907,2114537.2286
7829,1801636.4315,2110929.266
7830,1800049.0082,2112358.9681
7831,1797549.1611,2109393.9985
7832,1792769.7275,2111969.728
7833,1792656.7629,2111672.9913
7834,1783255.5238,2108172.733
7835,1783694.2397,2108807.0649
7836,1784093.4817,2109534.9035
7837,1786211.6506,2110145.8711
7838,1787420.0012,2111108.7927
7839,1788009.0962,2112429.7215
7840,1789867.9312,2110651.0344
7841,1789439.923,2112115.3648
7842,1783095.5649,2107731.4818
7843,1784080.2837,2106273.1522
7844,1782897.0646,2106352.1852
7845,1782890.9677,2106344.6671
7846,1785438.7953,2105371.5439
7847,1782787.8562,2105440.8136
7848,1782787.9605,2105442.8138
7849,1785622.7997,2104635.124
7850,1782540.0775,2104660.7979
7851,1782202.0541,2103857.4898
7852,1783558.8323,2102421.5546
7853,1786000.4884,2102769.9579
7854,1785719.6054,2100362.1314
7855,1785928.6101,2100238.9934
7856,1788643.9919,2099842.4924
7857,1786056.6946,2099871.1371
7858,1789575.4307,2098232.8612
7859,1791412.4049,2097238.0977
7860,1786724.8545,2098430.0963
7861,1790783.2487,2098937.9523
7862,1786727.9271,2101250.4491
7863,1787981.0768,2102152.7062
7864,1787944.9689,2100684.6546
7865,1791401.2949,2100741.6858
7866,1792226.0036,2099304.8884
7867,1791845.762,2100120.072
7868,1791625.3967,2100259.0175
7869,1793852.6816,2098043.6764
7870,1790808.3638,2099404.0026
7871,1792022.3969,2098726.9919
7872,1792166.8154,2096458.5458
7873,1792597.5683,2097093.6836
7874,1791769.595,2100791.7633
7875,1792675.3989,2100536.0782
7876,1792998.2639,2100344.2964
7877,1792912.109,2100348.2581
7878,1793120.4032,2099833.0446
7879,1793410.6305,2099433.8855
7880,1795067.7449,2098897.671
7881,1793167.0201,2100419.723
7882,1795100.8792,2101677.4986
7883,1793502.7064,2100612.2551
7884,1795149.7991,2100368.3305
7885,1793496.4996,2100413.5739
7886,1793420.3828,2101897.9929
7887,1793537.9083,2102174.7582
7888,1793396.1584,2102297.505
7889,1793373.8113,2102700.0679
7890,1795132.8676,2102497.5451
7891,1794406.3847,2103301.8875
7892,1781066.0521,2101043.489
7893,1780821.9636,2101229.6031
7894,1781690.3336,2100731.3447
7895,1784461.4819,2099684.9088
7896,1784968.7894,2099477.4867
7897,1784576.5341,2099961.102
7898,1786000.6191,2095939.1362
7899,1787691.8013,2096744.4144
7900,1788738.7381,2096210.694
7901,1786949.4841,2097516.18
7902,1784802.3008,2098500.3556
7903,1782786.6636,2097633.9367
7904,1782357.0692,2098269.4484
7905,1779453.3024,2097435.357
7906,1778852.2756,2099352.5156
7907,1777983.3509,2096616.9501
7908,1773868.2715,2096901.5204
7909,1773865.8769,2096899.5459
7910,1773641.1297,2096809.8716
7911,1774917.5922,2091447.513
7912,1777622.098,2090812.6396
7913,1779222.1255,2089775.669
7914,1786946.9908,2089387.7243
7915,1789530.5211,2090176.3175
7916,1786875.4451,2091517.7976
7917,1789430.4953,2092397.1699
7918,1791148.7335,2092440.5245
7919,1788669.6777,2091804.8044
7920,1790881.8627,2093505.2533
7921,1783653.4256,2090798.6895
7922,1785694.5182,2092354.9013
7923,1790846.921,2094696.7007
7924,1789728.3976,2095419.2246
7925,1778436.1324,2094750.3696
7926,1778697.2632,2094817.2594
7927,1772953.8894,2091237.6656
7928,1770940.9273,2093393.0478
7929,1770951.2442,2093406.7822
7930,1772723.322,2090772.8563
7931,1771969.4826,2090647.1556
7932,1770742.9728,2092806.7784
7933,1762806.9224,2104763.2096
7934,1779854.457,2087994.2841
7935,1730266.1788,2110731.4646
7936,1730621.9958,2108673.0052
7937,1778677.5874,2087444.4453
7938,1731302.9457,2111784.3156
7939,1806341.2004,2093561.9968
7940,1738153.0565,2113489.1797
7941,1740384.7287,2116461.9763
7942,1740416.5694,2116492.7279
7943,1740612.9883,2116583.8736
7944,1758220.1284,2102827.076
7945,1758286.3913,2102739.551
7946,1758091.3113,2102958.0618
7947,1802384.9285,2092656.8924
7948,1802457.6279,2094462.1273
7949,1776294.2291,2110098.7411
7950,1777911.1286,2107772.0018
7951,1777967.1235,2107716.0011
7952,1767693.077,2097356.4002
7953,1803586.0516,2094108.0997
7954,1781792.496,2106685.8819
7955,1782330.3136,2104967.8555
7956,1799468.1139,2091676.7213
7957,1801673.927,2093009.819
7958,1804490.1274,2096465.2367
7959,1802568.6697,2095523.8485
7960,1805510.2163,2098064.9025
7961,1805466.4681,2107126.6978
7962,1805246.5436,2107373.1492
7963,1805223.2954,2107417.7634
7964,1755857.308,2112902.6721
7965,1780327.5971,2107946.3532
7966,1780660.0965,2107502.4271
7967,1780756.0714,2107500.7302
7968,1804685.9504,2106501.1566
7969,1804363.7886,2106273.8905
7970,1804694.1784,2106521.4827
7971,1804819.1211,2106584.6353
7972,1805548.1663,2106785.0766
7973,1799079.127,2097328.0006
7974,1802481.1218,2094485.8745
7975,1802215.1278,2094905.8683
7976,1801823.1239,2095213.8789
7977,1805141.1225,2107506.0018
7978,1802481.1297,2110305.9942
7979,1778905.1285,2099357.9977
7980,1743442.9585,2105084.3779
7981,1743548.1244,2104965.0028
7982,1793402.1243,2100513.0043
7983,1780837.1221,2107561.9971
7984,1735747.0156,2054585.4055
7985,1734692.3894,2054515.2008
7986,1737969.1229,2053367.8658
7987,1738147.0329,2054061.5842
7988,1738011.122,2053227.8786
7989,1738361.1201,2052555.8717
7990,1740951.127,2050063.8721
7991,1739831.1265,2050441.8682
7992,1745141.82,2049497.2028
7993,1743149.6474,2050068.1062
7994,1743145.8063,2050064.2418
7995,1746604.9775,2049467.8323
7996,1747009.5129,2049457.2041
7997,1747617.8866,2049352.327
7998,1747939.4679,2049273.5209
7999,1749037.9231,2049273.0959
8000,1753155.3905,2047793.5858
8001,1751233.7564,2049224.8808
8002,1751230.0442,2049215.8748
8003,1750831.7521,2049326.907
8004,1753209.6124,2046822.8793
8005,1754091.168,2045855.6255
8006,1754532.3537,2045231.4969
8007,1755105.7574,2044731.5079
8008,1755755.485,2044721.5502
8009,1755529.7334,2044773.6262
8010,1757050.3362,2044075.1869
8011,1756039.0936,2044629.8451
8012,1756034.7752,2044627.9648
8013,1739285.12,2059779.8774
8014,1738032.1263,2059268.8775
8015,1739831.1259,2060087.8755
8016,1739509.1266,2059905.8754
8017,1742855.1233,2060577.8765
8018,1746719.1259,2062551.8689
8019,1747120.45,2059985.3258
8020,1747355.6353,2062102.2493
8021,1747120.5111,2059984.3981
8022,1748938.1922,2058257.6796
8023,1750465.3551,2058188.8552
8024,1749937.4469,2058265.4038
8025,1749931.4071,2058252.1226
8026,1750496.0878,2058109.0054
8027,1751497.7202,2057297.4018
8028,1751281.8981,2057385.8451
8029,1752060.1562,2057089.3007
8030,1752110.3207,2057061.0901
8031,1754497.9575,2056708.7438
8032,1754541.7783,2056524.0895
8033,1755280.0535,2056071.4396
8034,1757559.3548,2054783.0191
8035,1757649.3991,2054703.2742
8036,1759064.5541,2054338.6675
8037,1759058.2077,2054240.0124
8038,1758935.8902,2053482.1918
8039,1758797.7279,2052540.6752
8040,1759714.4233,2051646.9376
8041,1759823.1185,2051477.8752
8042,1760642.2764,2050818.7594
8043,1759975.9486,2051203.4456
8044,1759973.2314,2051203.2978
8045,1761419.9728,2050235.5971
8046,1761806.5019,2049775.3045
8047,1761927.9895,2048225.7471
8048,1762104.701,2049098.2139
8049,1761995.5291,2049575.7458
8050,1747773.6205,2063315.1893
8051,1749463.1239,2065421.8785
8052,1748973.1245,2064693.8663
8053,1753901.1244,2067521.8706
8054,1757653.1239,2064903.8747
8055,1757065.1119,2065127.8778
8056,1758213.1258,2064665.8668
8057,1756127.1251,2065715.8757
8058,1758787.1263,2064203.8712
8059,1759413.5163,2063949.6861
8060,1759273.8883,2063939.534
8061,1759620.2567,2063139.2386
8062,1754293.1303,2069915.871
8063,1753089.1204,2075963.8701
8064,1759984.9846,2073165.7726
8065,1759901.0968,2073160.1842
8066,1754657.129,2075650.8612
8067,1756523.9773,2073913.3469
8068,1759901.3906,2073155.0752
8069,1761118.7298,2072790.872
8070,1761928.0631,2072748.1879
8071,1761568.146,2072730.9109
8072,1761236.5868,2072783.0271
8073,1761565.4824,2072729.6246
8074,1762143.9171,2072671.0864
8075,1762689.6183,2072064.2314
8076,1762146.5731,2072670.8324
8077,1762773.8693,2071767.7379
8078,1763256.2287,2071502.2954
8079,1763330.9755,2071248.3644
8080,1763365.603,2071324.4029
8081,1763292.8163,2070714.347
8082,1764676.1517,2067880.6092
8083,1766616.0307,2064587.7115
8084,1767608.7978,2064601.615
8085,1766713.0517,2064579.7074
8086,1767902.3376,2064639.0684
8087,1767815.0814,2064648.2583
8088,1767656.0212,2064609.6565
8089,1767808.3979,2064646.0975
8090,1770103.5767,2063648.6834
8091,1768622.4771,2064000.0011
8092,1768395.1126,2064137.8857
8093,1768615.9248,2063995.7329
8094,1757345.1188,2079253.8796
8095,1762258.222,2080133.8315
8096,1761255.5691,2081042.4341
8097,1758322.1793,2080528.2636
8098,1757863.1249,2080303.8662
8099,1762989.7224,2079386.7112
8100,1762896.4616,2079632.5675
8101,1763466.1934,2079031.9425
8102,1762990.8573,2079383.0233
8103,1766417.8305,2077861.7209
8104,1770724.1779,2076626.9883
8105,1767144.2048,2077560.6131
8106,1772481.7122,2074447.8583
8107,1760803.1208,2084209.8668
8108,1758031.1282,2081605.881
8109,1758008.1395,2081498.6143
8110,1761727.1264,2085427.8771
8111,1762301.12,2086351.8742
8112,1761939.8351,2085826.255
8113,1762889.1216,2087401.8797
8114,1771919.1259,2084923.871
8115,1771023.1254,2085497.8693
8116,1769035.1273,2086533.8676
8117,1772311.1217,2084811.874
8118,1775217.2502,2083896.8174
8119,1774324.7149,2084670.4028
8120,1778711.0574,2082533.3129
8121,1778752.784,2082474.3887
8122,1779634.3474,2082068.9705
8123,1780242.3256,2081549.1251
8124,1780699.3696,2080737.5279
8125,1784601.222,2080480.7779
8126,1784689.056,2080172.0153
8127,1787541.1246,2079511.723
8128,1785255.046,2079703.9659
8129,1787958.4086,2079415.1972
8130,1788060.2596,2079399.0485
8131,1788085.6619,2079265.4358
8132,1788285.4696,2079024.4455
8133,1788307.6394,2078724.3638
8134,1788293.9158,2078784.3524
8135,1788408.2461,2078668.4849
8136,1788948.9575,2077558.488
8137,1789013.2903,2077333.8145
8138,1789074.463,2076637.548
8139,1789251.7983,2076212.5119
8140,1789634.1703,2075568.7138
8141,1790429.4498,2075016.7777
8142,1793045.0109,2076104.657
8143,1791047.1437,2075105.5306
8144,1793479.4092,2076317.185
8145,1795056.1963,2076628.0064
8146,1794768.2162,2076588.4088
8147,1795517.6572,2076812.5093
8148,1797480.1097,2076611.7644
8149,1796270.6574,2077145.2609
8150,1798323.6978,2076254.9715
8151,1798792.7172,2075446.823
8152,1798996.2502,2075211.9172
8153,1778090.3364,2085699.3987
8154,1774253.936,2084777.9706
8155,1780279.7269,2085655.933
8156,1780078.561,2085392.2933
8157,1780508.3114,2085352.6871
8158,1780829.5562,2085827.4875
8159,1784594.4099,2085503.0261
8160,1784700.5986,2085490.5079
8161,1786747.8424,2085619.771
8162,1788632.0769,2085569.6215
8163,1790390.9696,2084746.3528
8164,1793288.8382,2084962.2799
8165,1793675.757,2085032.3951
8166,1794263.2789,2085106.3154
8167,1797012.0387,2086369.1207
8168,1795902.3736,2086025.8314
8169,1798139.2027,2086929.4843
8170,1802161.9687,2088946.4742
8171,1800730.9325,2088619.18
8172,1802404.7567,2089296.5896
8173,1804973.215,2090096.4623
8174,1803502.4691,2089963.229
8175,1805952.959,2090676.1092
8176,1807600.1347,2091889.3646
8177,1752552.4735,2084280.8261
8178,1752662.8498,2084179.3587
8179,1752376.3878,2087727.8185
8180,1751645.2147,2087709.0649
8181,1746175.8811,2089716.6266
8182,1742407.1276,2064399.8681
8183,1741735.1157,2064161.8762
8184,1741133.127,2063559.8809
8185,1739873.1235,2062341.8794
8186,1740121.9661,2061573.8934
8187,1743581.896,2065205.408
8188,1743409.3299,2064736.7179
8189,1743373.1265,2064637.8684
8190,1743907.7407,2067493.5108
8191,1737516.9464,2070446.2296
8192,1737236.6612,2070489.4478
8193,1736109.2086,2071427.745
8194,1735325.7728,2073437.054
8195,1734556.387,2075136.9578
8196,1733731.8899,2075777.0232
8197,1732423.1445,2075724.7184
8198,1732246.5357,2075825.3456
8199,1732324.367,2075787.4387
8200,1730426.6553,2076652.8482
8201,1730272.1454,2076815.6911
8202,1730055.3909,2076804.6608
8203,1727180.6158,2077247.1318
8204,1726350.9377,2077641.7643
8205,1723617.845,2078435.7131
8206,1725579.9426,2077828.7935
8207,1725713.7892,2077748.0435
8208,1738587.6194,2061696.3704
8209,1739321.5936,2061419.6608
8210,1739571.6301,2061092.9211
8211,1735673.6783,2064352.0581
8212,1735116.1254,2066553.0528
8213,1734155.2285,2067706.6294
8214,1733810.5186,2068334.355
8215,1733597.3114,2068833.5144
8216,1733198.355,2069262.8339
8217,1731471.4435,2070194.8929
8218,1731222.3803,2069956.1624
8219,1728813.8118,2070716.8108
8220,1728907.1448,2070784.6587
8221,1728405.6075,2070755.419
8222,1728363.9452,2070804.0012
8223,1727650.3464,2071478.98
8224,1728099.4952,2070974.1304
8225,1728365.8586,2070807.3361
8226,1727019.8504,2072151.2747
8227,1726901.479,2073377.6813
8228,1725286.8641,2073811.8314
8229,1721669.1946,2073917.5357
8230,1723032.8486,2073966.3399
8231,1718665.8311,2075776.8324
8232,1735770.0865,2061915.4231
8233,1737727.4377,2059949.4891
8234,1731272.3421,2066046.7082
8235,1730501.3701,2067087.1998
8236,1729508.4959,2068338.7055
8237,1727663.6476,2069197.4208
8238,1724764.3102,2070359.1063
8239,1724426.0025,2070431.5296
8240,1724055.8213,2069853.5631
8241,1723792.6288,2069714.0871
8242,1722287.0718,2070518.8795
8243,1720924.9186,2070972.3696
8244,1721199.5725,2070788.0981
8245,1721405.7102,2070859.2212
8246,1721218.531,2070797.1524
8247,1720018.0106,2071160.7
8248,1719993.1294,2071189.8703
8249,1718314.9595,2071703.1433
8250,1719692.9997,2071197.5346
8251,1717450.3202,2075974.07
8252,1718162.2716,2072677.6447
8253,1731979.6358,2060711.8341
8254,1736778.5519,2058768.6318
8255,1737269.124,2058197.8724
8256,1731095.6799,2061189.1155
8257,1730736.9255,2061611.5459
8258,1730121.1136,2061843.3653
8259,1728678.3417,2062609.6362
8260,1727616.0559,2062889.9794
8261,1726720.8063,2063278.0678
8262,1726429.6204,2063429.1567
8263,1726184.7445,2063054.7517
8264,1725212.8344,2063614.9823
8265,1724826.7256,2064278.2067
8266,1724054.0436,2064858.7264
8267,1723549.1033,2065487.819
8268,1721538.3418,2065657.9983
8269,1720469.2495,2064981.7512
8270,1719452.9798,2065104.2847
8271,1719209.3292,2064885.8964
8272,1718342.5865,2064972.7523
8273,1716045.7433,2064609.108
8274,1760047.4011,2062023.2791
8275,1759916.2078,2061570.9361
8276,1759793.1463,2061243.9154
8277,1761177.8543,2059779.385
8278,1761437.9163,2059585.1831
8279,1762036.8322,2058786.071
8280,1762248.7727,2058368.2808
8281,1763656.7485,2057515.8964
8282,1763540.4748,2057482.0517
8283,1763827.1245,2057525.8686
8284,1763918.1204,2057518.8748
8285,1764001.3522,2057358.9401
8286,1763964.7047,2057476.9026
8287,1763959.1005,2057477.5071
8288,1764701.5133,2056198.7579
8289,1764633.9168,2056270.3859
8290,1764490.8212,2056414.4976
8291,1764631.3303,2056270.2808
8292,1765432.6566,2055408.1076
8293,1765828.0211,2055047.0156
8294,1765694.8419,2055285.3125
8295,1766313.0794,2052723.2243
8296,1761379.1208,2063211.2958
8297,1761684.713,2063494.9731
8298,1761563.7501,2063470.5911
8299,1761549.7399,2063442.0758
8300,1762841.9857,2063338.1425
8301,1762370.3725,2063301.1984
8302,1761910.6013,2063361.4643
8303,1763660.8976,2063171.4448
8304,1763080.1572,2063207.3597
8305,1762112.5539,2063427.5662
8306,1762031.6859,2063420.0297
8307,1762028.2823,2063416.7026
8308,1764752.7409,2062463.9618
8309,1765885.4269,2062417.1989
8310,1766614.6337,2062317.1935
8311,1767221.0618,2062318.5029
8312,1767742.1975,2062173.4358
8313,1768212.2982,2061814.9315
8314,1768448.2734,2061368.1747
8315,1768851.3783,2060978.1779
8316,1769006.8122,2060952.8483
8317,1769678.2238,2060791.7947
8318,1770107.8943,2060683.8782
8319,1770877.3796,2059803.5406
8320,1770361.7737,2060325.8537
8321,1755169.4091,2054995.6343
8322,1756384.2121,2052894.0554
8323,1755463.7946,2054601.5204
8324,1755458.6949,2054601.8454
8325,1756461.7291,2052003.2913
8326,1757414.9262,2050692.0441
8327,1757432.1486,2050522.4556
8328,1758241.245,2049163.228
8329,1757745.2279,2049767.2336
8330,1760262.9,2048566.1242
8331,1750228.2197,2057382.6488
8332,1750286.6522,2057432.0538
8333,1750306.117,2056487.3341
8334,1752718.4145,2053378.8028
8335,1754917.1662,2052127.6247
8336,1796314.333,2083931.5275
8337,1796444.9543,2083800.9526
8338,1796437.8432,2083854.5691
8339,1796868.4674,2084252.9517
8340,1798453.4191,2083760.6413
8341,1799725.8823,2084385.7856
8342,1803570.983,2083339.7514
8343,1804677.5248,2082793.1664
8344,1803966.2845,2083090.8245
8345,1803964.8021,2083091.4495
8346,1804786.9088,2082597.2105
8347,1809902.1454,2081536.2111
8348,1775340.9128,2080756.9579
8349,1776128.8374,2080743.1147
8350,1777075.6795,2077479.0268
8351,1770856.4414,2088421.3503
8352,1769127.8853,2087068.4501
8353,1777217.6029,2089209.6998
8354,1799214.589,2075680.13
8355,1799304.3011,2075863.7541
8356,1799449.094,2076088.9094
8357,1799762.6132,2076197.4601
8358,1801035.1559,2077488.1801
8359,1790494.2349,2086406.136
8360,1791591.0236,2089096.9678
8361,1792673.5273,2089343.9188
8362,1736375.2618,2066140.1075
8363,1738362.4645,2062904.5619
8364,1738433.3857,2062851.9246
8365,1737359.4347,2066588.1903
8366,1737396.3149,2066467.6543
8367,1739821.997,2062330.9008
8368,1737267.0779,2066948.5825
8369,1727036.5723,2060361.9966
8370,1723169.7043,2060887.8318
8371,1722540.6052,2061173.4073
8372,1720392.189,2061335.5563
8373,1718627.8008,2061426.4103
8374,1720143.7613,2061423.1808
8375,1720389.0927,2061334.8792
8376,1777601.2685,2087306.3943
8377,1782526.2779,2087149.4744
8378,1781513.1734,2086800.4988
8379,1780468.4101,2085698.5577
8380,1739215.0371,2057669.8418
8381,1739396.1742,2057830.5707
8382,1738082.2934,2052517.1818
8383,1737829.0476,2052823.7594
8384,1738049.5783,2052478.4745
8385,1794203.1616,2083393.2706
8386,1793767.757,2083851.2958
8387,1786565.0062,2074171.7181
8388,1786263.6253,2074296.1644
8389,1787720.7779,2072360.6513
8390,1788960.3941,2073975.5293
8391,1800940.4623,2087104.6332
8392,1800823.947,2086620.292
8393,1806385.3362,2086175.3868
8394,1806350.5589,2086180.4849
8395,1814082.6846,2087389.6261
8396,1812828.2981,2087170.2056
8397,1733357.2483,2055096.5909
8398,1733526.6234,2055018.3979
8399,1731921.1025,2056709.9951
8400,1733306.0652,2055129.9493
8401,1733356.4607,2055095.5914
8402,1734077.1168,2053984.5935
8403,1730286.8663,2057549.6438
8404,1728442.1477,2058875.8806
8405,1731681.5488,2057854.6388
8406,1729763.6796,2059500.8984
8407,1729809.9447,2059595.1412
8408,1732686.1895,2058525.2667
8409,1734180.2371,2055714.0267
8410,1734965.9439,2054866.1146
8411,1732307.1378,2062406.9275
8412,1731824.782,2062851.9899
8413,1730994.6854,2064055.4116
8414,1730187.0102,2062327.9393
8415,1729478.3578,2064219.879
8416,1730241.3889,2062455.4794
8417,1730242.4993,2062439.0418
8418,1728894.5942,2065755.9455
8419,1729465.0496,2064303.5957
8420,1729500.9123,2064398.1636
8421,1728050.665,2064227.9231
8422,1724924.1623,2067600.4573
8423,1725678.1662,2065140.9074
8424,1725052.9314,2066139.9818
8425,1724346.6676,2066115.4476
8426,1721438.1128,2065846.1011
8427,1721596.0788,2066966.952
8428,1721602.1404,2067081.1104
8429,1721007.5691,2067006.7939
8430,1719444.6454,2065414.7605
8431,1718727.7431,2066872.6025
8432,1718147.469,2067596.5233
8433,1716823.393,2070197.5084
8434,1718122.5649,2069391.3314
8435,1718479.4093,2069030.7605
8436,1716445.7647,2070558.7758
8437,1715754.1071,2070421.2901
8438,1714467.8282,2070114.9616
8439,1720318.2118,2067699.1019
8440,1718807.9442,2067107.8742
8441,1719052.7758,2067510.1974
8442,1720306.9907,2068851.3235
8443,1715064.4463,2071730.1727
8444,1715973.7749,2068891.9732
8445,1716383.0125,2067687.3211
8446,1714703.6438,2068594.4001
8447,1718250.5696,2062661.6998
8448,1718582.5761,2063054.1486
8449,1718593.1298,2063062.128
8450,1718626.0849,2063173.8379
8451,1718167.9911,2062614.8516
8452,1720219.2496,2063407.8564
8453,1723107.5853,2064936.7571
8454,1722607.4421,2063316.2864
8455,1723050.127,2064821.9008
8456,1723055.7688,2064825.6529
8457,1723583.0295,2062741.3538
8458,1726027.343,2062914.9922
8459,1721780.71,2063041.8432
8460,1721959.5313,2062540.1547
8461,1721959.1933,2062387.8675
8462,1722638.6717,2059208.1179
8463,1722441.8921,2057401.6892
8464,1723177.3099,2055858.5498
8465,1723342.9285,2056458.8487
8466,1722983.487,2058299.0343
8467,1726638.0726,2059386.4959
8468,1724674.8303,2058129.2015
8469,1725032.0617,2058262.7413
8470,1724448.8959,2057143.1089
8471,1725693.8505,2059564.1962
8472,1725503.5028,2059608.8604
8473,1723580.0516,2057985.3785
8474,1734453.3857,2063899.1391
8475,1731812.7107,2066683.2006
8476,1731711.2077,2066477.005
8477,1731637.1494,2066345.1317
8478,1731851.6518,2066818.3101
8479,1732036.1995,2067470.37
8480,1731847.0652,2066843.0697
8481,1731709.6763,2066466.2343
8482,1731647.4708,2066355.8265
8483,1725180.8157,2071732.4208
8484,1725158.7044,2071598.8767
8485,1721582.2859,2072603.1844
8486,1723424.458,2072119.5233
8487,1723560.0859,2072077.8938
8488,1723560.3997,2072075.9895
8489,1724191.424,2070933.8266
8490,1724272.3434,2070812.488
8491,1724270.8988,2070812.278
8492,1720974.8079,2072423.9032
8493,1717313.3932,2071781.6177
8494,1716569.928,2072428.8441
8495,1716600.3347,2072336.4568
8496,1716645.5431,2072315.873
8497,1717223.5093,2071874.8904
8498,1715190.9409,2073981.2464
8499,1716208.2727,2073830.0995
8500,1716294.0813,2073767.4337
8501,1716216.6323,2073820.9846
8502,1715071.1629,2073915.8018
8503,1715220.1725,2073006.1873
8504,1715129.0839,2072915.5163
8505,1719424.0636,2072953.284
8506,1720021.0932,2071324.0812
8507,1720030.3511,2071234.2097
8508,1721094.5463,2070098.6893
8509,1719574.9892,2070177.2689
8510,1720973.7328,2070109.1435
8511,1720985.311,2070106.372
8512,1721084.2546,2070098.4083
8513,1723348.3085,2068922.8229
8514,1723885.571,2067901.7324
8515,1723938.9808,2067858.3833
8516,1722903.7867,2068459.7489
8517,1721841.7485,2068004.5195
8518,1723312.5593,2067693.9021
8519,1724193.7878,2069765.8361
8520,1724289.0477,2069708.0801
8521,1725848.9599,2068306.0355
8522,1729080.764,2068068.4224
8523,1728196.924,2065552.1618
8524,1727965.7891,2067208.0089
8525,1729087.1265,2066449.6525
8526,1735517.1327,2068920.7836
8527,1734216.8838,2070128.1667
8528,1732641.1083,2071193.3611
8529,1732172.9149,2073398.2068
8530,1730997.289,2071865.3919
8531,1728768.2384,2073261.6905
8532,1727762.0719,2073228.7979
8533,1728718.207,2074377.1301
8534,1728804.9144,2074475.0252
8535,1727283.5001,2074299.5765
8536,1727816.3591,2074795.5452
8537,1727711.825,2075153.4383
8538,1727250.6863,2074671.1713
8539,1727269.0401,2074998.0027
8540,1725402.5045,2075920.1378
8541,1725489.718,2074284.0506
8542,1723471.3904,2075333.9482
8543,1724380.6508,2074040.2433
8544,1722429.764,2077953.0414
8545,1722956.2904,2075249.1843
8546,1722711.7916,2075176.8597
8547,1721686.3493,2075722.5907
8548,1721710.116,2077907.1615
8549,1721779.3515,2076213.1028
8550,1721690.5729,2076054.3534
8551,1719912.5853,2076158.4257
8552,1720051.6597,2076052.2546
8553,1721006.4334,2073298.9554
8554,1723089.308,2073756.3468
8555,1723320.9045,2073301.9336
8556,1730633.2668,2073434.1177
8557,1729775.0398,2071280.6982
8558,1733520.7903,2066222.2596
8559,1739258.7662,2068674.4087
8560,1741673.5874,2064235.9097
8561,1741216.5994,2067244.2779
8562,1743184.998,2065204.5748
8563,1743119.7159,2065130.0778
8564,1743105.3514,2065115.4548
8565,1743185.5754,2065197.166
8566,1742937.0308,2064944.0014
8567,1743689.7179,2064774.8791
8568,1743738.2415,2064706.7884
8569,1743861.5394,2064568.5469
8570,1743948.0118,2064269.8648
8571,1741958.6501,2074053.9249
8572,1736248.7643,2077813.2542
8573,1736961.5694,2076813.2705
8574,1740817.0494,2077666.1822
8575,1740828.0395,2077638.3509
8576,1740496.1793,2078408.2587
8577,1737418.6821,2071769.0023
8578,1735461.1963,2076155.7407
8579,1733570.9935,2076204.0459
8580,1733612.8978,2076072.4824
8581,1731866.3364,2079175.9158
8582,1730403.8733,2079937.8206
8583,1734632.244,2078911.4744
8584,1729420.908,2077846.2809
8585,1728679.308,2078730.3678
8586,1728597.2171,2078903.9345
8587,1727738.5302,2078155.272
8588,1725406.7054,2079597.0447
8589,1726256.8458,2076384.3122
8590,1728428.0686,2075776.1724
8591,1730170.2077,2076155.1652
8592,1730174.6323,2076392.4453
8593,1729326.5078,2074962.937
8594,1729444.5163,2075153.4688
8595,1732213.8642,2075762.9949
8596,1730099.8223,2074356.2772
8597,1732154.5576,2075749.8677
8598,1731834.9488,2074310.9844
8599,1732924.6873,2073508.868
8600,1735059.4466,2070715.7232
8601,1736304.1975,2069514.4721
8602,1743109.21,2064226.7648
8603,1743014.1647,2064190.0603
8604,1742819.5742,2064317.6475
8605,1742792.122,2064350.8693
8606,1741957.4373,2063673.5019
8607,1741760.5784,2063572.3377
8608,1741384.7958,2063349.8738
8609,1751076.9458,2090104.2838
8610,1750938.6327,2090273.0605
8611,1750641.9725,2086447.347
8612,1756774.5186,2081710.6773
8613,1757726.6347,2081999.3976
8614,1759657.6277,2087831.9137
8615,1761287.2084,2085975.6104
8616,1755664.9096,2090750.1449
8617,1754956.2845,2091046.4848
8618,1754279.2769,2091651.9643
8619,1753607.3855,2093598.4067
8620,1754050.3305,2094099.2251
8621,1755307.7515,2097771.4045
8622,1755178.1622,2097831.7867
8623,1759962.8579,2090175.1412
8624,1758923.5614,2091259.4058
8625,1757964.9355,2092918.573
8626,1758147.8294,2093555.7401
8627,1756091.2039,2093440.8889
8628,1753517.992,2094865.7155
8629,1752546.0348,2095578.7254
8630,1751077.605,2094793.8183
8631,1750954.2764,2094687.452
8632,1752555.8653,2098008.31
8633,1750201.3473,2097921.3941
8634,1749959.0133,2098174.6511
8635,1748774.6488,2099573.1156
8636,1745440.6907,2098949.5189
8637,1745322.033,2098718.1301
8638,1752920.8498,2098812.2063
8639,1752934.3107,2102450.9223
8640,1751943.4153,2100971.4244
8641,1749012.1637,2100335.4319
8642,1748059.9404,2101607.0626
8643,1747249.1695,2102279.7904
8644,1751174.1033,2101608.7952
8645,1746940.5682,2098125.9208
8646,1746012.8521,2097924.0232
8647,1748461.6464,2097496.199
8648,1749304.0113,2097768.3319
8649,1747704.7768,2096436.6444
8650,1749480.3099,2097718.3706
8651,1752606.3494,2095828.6345
8652,1752598.0854,2095958.15
8653,1753220.939,2093630.3657
8654,1750666.774,2092253.6338
8655,1753043.1987,2093582.7974
8656,1751923.3944,2091120.7991
8657,1763106.6218,2088693.4203
8658,1763407.1221,2088269.8662
8659,1762657.7114,2090016.7269
8660,1759878.3978,2097148.308
8661,1759013.8385,2096762.2329
8662,1759421.9767,2097034.5752
8663,1757013.4959,2097111.815
8664,1760060.9208,2099253.0933
8665,1758362.3227,2098224.5646
8666,1761222.6949,2089261.0956
8667,1762043.1731,2092506.5622
8668,1760036.2832,2095296.5952
8669,1760858.6719,2092538.3688
8670,1760160.2834,2091960.9767
8671,1760499.466,2092210.0578
8672,1760498.7163,2092241.4152
8673,1760209.8619,2093527.2749
8674,1760665.6422,2088852.8908
8675,1761177.6135,2089219.3422
8676,1773616.7375,2086306.0188
8677,1785467.0288,2084658.4558
8678,1785642.3561,2084648.6222
8679,1791057.4171,2083391.5754
8680,1792653.2946,2084635.3543
8681,1799768.1576,2080723.2851
8682,1800435.0851,2080483.8909
8683,1800533.0647,2080416.8661
8684,1802370.6967,2079937.5664
8685,1802167.9134,2079988.5116
8686,1802436.454,2079921.0503
8687,1802528.0862,2079915.6963
8688,1802694.1328,2079822.145
8689,1802845.7811,2079746.3516
8690,1802985.5294,2078107.931
8691,1801363.9915,2079878.2904
8692,1800965.8927,2082228.3469
8693,1800843.0965,2082234.4537
8694,1800787.1243,2082277.8713
8695,1812002.065,2078874.4919
8696,1815660.2315,2078255.5759
8697,1814233.3451,2079651.8509
8698,1808787.4881,2084039.1524
8699,1809437.3471,2083989.6436
8700,1810921.7824,2083572.7632
8701,1809884.206,2084079.9913
8702,1812355.8577,2082815.1991
8703,1811639.3016,2082951.9524
8704,1815857.9842,2084734.3415
8705,1814815.3661,2083232.1372
8706,1814054.1207,2081597.6339
8707,1811098.8474,2083276.8688
8708,1813119.9938,2084760.9711
8709,1811189.6217,2084090.1704
8710,1813217.7068,2085031.0108
8711,1800747.7168,2085090.3618
8712,1804027.977,2087055.8513
8713,1801905.4204,2086149.5501
8714,1801424.7844,2086184.2949
8715,1801434.5089,2086141.8065
8716,1801414.2744,2085450.241
8717,1801374.9562,2085438.8349
8718,1801423.2069,2085452.8367
8719,1802986.822,2086175.9123
8720,1802722.7832,2086065.5568
8721,1804447.637,2086723.0591
8722,1798293.0533,2085139.1411
8723,1797865.6891,2085257.0825
8724,1795227.0983,2087283.8952
8725,1794744.9442,2085484.8298
8726,1798481.3094,2087760.0327
8727,1798519.5881,2087705.6548
8728,1798337.1246,2087919.8688
8729,1798374.652,2088282.7508
8730,1798318.7117,2088109.5092
8731,1798401.8727,2089112.2964
8732,1798385.6854,2089171.7331
8733,1798337.1212,2089571.8721
8734,1795522.7024,2089695.2088
8735,1795564.6681,2089681.1415
8736,1795985.8881,2089522.3527
8737,1797601.4894,2089573.6493
8738,1797822.5424,2089555.8351
8739,1797853.1404,2089557.5797
8740,1798273.9282,2089603.8571
8741,1797988.6137,2089541.2189
8742,1795255.9618,2089935.2958
8743,1793922.5291,2089305.447
8744,1794156.7455,2089230.1404
8745,1794306.5901,2089117.1224
8746,1798248.2794,2087909.264
8747,1798302.4702,2089783.99
8748,1798353.6198,2089616.8117
8749,1798359.3934,2089605.5981
8750,1798264.7294,2089948.9638
8751,1800360.287,2090962.2267
8752,1797557.7585,2090463.5658
8753,1797609.5903,2090475.4753
8754,1795836.112,2090514.423
8755,1799141.0079,2089878.4748
8756,1798631.3519,2087736.4867
8757,1799711.1334,2089972.037
8758,1799750.6073,2088297.6194
8759,1801353.1549,2089569.0096
8760,1800532.2265,2088697.3614
8761,1803724.2444,2088643.5292
8762,1802283.5435,2091057.5123
8763,1802436.2914,2089587.887
8764,1804621.4949,2091570.5224
8765,1803299.7346,2090364.0293
8766,1804827.6149,2091963.0702
8767,1806682.4119,2093472.6027
8768,1804804.606,2092127.987
8769,1804968.9382,2091677.3303
8770,1806438.3048,2092062.4254
8771,1805588.1924,2092273.4787
8772,1806919.0129,2093053.6533
8773,1804952.0766,2092162.0351
8774,1808507.3359,2091230.9292
8775,1804863.1172,2089255.0136
8776,1802959.4779,2089344.5616
8777,1798866.8174,2087316.8724
8778,1798801.5431,2087365.0798
8779,1800736.3434,2087804.999
8780,1799108.0448,2087414.1357
8781,1796701.7437,2087160.9209
8782,1796686.86,2087177.2364
8783,1795044.6086,2088115.4335
8784,1796447.3034,2087155.3138
8785,1796754.5214,2087404.4724
8786,1796709.6094,2087194.2888
8787,1796701.8274,2085003.9742
8788,1795006.2677,2085539.3661
8789,1793858.7866,2088330.7623
8790,1788623.7423,2088292.8854
8791,1792690.6504,2090499.6597
8792,1790522.9436,2088853.3227
8793,1790437.3217,2088833.7918
8794,1790444.4084,2089930.3917
8795,1788711.3122,2088440.039
8796,1790231.4298,2091233.6978
8797,1784731.6642,2086336.754
8798,1786002.2028,2087613.993
8799,1786055.1623,2087834.1082
8800,1785880.8626,2087794.3391
8801,1783939.8131,2088836.1626
8802,1784324.2356,2087439.2324
8803,1778583.518,2077180.9377
8804,1780614.3381,2080040.068
8805,1780410.014,2075895.3918
8806,1779188.6618,2073623.9735
8807,1777677.8472,2073261.4924
8808,1771176.4461,2073358.81
8809,1775022.3492,2074719.8246
8810,1777099.4003,2072462.9754
8811,1776882.237,2070431.5845
8812,1776378.6272,2070044.3228
8813,1774705.5062,2069863.3072
8814,1773463.5587,2069921.7204
8815,1773220.5525,2069740.5765
8816,1774566.6633,2071322.615
8817,1774202.1116,2069121.1555
8818,1773572.836,2067851.0115
8819,1773581.5121,2067860.2824
8820,1773531.5889,2067302.7105
8821,1773661.7233,2068063.0234
8822,1773665.4677,2068046.4538
8823,1773474.0803,2066769.1303
8824,1773660.1394,2064050.5621
8825,1773467.5678,2066181.3573
8826,1773501.6395,2066738.5578
8827,1773473.1231,2066186.3321
8828,1773470.0822,2066318.6426
8829,1773566.2835,2066429.7801
8830,1773575.8505,2066437.4749
8831,1776224.0667,2069951.5503
8832,1775703.6986,2068553.5523
8833,1775916.2815,2068709.4039
8834,1775263.2954,2069474.0945
8835,1774965.3287,2067434.8926
8836,1775485.4657,2065796.2061
8837,1775660.7643,2066550.9608
8838,1775426.1903,2066994.8357
8839,1775382.584,2067050.713
8840,1775247.5488,2067088.5333
8841,1775230.7395,2067105.7829
8842,1775671.233,2066721.5971
8843,1775100.8477,2067223.6477
8844,1775086.6971,2067251.9974
8845,1775514.5561,2066912.2985
8846,1776614.2109,2069755.7976
8847,1779893.6193,2071567.0089
8848,1779856.6057,2071582.3152
8849,1780674.9969,2071399.1835
8850,1780796.4325,2071353.0182
8851,1780830.1241,2071350.8802
8852,1781663.0652,2071333.2774
8853,1781499.2682,2071269.9732
8854,1782254.9974,2071204.1214
8855,1784690.7437,2069803.7456
8856,1784501.5211,2069887.1988
8857,1785651.4019,2069048.0624
8858,1785309.3518,2069430.856
8859,1785979.8287,2067960.2039
8860,1781914.2314,2071227.0298
8861,1781879.8366,2070853.8299
8862,1781927.292,2070940.7917
8863,1781937.1519,2070939.1516
8864,1782768.6569,2070975.8028
8865,1782385.1284,2071199.3597
8866,1786096.5023,2070173.9415
8867,1784938.3172,2069701.9483
8868,1786266.0982,2070120.2518
8869,1786085.5063,2069114.5908
8870,1780794.3924,2071076.509
8871,1780792.4307,2071302.1702
8872,1780605.1784,2070497.4113
8873,1780669.9095,2070725.0087
8874,1780738.451,2071027.0651
8875,1780682.0736,2070853.9423
8876,1780557.64,2070273.7183
8877,1779534.2629,2071044.1113
8878,1779453.4469,2071470.1609
8879,1779649.6322,2070917.8321
8880,1780185.7781,2070731.2626
8881,1779653.008,2070918.4588
8882,1778812.2104,2070880.9332
8883,1779304.929,2071373.4993
8884,1778486.6521,2070699.5488
8885,1778086.8511,2069076.445
8886,1778256.6842,2069467.1315
8887,1777471.7504,2067846.3253
8888,1777788.6314,2068420.1188
8889,1777543.1806,2067541.722
8890,1778350.9433,2069107.2192
8891,1778352.2474,2069444.04
8892,1778989.4102,2068052.6446
8893,1778967.7131,2068102.9497
8894,1779496.3318,2066495.0861
8895,1779684.6112,2066027.5897
8896,1779656.9512,2065887.2528
8897,1779371.7314,2064807.9376
8898,1779533.9997,2065551.8518
8899,1779548.8178,2065557.863
8900,1779204.5604,2068414.1351
8901,1778969.0776,2068542.3156
8902,1779356.0395,2068040.8643
8903,1779317.1514,2068087.2777
8904,1779530.2194,2067738.4415
8905,1779582.1675,2067702.851
8906,1779987.6336,2067576.2789
8907,1779951.3627,2067565.4545
8908,1780025.1255,2067591.8759
8909,1780511.7085,2067747.3048
8910,1780524.3999,2067805.3817
8911,1780466.2475,2067868.4919
8912,1780160.0142,2067772.9741
8913,1780581.8695,2067905.1355
8914,1780567.9053,2067909.8618
8915,1781758.4999,2067587.3762
8916,1780196.8766,2067484.2261
8917,1779519.0905,2065937.6003
8918,1778673.255,2065225.863
8919,1778729.4877,2065125.5109
8920,1778547.1897,2065086.9365
8921,1777498.7337,2063729.9256
8922,1777236.0172,2063373.4438
8923,1776324.6471,2063020.1928
8924,1776021.6953,2063035.8288
8925,1779044.6296,2064176.622
8926,1778866.6156,2067293.986
8927,1778666.6171,2068452.9286
8928,1777740.1449,2066716.0064
8929,1777761.3563,2066804.9282
8930,1777949.8463,2067147.2624
8931,1778284.13,2068500.561
8932,1775620.4628,2064525.2759
8933,1776959.5323,2065727.1554
8934,1777139.5836,2065809.916
8935,1777670.5522,2066190.2186
8936,1778546.6435,2069840.2726
8937,1781354.535,2079529.0649
8938,1782395.7283,2076212.6167
8939,1782797.4482,2075782.8624
8940,1782764.4992,2075654.4973
8941,1784518.2503,2074702.073
8942,1781035.4466,2072511.2267
8943,1783371.485,2073756.8045
8944,1783744.686,2073338.9923
8945,1784758.6866,2075305.8399
8946,1784240.3787,2077599.4928
8947,1787754.2323,2078873.9091
8948,1787937.4006,2078547.5586
8949,1788042.9707,2078379.6856
8950,1788369.8632,2078328.2376
8951,1787755.4142,2078676.8839
8952,1788322.379,2077215.1409
8953,1788770.7151,2077367.2433
8954,1801033.5556,2076806.4967
8955,1799085.6135,2077113.2173
8956,1800526.9551,2078253.1616
8957,1799289.2833,2077272.9358
8958,1798620.493,2078051.164
8959,1796795.7699,2075166.1938
8960,1795762.174,2076771.1133
8961,1791190.6065,2074083.483
8962,1790712.7071,2074794.8626
8963,1791238.7411,2073918.2338
8964,1791228.582,2073815.9512
8965,1788379.0489,2070872.4137
8966,1788939.1898,2079226.6766
8967,1789133.9797,2079210.7438
8968,1790703.2166,2078730.7377
8969,1790486.1086,2079115.0957
8970,1789789.832,2079121.4621
8971,1790735.1258,2078665.8791
8972,1793740.0795,2077842.0814
8973,1790875.3137,2078633.3218
8974,1790871.9497,2078625.5667
8975,1791273.6505,2078032.6402
8976,1790731.3836,2078539.8749
8977,1790737.9004,2078544.8323
8978,1793226.9235,2079960.6351
8979,1793653.0063,2080265.9567
8980,1793663.6545,2080320.9942
8981,1793528.2292,2080495.2051
8982,1790145.9704,2080612.9523
8983,1787578.5743,2075950.5473
8984,1785092.7687,2079532.6585
8985,1788696.8845,2075567.2676
8986,1786529.0174,2075536.6716
8987,1788386.657,2082262.1521
8988,1788018.1367,2081806.9039
8989,1792237.7056,2082285.9119
8990,1789698.7456,2083075.3913
8991,1782719.2178,2082137.66
8992,1782013.9606,2082951.007
8993,1784027.3634,2083934.2641
8994,1786259.3349,2082674.8892
8995,1778876.4645,2082384.043
8996,1772405.1079,2076796.6503
8997,1772306.3091,2084714.0654
8998,1771677.3887,2084572.3549
8999,1771797.9704,2084735.5948
9000,1771554.6646,2084544.7072
9001,1771292.482,2082849.3621
9002,1770419.6689,2084288.9365
9003,1771025.4916,2085354.9043
9004,1770281.8627,2083619.8972
9005,1770368.1842,2084277.3327
9006,1764103.361,2085540.731
9007,1763666.9711,2086249.1122
9008,1763669.7867,2086253.6577
9009,1763697.0145,2086438.3543
9010,1768286.3852,2081049.885
9011,1767716.4176,2083679.802
9012,1764146.4614,2085589.8933
9013,1763874.7167,2086140.9854
9014,1762433.691,2083627.8762
9015,1762446.0539,2083572.8438
9016,1764418.4276,2082936.6366
9017,1764479.9381,2082950.5077
9018,1761441.0496,2084026.3901
9019,1764529.1429,2082755.7021
9020,1764925.3074,2081288.9379
9021,1767246.7196,2079710.665
9022,1764914.2496,2081086.642
9023,1764922.6572,2081091.7944
9024,1766544.616,2081662.9642
9025,1763537.0348,2076173.4396
9026,1763694.3229,2076092.9434
9027,1763730.3035,2076058.9391
9028,1771011.544,2071473.2771
9029,1764130.0146,2076077.1845
9030,1763816.765,2075925.8341
9031,1763847.2694,2075777.6268
9032,1771462.05,2077782.3017
9033,1768136.674,2078628.9298
9034,1767660.95,2078129.6462
9035,1767234.3659,2077675.6524
9036,1767673.3479,2078139.9645
9037,1770666.6555,2076790.1259
9038,1770404.2956,2076854.3843
9039,1762677.3605,2071599.0729
9040,1762473.6242,2071390.694
9041,1768105.3954,2064642.9126
9042,1769325.3383,2064853.0605
9043,1769748.3422,2065014.4319
9044,1769646.5231,2064996.6641
9045,1769648.9171,2064986.077
9046,1770567.354,2064600.1642
9047,1770644.0065,2064512.3249
9048,1770215.8476,2065435.6344
9049,1770435.4168,2065606.2438
9050,1769408.5501,2066288.9984
9051,1765855.1002,2068398.5916
9052,1768980.1795,2067167.5729
9053,1770852.9816,2067435.9128
9054,1771786.8291,2067381.5014
9055,1765034.9871,2072049.0163
9056,1771861.0571,2067761.105
9057,1771873.4631,2067737.9953
9058,1771872.2488,2067744.154
9059,1755399.1185,2070167.8759
9060,1754560.4492,2070083.8739
9061,1755849.8062,2069349.8163
9062,1755381.6011,2069852.2314
9063,1755889.122,2069327.8754
9064,1757254.787,2070036.5789
9065,1756770.2408,2069618.3816
9066,1756134.3034,2069531.5772
9067,1755920.8479,2069355.1706
9068,1756768.1137,2069612.2035
9069,1756153.6961,2069537.5331
9070,1757692.497,2070641.4103
9071,1757649.0471,2070581.791
9072,1758095.1724,2070917.8519
9073,1758209.6818,2070982.8256
9074,1758858.2262,2071290.5099
9075,1758906.9341,2071280.3541
9076,1759756.8163,2070928.8073
9077,1760880.2301,2071339.8511
9078,1761090.5801,2071137.1893
9079,1755920.169,2070629.3512
9080,1755821.1086,2070368.1281
9081,1755568.0955,2070230.1919
9082,1755440.0937,2070191.1123
9083,1755819.6424,2070359.2506
9084,1756467.1574,2071022.0941
9085,1756567.4552,2071196.8837
9086,1756732.7674,2071265.3233
9087,1757431.6113,2069984.1029
9088,1757317.3353,2070045.2987
9089,1758355.1295,2069672.6468
9090,1759364.4805,2069924.2504
9091,1755883.1292,2069015.689
9092,1755884.3536,2069017.0495
9093,1755916.1974,2068902.2078
9094,1756444.3725,2068720.5888
9095,1756822.0303,2068854.828
9096,1756708.9843,2068829.5847
9097,1756648.2301,2068731.9533
9098,1757427.4928,2068685.1986
9099,1757460.4539,2068653.1394
9100,1757935.0858,2068688.1563
9101,1758342.2584,2068597.759
9102,1758342.2212,2068601.2642
9103,1758738.058,2068257.8354
9104,1758429.3932,2068554.1451
9105,1760276.9366,2068102.1173
9106,1758066.4532,2068712.2252
9107,1755005.0621,2067274.4648
9108,1754685.1234,2067185.8743
9109,1755464.9455,2067537.6183
9110,1755638.0876,2067513.2128
9111,1756246.6689,2067433.6174
9112,1756749.7055,2067133.4231
9113,1756652.6379,2067198.4503
9114,1756982.841,2067082.9901
9115,1756409.2114,2067341.1694
9116,1756484.6899,2065581.7943
9117,1756353.0938,2065662.7828
9118,1756206.5713,2065729.1185
9119,1756698.8424,2065500.8565
9120,1757936.4539,2065065.101
9121,1757682.5649,2064942.7267
9122,1758336.1501,2064938.8745
9123,1758246.0234,2064695.3974
9124,1758713.1571,2064810.1929
9125,1760050.0787,2057123.3129
9126,1761816.6323,2057068.3466
9127,1761990.6321,2057317.4085
9128,1762169.9932,2055612.6592
9129,1761404.3111,2056419.2421
9130,1761280.2102,2056420.4362
9131,1762946.5785,2056340.4585
9132,1762324.5349,2057173.8394
9133,1764850.9181,2058880.7815
9134,1763947.3862,2057554.4945
9135,1765130.5212,2058772.3974
9136,1767144.4528,2053991.408
9137,1767202.3332,2053720.52
9138,1767155.9752,2053754.8613
9139,1767159.2181,2053759.4938
9140,1767260.9982,2053573.3363
9141,1767268.4819,2053493.5437
9142,1768537.2025,2054304.8679
9143,1765604.8577,2057109.8515
9144,1765087.9629,2056489.9757
9145,1764916.6461,2056252.0367
9146,1765693.868,2057242.7142
9147,1763709.6456,2056862.8945
9148,1763608.8515,2057245.062
9149,1763559.2472,2057386.3812
9150,1763772.7966,2054546.2232
9151,1763717.4862,2056712.241
9152,1763609.7939,2057245.7478
9153,1763742.3601,2053757.5776
9154,1764546.1636,2052236.8621
9155,1764804.9706,2052244.6988
9156,1762823.3661,2061815.2436
9157,1762817.0477,2061809.1425
9158,1760127.0652,2061943.8375
9159,1760482.0697,2061844.4033
9160,1760350.8101,2061854.5241
9161,1763760.189,2060955.3425
9162,1763718.1809,2061042.741
9163,1760674.5287,2061779.6432
9164,1760668.7071,2061773.1578
9165,1760925.6603,2061567.6809
9166,1760924.1208,2061566.7392
9167,1762440.4873,2061512.6243
9168,1762430.98,2061504.3012
9169,1760807.2505,2061635.8426
9170,1763680.1836,2061155.1237
9171,1764780.5996,2060709.6897
9172,1763759.6275,2060949.5207
9173,1762660.1682,2061760.4106
9174,1762658.3515,2061746.8666
9175,1763208.1882,2061651.5082
9176,1763206.7495,2061650.6345
9177,1762910.2697,2061818.8698
9178,1763344.0273,2061597.7481
9179,1764819.7105,2060534.4876
9180,1762692.8862,2061775.5958
9181,1763676.6765,2061156.0295
9182,1765766.1778,2060501.343
9183,1765671.8412,2060353.2257
9184,1766704.9686,2059843.7615
9185,1765671.7957,2060346.2713
9186,1766944.0176,2059755.2157
9187,1771253.6372,2061050.7481
9188,1770315.8421,2060654.6497
9189,1767791.1173,2062173.9927
9190,1767853.4959,2062274.8605
9191,1764910.0073,2064093.9794
9192,1763175.2779,2064907.6086
9193,1759455.0661,2064006.2503
9194,1759553.4609,2064177.9939
9195,1759124.8806,2060782.0405
9196,1758655.7188,2063969.6822
9197,1759060.4038,2059984.6163
9198,1758563.0484,2059508.3389
9199,1758428.1203,2059488.7285
9200,1758483.0834,2059485.234
9201,1758294.5232,2059532.4766
9202,1757463.2065,2062597.247
9203,1757078.8966,2065081.2192
9204,1754623.4627,2065702.2544
9205,1754352.9167,2066590.3899
9206,1754352.4985,2066714.4046
9207,1754545.1289,2067325.8717
9208,1750163.1232,2063713.8712
9209,1749787.9383,2064136.3267
9210,1751108.9844,2063532.7144
9211,1750504.5512,2063547.5124
9212,1752510.9309,2063759.0951
9213,1752444.9363,2063731.2113
9214,1753944.1494,2064192.1165
9215,1752601.7465,2063803.0186
9216,1752601.2844,2063800.0762
9217,1751783.1115,2062732.075
9218,1751701.554,2062808.446
9219,1754406.9256,2062500.7975
9220,1754309.9591,2062484.4074
9221,1754118.5137,2062452.1628
9222,1753502.8269,2062367.2263
9223,1754433.1245,2062481.8727
9224,1754664.6252,2062513.6683
9225,1754565.4313,2062507.2871
9226,1755512.5398,2061720.2738
9227,1756194.1703,2060608.5824
9228,1752990.8347,2062707.4855
9229,1753003.6943,2062592.104
9230,1752643.6618,2062771.8453
9231,1752346.1934,2062786.8674
9232,1753340.4769,2062585.8664
9233,1754494.5275,2061403.6233
9234,1754457.5444,2061476.8204
9235,1755473.7136,2059641.0248
9236,1754461.927,2061249.193
9237,1754568.3867,2062110.2051
9238,1754512.9026,2061841.2886
9239,1754569.3866,2062027.3301
9240,1754466.4782,2061251.777
9241,1754569.2771,2062108.7581
9242,1754481.6281,2061750.221
9243,1754458.8357,2061481.4481
9244,1755623.1807,2059479.9488
9245,1752013.8568,2062103.0456
9246,1752054.6682,2062590.3918
9247,1751969.1268,2062019.8723
9248,1752051.5269,2061945.9165
9249,1752003.8271,2061974.6775
9250,1752454.9536,2061386.9868
9251,1752476.5235,2061336.6257
9252,1752884.3284,2060723.4825
9253,1752985.9872,2060557.005
9254,1753033.5856,2060494.0592
9255,1751595.3374,2061943.8937
9256,1751639.1215,2061932.6572
9257,1751514.8547,2061518.6247
9258,1751517.0745,2061566.4157
9259,1751463.2135,2061796.1435
9260,1751448.1223,2061863.7213
9261,1751641.6431,2061412.9439
9262,1751524.9732,2061570.0952
9263,1751207.2078,2063231.4506
9264,1751354.0757,2063382.4996
9265,1751039.0704,2063464.5494
9266,1751185.0271,2062961.1159
9267,1750047.9109,2063582.1578
9268,1750139.9485,2063655.2662
9269,1749965.2495,2063547.9245
9270,1750271.3412,2063390.3236
9271,1749776.6611,2061527.2149
9272,1749390.3101,2062055.7986
9273,1750644.1274,2060819.6736
9274,1748618.2515,2061862.3273
9275,1748532.8073,2062626.2646
9276,1748539.1252,2062817.8743
9277,1750784.0553,2059534.4568
9278,1749824.4939,2059903.4909
9279,1748308.341,2062187.2569
9280,1750417.341,2058115.071
9281,1750391.6612,2058056.7769
9282,1752473.0111,2058579.4231
9283,1750882.9039,2058155.9911
9284,1756365.8701,2051485.2446
9285,1756361.1913,2051321.2696
9286,1758260.3549,2049054.49
9287,1758210.7915,2048848.9711
9288,1757847.561,2052105.1624
9289,1757919.0483,2052073.8275
9290,1757795.6901,2054071.1212
9291,1757850.8867,2054020.3697
9292,1761956.2078,2051427.4398
9293,1760601.4457,2051348.3437
9294,1760027.1913,2051574.8853
9295,1759902.5325,2051520.7627
9296,1762949.2146,2051254.9643
9297,1762515.4835,2051360.4727
9298,1762511.7157,2051360.2728
9299,1760599.8577,2051348.517
9300,1763100.4555,2051293.9795
9301,1763675.5973,2051051.8563
9302,1763255.9317,2051302.4051
9303,1763697.7189,2051056.7859
9304,1763936.9655,2051152.244
9305,1763143.0307,2051022.307
9306,1763192.6465,2050880.9754
9307,1763721.7444,2050949.1604
9308,1763828.5431,2050794.3199
9309,1760673.2321,2050691.67
9310,1760627.4806,2050318.8079
9311,1760639.646,2050518.6106
9312,1760642.4042,2050523.8735
9313,1760539.9144,2050225.684
9314,1761331.3214,2050031.8494
9315,1761216.9518,2049885.4402
9316,1761964.3097,2049865.7253
9317,1762328.7539,2050186.2163
9318,1762354.6396,2052462.3843
9319,1760680.2839,2052451.2105
9320,1760663.752,2052536.8717
9321,1760687.8539,2052456.8986
9322,1761259.5041,2054941.6923
9323,1760419.5933,2056115.3235
9324,1755809.7317,2056137.1523
9325,1755729.7562,2056114.0351
9326,1755597.6151,2056139.7142
9327,1756342.8162,2056568.8781
9328,1755932.1318,2056259.0783
9329,1755730.4162,2056107.332
9330,1758614.2314,2057522.7356
9331,1756376.9706,2056739.4322
9332,1757185.2462,2058365.1277
9333,1756663.5596,2057050.4189
9334,1757177.2988,2058481.598
9335,1754942.9992,2058043.1403
9336,1754279.1086,2049508.2558
9337,1755543.7092,2049690.8114
9338,1754437.2501,2049585.6222
9339,1743420.6821,2059363.8039
9340,1743177.6258,2059764.539
9341,1743186.6354,2059768.3099
9342,1744011.2228,2059176.2424
9343,1744131.2521,2059158.0581
9344,1746909.1759,2057431.313
9345,1743149.2156,2059133.2794
9346,1742936.4149,2058823.7598
9347,1740893.7449,2059458.0081
9348,1740715.7838,2059095.7743
9349,1740695.3166,2059083.3745
9350,1740184.6929,2058721.3254
9351,1740098.7446,2058655.1091
9352,1740056.6913,2057886.913
9353,1740039.6524,2058303.3313
9354,1740192.4264,2058557.5953
9355,1740192.6301,2058591.7704
9356,1740775.8534,2058998.7201
9357,1741664.7743,2058112.7694
9358,1739580.343,2058351.7458
9359,1738893.1212,2058113.8712
9360,1744540.1117,2053525.9752
9361,1742235.4082,2056647.1819
9362,1745157.8984,2052992.4996
9363,1745514.0905,2052721.7469
9364,1747311.0346,2052172.3939
9365,1746224.4372,2052481.7729
9366,1745974.995,2052560.7197
9367,1747386.9645,2052073.5831
9368,1747447.2718,2051987.0779
9369,1746394.795,2051697.3333
9370,1749610.6009,2051607.2835
9371,1748339.1061,2054447.6822
9372,1743160.1847,2056732.8713
9373,1750278.5951,2052728.7685
9374,1748330.9279,2053941.3359
9375,1750316.4894,2052582.1975
9376,1748335.1559,2053945.6339
9377,1743521.7595,2056250.6027
9378,1745737.607,2053380.2568
9379,1745829.4779,2053361.1154
9380,1743470.0621,2056391.5087
9381,1743279.3631,2056601.5673
9382,1738008.2702,2055565.5181
9383,1738948.8188,2055930.4611
9384,1738988.0105,2055930.0672
9385,1742463.5367,2051589.7197
9386,1740975.0609,2050085.0513
9387,1745669.0524,2048263.56
9388,1746905.8214,2047144.3108
9389,1746046.8606,2047976.5518
9390,1746032.5428,2047978.4528
9391,1746046.6365,2047976.9612
9392,1746040.8204,2047977.3484
9393,1747395.3352,2046151.8429
9394,1747391.9698,2046061.8127
9395,1748293.4957,2047001.1215
9396,1747667.7839,2048155.2938
9397,1750217.487,2047121.6011
9398,1749644.2745,2045414.2123
9399,1749838.7583,2047050.1378
9400,1755733.3397,2044947.8625
9401,1755524.1576,2044798.6676
9402,1755867.0119,2045053.9176
9403,1755862.5816,2045039.6132
9404,1755758.588,2044953.5082
9405,1758385.3122,2046183.9023
9406,1755052.4269,2043121.8351
9407,1755134.2062,2044280.6041
9408,1754101.5831,2047022.09
9409,1754181.1207,2046997.8654
9410,1756316.9617,2046828.3559
9411,1754265.0054,2046914.0621
9412,1756568.1851,2048164.2128
9413,1754253.8191,2047079.7508
9414,1754288.783,2048367.3117
9415,1754830.3302,2048795.7077
9416,1754372.219,2048409.5889
9417,1754303.1581,2048364.4578
9418,1754911.7491,2048858.5599
9419,1750561.4867,2050987.7671
9420,1748571.7893,2050574.8331
9421,1746709.5642,2050737.2719
9422,1739705.176,2050348.6892
9423,1739791.4236,2050401.8558
9424,1739911.6869,2050160.4841
9425,1738334.5098,2052552.5463
9426,1738308.0003,2052417.2762
9427,1739098.5298,2050422.3966
9428,1737524.4574,2052872.1368
9429,1737880.4568,2053058.3119
9430,1737941.119,2053101.8778
9431,1737408.8602,2053232.6971
9432,1737871.352,2053345.1812
9433,1737906.1199,2053332.8711
9434,1735299.9983,2053056.5212
9435,1735204.8755,2053300.7832
9436,1733335.1319,2053241.876
9437,1735433.1925,2052896.8155
9438,1735458.8337,2052920.8476
9439,1735386.6521,2053049.3759
9440,1735897.1292,2052242.8008
9441,1735973.6948,2052222.9332
9442,1736011.6321,2052249.6768
9443,1736283.301,2052619.4671
9444,1735893.9145,2052210.5907
9445,1735982.3597,2051891.321
9446,1736274.9888,2052060.8881
9447,1736976.9233,2051800.7577
9448,1768920.1386,2061861.3807
9449,1768603.3549,2061823.9251
9450,1768926.1223,2061852.2515
9451,1769272.2783,2061559.7697
9452,1769118.7267,2061588.1568
9453,1769991.6243,2061711.9279
9454,1769473.4249,2061526.3775
9455,1770034.1079,2061695.2297
9456,1770274.5403,2061636.5371
9457,1770154.6946,2062703.2109
9458,1768970.0076,2061880.5572
9459,1771061.6472,2062516.5327
9460,1805372.6017,2078930.0952
9461,1803756.2715,2080293.9369
9462,1808524.9465,2077963.7754
9463,1806350.8157,2079237.9725
9464,1792368.3446,2073282.3415
9465,1791725.3114,2073485.044
9466,1803504.3634,2076664.0462
9467,1799098.8982,2075090.7089
9468,1797457.7397,2073684.0249
9469,1755231.9178,2081258.6217
9470,1755436.1851,2080922.6192
9471,1757156.2538,2079591.7248
9472,1713453.6169,2071649.0584
9473,1713559.4658,2072880.8031
9474,1806000.5063,2079007.933
9475,1795202.5375,2074588.5584
9476,1793454.427,2073570.3448
9477,1796700.1554,2073834.2582
9478,1794380.4043,2073553.3567
9479,1792306.1193,2072436.7952
9480,1792422.5554,2073192.1516
9481,1801664.6801,2074962.1422
9482,1799585.5585,2074239.2448
9483,1801673.2116,2072678.0774
9484,1801069.8195,2073260.8354
9485,1799289.022,2072069.5094
9486,1799634.5854,2072658.9175
9487,1799598.7893,2074147.5513
9488,1806482.41,2078436.8253
9489,1792293.3061,2071623.6115
9490,1799659.2758,2073138.0819
9491,1802025.5942,2080576.7729
9492,1801646.874,2080290.2226
9493,1737598.7451,2053634.3359
9494,1737935.0742,2053816.1661
9495,1742438.3541,2057340.5465
9496,1739262.5297,2057945.5421
9497,1814006.8516,2086366.6161
9498,1807670.3372,2086351.9708
9499,1809845.4068,2084057.8311
9500,1795246.7732,2083426.8606
9501,1787113.6918,2081447.3213
9502,1789830.4081,2072927.7217
9503,1791795.9891,2073469.6584
9504,1803457.5288,2074283.1743
9505,1754373.7141,2067494.8703
9506,1746148.7756,2056742.9888
9507,1742970.8245,2057205.8233
9508,1743048.9813,2056839.6597
9509,1739663.1256,2050791.8703
9510,1806504.8366,2086150.4333
9511,1793565.7778,2083955.0366
9512,1763207.239,2057715.0951
9513,1736765.123,2057441.8693
9514,1742480.3329,2056892.87
9515,1772527.1564,2084763.8439
9516,1746293.3007,2056520.1208
9517,1747441.2978,2056157.5089
9518,1747597.2322,2056071.5753
9519,1763388.993,2087425.1186
9520,1724381.0434,2074013.7233
9521,1724186.354,2073997.5308
9522,1795085.4361,2081614.3453
9523,1796951.2547,2091511.3037
9524,1798286.8136,2090630.8994
9525,1795090.3202,2083083.308
9526,1809799.8197,2085426.507
9527,1789115.3308,2072282.633
9528,1793060.3562,2084470.706
9529,1792823.7279,2083619.5206
9530,1793124.5893,2083467.3908
9531,1801678.9942,2080194.9619
9532,1803229.7998,2081872.8364
9533,1803874.7492,2087917.7542
9534,1804520.8823,2085058.9734
9535,1802479.547,2085841.5807
9536,1798015.9375,2086056.9032
9537,1809346.4912,2093176.6424
9538,1776120.7735,2068923.8841
9539,1776270.9364,2068910.5103
9540,1779313.9438,2071961.8108
9541,1779227.3972,2072607.3955
9542,1779353.8171,2073030.3169
9543,1779238.6113,2072613.1138
9544,1779737.18092658,2064643.34808519
9545,1783254.454,2073246.6139
9546,1762216.9526,2058279.7177
9547,1748730.601,2062757.1746
9548,1740888.392,2057166.9245
9549,1739859.2063,2057578.1464
9550,1737003.1232,2057525.8731
9551,1738970.3312,2055961.4614
9552,1738983.0455,2056394.9525
9553,1738975.0257,2056464.9271
9554,1740146.2261,2055212.3167
9555,1739133.5391,2055829.3775
9556,1739888.9604,2056227.036
9557,1739003.1179,2056467.6516
9558,1738091.9174,2057173.3438
9559,1761947.9515,2057497.0725
9560,1761974.9504,2057792.1367
9561,1762269.4586,2058160.0605
9562,1762414.009,2058171.2977
9563,1762382.7113,2058311.4583
9564,1772089.652,2065493.8641
9565,1772113.6557,2066301.1798
9566,1772237.9919,2067178.5164
9567,1772404.6896,2067765.6878
9568,1772129.0445,2066472.9264
9569,1772170.1136,2067044.865
9570,1772606.9841,2068126.9337
9571,1772245.162,2064805.9927
9572,1772120.8547,2065161.7447
9573,1772097.5158,2065356.2895
9574,1772087.9077,2065398.8221
9575,1772415.332,2067770.0707
9576,1772172.0118,2067050.5078
9577,1772118.3538,2066305.5621
9578,1774159.7531,2067515.6903
9579,1774320.4299,2067375.8608
9580,1774289.0866,2067400.3309
9581,1774484.1244,2067234.0876
9582,1774376.3283,2067356.9482
9583,1774592.7161,2066057.1123
9584,1774617.6142,2067111.7814
9585,1780915.7495,2070562.3425
9586,1780905.9458,2070594.2982
9587,1780955.1287,2070376.6878
9588,1780946.6531,2070414.2144
9589,1780843.6493,2070995.6181
9590,1780886.9785,2070792.4604
9591,1780973.5652,2070215.2329
9592,1792231.4356,2073324.0033
9593,1795302.6685,2072796.3249
9594,1795606.9193,2072821.215
9595,1795549.0848,2072836.924
9596,1795907.9106,2072857.004
9597,1804215.7683,2078307.7594
9598,1807270.7716,2077180.8428
9599,1804369.3623,2078200.8442
9600,1805658.6637,2086567.7012
9601,1804889.0018,2087334.2812
9602,1805773.7978,2086349.5846
9603,1805825.3532,2086272.0384
9604,1801843.7476,2072203.1833
9605,1800719.0126,2082313.92
9606,1737989.2113,2053188.4339
9607,1737935.5067,2053007.4218
9608,1750686.1769,2057581.2529
9609,1737948.0943,2053356.1947
9610,1737327.8935,2053015.2459
9611,1737881.8342,2053297.5998
9612,1737896.2208,2053300.7744
9613,1732288.9575,2052316.7505
9614,1755492.5483,2044794.5531
9615,1755154.1221,2044680.8769
9616,1750557.968,2057773.8398
9617,1750642.8604,2057847.6075
9618,1750349.7842,2057502.5396
9619,1767117.1229,2077629.8762
9620,1785037.1257,2079687.8743
9621,1790679.1251,2074983.8714
9622,1795663.1251,2076831.866
9623,1794781.1254,2085441.8742
9624,1794949.1255,2085553.8759
9625,1800533.5191,2088662.6631
9626,1798561.1226,2087653.8709
9627,1799754.449,2088222.4118
9628,1798729.13,2087359.873
9629,1798498.1281,2087268.8683
9630,1802495.1253,2089431.8779
9631,1802509.1222,2089487.8756
9632,1802887.1214,2090005.8758
9633,1730423.1261,2070279.872
9634,1770197.12,2060605.8709
9635,1801319.1262,2080191.8724
9636,1801561.8446,2080219.8742
9637,1809659.9025,2084014.7608
9638,1801347.1209,2085931.879
9639,1800871.1206,2085203.8743
9640,1802397.1238,2085861.8742
9641,1779441.8304,2071513.0116
9642,1779431.6781,2071845.5883
9643,1782300.1267,2071182.875
9644,1784939.1245,2069635.8756
9645,1778317.1267,2069523.8743
9646,1778891.1218,2068515.8726
9647,1778639.1277,2068655.8721
9648,1778429.1216,2068977.876
9649,1757275.1272,2070069.8777
9650,1751199.1242,2063587.8806
9651,1751395.1229,2063475.8783
9652,1752067.1273,2062635.8725
9653,1752983.8566,2062558.9059
9654,1774215.1302,2084727.8682
9655,1811127.3147,2083342.5723
9656,1757504.6421,2050452.7537
9657,1768427.3615,2061832.1634
9658,1786256.57792048,2082621.88457774
9659,1730044.7673,2054625.9633
9660,1730254.3879,2053792.4637
9661,1727633.744,2059185.9865
9662,1726082.1978,2055758.1111
9663,1729757.8335,2053635.6552
9664,1726004.3763,2053703.1187
9665,1725703.4904,2054038.5201
9666,1723803.8649,2054779.8257
9667,1727802.0863,2054635.4468
9668,1724235.7649,2053624.6162
9669,1724056.5078,2053110.567
9670,1730885.5183,2053479.3237
9671,1735883.5957,2048410.9252
9672,1735923.2158,2048535.2011
9673,1736483.2167,2048298.918
9674,1736720.1727,2048183.098
9675,1737089.3573,2047887.1414
9676,1736738.909,2048121.5684
9677,1737682.1136,2047432.2211
9678,1738085.1824,2046247.3789
9679,1737748.4455,2047108.0638
9680,1738124.1475,2046059.0111
9681,1738137.7073,2045985.8365
9682,1740542.418,2044480.7804
9683,1741177.8181,2044019.47
9684,1741523.6961,2043959.175
9685,1742206.0944,2043623.7854
9686,1742454.528,2043502.5924
9687,1744126.2724,2042936.2316
9688,1744486.8704,2042645.4291
9689,1745273.7672,2042876.6928
9690,1745948.9005,2042726.1535
9691,1748376.1816,2042848.8953
9692,1749121.2032,2042732.1249
9693,1750811.8366,2041260.1512
9694,1751642.9446,2041211.9227
9695,1752675.1371,2041452.9927
9696,1754232.732,2042402.6848
9697,1736212.7696,2049092.782
9698,1735597.642,2048678.7498
9699,1737962.2824,2047178.8666
9700,1737728.6102,2047174.5988
9701,1735763.725,2047995.8126
9702,1735235.7542,2045104.2153
9703,1734357.5794,2046677.977
9704,1735989.5601,2044012.4988
9705,1737074.4904,2046119.0332
9706,1735396.3429,2047322.0428
9707,1737039.3243,2044630.0723
9708,1737259.0124,2047924.5452
9709,1737516.2759,2047038.4891
9710,1741670.8966,2042063.9424
9711,1742168.1665,2043105.9094
9712,1742213.4883,2043368.0348
9713,1742170.8292,2043108.5634
9714,1745511.5463,2041891.7347
9715,1748995.5181,2040495.7047
9716,1746777.7464,2040440.1548
9717,1753371.1847,2040357.5651
9718,1748598.9097,2044095.565
9719,1745952.4551,2044323.6811
9720,1745495.5379,2044911.0396
9721,1742538.0959,2043649.7025
9722,1742854.2022,2044192.1315
9723,1743540.7044,2045814.1818
9724,1742495.1206,2046124.6599
9725,1740593.0601,2046519.4019
9726,1736794.6819,2048231.0434
9727,1738847.0655,2048581.1715
9728,1735079.5244,2049730.502
9729,1735396.0325,2050575.0275
9730,1741416.256,2047147.3741
9731,1735023.7238,2050362.2888
9732,1731167.8683,2050878.3341
9733,1735302.1248,2047522.8745
9734,1747122.92,2071301.7843
9735,1747587.126,2067479.8763
9736,1748291.1826,2075305.2361
9737,1749211.127,2066779.8717
9738,1746264.1283,2079750.8783
9739,1746807.1771,2078997.7772
9740,1748117.8895,2075468.4557
9741,1745186.1246,2080100.8754
9742,1745073.5509,2082739.5325
9743,1745208.4953,2080147.638
9744,1743704.7263,2084120.5192
9745,1741868.1502,2088058.3262
9746,1741213.1549,2088287.7112
9747,1741244.9502,2088723.0522
9748,1741574.0708,2090033.9513
9749,1742059.4431,2090518.0549
9750,1741468.2282,2092033.2067
9751,1740150.9878,2094673.4672
9752,1741322.838,2092649.6379
9753,1740095.5576,2095002.5915
9754,1739932.7824,2095084.4493
9755,1739861.268,2095173.5708
9756,1738456.0305,2095758.1109
9757,1738169.6445,2096416.5741
9758,1737498.6478,2096522.811
9759,1737121.5,2098198.6764
9760,1734389.9736,2098271.2394
9761,1735333.8974,2103640.7187
9762,1735744.1212,2104376.9728
9763,1740517.1242,2082837.872
9764,1741518.1233,2082102.8721
9765,1739201.1195,2083915.8744
9766,1737899.1293,2085105.8685
9767,1738991.1242,2084097.8693
9768,1737325.1255,2085301.8713
9769,1737563.1227,2085329.8712
9770,1735057.1245,2084727.8701
9771,1734847.1277,2084825.8712
9772,1731809.123,2088255.8715
9773,1730829.1246,2088521.8745
9774,1728491.1191,2088465.8782
9775,1727511.1279,2088269.8814
9776,1726391.1239,2087303.8666
9777,1722051.121,2085301.8801
9778,1721589.1243,2087149.8802
9779,1721701.1207,2085399.8695
9780,1722908.1976,2088075.3302
9781,1721751.8967,2087155.9611
9782,1722815.5626,2089091.9742
9783,1722801.3549,2089472.1746
9784,1722126.4095,2090638.642
9785,1721295.2049,2090969.8581
9786,1721121.3595,2091863.5483
9787,1720530.0081,2092276.5508
9788,1720678.3176,2092855.3663
9789,1721002.2488,2095058.6889
9790,1720928.6187,2095228.8593
9791,1720628.6121,2096063.1813
9792,1720626.309,2096467.9386
9793,1720643.2926,2097528.7679
9794,1720618.1312,2096496.6941
9795,1720326.2026,2097902.497
9796,1720007.2685,2098506.8572
9797,1719688.9402,2099728.2979
9798,1719629.2695,2100022.2911
9799,1718999.5163,2101264.273
9800,1719957.9154,2102661.5636
9801,1721725.4812,2104773.6778
9802,1721837.3449,2105774.9535
9803,1721241.9548,2106895.8659
9804,1720682.7587,2107712.3454
9805,1721986.9466,2109856.0589
9806,1721970.9304,2110314.5538
9807,1723212.8782,2111150.2698
9808,1724740.4145,2112573.967
9809,1724817.566,2112680.2295
9810,1728025.9868,2115464.1659
9811,1728548.2593,2115973.0662
9812,1729345.9087,2117256.6967
9813,1731795.0232,2120584.3486
9814,1731963.7692,2120836.7859
9815,1733834.1539,2122797.3673
9816,1733957.1301,2125690.4147
9817,1733985.0718,2125854.2473
9818,1718149.524,2102383.3695
9819,1717762.5677,2103319.2356
9820,1718397.5879,2104099.9179
9821,1718122.3851,2105698.382
9822,1718057.4249,2105899.3221
9823,1718013.9647,2105897.6155
9824,1717926.3258,2106096.1673
9825,1717903.8134,2106256.5962
9826,1716727.5755,2107695.6145
9827,1716127.5577,2108287.8044
9828,1715976.1143,2108272.7641
9829,1715516.8812,2108869.7513
9830,1715097.5592,2109215.6384
9831,1714852.6796,2110185.4277
9832,1714928.6257,2111092.1221
9833,1715413.2572,2110894.5307
9834,1714896.4622,2111179.5251
9835,1711816.4009,2113321.7437
9836,1711799.4258,2113252.4442
9837,1711153.7143,2114659.4267
9838,1711236.2915,2114671.6611
9839,1709772.8082,2117405.1183
9840,1711042.3001,2116002.4752
9841,1709696.6715,2117648.2655
9842,1708964.9044,2119327.9633
9843,1708025.2396,2119511.6493
9844,1706781.1304,2119033.5451
9845,1703841.6179,2123026.3253
9846,1702758.4961,2120542.2462
9847,1719419.125,2087415.8709
9848,1719923.1201,2087611.8761
9849,1720945.1226,2087919.8712
9850,1721141.1214,2087849.8748
9851,1720217.1253,2087821.8749
9852,1719027.1286,2087289.8745
9853,1718949.0598,2087315.8879
9854,1717291.1281,2088115.871
9855,1716675.1255,2090663.8745
9856,1715597.1272,2089193.8678
9857,1714967.124,2091209.8755
9858,1709990.1266,2093848.876
9859,1710431.1232,2093519.88
9860,1708667.1258,2095843.8743
9861,1708989.1273,2095227.8713
9862,1707757.1219,2097440.0018
9863,1706868.1241,2097349.004
9864,1702458.1313,2097026.868
9866,1702408.635,2098073.7423
9867,1702531.3293,2097948.2928
9868,1702460.867,2097085.6966
9869,1702262.5066,2098354.14
9870,1702177.8575,2098553.4783
9871,1701067.0308,2099594.5244
9872,1699333.5514,2100914.4564
9873,1695652.8344,2102061.9521
9874,1695695.4643,2102611.7267
9875,1695694.4955,2102852.8849
9876,1694141.0577,2103464.1774
9877,1694476.8629,2104786.2252
9878,1693704.403,2105740.8221
9879,1692701.2946,2107529.3157
9880,1692972.7391,2107987.2635
9881,1693039.1265,2110226.5434
9882,1691994.452,2110856.8136
9883,1691829.6106,2111495.1367
9884,1692055.9599,2112562.3977
9885,1691936.7118,2113630.4236
9886,1692758.5374,2114662.1539
9887,1694676.0764,2116438.9456
9888,1697196.6389,2119412.1386
9889,1700645.1224,2096249.8719
9890,1698909.1274,2096403.8769
9891,1699350.1237,2096298.8723
9892,1697201.126,2096613.8667
9893,1696837.1228,2096683.874
9894,1694227.7521,2097382.5022
9895,1695399.639,2097679.6781
9896,1693302.1233,2097012.8685
9897,1693454.3923,2097071.9172
9898,1693722.1305,2097194.9953
9899,1692889.1259,2096781.8734
9900,1690019.1274,2097580.0034
9901,1692294.1188,2097110.8766
9902,1688059.1255,2097495.9951
9903,1688605.1281,2097187.9932
9904,1687163.1249,2097594.0023
9905,1685861.1239,2098055.9953
9906,1686421.1257,2097509.9954
9907,1684475.1223,2098406.0035
9908,1683453.1232,2098321.9973
9909,1680223.523,2098449.1502
9910,1682683.1269,2098545.9956
9911,1679246.1222,2099644.9991
9912,1680184.1271,2098468.9979
9913,1677391.1292,2101626.0032
9914,1675991.124,2103081.9965
9915,1675123.1239,2106889.9933
9916,1674248.1262,2111670.9987
9917,1674873.7957,2112285.3118
9918,1674263.919,2111718.8918
9919,1674267.237,2111709.8266
9920,1675861.6441,2113837.5787
9921,1675221.2335,2114515.2159
9922,1675986.2205,2113977.1034
9923,1677499.0254,2121177.071
9924,1677407.8599,2121060.1987
9925,1677657.0894,2121354.3007
9926,1677608.9911,2122788.4825
9927,1677966.2376,2124254.7567
9928,1677157.4801,2125955.287
9929,1677296.6361,2126698.2769
9930,1676365.7206,2129014.776
9931,1675827.9715,2129394.6117
9932,1674944.4555,2130483.9017
9933,1676225.5644,2133226.182
9934,1676593.5413,2134031.4452
9935,1676611.8091,2134929.2724
9936,1677212.544,2135574.8676
9937,1677441.99,2139637.4957
9938,1677319.4535,2139464.3516
9939,1677864.0198,2139903.8708
9940,1680524.8922,2141862.6027
9941,1683480.5346,2143289.5436
9942,1685612.5834,2143385.9084
9943,1686497.8652,2143093.043
9944,1686319.6697,2143217.3747
9945,1686504.1814,2143092.3407
9946,1687093.9026,2142835.2589
9947,1674087.1234,2111720.0019
9948,1671231.1244,2114645.9954
9949,1671203.1288,2114884.0023
9950,1671217.1241,2116703.9936
9951,1671168.1271,2115646.9954
9952,1670797.1235,2119069.9956
9953,1669763.5929,2119532.0021
9954,1669822.9783,2119532.0004
9955,1670107.5015,2119571.8427
9956,1670243.1683,2119557.3281
9957,1667984.1782,2120738.672
9958,1667752.1197,2121162.9954
9959,1665757.7461,2127524.973
9960,1666521.284,2127215.3661
9961,1664279.7584,2127342.3935
9962,1664247.8149,2127626.4301
9963,1663237.5047,2129887.8252
9964,1663038.187,2130123.236
9965,1664166.1156,2131069.9066
9966,1664137.6152,2131289.1559
9967,1664283.7283,2132493.8217
9968,1664126.6776,2132845.6185
9969,1664059.9153,2132978.1553
9970,1663681.0434,2134508.9212
9971,1664859.6895,2135366.451
9972,1664975.658,2137034.6633
9973,1664479.0865,2137148.324
9974,1664402.1198,2137239.7083
9975,1664443.2283,2137316.2376
9976,1664595.0714,2138420.7059
9977,1663913.8731,2138909.6461
9978,1664185.7467,2138521.6717
9979,1663738.671,2141683.3748
9980,1664135.1433,2141409.58
9981,1663574.0281,2141765.8958
9982,1663515.0616,2141884.2711
9983,1664561.6212,2145860.3931
9984,1665144.5109,2145894.0948
9985,1665456.7295,2147393.3039
9986,1665982.0501,2147383.1201
9987,1666698.4325,2147670.8933
9988,1666697.5174,2148058.6146
9989,1664895.2866,2150483.2827
9990,1664810.3167,2150758.5591
9991,1664114.3622,2152197.1627
9992,1661421.2215,2153179.8006
9993,1660840.0579,2154184.6899
9994,1660471.8238,2154311.195
9995,1660118.4101,2154799.3617
9996,1660089.6471,2155602.6124
9997,1659838.0294,2157359.1263
9998,1657604.2923,2158624.3849
9999,1656438.5633,2158667.7923
10000,1653791.4449,2157341.2792
10001,1661361.4068,2127139.7248
10002,1659685.6298,2127124.6841
10003,1659602.9795,2127162.161
10004,1659550.1447,2127289.7901
10005,1658586.7531,2128759.416
10006,1659026.0439,2128412.5201
10007,1656956.3484,2129573.9474
10008,1657053.286,2129274.9083
10009,1655187.2587,2131126.5951
10010,1655535.7955,2130273.1733
10011,1652855.7557,2131118.8934
10012,1652692.6658,2131147.1368
10013,1652474.0034,2131024.7349
10014,1652583.9635,2130749.418
10015,1651080.9085,2129605.0587
10016,1650289.0386,2130775.6101
10017,1649517.0375,2130069.3964
10018,1649389.5647,2130293.8171
10019,1645986.202,2132350.5549
10020,1645297.7854,2132233.1431
10021,1644463.2301,2131579.0782
10022,1643791.0497,2130998.5777
10023,1642780.4929,2130281.6079
10024,1675096.2569,2103811.8363
10025,1675948.1926,2103108.8372
10026,1674342.7823,2104260.6783
10027,1671826.2375,2104665.8194
10028,1671416.1333,2104672.2958
10029,1670627.8798,2105139.5162
10030,1668558.2356,2105428.8575
10031,1660809.3431,2109051.1262
10032,1661258.8581,2108680.13
10033,1660706.9042,2109254.7201
10034,1660265.3728,2110012.5655
10035,1660181.032,2110130.9246
10036,1660079.5789,2110269.2257
10037,1660151.6881,2114720.5574
10038,1659564.4916,2115303.348
10039,1658399.241,2115928.4546
10040,1657149.2494,2118849.6693
10041,1658326.0835,2117081.7867
10042,1656441.169,2119516.7996
10043,1654970.5964,2120294.5423
10044,1658605.5143,2107849.5646
10045,1658307.1461,2106987.032
10046,1656529.6144,2107343.2981
10047,1656494.6335,2107204.8496
10048,1656251.6683,2104711.1288
10049,1654176.885,2101823.1429
10050,1656448.5357,2103626.1878
10051,1656785.9458,2103868.1558
10052,1656461.4126,2103633.3106
10053,1653225.1311,2101479.5138
10054,1651444.7284,2101704.0581
10055,1651378.5406,2101700.4816
10056,1651175.3367,2101638.9739
10057,1649698.5601,2101731.9814
10058,1648931.5525,2100172.9192
10059,1647499.235,2100561.6589
10060,1643719.8696,2098630.7948
10061,1639368.8055,2098200.9718
10062,1640416.4788,2098726.9115
10063,1714884.0217,2087422.7365
10064,1717199.3615,2088057.9926
10065,1717207.5846,2088058.0043
10066,1713368.7687,2087042.9736
10067,1711757.8114,2087091.0258
10068,1709224.1932,2088027.036
10069,1709047.0272,2087503.0264
10070,1707840.5663,2087374.0798
10071,1707600.4483,2087707.5015
10072,1706377.9738,2087758.7136
10073,1705630.2807,2087724.4259
10074,1703384.3037,2088274.2157
10075,1701156.7536,2088526.1959
10076,1700999.8627,2088583.8405
10077,1698647.9932,2087903.4519
10078,1697877.868,2088871.7391
10079,1695464.8163,2089479.4293
10080,1694454.7242,2090667.7918
10081,1693509.411,2090763.5253
10082,1692674.2452,2090358.4998
10083,1691866.1154,2090942.5779
10084,1691310.6561,2091213.8744
10085,1681629.3699,2094898.9511
10086,1683454.6304,2098283.3076
10087,1683459.6763,2098286.4091
10088,1681519.9611,2094880.6686
10089,1681382.9015,2093553.2173
10090,1681413.5177,2094417.2528
10091,1681456.5192,2093219.4777
10092,1679788.4016,2091133.5113
10093,1676154.8609,2090033.7071
10094,1679767.7445,2091117.7596
10095,1674777.8222,2091525.7213
10096,1678925.9693,2099839.8076
10097,1679219.9268,2099682.7591
10098,1678530.6073,2099833.4329
10099,1677587.3383,2098253.9583
10100,1677491.4086,2096783.2831
10101,1676183.9645,2092090.4751
10102,1685542.4506,2100890.1661
10103,1685886.2975,2098116.4823
10104,1684816.5232,2101654.454
10105,1683904.8788,2101712.8
10106,1682646.7581,2103550.4158
10107,1682890.9673,2104858.8799
10108,1682375.5568,2105710.3464
10109,1682490.0397,2107059.0669
10110,1682292.9677,2106046.5494
10111,1682800.966,2109818.6694
10112,1682616.1552,2107167.4605
10113,1703209.2755,2086651.2558
10114,1699560.8023,2083332.1704
10115,1689311.5911,2115258.5742
10116,1691232.6804,2118270.093
10117,1706292.4297,2084895.7838
10118,1702503.1273,2083561.2993
10119,1705610.4541,2083553.3736
10120,1705684.0894,2083724.2157
10121,1705624.7483,2083558.7285
10122,1671672.6356,2103471.5526
10123,1670175.744,2101519.1498
10124,1669902.0559,2101377.2214
10125,1668490.1892,2100205.0567
10126,1668127.3266,2099913.1796
10127,1666176.7965,2096705.8337
10128,1666628.236,2097841.9823
10129,1663699.2637,2141674.8945
10130,1663449.5423,2141559.123
10131,1663538.0453,2141554.0238
10132,1661675.5944,2143037.3972
10133,1659415.0195,2142403.1283
10134,1657875.8582,2141573.5109
10135,1728556.7667,2083941.5117
10136,1728469.5413,2088372.6184
10137,1729656.1325,2082311.9081
10138,1712821.5233,2110221.9332
10139,1713890.3753,2110408.8632
10140,1708838.8904,2110044.9062
10141,1670657.9369,2130275.0217
10142,1670425.2015,2130434.6773
10143,1671592.0785,2132389.6159
10144,1688798.8834,2094378.9036
10145,1690010.2007,2097555.5066
10146,1690016.921,2097557.1631
10147,1687628.2902,2092873.8462
10148,1686903.6731,2091810.7918
10149,1688092.2069,2090487.8193
10150,1688199.1613,2090253.8523
10151,1686491.6482,2088982.0506
10152,1681598.0997,2087145.5871
10153,1709402.1751,2121676.6113
10154,1709807.9438,2122559.8268
10155,1710708.3882,2123288.8364
10156,1712920.1363,2127270.6363
10157,1722153.9936,2106642.8673
10158,1722295.7783,2107847.6197
10159,1724173.2825,2109356.451
10160,1726684.3784,2111629.6842
10161,1725419.9211,2110954.4661
10162,1725273.2541,2110882.7331
10163,1725420.1137,2110952.4206
10164,1726784.5281,2111725.27
10165,1666501.615,2138398.4364
10166,1671764.9313,2142047.1212
10167,1699350.989,2101366.917
10168,1699731.8299,2102470.5188
10169,1700405.8076,2107447.5156
10170,1698173.1238,2111153.6476
10171,1669110.5859,2141208.7847
10172,1670198.3124,2141998.4858
10173,1669313.7779,2141210.5586
10174,1669313.4436,2141209.4789
10175,1677209.2446,2110949.7181
10176,1675181.4416,2106913.6334
10177,1675178.5128,2106906.4073
10178,1677342.4562,2111049.1479
10179,1682448.4801,2112800.024
10180,1690708.1047,2110571.8694
10181,1686522.9462,2111476.2028
10182,1683092.6749,2111601.3609
10183,1715760.0381,2113882.3548
10184,1714983.2173,2114808.2386
10185,1714681.4352,2115159.0445
10186,1714646.6362,2115316.7592
10187,1712756.6926,2117020.7873
10188,1712318.2749,2117593.4552
10189,1712345.1405,2118442.0187
10190,1712393.7988,2121366.5287
10191,1738699.5994,2079726.7933
10192,1740449.9218,2082782.9108
10193,1735496.2971,2080244.1526
10194,1735014.9725,2080731.4301
10195,1734031.3145,2081157.8184
10196,1655133.2719,2107238.0676
10197,1653380.006,2106679.6934
10198,1653188.3354,2106866.9441
10199,1652864.0695,2106866.2136
10200,1651508.9693,2108082.4221
10201,1651116.9114,2109843.8045
10202,1651388.5524,2109110.1848
10203,1667620.333,2121695.1154
10204,1667720.1892,2121200.1661
10205,1667079.736,2122471.2303
10206,1666779.1466,2122504.4172
10207,1665683.8514,2121926.2183
10208,1663823.8979,2121141.2272
10209,1663570.4676,2120733.7488
10210,1662102.5845,2120673.8069
10211,1659618.1251,2119834.7866
10212,1653073.0997,2101237.5896
10213,1652978.2813,2101102.1558
10214,1652967.7874,2098799.2362
10215,1652325.2091,2097824.224
10216,1650155.7102,2093947.6791
10217,1650356.7241,2094793.7723
10218,1716620.0444,2101460.4592
10219,1712987.5898,2099772.0013
10220,1715329.9467,2093213.578
10221,1715020.9031,2091270.2707
10222,1715023.3967,2091264.325
10223,1715147.5449,2094016.1218
10224,1714098.9916,2094677.2865
10225,1715895.4327,2096868.3093
10226,1693124.6523,2097411.9718
10227,1693271.0974,2097042.2582
10228,1692958.9058,2097392.08
10229,1692475.1011,2097689.3131
10230,1691103.7901,2099586.7138
10231,1691113.3199,2099829.9948
10232,1691029.1346,2099922.0227
10233,1690727.1218,2101398.9157
10234,1690686.7122,2101838.603
10235,1690444.534,2102030.4096
10236,1687665.5445,2106365.1683
10237,1687415.9576,2106723.1671
10238,1687322.1419,2106883.924
10239,1687093.42,2107684.2714
10240,1687044.9888,2108017.3446
10241,1686498.6058,2110283.2447
10242,1666823.4792,2152410.3591
10243,1667419.4463,2152910.7364
10244,1670650.8585,2158234.1735
10245,1708499.639,2093415.9951
10246,1709934.0457,2093835.9563
10247,1706676.6263,2093194.7233
10248,1706382.692,2092650.5475
10249,1705568.1333,2092355.0595
10250,1702352.6581,2092326.2668
10251,1702265.2717,2092467.2712
10252,1699665.0372,2093199.486
10253,1699283.9307,2093150.5481
10254,1671429.1157,2119747.8828
10255,1670831.2991,2119113.2758
10256,1671385.8277,2119866.9389
10257,1672649.5794,2125997.7911
10258,1659173.1716,2153852.3405
10259,1657361.0477,2153009.5104
10260,1657002.2888,2153656.3245
10261,1657155.8534,2153272.4377
10262,1655444.0878,2155185.3839
10263,1656738.6634,2154655.9465
10264,1660742.2609,2131501.3487
10265,1660581.4972,2131967.6206
10266,1660412.752,2132374.5439
10267,1659000.0043,2134298.9019
10268,1659106.2978,2135387.6857
10269,1658495.0369,2136156.517
10270,1657867.9349,2137254.6682
10271,1656634.1862,2138844.9024
10272,1657486.2992,2137184.148
10273,1673950.7885,2134446.1733
10274,1671281.1816,2134758.0339
10275,1669295.6148,2133243.0265
10276,1730601.3958,2116732.8429
10277,1730392.4078,2115715.4914
10278,1733481.8579,2114406.7287
10279,1670195.5105,2105260.0343
10280,1667803.3485,2108646.2933
10281,1668980.7479,2105864.4002
10282,1669174.9475,2105737.9031
10283,1664393.7354,2112458.4096
10284,1664967.4073,2112278.8405
10285,1653062.995,2126976.4197
10286,1655620,2128651.0499
10287,1650787.7628,2125406.0965
10288,1650648.7049,2125284.8626
10289,1650106.4583,2124721.7082
10290,1668968.2931,2130871.0075
10291,1666189.9842,2129138.4898
10292,1648830.1098,2125760.5989
10293,1655539.238,2129977.871
10294,1679874.2687,2125399.017
10295,1680666.2173,2126161.7433
10296,1683612.5603,2126299.603
10297,1683838.6796,2126709.9781
10298,1688594.3658,2123568.722
10299,1688656.6031,2123582.1483
10300,1689491.0336,2122927.4498
10301,1691132.1524,2120695.8365
10302,1695926.3807,2120604.5162
10303,1734691.546,2091369.8314
10304,1732042.5643,2088997.7836
10305,1731780.9676,2088323.4311
10306,1736407.9894,2092076.4263
10307,1722228.1304,2091007.6471
10308,1722262.9167,2091107.2124
10309,1722380.4158,2091264.4072
10310,1722318.6843,2092012.1791
10311,1722441.997,2092259.932
10312,1722940.2082,2092585.1354
10313,1722996.1279,2092775.9933
10314,1723425.4052,2094033.7635
10315,1723937.6588,2095231.0682
10316,1724510.4614,2095837.8848
10317,1724621.0095,2096705.0187
10318,1725689.5731,2098046.0082
10319,1725364.8359,2099331.7033
10320,1725656.2929,2099834.4292
10321,1725653.5859,2100876.0747
10322,1725754.9223,2101176.7255
10323,1727097.0772,2104506.5933
10324,1727073.5482,2106858.8932
10325,1727408.5477,2107725.5853
10326,1728143.6968,2108520.359
10327,1729403.8501,2109811.5305
10328,1664431.3525,2100866.1854
10329,1664694.4036,2103641.9968
10330,1662432.2402,2100580.7465
10331,1662110.7909,2100918.6946
10332,1660195.7649,2099194.1001
10333,1660140.9288,2097984.9129
10334,1658485.8784,2096527.7064
10335,1659770.423,2097644.2044
10336,1657086.5744,2095321.2928
10337,1660544.0227,2124875.5866
10338,1657834.1547,2123569.5
10339,1708124.5294,2090568.8042
10340,1715513.8619,2089147.3112
10341,1678008.3952,2134102.3536
10342,1681576.2512,2134670.1495
10343,1682368.5965,2134376.4813
10344,1683235.2308,2132250.6347
10345,1717157.0532,2103679.2033
10346,1715705.1276,2103784.1321
10347,1714214.1687,2103102.8764
10348,1713769.5418,2102966.7325
10349,1713574.3077,2102939.9764
10350,1711951.9392,2102933.125
10351,1710763.2497,2103041.6521
10352,1709974.6038,2104213.263
10353,1708643.3641,2105639.2768
10354,1707461.2174,2107221.0443
10355,1707193.1605,2107007.8733
10356,1704439.3532,2107402.5477
10357,1703506.9769,2108854.9767
10358,1702972.8946,2109662.1693
10359,1702194.0565,2111415.6077
10360,1701164.7704,2112650.0922
10361,1699726.6631,2115359.1272
10362,1725557.3285,2084621.5962
10363,1726428.8057,2087218.8465
10364,1726429.8906,2087220.4161
10365,1725187.9458,2082846.6081
10366,1724349.1293,2079820.6195
10367,1717593.725,2109965.8974
10368,1718240.6157,2112248.1203
10369,1718302.239,2112833.9993
10370,1718780.7909,2114207.5126
10371,1718998.4804,2114693.9193
10372,1719006.3587,2114588.038
10373,1718921.0823,2114834.3573
10374,1718648.2883,2117895.3939
10375,1719215.1669,2118120.1894
10376,1718930.2737,2119154.6068
10377,1718824.0842,2120887.3114
10378,1719159.8603,2121271.1343
10379,1719857.7584,2122784.7931
10380,1719140.7077,2123240.8795
10381,1719285.7443,2124758.5679
10382,1717043.2471,2128329.8719
10383,1722945.1777,2083018.7452
10384,1722031.7307,2085266.9116
10385,1722040.1457,2085270.7473
10386,1722005.0614,2081621.9181
10387,1720980.7812,2081109.7241
10388,1720715.59,2080862.1665
10389,1720466.0717,2080707.3497
10390,1718307.8169,2080430.0463
10391,1716150.9565,2078155.2101
10392,1715822.3037,2078007.5584
10393,1715347.9607,2077901.6654
10394,1712844.2281,2077860.3494
10395,1678924.2515,2115626.2676
10396,1680315.6572,2116284.667
10397,1680646.6523,2116243.1158
10398,1684571.9787,2116560.095
10399,1685095.8479,2115956.9702
10400,1685179.2872,2115796.6107
10401,1706044.4996,2099191.0021
10402,1706820.6732,2097363.7734
10403,1703051.6898,2102991.6611
10404,1734261.9418,2084474.9538
10405,1734788.6243,2084788.0012
10406,1732598.7072,2083585.7172
10407,1733130.6044,2083886.7933
10408,1734012.757,2084283.4793
10409,1733260.0884,2083931.0972
10410,1733135.6124,2083887.8997
10411,1730629.2277,2081184.8198
10412,1730525.436,2081140.9122
10413,1728403.6021,2080612.5649
10414,1670772.0131,2115028.9068
10415,1671182.8527,2114640.1163
10416,1670741.1226,2115037.9952
10417,1670076.3461,2115615.9394
10418,1669966.6632,2115778.4903
10419,1668786.5018,2116982.5787
10420,1668042.9018,2117357.0042
10421,1666078.5404,2115766.3214
10422,1665942.2622,2115886.7536
10423,1665070.3533,2115615.244
10424,1664759.0641,2115407.6882
10425,1663455.4302,2112985.0556
10426,1662463.7978,2113605.1897
10427,1663572.2015,2114812.5399
10428,1663720.663,2114998.6459
10429,1663578.9962,2114811.1462
10430,1711560.6175,2113550.7406
10431,1711568.7605,2113667.1113
10432,1710908.3361,2113912.5524
10433,1710840.0908,2113935.7765
10434,1707116.5106,2115066.4718
10435,1710769.8932,2114056.9126
10436,1706655.4347,2114934.6033
10437,1703536.5077,2114389.2121
10438,1700746.4058,2118181.0841
10439,1700825.6233,2120551.5378
10440,1697964.7852,2120607.8349
10441,1644994.3406,2133468.0609
10442,1642440.1864,2132016.8722
10443,1641446.0781,2132609.7846
10444,1637396.5305,2135329.8747
10445,1636839.1012,2135189.5276
10446,1635143.3731,2133713.6706
10447,1634831.5947,2133420.5631
10448,1682810.6106,2122321.2185
10449,1682821.0053,2122121.1887
10450,1681700.2685,2123712.6189
10451,1649457.5143,2145978.1754
10452,1648675.1445,2144337.3281
10453,1650600.8855,2145372.1841
10454,1649131.3715,2144347.7533
10455,1648559.2476,2143888.3645
10456,1646304.1795,2141963.602
10457,1747369.8264,2067372.0842
10458,1746384.8902,2066884.0709
10459,1745958.9369,2078808.9942
10460,1746240.8565,2079718.7492
10461,1734676.3556,2080302.2889
10462,1733901.3613,2080425.4966
10463,1737038.6071,2079342.2465
10464,1737922.8434,2081881.895
10465,1738825.9182,2084055.4348
10466,1737275.1094,2083779.2046
10467,1737851.9757,2085069.5085
10468,1737861.9279,2085070.2369
10469,1737098.5978,2083737.6632
10470,1730578.4189,2082725.3566
10471,1732234.8977,2083434.6084
10472,1728419.0467,2083010.5509
10473,1728424.5636,2082856.8513
10474,1726494.582,2081060.5755
10475,1726076.6066,2084289.796
10476,1727785.7315,2082198.692
10477,1727118.5082,2081914.9992
10478,1720859.1553,2081216.8145
10479,1720711.3841,2081302.3515
10480,1715104.4667,2079423.0652
10481,1716180.2558,2078221.9339
10482,1716333.1787,2078407.4208
10483,1714045.0091,2075374.4151
10484,1716297.2533,2075919.8672
10485,1721856.3659,2080846.0509
10486,1717723.8165,2076647.64
10487,1723484.7453,2079062.7861
10488,1723888.2744,2081864.1054
10489,1720137.3124,2083730.4258
10490,1721651.5165,2085377.3193
10491,1719012.8269,2086619.8741
10492,1719020.5448,2087228.0684
10493,1715344.5301,2083613.3543
10494,1717560.5238,2085048.2633
10495,1714392.1994,2083287.9307
10496,1714281.6371,2083085.4226
10497,1712549.9601,2083262.0452
10498,1710616.5789,2083050.9617
10499,1709693.0557,2081456.5201
10500,1709193.5325,2081762.3172
10501,1707980.2446,2080125.7419
10502,1705871.0094,2079159.8958
10503,1703654.8336,2079561.4232
10504,1718524.2489,2084741.1215
10505,1718043.874,2085077.3851
10506,1718958.8491,2084759.5599
10507,1719107.5412,2084763.4782
10508,1718983.9942,2082888.979
10509,1717666.1525,2084764.2546
10510,1717641.4485,2085055.3782
10511,1717565.073,2082197.006
10512,1717142.6157,2082942.083
10513,1710234.1181,2083481.9555
10514,1710151.7592,2083813.0087
10515,1710176.7622,2083556.0525
10516,1710038.9256,2083940.6274
10517,1709868.6755,2084024.2513
10518,1709648.5532,2083910.7087
10519,1708187.3724,2083377.3229
10520,1708786.6147,2085336.7136
10521,1707885.1076,2084943.5655
10522,1708285.4517,2082322.872
10523,1706745.5407,2082210.5082
10524,1704518.3091,2081455.1001
10525,1706679.2737,2082017.6452
10526,1706687.2553,2082023.9676
10527,1703366.4219,2080542.9211
10528,1706530.6642,2083173.9112
10529,1706425.4712,2083266.463
10530,1704648.0679,2081297.065
10531,1704801.1233,2081233.3155
10532,1705939.8563,2080583.9761
10533,1705834.8976,2080616.1983
10534,1704331.3982,2080052.5456
10535,1709994.9253,2080614.355
10536,1709795.9108,2079657.8812
10537,1709366.4958,2078244.4779
10538,1707364.4224,2076774.5921
10539,1709894.895,2080647.6868
10540,1709830.1011,2080649.3108
10541,1709407.1896,2076731.4176
10542,1709489.7017,2076660.1688
10543,1711113.5548,2078766.645
10544,1711964.4209,2080943.5236
10545,1711754.7821,2079100.4501
10546,1713008.1486,2079570.1606
10547,1715454.7675,2082372.6019
10548,1714121.4675,2080825.4427
10549,1716707.9207,2081978.9258
10550,1713738.0004,2088697.6921
10551,1706388.4229,2089770.8586
10552,1706970.0671,2089147.1261
10553,1705216.1103,2089638.8247
10554,1697348.9623,2091584.9325
10555,1695603.6897,2092058.0017
10556,1694493.7938,2088735.8023
10557,1693696.8998,2087901.0927
10558,1693563.2611,2087743.8914
10559,1690103.2996,2087039.3983
10560,1689957.8826,2087044.8637
10561,1694002.2069,2086708.0638
10562,1698075.0837,2087539.8451
10563,1697107.3576,2087000.9715
10564,1697007.537,2086903.1327
10565,1697412.1674,2086477.0252
10566,1697236.6543,2086454.5375
10567,1699796.5808,2086167.4859
10568,1696949.781,2085133.698
10569,1694612.3548,2084599.8439
10570,1692813.4478,2084388.8461
10571,1692288.9385,2084336.3936
10572,1690373.3235,2082427.2648
10573,1696412.0706,2086221.7273
10574,1696363.8298,2086434.2603
10575,1694339.065,2086135.4072
10576,1693364.3639,2086272.0335
10577,1691507.9924,2084949.9448
10578,1691399.6643,2084926.654
10579,1698051.7312,2084155.2289
10580,1697917.7169,2084036.8158
10581,1702808.5931,2086786.9999
10582,1702509.5651,2086858.2855
10583,1705268.9915,2086436.1139
10584,1705659.0172,2084833.9064
10585,1704564.9938,2085325.0436
10586,1704524.1687,2085654.6453
10587,1704543.219,2085496.1143
10588,1704552.6847,2085807.7831
10589,1705466.9764,2084603.1657
10590,1705416.3399,2084492.4285
10591,1709490.795,2086731.1661
10592,1709557.9963,2086635.5946
10593,1711658.8903,2086242.9594
10594,1711816.1171,2086290.3258
10595,1711929.5642,2086301.9009
10596,1709751.2609,2085688.4803
10597,1711546.8049,2086213.3144
10598,1711869.7347,2084528.235
10599,1709304.9469,2091445.1191
10600,1710347.1863,2093477.2773
10601,1702946.4926,2093872.4763
10602,1703422.182,2092942.3458
10603,1701751.9028,2093523.0075
10604,1701934.4089,2093347.6164
10605,1702025.8458,2093081.5481
10606,1701938.0335,2093345.2394
10607,1701617.4157,2093572.4162
10608,1700647.035,2091269.843
10609,1707216.3523,2090987.6163
10610,1708268.958,2091657.6643
10611,1701379.9312,2094698.731
10612,1700667.8054,2096217.5074
10613,1700669.9932,2096220.7873
10614,1701406.9339,2094586.5566
10615,1697882.4216,2093834.3012
10616,1698880.2511,2096365.8743
10617,1697870.0674,2093737.158
10618,1696534.3462,2095799.5362
10619,1697171.1858,2096568.0143
10620,1697176.4863,2096568.2153
10621,1693836.2351,2094648.9587
10622,1693697.3514,2094564.0288
10623,1697011.452,2092306.3907
10624,1692612.7264,2095044.1039
10625,1692877.2835,2096753.089
10626,1692883.1744,2096755.6613
10627,1690334.8336,2092530.1535
10628,1693327.5181,2092580.8945
10629,1690922.9608,2095981.7213
10630,1692258.8235,2097089.5496
10631,1687128.1245,2093343.1708
10632,1687064.3298,2093484.1526
10633,1684608.1927,2090829.4402
10634,1682777.7183,2089830.0565
10635,1684367.523,2090630.8579
10636,1687565.6196,2087317.157
10637,1690160.3325,2091664.0639
10638,1689355.2128,2094031.7827
10639,1689610.6026,2093874.2944
10640,1687864.0605,2095531.3916
10641,1688559.8778,2097159.8695
10642,1687032.5506,2095840.3768
10643,1688024.4576,2097469.5672
10644,1686371.7455,2097476.1444
10645,1686388.1884,2097475.5214
10646,1687041.6807,2095102.8825
10647,1684304.6882,2095539.7394
10648,1684455.0448,2098375.1526
10649,1683345.0749,2093904.322
10650,1683265.7905,2092436.5499
10651,1679556.2151,2093422.6046
10652,1678652.0331,2092592.6187
10653,1678679.7944,2092727.0715
10654,1675948.3576,2088502.5242
10655,1679857.565,2090819.8144
10656,1681864.9059,2089570.7991
10657,1679200.3516,2090473.908
10658,1679291.9829,2090574.9022
10659,1679502.4826,2090662.1437
10660,1679309.6469,2090576.6089
10661,1679023.1665,2090375.48
10662,1682122.4246,2090433.8095
10663,1678988.6659,2093426.4074
10664,1681208.8968,2094554.1736
10665,1681555.9811,2094773.0381
10666,1679052.7022,2095189.1778
10667,1680078.8584,2096526.9017
10668,1680218.5909,2096619.8791
10669,1680194.2377,2098434.4104
10670,1679029.6731,2099429.4645
10671,1680155.9856,2098444.5354
10672,1675856.5376,2097150.1164
10673,1675862.6526,2094725.9274
10674,1674717.5095,2098098.1506
10675,1677347.3984,2101597.9569
10676,1674010.8986,2095586.2409
10677,1673409.8591,2095338.9332
10678,1673053.2065,2097008.5557
10679,1673573.4005,2093951.2975
10680,1673579.5528,2094544.5326
10681,1673739.743,2093794.6474
10682,1673725.6882,2093860.4411
10683,1674343.4331,2093153.5957
10684,1674456.5604,2091992.6939
10685,1673463.1691,2092311.0177
10686,1673050.4943,2093455.1632
10687,1673953.9487,2092791.8499
10688,1670241.3637,2106317.9155
10689,1669840.5031,2107333.4073
10690,1669561.7977,2108015.8414
10691,1670489.4957,2107599.5053
10692,1670474.3114,2109081.3583
10693,1670619.3383,2108402.348
10694,1669545.6799,2111088.649
10695,1668863.3461,2109851.2076
10696,1666167.918,2103711.0198
10697,1666733.8337,2104174.3776
10698,1665637.4849,2102631.5246
10699,1664880.2611,2103773.1545
10700,1666311.7304,2102402.5125
10701,1660184.9024,2100858.3811
10702,1659502.3872,2100980.7806
10703,1658418.6515,2098615.0412
10704,1657691.9484,2097708.6808
10705,1661033.2002,2098632.9122
10706,1661625.8726,2099285.4251
10707,1664355.4783,2099573.9337
10708,1664318.4567,2096169.9462
10709,1661142.4497,2096444.4328
10710,1662024.8706,2096665.8128
10711,1661783.43,2102691.3438
10712,1664441.3628,2104227.6608
10713,1660744.2522,2102504.8202
10714,1658676.324,2104120.1639
10715,1659629.8982,2104443.158
10716,1663372.692,2105271.7211
10717,1660049.0969,2106010.0257
10718,1662708.019,2107614.7051
10719,1659344.3118,2105642.9014
10720,1661547.4927,2111856.8978
10721,1660788.7376,2112605.0385
10722,1660751.5731,2113265.3124
10723,1660937.8932,2116147.7537
10724,1659380.712,2115720.2213
10725,1659289.3267,2117286.9017
10726,1658053.0449,2120026.6227
10727,1658325.1992,2119811.9004
10728,1660148.7949,2116383.7489
10729,1660747.9372,2116909.2017
10730,1657191.899,2121633.28
10731,1657147.5635,2121393.3052
10732,1657444.1228,2122810.7653
10733,1655242.6401,2121269.2763
10734,1657238.9608,2116420.9893
10735,1655459.5891,2118451.6912
10736,1655564.4389,2117169.16
10737,1656194.5933,2116630.4353
10738,1657227.8964,2116849.0612
10739,1657669.55,2111324.4477
10740,1657796.2515,2111673.6362
10741,1657833.9702,2112284.2991
10742,1656941.3387,2113286.9506
10743,1655386.3302,2114122.7397
10744,1654199.907,2115623.6616
10745,1654241.9219,2115134.7638
10746,1654507.3789,2116273.4813
10747,1658026.9764,2114492.1731
10748,1657797.8465,2113691.5317
10749,1655149.1211,2116173.723
10750,1654088.6073,2115953.752
10751,1654016.8061,2117812.6487
10752,1653991.2899,2117471.867
10753,1654075.3451,2116182.0925
10754,1653201.9036,2116023.076
10755,1653223.5173,2116001.8728
10756,1652506.6429,2119019.4873
10757,1652559.603,2118260.4527
10758,1654010.598,2113762.4684
10759,1653286.4904,2113461.9505
10760,1653853.5021,2113689.7969
10761,1653869.4694,2113693.1912
10762,1655370.8258,2111915.8662
10763,1652634.6406,2112602.9535
10764,1654048.3721,2112444.6777
10765,1651600.7485,2111348.3882
10766,1652131.6716,2110533.5939
10767,1655167.5499,2110096.1973
10768,1654727.9686,2109680.5557
10769,1657892.0609,2108250.9675
10770,1658556.721,2107873.2883
10771,1657134.9942,2108724.3303
10772,1656338.5071,2108146.4449
10773,1655671.8234,2108885.2878
10774,1656218.5143,2108529.7302
10775,1653883.5944,2109097.7166
10776,1654551.3352,2108256.9342
10777,1652706.3492,2108203.1099
10778,1652352.3504,2109021.436
10779,1649008.6816,2107801.7147
10780,1649574.9693,2108617.5308
10781,1650245.1667,2106152.7295
10782,1651201.7516,2106243.249
10783,1651335.0594,2104985.0082
10784,1650558.3652,2104799.068
10785,1656248.5944,2104652.8288
10786,1654285.1102,2104951.2234
10787,1655507.1389,2104749.5593
10788,1653616.7332,2102351.3966
10789,1654154.9842,2101865.6495
10790,1653197.8383,2103245.0809
10791,1653092.4892,2104323.2439
10792,1652064.5022,2102847.1526
10793,1651601.0614,2103841.4124
10794,1650829.1216,2102432.7807
10795,1651435.6718,2101746.6838
10796,1650551.1797,2103450.7042
10797,1649704.9476,2101775.2213
10798,1648897.4799,2103308.2932
10799,1649414.4186,2102560.2397
10800,1647034.9326,2100972.4552
10801,1647358.8692,2102030.1907
10802,1646190.1692,2103395.9209
10803,1646918.347,2102634.5055
10804,1647206.7441,2103886.4363
10805,1647424.9123,2102918.6907
10806,1645888.1404,2102405.6061
10807,1645871.4577,2102952.047
10808,1642785.7495,2100448.9256
10809,1642988.9455,2101038.8119
10810,1644321.6775,2102095.7856
10811,1643742.2675,2101471.5982
10812,1648975.7529,2096620.6004
10813,1649039.9931,2097972.2626
10814,1653900.4915,2094115.4059
10815,1652579.6282,2097377.7424
10816,1654764.1534,2093648.9318
10817,1652380.3834,2097576.5172
10818,1654064.8192,2098070.5041
10819,1654798.0691,2097696.9031
10820,1654414.393,2097866.981
10821,1656626.5858,2097621.3603
10822,1654775.4305,2097658.029
10823,1654621.2929,2097620.0564
10824,1657816.6351,2105234.7076
10825,1658374.0609,2106453.5955
10826,1658341.0041,2106742.6751
10827,1663021.2454,2112471.0464
10828,1662414.6127,2111689.8526
10829,1663157.2741,2109028.076
10830,1663442.9884,2111745.6761
10831,1664186.6408,2111080.743
10832,1665085.6779,2108798.0062
10833,1667366.9894,2102343.4371
10834,1668102.5116,2101983.304
10835,1667627.4046,2100776.6697
10836,1666894.6975,2101572.4014
10837,1667741.5208,2100093.3517
10838,1666417.9976,2100700.8282
10839,1667184.5943,2100279.1531
10840,1667084.2459,2100836.9723
10841,1667531.8279,2100329.253
10842,1668944.5204,2097578.7882
10843,1670441.0539,2095003.2512
10844,1670206.7821,2095755.4238
10845,1667178.8875,2095223.0204
10846,1665638.8339,2095637.8205
10847,1672837.4996,2103593.3695
10848,1673637.2918,2102737.5887
10849,1671734.6243,2112194.6587
10850,1674059.8472,2111685.4748
10851,1671465.3899,2112044.9836
10852,1671263.1561,2111907.0779
10853,1669879.9486,2111863.7808
10854,1670382.5456,2110084.1713
10855,1669691.7321,2114421.5302
10856,1670528.3766,2115023.6746
10857,1669509.1807,2114012.5745
10858,1669596.867,2114335.5806
10859,1669292.6852,2111771.2656
10860,1669506.4318,2112317.0888
10861,1669474.7899,2113630.9605
10862,1668158.0579,2113878.2512
10863,1669418.3204,2114024.8173
10864,1666841.4108,2113627.6757
10865,1668251.8008,2112939.1324
10866,1668992.9149,2113195.9528
10867,1667509.3421,2118221.1063
10868,1666978.2022,2118924.1594
10869,1665301.2504,2119942.9333
10870,1666550.7856,2118284.9539
10871,1666180.8339,2118099.0201
10872,1664907.6378,2117291.6873
10873,1663837.1116,2118255.298
10874,1662188.2323,2118195.1002
10875,1664734.4287,2118840.1651
10876,1664869.3435,2118475.111
10877,1661643.3325,2116803.1866
10878,1662719.1076,2116635.8948
10879,1664676.1153,2114221.4876
10880,1664004.7943,2113368.9167
10881,1666188.745,2114325.0188
10882,1666103.4719,2113816.9473
10883,1669009.8502,2115937.0358
10884,1669957.9761,2118070.6742
10885,1671197.907,2116738.181
10886,1664904.2282,2125358.0107
10887,1665257.5828,2122296.8951
10888,1663981.5452,2122267.2124
10889,1664866.558,2122525.7225
10890,1663652.6396,2123792.9714
10891,1663203.2334,2122112.5422
10892,1661711.8622,2122199.5668
10893,1660932.3103,2122062.9614
10894,1662978.3383,2120296.3363
10895,1661853.322,2119494.3135
10896,1665718.3569,2131346.5207
10897,1665986.1092,2131414.3057
10898,1666491.5902,2133245.3195
10899,1665436.2994,2132666.974
10900,1665448.4877,2132609.9443
10901,1669562.6251,2139777.8299
10902,1668075.4137,2143541.7969
10903,1668424.9224,2145223.7835
10904,1667445.2849,2150968.8989
10905,1667450.6947,2149877.0998
10906,1667316.753,2149816.8468
10907,1667448.6898,2149880.5414
10908,1660068.7205,2157795.7009
10909,1660515.2937,2158410.0932
10910,1660053.3267,2157867.7624
10911,1663483.8059,2160940.9957
10912,1665612.7231,2160497.399
10913,1656042.6786,2157292.5116
10914,1655617.4517,2156990.1498
10915,1659663.5689,2155789.8656
10916,1658080.5697,2155663.5702
10917,1659443.6115,2155916.0777
10918,1657591.8925,2156400.6856
10919,1655892.5546,2156349.1833
10920,1656405.4028,2156578.4883
10921,1658024.5922,2155769.5651
10922,1659226.0467,2155084.1474
10923,1658981.5549,2154500.5701
10924,1657018.0864,2152695.7767
10925,1657254.2606,2152808.7406
10926,1656712.8983,2152701.7435
10927,1656773.6433,2152706.777
10928,1655469.4266,2153585.1306
10929,1656423.3243,2152621.9568
10930,1653954.3894,2152022.0858
10931,1655138.8667,2152739.6861
10932,1656162.6879,2152624.2747
10933,1655657.7542,2154154.1904
10934,1660478.8245,2152445.1108
10935,1661107.1555,2152934.3216
10936,1658793.0215,2151553.142
10937,1658423.1824,2151451.0937
10938,1656499.3371,2149945.4247
10939,1651845.4453,2147917.8624
10940,1651187.0184,2147804.3228
10941,1650060.2237,2146244.9465
10942,1650733.6588,2147270.6452
10943,1655917.3301,2151802.1406
10944,1657406.7076,2151471.1917
10945,1652026.9165,2149538.4941
10946,1653879.8105,2150128.1963
10947,1654021.4975,2150176.5957
10948,1663373.8754,2149621.6285
10949,1663487.2104,2149768.8706
10950,1663359.8199,2149618.2643
10951,1662542.2747,2148842.1611
10952,1664286.0893,2149026.0102
10953,1663190.4632,2148009.2205
10954,1663442.7857,2141845.8576
10955,1663467.4462,2141884.5136
10956,1663519.9079,2143814.5139
10957,1663220.0775,2143042.5803
10958,1660754.4251,2144623.2273
10959,1660697.9306,2144962.2609
10960,1661325.954,2147189.6347
10961,1660824.4851,2147659.5153
10962,1660413.3703,2145441.4841
10963,1659128.2826,2144943.4911
10964,1660091.1403,2144471.9908
10965,1661058.5891,2141478.7958
10966,1660445.4357,2141249.1395
10967,1660597.4571,2139549.8269
10968,1662590.4037,2140486.1736
10969,1661206.9785,2137345.0542
10970,1662331.8072,2136850.226
10971,1663330.3884,2136234.2881
10972,1663003.9716,2132408.2997
10973,1662120.1537,2133187.4709
10974,1659563.0864,2127350.1821
10975,1661183.1769,2133950.0876
10976,1660571.5661,2136358.8137
10977,1660058.9935,2137900.4305
10978,1659552.6077,2138830.3523
10979,1659846.4226,2138161.8342
10980,1658998.5956,2138977.3768
10981,1657818.4968,2139793.0926
10982,1659489.0898,2140792.082
10983,1658302.3917,2139078.4677
10984,1658333.2367,2134516.2903
10985,1657833.1087,2134336.7902
10986,1657255.8965,2130103.8576
10987,1657901.9559,2132022.4331
10988,1658442.0929,2132171.1392
10989,1658283.6207,2131134.1306
10990,1656025.3612,2129640.9284
10991,1655667.8057,2130075.8959
10992,1654988.7356,2131637.2268
10993,1655088.7252,2135412.5246
10994,1655381.8897,2138277.8177
10995,1653381.6071,2136357.3403
10996,1653561.6742,2134805.4215
10997,1652518.1562,2135317.3835
10998,1648997.9209,2134855.4327
10999,1650255.9114,2137566.7318
11000,1645545.5628,2143756.6837
11001,1644320.6502,2143339.4095
11002,1643946.4361,2143136.8241
11003,1642658.2889,2142847.534
11004,1649399.5136,2135207.9387
11005,1649946.2734,2135737.9423
11006,1649988.8921,2135731.2735
11007,1650810.8902,2136238.5326
11008,1656929.6058,2140971.878
11009,1654357.2601,2138749.2643
11010,1653717.5619,2141374.5239
11011,1655839.1641,2142796.7828
11012,1656296.2632,2144331.9224
11013,1657371.5278,2145466.5259
11014,1657714.9789,2145952.0539
11015,1656721.407,2148085.6287
11016,1659074.9432,2147566.0227
11017,1659708.1235,2148344.7317
11018,1656973.7153,2145889.0635
11019,1655749.8307,2146656.2006
11020,1655693.1471,2146644.1638
11021,1653222.0536,2145800.1875
11022,1653112.6888,2145805.795
11023,1652497.5276,2145379.2255
11024,1652032.9097,2145202.0282
11025,1651761.26865234,2144761.35589042
11026,1656020.4401,2148039.0341
11027,1656329.0302,2146876.0249
11028,1655004.2216,2147414.7846
11029,1655042.3636,2145390.1802
11030,1655371.8548,2143360.3133
11031,1654674.7994,2144702.8576
11032,1651765.2114,2144752.2905
11033,1645447.291,2144110.41
11034,1646908.6762,2146301.4549
11035,1647296.0653,2146187.2472
11036,1648022.9851,2146645.4298
11037,1649040.0073,2147277.8444
11038,1646799.5304,2146985.528
11039,1647502.2741,2147703.1474
11040,1644384.0303,2144618.0704
11041,1644140.4211,2144443.228
11042,1643763.6109,2144082.9337
11043,1643918.0471,2145223.7419
11044,1643022.6641,2144758.5489
11045,1642414.6881,2144383.2126
11046,1644396.9688,2146522.5367
11047,1644183.6631,2134144.6507
11048,1643072.5848,2138272.9483
11049,1643095.0042,2138458.4662
11050,1642414.979,2139226.9772
11051,1641930.4164,2138910.8033
11052,1641388.8419,2138645.5215
11053,1639328.3224,2137792.3827
11054,1644964.1768,2135562.6439
11055,1641963.8347,2141331.5821
11056,1642264.7378,2139944.2567
11057,1641735.9314,2140527.2571
11058,1641550.7058,2141755.5398
11059,1639647.7379,2141231.2476
11060,1640806.8167,2139335.179
11061,1640897.3497,2139210.1577
11062,1639619.7774,2141573.5901
11063,1640093.2808,2142316.7993
11064,1641075.3415,2143072.1712
11065,1640261.1297,2131963.6166
11066,1639480.1198,2131993.74
11067,1637722.7524,2132261.7649
11068,1637934.5371,2130968.2855
11069,1639026.5021,2130817.4253
11070,1639916.3531,2131459.3993
11071,1640174.4124,2130460.9527
11072,1645104.4322,2130305.8597
11073,1646338.5949,2129478.1771
11074,1646221.5826,2128028.1538
11075,1649179.2085,2130047.4146
11076,1650934.0669,2129605.3136
11077,1650803.3984,2129517.3053
11078,1646312.6435,2126289.588
11079,1647938.6552,2127533.5518
11080,1657579.8064,2127400.8154
11081,1655839.7333,2126730.1877
11082,1657047.661,2127445.0644
11083,1654906.6015,2123920.0574
11084,1653304.7973,2125036.6702
11085,1653509.0491,2123358.7369
11086,1653423.124,2121810.4615
11087,1650072.696,2119458.9654
11088,1649949.1794,2120829.1723
11089,1657388.5454,2125159.5232
11090,1657949.032,2125794.6159
11091,1672007.6729,2128240.0721
11092,1669059.3428,2123726.0089
11093,1669060.8187,2123717.6878
11094,1669033.1227,2123690.0019
11095,1670568.1998,2122113.2064
11096,1670235.3987,2119572.5301
11097,1671885.4693,2119974.0244
11098,1673378.7304,2120294.0387
11099,1671960.035,2119989.9968
11100,1673127.2947,2118668.6478
11101,1671187.7234,2115671.5464
11102,1673004.2873,2116078.0933
11103,1671229.6127,2114901.8777
11104,1681049.4176,2112992.1029
11105,1682176.211,2113934.4278
11106,1683765.62,2114690.4122
11107,1685460.3215,2118659.742
11108,1674305.9393,2118890.7357
11109,1675281.509,2117577.33
11110,1674730.0315,2119063.2477
11111,1676292.953,2118277.2978
11112,1675932.2685,2119906.4754
11113,1676892.4923,2118760.1947
11114,1674963.1039,2120303.6408
11115,1674436.9784,2121663.3318
11116,1674737.9774,2120585.3551
11117,1675757.3252,2120803.8027
11118,1674667.7468,2120119.5131
11119,1674540.3173,2120029.1845
11120,1682411.906,2121540.6102
11121,1681165.2064,2121488.0479
11122,1680646.8698,2121777.7008
11123,1680606.7956,2121845.9045
11124,1683001.2984,2121552.4834
11125,1680118.5696,2123603.3093
11126,1680998.6312,2123800.3592
11127,1680255.1083,2123711.3102
11128,1680255.8336,2123701.2611
11129,1682873.9454,2124389.5961
11130,1685165.3607,2124121.8358
11131,1692256.6576,2118823.7861
11132,1692988.5788,2122055.262
11133,1683717.9703,2127415.4525
11134,1686764.3797,2128358.537
11135,1687412.8288,2129693.3074
11136,1687485.0747,2130067.5838
11137,1687518.1622,2131549.0086
11138,1688539.9012,2132799.9165
11139,1688833.5663,2134209.5463
11140,1688734.9333,2135313.3613
11141,1688462.9744,2127720.438
11142,1688979.7009,2128082.2453
11143,1689833.2055,2128779.7242
11144,1688917.6988,2128213.0049
11145,1688936.1766,2128518.6978
11146,1688349.9348,2128026.3347
11147,1688372.7526,2128241.177
11148,1688382.0867,2129796.1253
11149,1689595.1704,2130464.4159
11150,1690423.067,2131741.2724
11151,1690245.1953,2130060.4139
11152,1688779.3794,2129274.1157
11153,1686457.9215,2136309.7165
11154,1686553.5917,2135278.726
11155,1684346.618,2132342.7095
11156,1685550.9723,2131450.7003
11157,1684376.8128,2131638.7652
11158,1680581.2259,2127587.9574
11159,1680043.2788,2128064.7707
11160,1678473.8316,2130367.2367
11161,1680434.0695,2129650.9314
11162,1681868.1754,2131993.4991
11163,1684717.2889,2135329.568
11164,1682542.8561,2135711.5393
11165,1682873.8391,2135981.9145
11166,1682650.001,2135860.4051
11167,1682651.6137,2135842.4423
11168,1679767.276,2135413.7264
11169,1680337.5374,2137088.199
11170,1681477.2549,2138043.5932
11171,1684065.0499,2140390.1919
11172,1683117.2045,2136959.585
11173,1681370.5605,2140002.3935
11174,1685633.9329,2142459.4198
11175,1685184.7713,2141763.523
11176,1685114.7033,2141659.0757
11177,1681675.7136,2146602.7982
11178,1681478.0323,2144908.9438
11179,1677795.3096,2140463.1651
11180,1677837.9546,2141942.8861
11181,1678536.2672,2142638.2413
11182,1673286.3704,2137488.2545
11183,1671044.0382,2136340.1261
11184,1668226.1339,2135112.6865
11185,1672553.6143,2129547.6608
11186,1676667.6932,2125860.4703
11187,1675677.512,2125684.2508
11188,1674627.6936,2126588.383
11189,1683167.6021,2100193.4026
11190,1682685.9678,2098587.3837
11191,1686169.4982,2102383.2154
11192,1684556.2222,2104650.5623
11193,1685043.565,2103318.4582
11194,1685186.7997,2103047.7185
11195,1683883.6754,2103465.0125
11196,1683676.5369,2107615.7037
11197,1681351.2286,2107826.283
11198,1682073.197,2105894.4232
11199,1682606.652,2103581.1336
11200,1682641.04,2103816.6472
11201,1687146.1659,2100943.8625
11202,1687134.4529,2097619.1265
11203,1692757.5225,2099635.321
11204,1693978.537,2101405.8485
11205,1692941.0027,2101502.3562
11206,1692827.0119,2102607.9812
11207,1691935.6727,2103111.2785
11208,1690083.9964,2102569.1065
11209,1688914.0536,2107580.0665
11210,1690909.2199,2105381.6261
11211,1684813.4691,2108486.7826
11212,1687485.6167,2106530.9936
11213,1685517.9131,2106732.0444
11214,1690325.5851,2099815.3867
11215,1688312.9632,2099542.758
11216,1687202.4219,2103570.1674
11217,1689689.2546,2100294.8221
11218,1685674.1972,2105669.6372
11219,1687090.6956,2103514.7016
11220,1689981.894,2100323.6371
11221,1693783.364,2099213.3495
11222,1694223.4156,2097393.7217
11223,1694553.6238,2101108.7621
11224,1695386.4482,2097687.796
11225,1696745.7432,2097719.0009
11226,1696833.0348,2096714.7182
11227,1695902.3095,2100597.1547
11228,1698246.1673,2098995.7225
11229,1699478.8752,2098980.9224
11230,1699360.0155,2096328.7228
11231,1700988.5937,2099635.1719
11232,1701875.1638,2102819.3542
11233,1700834.813,2099927.0078
11234,1700987.5241,2099641.2603
11235,1698082.301,2107250.9368
11236,1697864.7314,2107374.0763
11237,1699763.1812,2102847.2808
11238,1697944.4381,2105990.4142
11239,1700168.365,2105058.1219
11240,1697342.4677,2103878.3784
11241,1696100.0774,2103156.4145
11242,1696307.9025,2103243.6665
11243,1696202.8917,2106056.9937
11244,1696601.9971,2106485.0264
11245,1696869.3341,2108642.1756
11246,1693329.1568,2110717.4066
11247,1694786.4656,2113020.9739
11248,1696038.3471,2114492.6831
11249,1696987.9693,2117233.8358
11250,1695512.2509,2111085.5195
11251,1697256.8284,2110969.7602
11252,1697655.0164,2113863.703
11253,1693946.6605,2117148.3852
11254,1694191.2958,2119161.3909
11255,1693907.6544,2117315.644
11256,1692934.4937,2118339.2536
11257,1690649.8147,2115514.3669
11258,1690163.8041,2116999.1054
11259,1688768.021,2112561.8157
11260,1683713.5199,2113279.1411
11261,1683607.7618,2112189.2943
11262,1690540.1618,2108021.3264
11263,1691736.4162,2107945.4217
11264,1689379.1543,2108172.9617
11265,1692301.4018,2107743.8973
11266,1691833.1088,2106057.3787
11267,1691865.9822,2104981.5586
11268,1706313.1049,2101508.5441
11269,1708745.3543,2099226.006
11270,1708390.7521,2098309.1827
11271,1708213.3712,2097939.9697
11272,1707784.1573,2097484.4019
11273,1710662.1834,2101232.8887
11274,1712188.4765,2101077.1915
11275,1711277.0042,2098465.4755
11276,1708691.9147,2095871.7337
11277,1711705.9355,2098010.53
11278,1709019.3573,2095279.2485
11279,1717140.5052,2093426.844
11280,1717211.076,2094568.7309
11281,1712928.1424,2096516.1311
11282,1717014.4455,2092661.9636
11283,1716600.4038,2090703.6635
11284,1719445.6072,2089674.339
11285,1719884.5911,2087636.6584
11286,1720568.0966,2090045.4039
11287,1720940.4717,2087958.8982
11288,1725955.4951,2090383.2477
11289,1725277.3473,2092160.7804
11290,1726433.9205,2093628.8395
11291,1725452.2066,2095987.8461
11292,1727057.2497,2096357.6184
11293,1726857.9148,2094021.6632
11294,1725811.3179,2096686.6628
11295,1725959.4859,2096821.7376
11296,1725756.7689,2098068.7094
11297,1725969.3232,2098133.9642
11298,1728031.2387,2098221.1763
11299,1727795.7113,2095932.3965
11300,1729134.0807,2097944.5682
11301,1732631.9663,2099542.868
11302,1729749.3781,2096405.2616
11303,1727815.1165,2101190.0377
11304,1728089.3941,2101150.7681
11305,1733207.3701,2102103.4176
11306,1730674.3742,2104376.5401
11307,1730834.6172,2105813.7573
11308,1727823.2938,2101328.3637
11309,1727879.2233,2101519.2143
11310,1730029.6874,2106762.5132
11311,1726938.2847,2110220.8455
11312,1726549.1271,2109751.7445
11313,1725375.4873,2108805.1286
11314,1724937.7004,2102896.2622
11315,1724922.8509,2105384.385
11316,1724821.3409,2107236.4297
11317,1723530.4839,2102458.1609
11318,1722944.986,2103149.8225
11319,1723775.3182,2101336.0254
11320,1723182.5206,2100737.9489
11321,1722831.609,2097686.0025
11322,1721809.7664,2100004.5475
11323,1723065.5479,2102509.5825
11324,1723847.6579,2106131.7296
11325,1725708.9537,2109889.375
11326,1723044.4109,2109493.369
11327,1722138.2822,2109918.3194
11328,1722288.2589,2109846.3755
11329,1729027.8844,2113540.3554
11330,1728658.7352,2113834.3583
11331,1730091.5979,2112131.5419
11332,1731132.2845,2112347.8516
11333,1732157.3408,2116086.1782
11334,1733940.8425,2115051.5379
11335,1732161.598,2118313.1562
11336,1732540.5378,2120501.9239
11337,1732685.8177,2120439.5392
11338,1733602.823,2120505.1926
11339,1736198.7303,2117155.5976
11340,1735682.5958,2115595.6078
11341,1735208.6526,2122051.1477
11342,1733246.1537,2124494.1155
11343,1726733.1495,2116859.1497
11344,1722370.1672,2113135.3973
11345,1721540.8997,2112241.0843
11346,1718401.8035,2108863.0641
11347,1719580.9984,2107188.4082
11348,1720115.2671,2106017.2788
11349,1719928.3415,2103193.229
11350,1719793.1039,2103782.958
11351,1719761.0729,2103928.1771
11352,1720745.8521,2104549.6917
11353,1719795.543,2106589.9274
11354,1720254.4599,2115243.9869
11355,1720411.5093,2114286.3292
11356,1720576.344,2114041.8146
11357,1719284.6025,2110905.9643
11358,1719150.4915,2110718.8554
11359,1721398.5259,2116359.9831
11360,1724702.9417,2116778.9836
11361,1721710.1912,2116502.2142
11362,1724830.2078,2116985.5352
11363,1720202.606,2115327.0435
11364,1720137.1987,2115740.5076
11365,1722517.3063,2118596.5202
11366,1724331.3187,2119049.0529
11367,1724021.8093,2117996.4079
11368,1722786.1296,2121868.7955
11369,1720940.2074,2125315.0991
11370,1715859.415,2128913.9197
11371,1718961.1505,2123329.8952
11372,1717789.9233,2124699.0035
11373,1714985.7886,2127085.9095
11374,1714951.1591,2124062.2493
11375,1716017.229,2121100.2446
11376,1713470.2161,2123058.2664
11377,1714382.3572,2122419.5306
11378,1715874.2637,2120052.8258
11379,1712258.2711,2108819.0385
11380,1707017.6954,2117710.3714
11381,1704988.9418,2115413.8539
11382,1703259.8921,2116535.3144
11383,1701725.9381,2121838.9186
11384,1699254.3729,2116746.385
11385,1708337.6195,2116964.1179
11386,1710680.553,2115094.7243
11387,1711496.7954,2126297.7201
11388,1710688.2314,2127460.6277
11389,1710899.7722,2127507.2997
11390,1708857.152,2122924.7403
11391,1705391.3669,2125202.7099
11392,1708695.0857,2123041.5913
11393,1707556.2888,2121783.6983
11394,1701626.4465,2122887.5838
11395,1705546.5371,2118452.5364
11396,1705161.2416,2116469.2713
11397,1702638.4301,2119980.9356
11398,1717355.9593,2115919.762
11399,1716667.4203,2116340.1291
11400,1716425.0212,2117053.1696
11401,1714283.4877,2120061.4822
11402,1713462.4015,2118533.6742
11403,1713633.0813,2120799.9899
11404,1711519.6961,2120593.5199
11405,1714795.6481,2109251.4079
11406,1714684.8388,2109169.1913
11407,1715503.5991,2106556.5978
11408,1716761.308,2105251.067
11409,1712989.8456,2107293.9413
11410,1709812.6535,2108402.0556
11411,1712843.2341,2104368.1493
11412,1709355.7332,2107339.7035
11413,1706949.8792,2109581.1263
11414,1706308.4134,2112917.6398
11415,1707529.4586,2109961.8153
11416,1708247.0948,2112230.0098
11417,1707476.9076,2112274.8295
11418,1705113.9027,2108530.6797
11419,1703819.3195,2112084.3968
11420,1704996.883,2111530.1614
11421,1703088.7222,2114018.8531
11422,1697816.077,2112828.3962
11423,1700516.8074,2110097.9095
11424,1701610.3421,2108864.2814
11425,1701797.8041,2108133.7715
11426,1707627.3657,2104599.4671
11427,1706454.5634,2104267.9997
11428,1705167.6769,2104803.7081
11429,1702637.5285,2106739.8726
11430,1706259.2329,2105555.6599
11431,1703018.1357,2104731.7338
11432,1702860.148,2104794.3882
11433,1704335.9704,2103746.2531
11434,1705482.9659,2102846.8862
11435,1712912.3382,2101386.9452
11436,1716262.7848,2100085.423
11437,1719621.3335,2099765.8832
11438,1716923.9597,2099110.3093
11439,1716850.4274,2099233.2336
11440,1716450.7801,2098320.6766
11441,1715412.9492,2099499.817
11442,1715363.7084,2097760.0719
11443,1712470.5159,2098748.9709
11444,1712734.3872,2097951.1074
11445,1712963.487,2097940.6429
11446,1712497.1528,2098922.689
11447,1713935.2448,2099041.6678
11448,1720591.8207,2096265.096
11449,1719188.9248,2095598.5058
11450,1720323.3933,2097681.347
11451,1716705.6192,2097001.2224
11452,1720416.6388,2092755.6301
11453,1720136.5359,2092961.6145
11454,1719990.7466,2093517.5618
11455,1717589.0754,2094339.7267
11456,1718258.6348,2093279.7642
11457,1718435.5437,2091974.5571
11458,1721250.6335,2090973.1466
11459,1719510.2382,2090772.9382
11460,1726770.4463,2090499.9876
11461,1727424.2318,2088341.6077
11462,1731363.0631,2091179.39
11463,1730842.5065,2088580.8742
11464,1730626.9131,2091547.4105
11465,1732206.7473,2093914.7737
11466,1733225.9161,2097878.0671
11467,1734565.4469,2093521.1622
11468,1734683.1383,2093712.5272
11469,1735474.5436,2096252.4964
11470,1728939.0918,2091681.9187
11471,1728999.6302,2091886.9308
11472,1729881.8424,2095675.7222
11473,1727934.9495,2093663.2286
11474,1728029.787,2091326.4692
11475,1727882.6193,2091233.63
11476,1735453.585,2092756.056
11477,1737102.6759,2089942.7653
11478,1735052.4086,2084796.2664
11479,1738483.4936,2091142.4438
11480,1736771.2604,2091305.8463
11481,1738348.2505,2088059.1651
11482,1737288.5303,2085344.3969
11483,1739301.6884,2086904.0489
11484,1737560.1943,2085375.4014
11485,1740709.4501,2085713.5112
11486,1739227.6094,2083999.58
11487,1743097.8453,2081292.002
11488,1741529.2291,2082158.0474
11489,1744882.5193,2084091.9382
11490,1744864.3647,2086218.5631
11491,1742159.4625,2088533.2423
11492,1743634.3594,2089600.9103
11493,1744901.0241,2089058.8838
11494,1745637.1887,2091632.3687
11495,1741541.2703,2092191.3889
11496,1742625.5316,2093148.1426
11497,1743701.5563,2093829.8288
11498,1746497.5301,2096608.407
11499,1748547.1996,2094165.8076
11500,1749162.766,2094297.9866
11501,1744602.8774,2096634.5411
11502,1744312.8233,2097263.3087
11503,1743254.5001,2097103.1317
11504,1742569.2369,2096797.72
11505,1743377.2558,2097616.5398
11506,1740104.1368,2095322.3831
11507,1739945.723,2095292.2533
11508,1739782.553,2097733.1142
11509,1739877.6223,2097862.0641
11510,1739566.6338,2098919.586
11511,1738399.8035,2099326.1908
11512,1738471.9698,2099499.9228
11513,1737890.4022,2102023.2666
11514,1736070.911,2100718.4433
11515,1736836.0658,2095281.9438
11516,1739962.07,2094907.0958
11517,1737234.9434,2092875.7104
11518,1738140.1754,2093238.0301
11519,1739045.7068,2091384.3658
11520,1666611.8307,2127163.5199
11521,1666685.4834,2127108.2792
11522,1667856.9903,2121334.0934
11523,1668384.8448,2153802.4345
11524,1667527.9874,2153148.9994
11525,1686805.51429863,2087528.11960606
11526,1686630.1578,2087498.8389
11527,1686768.6337,2087801.3162
11528,1686815.9684,2087557.1434
11529,1664051.0564,2140518.6111
11530,1664029.3631,2140403.8462
11531,1663843.6903,2140123.0459
11532,1663757.9334,2139947.9929
11533,1659228.1573,2127727.1033
11534,1659302.0008,2127682.5064
11535,1659459.1231,2127524.6046
11536,1669495.888,2113661.6526
11537,1669482.6303,2113723.7146
11538,1655336.6274,2143368.5557
11539,1655202.5717,2143405.5942
11540,1655206.1023,2143401.0702
11541,1654870.204,2143576.0442
11542,1663855.4071,2140068.224
11543,1715345.124,2110838.0021
11544,1714785.124,2110235.9994
11545,1714719.4286,2111187.5092
11546,1711761.1222,2113623.9963
11547,1710907.1268,2114939.9999
11548,1675753.1258,2117362
11549,1676201.1256,2117992.0015
11550,1677111.127,2118454.0052
11551,1656055.1235,2128603.9985
11552,1655579.1244,2130003.9942
11553,1662768.1276,2108213.0036
11554,1663139.1294,2107828.0001
11555,1661260.9009,2108680.0142
11556,1664847.1238,2103823.996
11557,1664735.1285,2104467.9989
11558,1667983.1297,2105783.9976
11559,1664371.1232,2105629.9959
11560,1666261.1231,2106777.9964
11561,1665911.1195,2107086.0009
11562,1681283.1271,2094611.8799
11563,1682305.1237,2105784.0042
11564,1657315.1227,2153020.0048
11565,1717627.1291,2085077.8731
11566,1718033.1248,2085161.8713
11567,1648797.141,2144116.0735
11568,1682657.1927,2121874.8476
11569,1726584.6209,2044680.2875
11570,1726853.4012,2044546.4304
11571,1728396.4409,2043670.5071
11572,1722260.1187,2033691.2894
11573,1722485.8224,2033583.581
11574,1724117.7029,2032445.275
11575,1722490.9833,2027984.8782
11576,1724063.5198,2029425.7911
11577,1724253.9028,2025666.5791
11578,1727334.7851,2027247.0335
11579,1726046.0376,2016583.7519
11580,1728662.0449,2016740.791
11581,1725887.1278,2014587.8803
11582,1728953.5187,2015415.6419
11583,1726740.415,2012710.9983
11584,1729511.326,2014266.9978
11585,1727940.1,2011559.3632
11586,1730075.7834,2013109.4667
11587,1729003.7785,2050345.5751
11588,1730475.5614,2049616.4865
11589,1726243.4956,2039144.5124
11590,1727240.4522,2038809.1388
11591,1729850.2812,2048361.6507
11592,1727868.3464,2041826.2631
11593,1726013.3861,2035117.1766
11594,1726938.8459,2027470.8905
11595,1729481.2107,2024938.3243
11596,1728749.4183,2021722.6801
11597,1728822.695,2018406.4764
11598,1730631.1866,2018235.8615
11599,1729131.3642,2015058.3016
11600,1730236.4189,2015278.24
11601,1730543.588,2012239.3582
11602,1733206.3908,2012083.23
11603,1735532.8251,2010601.1924
11604,1736467.1502,2009499.5137
11605,1737048.3468,2008886.8719
11606,1738149.1884,2007808.0502
11607,1738453.5433,2007482.6609
11608,1738648.0886,2007279.7914
11609,1738967.7906,2006934.328
11610,1739352.8236,2006546.662
11611,1739977.4005,2005977.7014
11612,1741196.7586,2004882.5538
11613,1741980.2383,2004145.8371
11614,1743417.9113,2002911.659
11615,1746209.7725,2000516.5982
11616,1747126.4759,1999668.1304
11617,1748357.1286,2004339.8757
11618,1748692.7062,1998293.0661
11619,1750645.9589,1996660.5775
11620,1751561.6795,1995733.9882
11621,1747610.9941,1999242.7546
11622,1733629.1244,2005977.8796
11623,1737945.5601,2001825.0134
11624,1723268.2077,2025822.0927
11625,1732301.1865,2008351.3775
11626,1740658.305,2000561.1127
11627,1728432.6271,2048976.4156
11628,1725005.832,2036346.0139
11629,1727721.121,2009603.871
11630,1727959.1218,2009533.8788
11631,1723532.7161,2002136.8177
11632,1723938.854,2002401.1589
11633,1722723.7365,2001663.9799
11634,1722066.0955,1999964.0137
11635,1721090.046,1995952.7704
11636,1719623.1493,2008058.0713
11637,1719761.0203,2008560.6183
11638,1719770.2289,2008561.4022
11639,1719839.1182,2008623.8775
11640,1719081.626,2005280.8808
11641,1718564.9112,2004294.1491
11642,1717819.8489,2003693.4423
11643,1716564.513,2001556.1103
11644,1720305.3612,2047231.0765
11645,1721174.863,2046993.58
11646,1719972.7085,2049737.5984
11647,1720728.1258,2048194.8726
11648,1717137.1271,2054389.871
11649,1717192.1022,2053888.7759
11650,1717902.243,2054730.3476
11651,1714227.4232,2059362.5674
11652,1714904.1246,2058974.8749
11653,1711196.2111,2063660.5878
11654,1710801.7828,2062241.5187
11655,1711491.1009,2064223.4297
11656,1711319.0307,2063889.3995
11657,1710902.8626,2064924.5788
11658,1710784.2827,2065066.7044
11659,1710779.3766,2065112.8659
11660,1710196.9937,2065432.1515
11661,1710391.851,2065306.6419
11662,1709989.5946,2065591.669
11663,1708914.2383,2066304.8102
11664,1708728.2214,2066650.0512
11665,1708352.4247,2066801.7422
11666,1707772.9055,2066764.7269
11667,1706623.539,2067687.3775
11668,1704177.1137,2069632.0629
11669,1704402.4118,2070196.4058
11670,1703998.8129,2070452.2454
11671,1703800.0623,2071957.1492
11672,1703266.9705,2073423.3425
11673,1703246.7437,2073930.6086
11674,1702132.4496,2074763.7219
11675,1702045.8532,2074865.5616
11676,1701839.2322,2074938.6189
11677,1700736.1239,2074666.7947
11678,1699801.6022,2075336.9786
11679,1698409.9097,2077210.8809
11680,1697227.343,2076948.8527
11681,1693487.1608,2079527.7323
11682,1691986.4651,2079115.9508
11683,1688788.3887,2078236.94
11684,1687041.1279,2078073.62
11685,1709190.488,2062410.1726
11686,1708498.0206,2062915.4131
11687,1708097.2175,2062673.2555
11688,1708140.9137,2062590.923
11689,1706869.8863,2061091.0964
11690,1705370.0413,2061777.3309
11691,1704718.5925,2062307.2175
11692,1703558.165,2062062.2597
11693,1703744.5006,2061029.5115
11694,1702023.3304,2061844.3184
11695,1701697.2021,2061648.3281
11696,1700917.0962,2061467.5332
11697,1700187.8181,2061457.6449
11698,1699847.6018,2061662.5115
11699,1699266.9628,2063428.6655
11700,1697432.7607,2063742.4747
11701,1697152.4185,2063776.6141
11702,1694508.529,2067739.2619
11703,1694539.248,2067548.3703
11704,1695133.274,2064758.7362
11705,1694583.0021,2067533.1737
11706,1694260.3405,2066502.0525
11707,1692065.6779,2069519.257
11708,1692495.672,2069016.3934
11709,1692611.0125,2068839.2576
11710,1692612.5279,2068841.4636
11711,1692304.1229,2070063.5483
11712,1692882.8055,2072673.8585
11713,1692417.1438,2074726.9336
11714,1692878.6153,2072699.3678
11715,1691392.9981,2074842.4078
11716,1689395.2169,2074622.6643
11717,1689215.9642,2074641.8179
11718,1688821.5886,2074918.9047
11719,1683218.495,2075439.4475
11720,1683218.6422,2077319.7233
11721,1698598.7747,2059337.8366
11722,1693540.5734,2059063.3166
11723,1692934.3312,2060601.0076
11724,1691840.6408,2060656.935
11725,1690057.5184,2061679.2084
11726,1685768.746,2064604.154
11727,1722513.126,2041271.8748
11728,1723003.1259,2041551.8768
11729,1725061.1243,2043399.8709
11730,1722177.1273,2041103.879
11731,1721043.1197,2040823.8754
11732,1720672.1252,2040550.8714
11733,1718530.1206,2038044.8727
11734,1716772.6268,2037924.2387
11735,1716779.4167,2037927.4056
11736,1716222.9989,2038696.9142
11737,1717361.1235,2038051.8748
11738,1718505.5607,2038069.4422
11739,1716419.1803,2039345.9644
11740,1716419.609,2042881.5213
11741,1715556.9635,2045756.3847
11742,1714178.1983,2048324.7491
11743,1713870.2752,2048614.6106
11744,1711672.4719,2049335.3399
11745,1709798.2468,2049942.7545
11746,1709729.0475,2051360.6541
11747,1707721.2753,2053148.8133
11748,1707522.1941,2055257.4774
11749,1706288.6958,2056957.0634
11750,1715694.3642,2038521.4205
11751,1712610.6892,2036933.653
11752,1711490.4154,2035996.658
11753,1711505.8457,2035511.8189
11754,1710436.7804,2035806.4689
11755,1708183.1601,2034926.9841
11756,1707728.7836,2034871.3801
11757,1706708.3467,2037521.7391
11758,1705803.702,2038423.7418
11759,1706182.8358,2039079.6901
11760,1705957.3613,2039805.0323
11761,1704833.7514,2040515.6722
11762,1705006.9312,2041027.6784
11763,1705022.6003,2043006.4597
11764,1703842.8949,2045667.0165
11765,1702607.2972,2046670.9319
11766,1702155.6442,2048603.9911
11767,1702099.5578,2048673.2479
11768,1701706.1725,2050802.3836
11769,1701394.1908,2051391.0518
11770,1700785.8498,2054016.8792
11771,1701614.0646,2055734.5067
11772,1703937.1141,2041419.7113
11773,1702510.2205,2042427.1434
11774,1700900.8214,2044630.7151
11775,1699376.3947,2045205.2965
11776,1697657.3014,2046661.2598
11777,1696219.942,2049465.5983
11778,1694686.6641,2051470.2612
11779,1718470.2591,2037985.0051
11780,1718173.125,2037099.8711
11781,1718411.868,2037876.1273
11782,1718425.1291,2037897.8775
11783,1718021.1263,2036497.9602
11784,1716844.774,2033937.1982
11785,1715630.531,2032355.0814
11786,1715500.6828,2032276.9181
11787,1715277.7801,2030910.7081
11788,1715129.1003,2031723.525
11789,1713800.7069,2029423.5541
11790,1707309.7654,2031226.9485
11791,1705773.3083,2034049.7226
11792,1704735.7933,2035390.081
11793,1701238.9939,2039425.4444
11794,1718657.5017,2008304.4849
11795,1719545.4372,2008639.6634
11796,1719564.8375,2008653.6922
11797,1719819.0189,2008648.0079
11798,1714517.7722,2005772.4236
11799,1717237.5472,2007987.2821
11800,1721283.2008,2012761.5148
11801,1722682.3257,2012677.7471
11802,1720669.328,2012409.9259
11803,1719683.8427,2013114.043
11804,1719441.0784,2013720.0476
11805,1718066.0112,2013835.2487
11806,1716341.8931,2014939.108
11807,1716142.5074,2015323.4566
11808,1726431.8586,2010827.2681
11809,1726570.9925,2010933.7004
11810,1726643.1193,2010947.8761
11811,1726366.805,2010747.4739
11812,1725566.9375,2009854.0186
11813,1725714.2966,2010064.6124
11814,1725454.513,2009459.4069
11815,1722556.1552,2007271.5081
11816,1722393.952,2041442.4249
11817,1722434.9207,2041372.6023
11818,1722151.6233,2041691.5019
11819,1722179.4712,2041610.953
11820,1722356.8255,2041541.9606
11821,1722302.704,2041530.1806
11822,1722300.9336,2041527.7753
11823,1722142.1277,2041726.8667
11824,1721216.8493,2042304.2309
11825,1722083.3021,2041744.8692
11826,1721186.3059,2042468.189
11827,1721053.8073,2042615.18
11828,1720056.4293,2042450.4747
11829,1718782.8241,2042572.0656
11830,1717471.1911,2043294.2931
11831,1718191.904,2045429.9745
11832,1717887.8323,2045773.1757
11833,1717754.7908,2046668.0557
11834,1717693.5728,2045990.7196
11835,1717801.3272,2046856.6596
11836,1717782.1582,2046755.3642
11837,1717782.9679,2046743.8348
11838,1717843.4543,2046947.193
11839,1710040.4037,2038205.7486
11840,1708776.4772,2040305.7087
11841,1707634.0353,2041138.1329
11842,1708577.7978,2040354.2865
11843,1713801.7654,2029300.4055
11844,1711655.0069,2028202.7819
11845,1709907.5277,2026090.2726
11846,1710696.2372,2027033.2025
11847,1709507.3187,2026143.29
11848,1709317.9533,2026149.8047
11849,1709057.585,2026450.6143
11850,1707459.4057,2029189.4169
11851,1712513.1988,2037156.5134
11852,1709513.1243,2041489.8369
11853,1709288.8919,2041963.2889
11854,1709456.4366,2043858.1136
11855,1722186.7562,2021805.7155
11856,1722191.1253,2022245.8707
11857,1717460.4301,2016878.3651
11858,1713714.0098,2051047.6219
11859,1713695.6673,2051676.1179
11860,1713466.993,2051956.9912
11861,1712671.1716,2052972.5476
11862,1712979.5591,2054609.129
11863,1712815.3026,2054665.222
11864,1703788.3336,2070448.3796
11865,1703238.9794,2070047.9269
11866,1702792.1785,2069756.3988
11867,1702655.4473,2069626.8962
11868,1702327.8978,2069474.2008
11869,1701793.4768,2069407.6252
11870,1700022.3482,2070484.7507
11871,1699182.8797,2071059.6255
11872,1699061.3292,2071085.9521
11873,1699058.4824,2071051.2442
11874,1696608.6781,2071773.0013
11875,1694588.9929,2073992.7669
11876,1708051.5637,2062658.0526
11877,1705044.5768,2064359.5947
11878,1702045.4733,2065243.9529
11879,1701666.5599,2066675.5967
11880,1698691.8451,2058665.4377
11881,1697522.764,2058736.6927
11882,1697308.4934,2058559.4917
11883,1696931.3606,2057319.1433
11884,1694939.1748,2056439.6923
11885,1693000.7281,2055789.4431
11886,1692581.844,2054647.6343
11887,1691283.6021,2054289.747
11888,1691149.1565,2054208.3672
11889,1690425.7474,2055775.9633
11890,1704035.611,2037125.5728
11891,1704162.1793,2037039.987
11892,1702475.1171,2039053.8094
11893,1696303.8263,2076655.9522
11894,1692817.8942,2077548.218
11895,1710649.2405,2059345.1318
11896,1713613.2526,2059851.6009
11897,1713651.1228,2059863.8768
11898,1710024.9603,2059371.8613
11899,1708326.8167,2058886.4734
11900,1705258.3601,2058126.1463
11901,1711088.2298,2067114.2256
11902,1711935.0991,2067876.0138
11903,1712754.0604,2069227.4159
11904,1712785.1101,2069334.1655
11905,1712539.1733,2069776.2982
11906,1712759.6145,2069414.9308
11907,1712104.7623,2071001.6714
11908,1712494.383,2069887.2621
11909,1708250.7809,2068356.7743
11910,1708172.7346,2071794.3645
11911,1707787.0854,2070415.6785
11912,1707825.0953,2070335.9854
11913,1707822.8881,2070250.1055
11914,1708890.9111,2072958.4365
11915,1709512.6328,2073665.873
11916,1709875.7377,2073821.0507
11917,1710627.612,2074569.945
11918,1710023.4493,2073994.914
11919,1710020.8408,2073980.1195
11920,1710701.4633,2074656.8739
11921,1711297.5256,2074925.7532
11922,1710832.1879,2074766.6959
11923,1710830.8786,2074756.5718
11924,1711650.0402,2075188.8251
11925,1713934.8553,2074447.7593
11926,1707937.6676,2048902.3234
11927,1706724.2852,2051018.3927
11928,1705180.962,2053915.4708
11929,1704800.2139,2054740.563
11930,1704184.1185,2056385.6846
11931,1702959.5689,2056244.0152
11932,1702803.8649,2056273.4971
11933,1701281.0216,2042023.9133
11934,1700469.8502,2041844.2873
11935,1700384.1907,2041715.7032
11936,1697630.5053,2042582.0972
11937,1697436.6873,2043112.2373
11938,1696527.6124,2043819.072
11939,1697464.5626,2043293.9641
11940,1696263.5281,2044795.7314
11941,1695519.0973,2046629.0771
11942,1725704.5825,2017529.1705
11943,1725574.9887,2017367.0752
11944,1721542.671,2007465.523
11945,1721071.3992,2008848.6736
11946,1720973.1273,2008875.8775
11947,1728473.4868,2009129.7733
11948,1727939.0845,2009501.6786
11949,1727967.4479,2007549.5386
11950,1727287.3598,2008708.7428
11951,1728959.5575,2008009.7054
11952,1726900.2691,2009102.216
11953,1726911.8228,2009100.5829
11954,1726944.1222,2009148.8737
11955,1721538.0728,2001678.7486
11956,1720971.2665,2001371.5193
11957,1717608.2313,2000040.4066
11958,1720651.248,2003278.5465
11959,1718428.987,1998554.8249
11960,1719659.7965,1997812.2513
11961,1722818.0118,1998652.4398
11962,1721176.1293,2004156.7929
11963,1724221.4003,2003363.1247
11964,1724276.4692,2003288.2585
11965,1724305.1216,2003317.8745
11966,1724271.6002,2003286.1211
11967,1722427.8076,2005636.9852
11968,1725865.567,2005052.1308
11969,1725936.1222,2005004.8721
11970,1723214.0251,2010543.881
11971,1722039.3819,2011004.6845
11972,1722016.1258,2011024.8738
11973,1716199.2141,2005054.5918
11974,1717764.8647,2007695.2624
11975,1721046.413,2014203.5776
11976,1720169.3628,2014752.7992
11977,1715074.3626,2013199.2499
11978,1718068.7873,2010971.9427
11979,1714931.5659,2010519.4768
11980,1715188.5184,2011882.7368
11981,1723640.9323,2012582.018
11982,1723661.1247,2012585.8793
11983,1726652.6667,2012605.2562
11984,1726444.1706,2012651.7305
11985,1726312.975,2012544.4096
11986,1726222.86629444,2012403.91619093
11987,1726230.4081,2012403.06
11988,1726484.1114,2012775.9335
11989,1726676.21966771,2012791.92902475
11990,1726681.69,2012803.2132
11991,1721542.4111,2015191.0066
11992,1724260.1694,2014446.7708
11993,1726026.9232,2014555.8991
11994,1725744.0151,2014305.2975
11995,1725746.3334,2014312.884
11996,1725719.1276,2014363.8752
11997,1725817.0687,2014596.8128
11998,1725741.1834,2014874.2953
11999,1725849.6,2014624.9127
12000,1720188.0089,2016089.047
12001,1723368.6722,2016957.5697
12002,1725729.0975,2016444.0518
12003,1725806.48,2016573.7751
12004,1725815.8466,2016577.2175
12005,1725831.1267,2016617.8751
12006,1725691.1242,2016449.8784
12007,1724490.005,2015378.8382
12008,1725284.6577,2016166.1317
12009,1725511.2526,2016320.4792
12010,1725579.1259,2016309.8778
12011,1722497.5638,2016379.379
12012,1716984.2966,2019242.1229
12013,1717020.4501,2019478.3632
12014,1717018.6266,2019758.8363
12015,1717067.1212,2019893.874
12016,1716852.3883,2018617.5287
12017,1717237.4166,2018541.2741
12018,1717359.2657,2018431.3053
12019,1716690.1496,2018002.0634
12020,1716504.2926,2019683.5637
12021,1716542.1194,2019774.8753
12022,1715619.6281,2016766.1641
12023,1715677.8591,2019574.4174
12024,1715723.4772,2019703.3367
12025,1715017.9769,2018435.0865
12026,1715078.8049,2018575.0706
12027,1715004.7111,2018430.3222
12028,1714261.0424,2018142.3147
12029,1715309.3805,2020142.512
12030,1714560.6126,2021084.4979
12031,1714402.5485,2021632.8149
12032,1723897.71661588,2023038.87879096
12033,1723145.1383,2024053.9709
12034,1722970.3337,2024336.1346
12035,1719935.8164,2023706.8409
12036,1719440.3839,2023816.8101
12037,1714478.5643,2024465.8556
12038,1721235.793,2026740.8137
12039,1721638.7689,2027185.5439
12040,1721229.4386,2026521.5587
12041,1721362.9301,2026133.2666
12042,1721267.7452,2025907.8074
12043,1722294.4102,2034018.9851
12044,1722096.4448,2033744.8989
12045,1722069.6719,2033773.1857
12046,1721660.5589,2033841.5859
12047,1721154.4165,2033870.4925
12048,1720340.956,2035073.9754
12049,1722081.5097,2034014.6222
12050,1721159.9161,2035454.4166
12051,1720861.8381,2033462.9235
12052,1719052.4137,2032176.4475
12053,1720577.7883,2033217.334
12054,1718255.8346,2030758.7924
12055,1718345.1988,2033164.2092
12056,1721677.1939,2033729.7293
12057,1723248.2308,2041187.49
12058,1723039.5258,2041483.2527
12059,1723040.4403,2041486.1519
12060,1722254.62,2040863.5257
12061,1722189.9067,2041030.5312
12062,1722201.0864,2041035.962
12063,1722290.6404,2040745.3881
12064,1719144.0101,2037695.2762
12065,1718740.2523,2037455.1119
12066,1719382.6982,2037959.8698
12067,1719486.8223,2037919.5471
12068,1719694.8576,2038088.2212
12069,1719465.5308,2037993.6544
12070,1720046.3018,2037243.4727
12071,1720045.4441,2037140.9265
12072,1719531.6216,2037855.8152
12073,1720400.1762,2038588.2901
12074,1720350.4031,2038509.2027
12075,1720425.9328,2038777.6231
12076,1714609.4513,2034712.8132
12077,1713541.8164,2031771.4812
12078,1703822.6954,2034115.6816
12079,1706608.1373,2030561.9898
12080,1705685.9952,2030731.019
12081,1702945.5184,2033788.0937
12082,1703733.9588,2033414.5926
12083,1704923.5586,2029294.8891
12084,1709472.9089,2026243.4481
12085,1709408.6475,2026410.6514
12086,1708993.8605,2025980.4825
12087,1709607.0841,2024517.345
12088,1713418.9448,2028597.5514
12089,1711713.2716,2023747.9556
12090,1712584.1022,2027888.0842
12091,1713804.7861,2025820.5166
12092,1713536.0782,2028284.4737
12093,1714263.9997,2033033.827
12094,1715219.232,2032409.8578
12095,1713821.2387,2033008.2592
12096,1714156.6842,2034165.3568
12097,1716007.1588,2032400.3583
12098,1716203.9005,2032301.4786
12099,1715621.0905,2046195.532
12100,1716356.4527,2048722.9998
12101,1715947.7976,2050066.997
12102,1715270.2255,2050764.5199
12103,1715440.2949,2051651.8925
12104,1714105.1636,2053274.3762
12105,1714126.5278,2053389.2547
12106,1712546.0528,2053168.3803
12107,1712006.5993,2054887.986
12108,1712043.5457,2055037.7537
12109,1711169.8437,2055393.3381
12110,1713676.7905,2051656.2624
12111,1713568.1527,2051291.4147
12112,1711581.2482,2051031.882
12113,1709788.5166,2052578.2403
12114,1709989.3644,2054732.0369
12115,1709155.9276,2053802.526
12116,1708467.5123,2054880.799
12117,1708506.37,2054986.3711
12118,1707676.7437,2055600.8409
12119,1707910.0426,2056777.5236
12120,1707927.0389,2056912.4505
12121,1708500.9907,2056040.2162
12122,1708903.4277,2056274.8555
12123,1708589.5813,2056106.7511
12124,1709018.5274,2056349.788
12125,1703752.0124,2058120.7275
12126,1704484.5327,2054805.6281
12127,1704419.2523,2054927.8754
12128,1702543.4467,2054418.2801
12129,1702572.6525,2054581.9225
12130,1706574.2307,2051056.5582
12131,1705986.8831,2051114.9287
12132,1705205.9533,2050973.6609
12133,1707308.2901,2049153.6346
12134,1706597.6771,2049221.899
12135,1706105.4897,2047707.924
12136,1705385.6651,2048847.5993
12137,1706816.9345,2047694.9562
12138,1714267.6639,2044092.472
12139,1715184.1241,2040982.4908
12140,1714440.0795,2039074.9839
12141,1713306.2607,2041121.9878
12142,1712701.0191,2042339.2153
12143,1709896.5512,2045694.08
12144,1709846.5504,2045746.1696
12145,1707981.5582,2046122.0083
12146,1713719.2239,2042692.2561
12147,1708287.283,2047403.7738
12148,1708440.1045,2045046.1019
12149,1710591.4263,2042835.059
12150,1712571.0943,2040368.6451
12151,1712187.6906,2040531.8433
12152,1710000.0153,2042900.4405
12153,1707517.7507,2042774.37
12154,1707408.9943,2042847.7825
12155,1711322.0454,2037715.9295
12156,1710616.7842,2037263.0498
12157,1708052.5625,2038743.7574
12158,1708357.1102,2037203.7897
12159,1707557.6596,2039809.1468
12160,1707574.0787,2039899.3489
12161,1707063.8224,2042042.9434
12162,1705285.0237,2043199.26
12163,1706453.5973,2044867.8933
12164,1706498.5843,2045371.1257
12165,1706811.7154,2045956.3682
12166,1707025.9199,2046546.3272
12167,1707001.1191,2046577.8751
12168,1706624.8472,2047015.3354
12169,1706978.6623,2046633.1367
12170,1707810.7843,2045415.5506
12171,1706982.4382,2046450.2322
12172,1706956.4692,2046486.5873
12173,1706955.143,2046485.574
12174,1706927.2006,2046372.5966
12175,1705398.8201,2045293.2211
12176,1704148.8094,2046052.7575
12177,1705722.0319,2046889.5089
12178,1704198.3287,2048038.4673
12179,1703350.06,2049241.0464
12180,1703625.9121,2049263.591
12181,1703524.7547,2049254.9738
12182,1703951.8532,2049220.8671
12183,1703222.3343,2052434.4666
12184,1701958.8884,2051842.9016
12185,1701868.0493,2051726.3357
12186,1701960.1578,2051833.1716
12187,1701878.0252,2051728.4833
12188,1699997.4267,2055132.5801
12189,1699946.3988,2055250.1219
12190,1699630.2067,2052205.2658
12191,1697030.4179,2054020.0023
12192,1699815.2271,2053189.2448
12193,1699817.1684,2053467.681
12194,1699886.5386,2053540.292
12195,1698483.11,2055635.8417
12196,1699939.8284,2049399.7856
12197,1699713.3985,2049901.9088
12198,1699479.1932,2050176.8054
12199,1699392.8485,2050362.8216
12200,1698523.7943,2049853.3797
12201,1698197.496,2049777.9789
12202,1698073.8622,2049837.961
12203,1696088.1695,2052713.2124
12204,1699454.2145,2048699.9968
12205,1699358.7785,2048592.9225
12206,1700011.6969,2047232.9955
12207,1700558.1808,2046104.5954
12208,1700562.3896,2046228.766
12209,1694830.3558,2049903.8547
12210,1695688.137,2047675.2391
12211,1697939.664,2044497.7349
12212,1700373.3217,2043095.6883
12213,1694966.1792,2045715.4451
12214,1694615.1015,2044845.2218
12215,1695701.7772,2042941.1821
12216,1700677.8481,2040493.5778
12217,1701527.3182,2040686.6683
12218,1703224.871,2040537.0277
12219,1703558.5727,2039176.5714
12220,1704315.9509,2037917.6836
12221,1705336.8472,2037229.5548
12222,1706548.0467,2035296.988
12223,1709106.8491,2032863.0771
12224,1717473.7659,2041342.0821
12225,1717328.5876,2038068.9464
12226,1720400.1052,2040588.2976
12227,1720631.8525,2040565.2783
12228,1720264.8312,2040653.3273
12229,1720888.6495,2040959.7793
12230,1721000.6521,2040847.7036
12231,1720812.4006,2040990.4301
12232,1721077.1447,2043620.273
12233,1719916.3859,2043637.8261
12234,1718991.3581,2044016.4245
12235,1718923.3848,2044248.0843
12236,1718889.0038,2045104.0892
12237,1718882.1766,2044425.4656
12238,1718926.5016,2044255.7141
12239,1719514.7911,2045508.0485
12240,1718539.8112,2046778.6168
12241,1717045.0169,2045300.9635
12242,1718163.6621,2048707.1048
12243,1718964.6197,2047632.2371
12244,1720293.8889,2047231.4093
12245,1718769.1558,2050292.927
12246,1719945.8679,2049740.785
12247,1718673.4552,2050188.1034
12248,1716924.27,2050458.1103
12249,1717088.2633,2050462.3116
12250,1717184.4694,2050422.9011
12251,1718060.6535,2050209.512
12252,1718175.1765,2050168.8376
12253,1716710.8266,2050527.1021
12254,1718728.3961,2050882.4363
12255,1717813.2567,2052173.8679
12256,1717622.9402,2051284.7389
12257,1717551.1098,2051389.8062
12258,1718464.1153,2049575.6385
12259,1718359.906,2049403.3475
12260,1719002.2436,2052180.8162
12261,1719332.832,2052496.8789
12262,1719360.7044,2052516.2907
12263,1718862.524,2052053.2802
12264,1716331.826,2052184.5904
12265,1717177.0793,2053864.5964
12266,1715548.631,2054029.6191
12267,1715759.2642,2054458.666
12268,1715834.7853,2054656.1844
12269,1717102.3957,2054396.8475
12270,1715766.1966,2054458.8233
12271,1715318.4235,2052436.3052
12272,1715734.8857,2052902.3013
12273,1713827.513,2059045.3442
12274,1714202.097,2059360.4911
12275,1710674.4593,2056555.6397
12276,1710814.1466,2056635.9448
12277,1711000.6409,2056820.9058
12278,1711998.4069,2057812.4331
12279,1710902.7464,2056726.1035
12280,1710923.5293,2056748.998
12281,1712181.567,2057870.6898
12282,1713360.7713,2058668.1321
12283,1712004.4914,2057814.0241
12284,1710607.4518,2056472.8212
12285,1709665.8606,2060322.39
12286,1709577.6028,2060384.5196
12287,1707276.6393,2057295.6504
12288,1710367.4715,2057976.8068
12289,1710320.9573,2057835.4588
12290,1708865.7011,2057027.7043
12291,1710278.455,2056729.204
12292,1710193.9452,2056608.4622
12293,1713005.3679,2066085.7959
12294,1710958.7954,2065377.6417
12295,1710992.1781,2065461.0161
12296,1712914.7646,2069779.3666
12297,1712793.2439,2069414.3773
12298,1712960.4565,2069889.0417
12299,1711936.738,2068542.9273
12300,1711931.585,2068625.7773
12301,1710508.0049,2068050.6789
12302,1710473.3229,2068127.0935
12303,1709590.6493,2068073.9188
12304,1712297.2438,2072120.5132
12305,1711057.7222,2071125.6795
12306,1710960.7986,2071083.177
12307,1711796.0383,2072848.4546
12308,1713077.8375,2073400.4679
12309,1713012.6859,2074197.1161
12310,1711763.3271,2075402.4316
12311,1711951.0917,2075842.1711
12312,1707291.2867,2075512.2535
12313,1706956.1861,2074565.4505
12314,1706489.6825,2072742.4644
12315,1703826.8504,2071952.4946
12316,1704575.4388,2073320.0218
12317,1704587.1589,2070638.1318
12318,1703939.6609,2075435.5697
12319,1706832.9668,2077191.5172
12320,1706506.9838,2075433.2507
12321,1702003.51,2075438.8561
12322,1702017.1885,2075470.7033
12323,1700959.6646,2076670.3723
12324,1701450.5996,2076131.8452
12325,1700561.3009,2077032.2867
12326,1700650.2343,2078269.1926
12327,1700214.8516,2078943.158
12328,1699609.0251,2079855.4911
12329,1697550.3919,2080707.9067
12330,1696977.2905,2081337.3295
12331,1697183.4005,2081169.2244
12332,1697410.7567,2080806.39
12333,1695994.795,2082757.2289
12334,1696197.9946,2082782.5389
12335,1696315.0962,2082645.1295
12336,1693887.5992,2083405.6446
12337,1702994.9876,2079632.8357
12338,1701004.6785,2079647.9176
12339,1700945.8664,2083185.272
12340,1700825.0786,2083266.5288
12341,1702605.3398,2080440.0785
12342,1700645.1643,2080600.7995
12343,1700157.8496,2081300.1577
12344,1699726.4594,2082263.6002
12345,1693348.3841,2081755.7032
12346,1696517.2052,2080745.4572
12347,1696539.2104,2080619.0794
12348,1700867.2273,2076597.767
12349,1700933.8579,2076457.4646
12350,1704154.9764,2076802.362
12351,1701645.9789,2076003.8428
12352,1698591.2831,2078717.9465
12353,1692685.0399,2081198.7786
12354,1691313.1267,2080547.2092
12355,1690188.2529,2080124.4307
12356,1691117.5592,2080594.3112
12357,1691230.952,2080581.9932
12358,1689836.5135,2079975.3839
12359,1689919.3576,2081519.3801
12360,1689913.0671,2081428.8607
12361,1688653.561,2078648.4961
12362,1693383.139,2077698.5814
12363,1695592.3226,2074549.3399
12364,1699672.458,2073420.1299
12365,1702024.2823,2072265.6684
12366,1700199.651,2072739.3194
12367,1697972.9617,2072375.6858
12368,1694981.2948,2071459.9054
12369,1697420.5193,2069492.869
12370,1701620.1171,2069077.0187
12371,1701719.0488,2069098.4987
12372,1701771.046,2069368.6278
12373,1701714.0711,2069133.1665
12374,1699935.2274,2068238.0164
12375,1697449.2856,2067103.0186
12376,1699766.7345,2068675.9688
12377,1699540.7025,2069046.4157
12378,1701775.8628,2067368.5981
12379,1702319.2183,2069228.77
12380,1702988.5416,2069374.0654
12381,1702952.4662,2068485.7182
12382,1702468.2718,2067419.7593
12383,1702948.6169,2068408.782
12384,1703500.7148,2066678.9956
12385,1706482.2696,2065567.6969
12386,1707428.9156,2064984.0218
12387,1709781.3212,2064926.9713
12388,1709591.8823,2064909.3386
12389,1710636.6751,2065081.7919
12390,1707313.0002,2064155.728
12391,1704078.4057,2066180.2852
12392,1701990.5448,2065247.732
12393,1703456.0723,2063252.4437
12394,1702908.6413,2063458.5678
12395,1701995.9774,2063566.7562
12396,1700946.808,2064120.2321
12397,1700493.652,2065916.3824
12398,1697585.4907,2065786.8863
12399,1694562.4623,2067763.9543
12400,1695769.7714,2069384.5586
12401,1694365.1617,2071366.7866
12402,1689681.1155,2072633.4222
12403,1685829.4051,2077312.1683
12404,1685167.2135,2078918.8584
12405,1684540.1944,2077546.2695
12406,1684440.9338,2077624.5676
12407,1679841.2463,2074891.2968
12408,1689235.7485,2074585.7451
12409,1686298.606,2072493.4695
12410,1690843.8803,2073310.8786
12411,1688131.5124,2070196.9992
12412,1689400.4593,2068678.7197
12413,1694728.4068,2061671.3261
12414,1698090.652,2061581.1764
12415,1693236.9912,2062079.7247
12416,1692131.7309,2061925.9771
12417,1689678.9625,2061679.0967
12418,1688566.9121,2061077.9733
12419,1687896.6928,2062074.6774
12420,1686275.446,2062392.094
12421,1687830.6468,2062202.1047
12422,1688371.6091,2059567.2597
12423,1689356.359,2060377.0343
12424,1688667.4263,2058227.7271
12425,1691222.4295,2056765.6103
12426,1690917.7185,2054134.9902
12427,1690433.4657,2052698.462
12428,1689515.031,2053125.1617
12429,1691516.5051,2052296.6624
12430,1692742.0922,2052130.0958
12431,1694978.6944,2055225.9701
12432,1696493.994,2056490.7257
12433,1697453.3629,2055322.6626
12434,1695877.7979,2054553.7821
12435,1694922.1291,2054051.9025
12436,1694813.7154,2053813.5375
12437,1694870.8938,2052745.2286
12438,1698766.5404,2058330.0464
12439,1699538.2328,2055938.7336
12440,1701537.6296,2056748.8269
12441,1702543.5055,2059173.404
12442,1702575.5282,2058293.7947
12443,1702572.53,2059098.3322
12444,1703403.2645,2059047.2645
12445,1704061.3138,2058605.3948
12446,1706532.9671,2059834.112
12447,1706481.2814,2059775.6193
12448,1708539.3535,2060832.8154
12449,1713858.2125,2066098.3257
12450,1713410.5603,2063610.1253
12451,1714636.122,2065958.0697
12452,1713491.6695,2061368.2296
12453,1713517.9489,2060111.6476
12454,1714265.7849,2062108.9298
12455,1713563.671,2061664.7276
12456,1717633.9519,2061493.4553
12457,1714369.7168,2062223.4148
12458,1713498.9796,2060100.1469
12459,1715526.0692,2061149.9361
12460,1714233.6613,2059653.4012
12461,1714217.1532,2059634.0481
12462,1714962.6816,2059051.1
12463,1714917.2874,2058999.2345
12464,1714929.8937,2059083.3369
12465,1716432.3629,2060893.2814
12466,1715474.4734,2059978.7493
12467,1715332.0048,2059840.1187
12468,1715434.2205,2059927.0824
12469,1715388.0625,2059910.3532
12470,1714640.5019,2059287.9922
12471,1714479.0152,2059426.0381
12472,1717957.2943,2060813.3047
12473,1716080.5268,2058142.4335
12474,1716059.1182,2058113.873
12475,1717176.4286,2057654.106
12476,1716779.6994,2057381.3989
12477,1716750.7185,2057370.7889
12478,1718560.2084,2057997.3967
12479,1719261.1958,2059677.4257
12480,1718926.9638,2057875.1862
12481,1718926.4021,2057830.4475
12482,1718959.9242,2057570.0565
12483,1720172.9358,2057443.1074
12484,1718319.1736,2059459.195
12485,1717994.9756,2056758.9608
12486,1716493.5518,2056103.9859
12487,1716472.1205,2056104.8718
12488,1718654.4295,2056511.5049
12489,1717891.1043,2054762.7833
12490,1718780.6827,2054476.2119
12491,1718667.1495,2054204.7966
12492,1718846.9355,2056018.0525
12493,1718800.4036,2054551.3585
12494,1718656.1288,2054172.8771
12495,1719312.0753,2054568.2939
12496,1718923.6748,2053866.9768
12497,1718896.0962,2053842.2928
12498,1719713.7011,2055445.6866
12499,1720940.6496,2057242.8353
12500,1722654.2702,2055526.8615
12501,1721196.3006,2054873.5409
12502,1719617.5171,2056159.5813
12503,1719745.8427,2056481.4566
12504,1719630.9419,2056251.7395
12505,1719876.3079,2056675.198
12506,1722763.027,2053571.7131
12507,1720322.1277,2051468.2546
12508,1720308.1239,2051442.8764
12509,1720988.8625,2048359.0585
12510,1720740.629,2048221.0086
12511,1721325.4047,2050552.9158
12512,1721090.8484,2048446.8625
12513,1720742.7088,2048210.1306
12514,1721567.6818,2048162.2527
12515,1721491.9095,2048025.0209
12516,1721443.2194,2047940.9316
12517,1721258.347,2047003.0937
12518,1721496.1803,2048016.2884
12519,1721613.103,2048284.9943
12520,1722750.4376,2048375.1219
12521,1721982.6375,2046966.5673
12522,1721970.3818,2046941.8672
12523,1726418.6604,2045182.2316
12524,1726286.1707,2045376.4762
12525,1725518.9786,2047198.3611
12526,1725359.2827,2047636.0139
12527,1725326.1383,2050024.9785
12528,1725111.4551,2051602.8107
12529,1723336.0276,2051247.8239
12530,1724151.2474,2050320.3824
12531,1723085.8396,2052917.6305
12532,1724238.6799,2050273.796
12533,1724237.0714,2050281.1983
12534,1725231.0958,2047668.4896
12535,1723727.7941,2049519.5766
12536,1725179.1828,2047717.5405
12537,1725230.8413,2047668.4874
12538,1723224.6603,2049037.3677
12539,1726206.3437,2045317.1032
12540,1726166.1017,2045135.1123
12541,1726041.1013,2044939.9265
12542,1727670.0099,2049530.0584
12543,1727745.6267,2049535.8017
12544,1692013.6717,2067604.159
12545,1693231.7477,2067265.5894
12546,1691235.1286,2067056.4942
12547,1690662.8327,2066456.7506
12548,1691009.4069,2066786.9593
12549,1691186.1249,2067032.8414
12550,1691067.0531,2066975.7799
12551,1691081.9885,2066976.8454
12552,1688708.3475,2065952.4553
12553,1687552.1169,2066566.1242
12554,1690310.3952,2066636.2342
12555,1725490.2086,2017957.6131
12556,1725512.5748,2017831.2401
12557,1725403.057,2018014.7599
12558,1725013.4207,2018171.4275
12559,1725283.3769,2018091.0877
12560,1725401.8964,2018020.0813
12561,1724344.7391,2018272.5864
12562,1725382.7697,2017054.8598
12563,1725509.8545,2017098.2739
12564,1724512.1045,2017054.2795
12565,1723768.2329,2017808.4309
12566,1724116.3588,2017724.1191
12567,1725489.9185,2016928.3101
12568,1725327.7039,2018987.9837
12569,1724953.4349,2018612.4904
12570,1725680.1418,2017972.7217
12571,1725660.6689,2017766.3657
12572,1725612.3561,2017929.0835
12573,1719960.9743,2027791.3683
12574,1720041.6008,2027811.5502
12575,1718154.9471,2027447.9141
12576,1718018.3049,2027436.5292
12577,1717534.6734,2029373.3198
12578,1717891.2323,2027416.7224
12579,1715847.355,2025905.846
12580,1716965.7378,2025372.493
12581,1717093.5862,2025164.0961
12582,1691832.7092,2063196.606
12583,1693306.1332,2064155.0056
12584,1694634.7715,2064945.5544
12585,1691091.1625,2062740.7666
12586,1691057.405,2064238.9305
12587,1691007.9296,2064325.3277
12588,1707451.2722,2026304.7626
12589,1708340.2165,2025367.8235
12590,1706955.8606,2026597.0009
12591,1707389.6639,2025441.5808
12592,1722015.3125,2041879.6622
12593,1722203.5981,2041807.8015
12594,1723885.1229,2023001.8753
12595,1726535.4094,2024067.5392
12596,1723783.4136,2016555.5369
12597,1724543.7,2016743.5387
12598,1725962.7836,2010354.9855
12599,1715009.1212,2058883.8755
12600,1716397.7123,2057666.6072
12601,1723001.1487,2012001.3565
12602,1723801.1288,2012375.8767
12603,1724473.1169,2012865.866
12604,1724732.127,2012774.8752
12605,1725173.1347,2012347.8767
12606,1725047.1258,2011689.8663
12607,1725159.1288,2011479.8696
12608,1721519.3668,2010222.7346
12609,1725139.7744,2043470.6007
12610,1712849.7188,2061563.5056
12611,1712920.3362,2061550.5707
12612,1724526.4985,2016787.0612
12613,1724543.1252,2016813.8775
12614,1718437.5923,2037877.0959
12615,1722243.9852,2042367.78
12616,1722120.6162,2042094.2038
12617,1722122.8466,2042083.9625
12618,1722291.566,2042433.2653
12619,1708341.9981,2070268.7118
12620,1708450.8042,2070313.4099
12621,1712862.2568,2061595.9517
12622,1725754.1122,2016652.8773
12623,1725426.9188,2014191.521
12624,1725691.1211,2014335.8757
12625,1725593.1227,2011283.8769
12626,1725663.1232,2011213.8718
12627,1725922.1257,2011080.8756
12628,1726104.1205,2010996.876
12629,1726503.126,2011213.8751
12630,1727063.1271,2011311.873
12631,1727301.1231,2011395.8703
12632,1727700.1236,2011276.8659
12633,1727833.1273,2011437.873
12634,1728085.1216,2010401.8728
12635,1714911.3318,2057074.2663
12636,1715043.8541,2056974.526
12637,1712226.5516,2056137.8806
12638,1712087.4721,2056244.0636
12639,1716364.3468,2057655.7382
12640,1714996.6381,2055759.647
12641,1715162.7622,2055612.1148
12642,1714957.9898,2055475.657
12643,1713319.1563,2054942.9142
12644,1716334.6396,2055851.5523
12645,1716362.4116,2055835.2505
12646,1724042.0424,2016988.6936
12647,1725158.3219,2016855.8711
12648,1725187.1769,2016855.8771
12649,1725272.2422,2016827.9501
12650,1726567.3383,2009245.5238
12651,1726784.0298,2009163.8629
12652,1711922.0342,2061795.308
12653,1712360.1355,2061641.4199
12654,1688648.9693,2079672.8266
12655,1715387.1229,2032255.8725
12656,1717928.1242,2007972.8803
12657,1710725.1217,2027397.8778
12658,1713343.128,2028405.8712
12659,1701555.1248,2075921.8744
12660,1721321.5548,2028169.0251
12661,1721373.0396,2028165.7639
12662,1721707.9165,2027264.6328
12663,1726043.4865,2016610.4197
12664,1725991.6873,2017037.9648
12665,1725748.2244,2017034.2026
12666,1725378.8062,2050772.1488
12667,1726402.0576,2050473.4125
12668,1725983.4572,2051621.2041
12669,1727470.6043,2049577.349
12670,1727173.9844,2050681.9217
12671,1726345.8254,2051431.5787
12672,1728276.3728,2051175.1682
12673,1726102.7472,2052583.0754
12674,1725768.7913,2039251.2151
12675,1724114.7314,2038998.4401
12676,1724410.5068,2037092.9369
12677,1724939.9374,2036426.3944
12678,1723915.385,2037969.666
12679,1723814.6058,2037112.159
12680,1730227.9379,2008490.6333
12681,1730685.0451,2009088.9292
12682,1730207.9992,2008523.0399
12683,1729757.9176,2010199.5965
12684,1792513.1229,1994189.8727
12685,1792216.1282,1993032.2295
12686,1793150.1237,1994448.876
12687,1795817.1281,1995547.8757
12688,1795775.1273,1995673.8751
12689,1798535.7544,1993706.6477
12690,1795915.9001,1995376.4046
12691,1798813.1218,1993615.8746
12692,1801031.9776,1991761.6726
12693,1798996.4069,1993426.7661
12694,1791254.7593,1999740.7416
12695,1791521.0229,1995811.1901
12696,1793022.3865,2002778.1591
12697,1791066.865,2000731.8734
12698,1793562.1073,2002810.7183
12699,1779787.1255,1999817.8761
12700,1778793.1285,1997815.8685
12701,1780725.1232,2000811.8768
12702,1780655.1127,2000587.8722
12703,1780333.1297,2007013.8747
12704,1781649.123,2006019.8747
12705,1780223.7017,2007081.2943
12706,1781903.2245,2012466.494
12707,1781661.2456,2010831.2128
12708,1782716.2781,2015046.133
12709,1783534.2942,2017192.9444
12710,1782576.5711,2015629.944
12711,1784037.973,2019097.7166
12712,1784635.2974,2020405.6487
12713,1784174.0004,2021053.4891
12714,1784138.8865,2022441.964
12715,1784160.39,2022849.1893
12716,1784710.292,2024070.1044
12717,1784897.8916,2026437.2003
12718,1778361.8289,2011143.3779
12719,1778024.4446,2009951.0615
12720,1778121.1244,2009785.8767
12721,1778420.0281,2011703.0377
12722,1778533.3935,2011959.6309
12723,1778283.1259,2012928.779
12724,1778285.5968,2012755.8703
12725,1778438.3694,2012140.7945
12726,1778494.0388,2012134.8145
12727,1778438.7615,2012142.0619
12728,1778291.8882,2012748.8983
12729,1778128.351,2013390.999
12730,1778194.3621,2013468.7977
12731,1778242.2063,2013534.8428
12732,1778405.3607,2014502.7207
12733,1778333.9986,2015549.0503
12734,1779445.3728,2024184.222
12735,1779860.3618,2022005.9145
12736,1779427.5054,2024343.2302
12737,1778525.0723,2026040.5056
12738,1778362.0018,2026282.3968
12739,1778324.4453,2026368.5618
12740,1777722.2972,2028039.0478
12741,1778042.8757,2028573.0477
12742,1778050.5977,2029851.6841
12743,1777904.1237,2009736.88
12744,1777386.127,2010464.8748
12745,1774509.1254,2014685.8681
12746,1775272.1253,2012956.8743
12747,1774292.1201,2015042.8743
12748,1772865.0994,2016032.4361
12749,1774185.4703,2015617.5405
12750,1770124.9974,2020900.5664
12751,1770515.8543,2019889.2355
12752,1768984.2518,2021689.2865
12753,1768924.5368,2023273.8839
12754,1769068.723,2024407.2584
12755,1769161.2887,2024535.6748
12756,1768307.9912,2029144.2668
12757,1768274.9555,2028275.7705
12758,1768393.7678,2026911.1706
12759,1767650.4673,2031662.3142
12760,1767805.8598,2032075.4442
12761,1767980.5401,2032910.7088
12762,1767828.4394,2032771.643
12763,1768308.8537,2034802.5769
12764,1767351.4612,2037450.7088
12765,1767855.7122,2035931.3055
12766,1767439.3933,2038085.2647
12767,1767016.738,2042844.6715
12768,1766899.6584,2043993.2174
12769,1767189.0534,2045135.217
12770,1767103.075,2046976.5379
12771,1766424.7471,2049287.3733
12772,1766400.0287,2050842.77
12773,1766469.3888,2034607.4549
12774,1767160.0626,2033084.9729
12775,1766389.3208,2035393.7298
12776,1766251.3982,2036889.7905
12777,1765482.8649,2039304.1266
12778,1765556.1721,2039911.7621
12779,1763920.3135,2045333.1884
12780,1763467.5512,2045870.6609
12781,1765036.6314,2037940.4721
12782,1765438.0122,2037344.1829
12783,1762438.3322,2042195.7645
12784,1762101.8588,2042535.846
12785,1760740.0859,2043516.8358
12786,1761063.0537,2043087.02
12787,1759571.3759,2044753.7674
12788,1759702.2951,2046096.9363
12789,1759072.9907,2047078.5055
12790,1765993.2907,2024538.0002
12791,1764815.8987,2025606.4341
12792,1764924.993,2025313.9357
12793,1763990.4352,2026196.1678
12794,1762347.7946,2026783.3963
12795,1762859.9244,2026511.4101
12796,1761201.2736,2027297.4107
12797,1760302.4226,2027406.7989
12798,1760179.5717,2027437.1831
12799,1759922.782,2029303.5944
12800,1759502.5035,2028182.1651
12801,1759862.5934,2032207.288
12802,1759923.2273,2030433.765
12803,1759379.7736,2032856.3363
12804,1759316.1681,2033118.0782
12805,1759105.0379,2034040.6634
12806,1759075.7866,2034541.3326
12807,1758698.4254,2035642.2874
12808,1758400.5536,2036306.361
12809,1758326.596,2036337.1411
12810,1758170.3603,2036932.952
12811,1759206.2234,2038486.1453
12812,1748469.1211,2008175.8774
12813,1748413.1246,2008105.8788
12814,1750079.1264,2009407.8671
12815,1754923.123,2010261.8705
12816,1754783.1299,2010107.8744
12817,1757499.1233,2009939.8702
12818,1759803.7575,2011549.6433
12819,1759389.2537,2010991.8449
12820,1759857.4829,2011574.7727
12821,1760512.6805,2012036.502
12822,1760597.4336,2012084.3505
12823,1761161.0334,2012667.5343
12824,1763086.7221,2013018.7383
12825,1764916.6034,2014341.9837
12826,1756987.1507,2015985.2038
12827,1757043.5704,2015466.9001
12828,1757275.1223,2015049.8725
12829,1757096.6051,2016396.0049
12830,1756996.0936,2016880.8075
12831,1756658.5044,2017722.6423
12832,1755680.4551,2018429.323
12833,1755689.2895,2018412.8932
12834,1755542.8987,2018721.8645
12835,1754529.72,2019600.7972
12836,1754367.5204,2019903.8735
12837,1754344.2636,2020757.627
12838,1754272.8614,2021280.3326
12839,1753882.8788,2021517.4286
12840,1753746.0928,2021705.2806
12841,1753808.3916,2022428.1824
12842,1753606.6753,2022688.3986
12843,1753555.4795,2022721.7667
12844,1752901.6104,2023631.1907
12845,1753412.0938,2023068.8487
12846,1752320.1755,2024795.2489
12847,1752266.4648,2025471.5494
12848,1752143.4632,2025725.4672
12849,1751995.6249,2025963.4028
12850,1750885.8235,2030337.7956
12851,1751394.8992,2026466.5934
12852,1732649.1231,2018633.8788
12853,1732439.1262,2018465.8706
12854,1733496.1296,2019018.8732
12855,1736534.1227,2020432.8721
12856,1735169.1214,2019795.8766
12857,1736541.128,2020467.8681
12858,1736499.1218,2020537.8752
12859,1736289.1189,2020719.8727
12860,1736324.124,2020866.8732
12861,1736359.1219,2021629.8716
12862,1736660.1277,2021874.8768
12863,1739342.3643,2025581.935
12864,1739227.0409,2025461.9495
12865,1736863.1222,2022623.8766
12866,1738807.9199,2025052.018
12867,1738641.126,2024597.8782
12868,1736996.1226,2022588.8712
12869,1737327.8955,2023563.3635
12870,1740096.0008,2027179.5864
12871,1741525.6707,2028096.3573
12872,1741473.8657,2028284.5307
12873,1742227.9572,2027799.6478
12874,1742595.8927,2027849.088
12875,1743395.8417,2028324.8993
12876,1744588.8864,2030197.9984
12877,1744195.2149,2029890.571
12878,1746556.8202,2030836.749
12879,1751666.9435,2034143.1705
12880,1738443.7517,2031808.0856
12881,1738336.0507,2031934.0393
12882,1739709.3487,2030978.8489
12883,1739485.817,2031326.1409
12884,1742096.9515,2030334.0025
12885,1734315.1208,2037771.8779
12886,1732313.1289,2038653.871
12887,1738739.1232,2038051.8803
12888,1737899.1216,2037603.8773
12889,1736849.1212,2037799.8677
12890,1739473.2387,2037941.8796
12891,1739289.0753,2038040.4574
12892,1739285.6765,2038039.7083
12893,1739841.0559,2037723.5978
12894,1741091.209,2038180.491
12895,1741623.5703,2038560.5236
12896,1742018.4922,2038558.3049
12897,1743850.3421,2037756.7249
12898,1744437.698,2037747.0405
12899,1744365.8498,2037733.836
12900,1744036.9403,2037424.9301
12901,1745373.4613,2037759.0008
12902,1744854.7072,2037644.6324
12903,1744850.0049,2037647.4642
12904,1746380.9665,2037960.109
12905,1747533.8043,2036835.4374
12906,1749774.7444,2036165.9655
12907,1748420.6988,2036461.0436
12908,1750115.5543,2035918.0455
12909,1750317.4984,2035563.3672
12910,1750751.6207,2035511.9809
12911,1751006.6297,2035384.348
12912,1751328.0916,2035352.774
12913,1753476.9036,2034489.2761
12914,1752538.1155,2034707.9387
12915,1752219.9988,2034873.3896
12916,1752520.8288,2034708.6698
12917,1755729.6354,2017389.0223
12918,1756009.1489,2017454.0801
12919,1755068.017,2017463.2211
12920,1753337.138,2016346.1994
12921,1750799.3449,2016632.4624
12922,1748437.5352,2016576.6022
12923,1778105.3601,2018695.2543
12924,1776762.9645,2021573.8125
12925,1778008.9163,2018836.4971
12926,1778106.589,2018698.2415
12927,1772407.9763,2028918.8541
12928,1774546.2002,2029708.798
12929,1774637.5242,2029845.1485
12930,1777689.0184,2031839.4814
12931,1777623.1222,2009207.0492
12932,1778290.8692,2008953.9427
12933,1778401.1252,2008987.8811
12934,1777367.93,2009194.7774
12935,1775479.5894,2009196.4631
12936,1775367.4604,2009213.4785
12937,1771919.3173,2009813.1172
12938,1774829.1265,2009545.3904
12939,1768640.6266,2011236.3429
12940,1770507.1054,2030512.909
12941,1768516.3679,2029401.0206
12942,1768454.832,2029295.3097
12943,1768520.2915,2029389.4731
12944,1768464.6925,2029305.8011
12945,1772545.8218,2035096.5093
12946,1770548.9168,2031018.935
12947,1733629.1194,2027719.8743
12948,1733536.2447,2027693.1408
12949,1733496.127,2027698.8717
12950,1737143.1274,2029147.8673
12951,1736916.5594,2029194.1115
12952,1737908.7697,2029242.2503
12953,1737555.6153,2029148.5932
12954,1737553.7484,2029153.2773
12955,1738266.3873,2029292.2239
12956,1739348.4914,2029236.7199
12957,1758944.6434,2028139.068
12958,1759484.8709,2028099.3847
12959,1758134.3325,2029527.0507
12960,1754732.7122,2032330.9585
12961,1754605.2629,2032404.9859
12962,1770003.4454,2039067.5482
12963,1767925.4873,2036080.9246
12964,1771065.9134,2040571.3379
12965,1783838.0792,2008793.3858
12966,1781796.1311,2006398.6844
12967,1781728.9656,2006090.8403
12968,1784286.3447,2009641.6356
12969,1784387.8583,2009877.5961
12970,1786050.2141,2009727.4308
12971,1786557.3683,2009984.1023
12972,1788022.3589,2013013.5297
12973,1744373.9357,2036446.0693
12974,1745998.4453,2034374.853
12975,1754575.3086,2034156.4445
12976,1759426.3075,2030059.9981
12977,1779730.6548,2025342.7105
12978,1780793.3765,2029192.842
12979,1779899.6374,2030509.0461
12980,1770763.8734,2022417.7123
12981,1775091.6811,2025042.0459
12982,1745511.5989,2033928.7049
12983,1736422.6882,2034566.5467
12984,1735273.5476,2034294.6884
12985,1764285.1961,2049453.6018
12986,1764017.916,2046340.4055
12987,1727838.0183,2031136.5215
12988,1727865.1692,2030005.8745
12989,1729209.5692,2030813.0091
12990,1729228.6718,2030748.9106
12991,1729268.5367,2030660.4715
12992,1729235.4721,2030658.5247
12993,1731760.286,2023451.6032
12994,1731620.7906,2025193.0588
12995,1742537.5765,2024781.6117
12996,1740903.6066,2025130.4222
12997,1734502.8873,2020687.5628
12998,1734191.8532,2020823.8095
12999,1732282.024,2031575.6443
13000,1732356.712,2031786.4934
13001,1732397.1276,2031835.874
13002,1762226.4919,2025108.4875
13003,1763391.3822,2025471.0907
13004,1761563.9001,2025026.225
13005,1734031.0651,2016957.9791
13006,1733914.4395,2016469.9699
13007,1741382.4332,2014529.4841
13008,1741836.2604,2014797.7097
13009,1741848.9157,2014853.8782
13010,1762083.421,2024997.8922
13011,1762174.449,2025018.1557
13012,1760916.2127,2024738.1051
13013,1757459.4929,2010531.9072
13014,1757331.1145,2010298.2224
13015,1757494.3328,2010063.9619
13016,1757595.434,2010396.6832
13017,1765694.683,2010302.6034
13018,1765098.475,2008744.9309
13019,1766626.004,2008591.8961
13020,1763918.4039,2008208.0575
13021,1763657.8542,2007792.425
13022,1763542.6797,2007488.096
13023,1762551.7277,2006346.8722
13024,1764054.4656,2008488.1383
13025,1767242.2645,2009909.6029
13026,1770865.9342,2009517.5086
13027,1762021.0166,2003444.9227
13028,1760691.5973,2003657.9143
13029,1768312.2783,2002494.7928
13030,1768425.059,2001573.7553
13031,1776824.6812,2001703.6826
13032,1774678.7221,2002362.7558
13033,1777331.7453,2001454.1479
13034,1776540.7595,1999312.6377
13035,1768770.6099,2007719.7763
13036,1794012.5958,2000201.0312
13037,1793641.7181,1998804.8374
13038,1793399.3942,2000630.5099
13039,1728164.5754,2030370.293
13040,1728090.5269,2029716.328
13041,1729198.1254,2029112.872
13042,1728981.1287,2028853.8751
13043,1728673.1247,2028377.8748
13044,1728743.1262,2027831.8672
13045,1729289.1292,2029511.8694
13046,1729289.1277,2029329.8714
13047,1729540.9619,2029882.4596
13048,1729495.3007,2029796.4029
13049,1728278.5534,2029006.558
13050,1728576.8345,2028606.8885
13051,1729117.3433,2030538.3257
13052,1729195.6439,2030166.8918
13053,1729264.9221,2029824.9993
13054,1729267.0349,2029556.0559
13055,1730206.9751,2030492.0227
13056,1730252.5866,2029087.1706
13057,1729934.3921,2028868.2947
13058,1729934.1245,2028869.0392
13059,1729304.6209,2029106.6091
13060,1729802.8469,2028632.2827
13061,1729082.0446,2028333.644
13062,1728820.6144,2027909.3618
13063,1729780.805,2028887.3514
13064,1729911.8264,2028474.9094
13065,1730049.7132,2028161.0548
13066,1730185.1761,2027917.5519
13067,1730248.1236,2027628.8775
13068,1730248.1263,2027446.869
13069,1730647.1243,2027075.866
13070,1730199.1272,2027873.8696
13071,1730283.1238,2027663.8763
13072,1730166.5196,2028441.0925
13073,1729358.9819,2027866.3301
13074,1730173.5035,2027450.4136
13075,1730184.6746,2027439.162
13076,1729759.123,2027969.1723
13077,1730212.3886,2027650.4974
13078,1729895.4069,2028408.3326
13079,1730171.3784,2028276.7743
13080,1730199.645,2027910.2043
13081,1730441.1684,2027723.9102
13082,1730304.2255,2027678.3634
13083,1730596.8275,2027411.3116
13084,1730623.2692,2027277.9599
13085,1730654.1221,2027250.8743
13086,1730479.7421,2027818.9429
13087,1730478.9098,2027787.2579
13088,1730272.5352,2028380.1732
13089,1730649.193,2027845.3194
13090,1730601.9602,2027955.7842
13091,1730803.6534,2027976.0567
13092,1730786.9163,2027804.428
13093,1730750.9041,2027946.207
13094,1730852.5962,2028023.4669
13095,1731030.2987,2028154.0092
13096,1731556.0676,2026685.6522
13097,1731148.6459,2026864.7043
13098,1731081.1242,2026767.8772
13099,1731123.1248,2026655.8687
13100,1731422.6368,2026541.1175
13101,1731210.6032,2026639.3306
13102,1731210.1986,2026641.6283
13103,1731546.0312,2027116.3568
13104,1732474.6998,2027452.5795
13105,1732770.9429,2027336.7034
13106,1732287.9793,2027831.6213
13107,1732124.3989,2027194.0609
13108,1732632.4397,2026959.4461
13109,1732649.1219,2026907.8736
13110,1732929.1234,2027187.8716
13111,1732931.0192,2027180.2869
13112,1732943.1283,2027131.8803
13113,1731773.8507,2029157.5097
13114,1732547.2337,2028818.5949
13115,1732049.3554,2029381.1293
13116,1732157.1052,2029231.5545
13117,1732953.323,2029887.8508
13118,1732749.0735,2029574.8974
13119,1731852.9734,2031218.352
13120,1732355.5005,2031242.5494
13121,1731679.8164,2031524.2199
13122,1731805.6588,2031467.9336
13123,1731791.2437,2031790.4301
13124,1731533.6476,2032093.4147
13125,1731405.0873,2032138.6054
13126,1731538.2351,2029641.3339
13127,1732033.7252,2029755.89
13128,1731094.1645,2031397.6384
13129,1733412.0417,2032074.4644
13130,1733181.3225,2031624.3352
13131,1733285.5379,2032180.4977
13132,1733421.1591,2032150.0093
13133,1733141.6901,2032224.9315
13134,1732698.0202,2032389.6979
13135,1732846.8989,2032532.8605
13136,1732384.7172,2032197.1419
13137,1732433.5,2032139.6106
13138,1731504.9847,2032433.788
13139,1732152.4512,2032537.2401
13140,1732719.9802,2031869.2575
13141,1732564.309,2031827.0335
13142,1732472.8313,2031766.2968
13143,1730728.3533,2032635.3997
13144,1731755.54,2032688.6799
13145,1732178.8326,2032592.9572
13146,1731180.8455,2033856.7188
13147,1731664.5688,2034094.7466
13148,1730501.6812,2037052.8952
13149,1731046.8585,2036621.3659
13150,1730470.8223,2037040.836
13151,1730480.93,2036924.878
13152,1732510.5842,2040440.2338
13153,1732067.4026,2038837.5783
13154,1732103.1221,2038737.8713
13155,1734742.7094,2040898.4617
13156,1736341.1851,2042745.385
13157,1734827.5911,2041670.9315
13158,1738912.5359,2043688.0255
13159,1737925.55,2044200.4663
13160,1737187.5834,2041198.6969
13161,1735295.5442,2040928.4754
13162,1739017.6104,2042182.6977
13163,1740728.6201,2042139.8066
13164,1738276.789,2040924.1656
13165,1739818.2461,2041650.1582
13166,1739987.513,2041490.5152
13167,1739981.382,2041541.6904
13168,1739921.6594,2041602.0512
13169,1739877.6627,2041602.8574
13170,1740069.1258,2041397.8716
13171,1740241.4613,2041344.2936
13172,1740183.3919,2041397.1457
13173,1740360.6797,2041318.0543
13174,1740655.1914,2041128.2413
13175,1740071.4126,2041367.2007
13176,1732723.6552,2040841.787
13177,1732798.2458,2040971.1692
13178,1733137.3467,2043034.0904
13179,1732667.2791,2044931.6296
13180,1732817.3708,2045876.0458
13181,1732842.6115,2045831.7151
13182,1734522.4803,2043872.7503
13183,1734513.523,2044684.9189
13184,1733124.0383,2039178.3389
13185,1732335.0613,2038676.0107
13186,1733858.534,2039004.1853
13187,1735244.7926,2039451.7957
13188,1733215.0801,2039046.1016
13189,1733573.9294,2039043.8456
13190,1736340.3801,2039732.8278
13191,1736182.83,2038109.1426
13192,1736149.1274,2038079.8726
13193,1737154.1818,2038696.3347
13194,1736821.957,2037806.2584
13195,1737411.8665,2039433.378
13196,1738977.3927,2038331.549
13197,1738735.2951,2038073.2832
13198,1739472.8814,2039790.7344
13199,1739429.2658,2040222.3386
13200,1739029.9269,2039028.5954
13201,1738757.4491,2039995.4013
13202,1738623.9084,2039466.9471
13203,1738753.6726,2040094.3647
13204,1738721.0765,2039283.5219
13205,1738817.1184,2039233.7793
13206,1742869.6896,2034136.7311
13207,1744622.3601,2036324.8777
13208,1744634.467,2036320.5224
13209,1746347.0108,2035179.1976
13210,1744721.5634,2036330.9839
13211,1744721.2363,2036330.047
13212,1747678.9524,2037077.5398
13213,1747665.9522,2037019.5135
13214,1752042.9233,2039466.9738
13215,1747765.0434,2037072.8844
13216,1752134.3098,2037116.9472
13217,1752011.5261,2038406.139
13218,1748929.6071,2034737.3961
13219,1747804.9213,2036716.6109
13220,1747527.6221,2039365.8579
13221,1743259.6407,2039745.9368
13222,1743609.5351,2040450.7606
13223,1744931.4105,2040009.4741
13224,1742179.4924,2040973.2594
13225,1742044.1174,2039073.4737
13226,1741986.9925,2038958.4325
13227,1742045.4733,2039059.1831
13228,1741995.8944,2038963.8331
13229,1742011.394,2041104.2685
13230,1740586.7602,2040327.8994
13231,1738984.7724,2035924.7999
13232,1737903.1062,2037579.8545
13233,1737907.655,2037579.441
13234,1736241.5135,2036709.1086
13235,1735301.3627,2037780.7734
13236,1735281.1233,2037799.8674
13237,1734376.002,2037405.96
13238,1734563.0903,2037820.1617
13239,1734539.1253,2037841.8803
13240,1734194.4924,2036943.0675
13241,1734210.8934,2036938.8158
13242,1734297.8481,2036918.5922
13243,1734551.0219,2036764.3313
13244,1733778.011,2036575.4317
13245,1731899.6248,2037166.9605
13246,1733879.3223,2036490.097
13247,1731865.1258,2037169.8758
13248,1732860.9881,2036735.582
13249,1731943.9891,2036533.2709
13250,1731921.122,2036567.8727
13251,1734167.4698,2034552.3403
13252,1734350.8574,2033954.5795
13253,1737281.5009,2034038.9661
13254,1736779.0558,2032541.3926
13255,1737458.7406,2035175.8829
13256,1739011.6801,2035276.7536
13257,1737726.166,2034512.601
13258,1737672.445,2034463.9884
13259,1737693.8131,2034468.7071
13260,1739568.6179,2034574.8876
13261,1738027.5722,2033215.9811
13262,1740078.0107,2033387.1728
13263,1738214.6972,2033139.0524
13264,1740973.3282,2034354.1401
13265,1741037.6378,2034436.6259
13266,1741608.7434,2033272.9921
13267,1740538.2846,2032527.4055
13268,1739365.9326,2031530.83
13269,1733595.6041,2028682.1737
13270,1733590.6317,2028003.4451
13271,1733494.4437,2027995.3511
13272,1733461.1232,2027957.8738
13273,1733670.4543,2027992.1621
13274,1733657.9142,2027745.1231
13275,1733707.0199,2028013.3645
13276,1734284.6722,2027930.66
13277,1733734.4186,2028216.3874
13278,1734845.7341,2028285.5707
13279,1734773.9405,2028014.9635
13280,1734710.4106,2027835.4746
13281,1734713.2273,2027799.3318
13282,1734717.5913,2027772.9983
13283,1736942.3991,2029719.8454
13284,1737519.7938,2030947.692
13285,1736993.1612,2029875.4996
13286,1737285.8472,2028805.4327
13287,1737152.0333,2029119.9695
13288,1737515.5088,2028406.9534
13289,1735499.3137,2027040.3286
13290,1735060.8413,2027684.2714
13291,1735071.1273,2027733.8704
13292,1736944.4193,2026823.3043
13293,1736849.1827,2026881.0839
13294,1738938.2586,2026619.5834
13295,1737085.5047,2026557.6166
13296,1737087.0489,2026559.7919
13297,1735779.8754,2025662.908
13298,1735691.65,2026355.2117
13299,1735630.3032,2026528.1638
13300,1735658.2358,2026623.626
13301,1735698.5504,2026362.2117
13302,1736236.2403,2025674.2599
13303,1736182.6582,2025683.4555
13304,1736038.6703,2025670.0768
13305,1736349.0302,2025712.2724
13306,1735464.8256,2024461.3613
13307,1731222.5269,2025696.9622
13308,1731295.5317,2025775.8461
13309,1731252.5083,2026094.7791
13310,1730923.825,2025708.0798
13311,1730841.7632,2025540.5935
13312,1731948.3642,2018339.0874
13313,1732036.6307,2018655.6166
13314,1731824.7754,2018528.1377
13315,1731774.1209,2018472.8797
13316,1732677.1279,2018787.8717
13317,1732677.126,2018709.4293
13318,1732598.2776,2018809.3547
13319,1732641.1863,2018813.453
13320,1732375.1441,2019159.7959
13321,1732567.2828,2019235.747
13322,1732693.1503,2018929.7638
13323,1732719.1153,2018899.8711
13324,1733109.3617,2019645.0947
13325,1732802.7115,2018864.3693
13326,1732733.1294,2018857.8766
13327,1732718.4507,2020056.136
13328,1732605.6097,2020089.3136
13329,1733686.2721,2020357.6843
13330,1733694.5537,2020086.3515
13331,1733681.4691,2020543.1129
13332,1735257.6563,2020701.7236
13333,1735259.1991,2020507.7018
13334,1734992.2064,2021917.0446
13335,1735195.5854,2020948.0617
13336,1735313.0631,2020380.3629
13337,1735094.9415,2020282.3513
13338,1735015.1249,2020285.8751
13339,1735279.4376,2020147.0725
13340,1735189.7061,2020074.7296
13341,1735085.127,2019879.8687
13342,1735951.8613,2020195.5993
13343,1735779.4648,2022894.4329
13344,1736325.3002,2021670.0611
13345,1737871.2503,2024280.395
13346,1737322.7582,2023576.3172
13347,1739956.2823,2025533.4827
13348,1740289.3445,2025449.3367
13349,1744245.2071,2027009.8538
13350,1744133.8639,2029829.7715
13351,1743993.453,2029683.2399
13352,1749009.5146,2030773.3998
13353,1749709.3062,2031072.1218
13354,1750572.9716,2031294.0273
13355,1752235.318,2031600.0448
13356,1751077.6671,2031331.738
13357,1752465.2948,2031637.9043
13358,1751312.7183,2031937.728
13359,1751048.6101,2031369.9861
13360,1751437.4806,2032248.8653
13361,1744887.0703,2030552.6507
13362,1745714.7112,2031838.2237
13363,1747499.1674,2034361.651
13364,1746026.9558,2033356.8508
13365,1744679.0102,2031683.401
13366,1744311.7719,2028146.0329
13367,1744258.3729,2028189.4153
13368,1746258.9142,2029872.8303
13369,1744704.7175,2028526.8441
13370,1745407.3183,2027935.8559
13371,1744693.8556,2028377.3604
13372,1746479.1386,2028195.8074
13373,1746153.5211,2028129.2684
13374,1748105.0552,2028514.8795
13375,1748956.4461,2029330.3036
13376,1748351.3934,2028590.2033
13377,1747235.6651,2029628.5543
13378,1748304.1491,2027728.8154
13379,1746132.879,2027954.0035
13380,1741671.0834,2028325.4031
13381,1741895.3637,2023812.6329
13382,1739579.4421,2024693.9247
13383,1739013.3603,2024618.9785
13384,1738680.7406,2024592.9218
13385,1739478.2941,2024708.3995
13386,1736948.7907,2021613.2081
13387,1736696.537,2021857.0113
13388,1736694.2136,2021855.4913
13389,1737056.488,2021721.0321
13390,1736903.606,2021537.598
13391,1736699.8298,2020906.9127
13392,1736351.7535,2020872.1594
13393,1744575.9721,2023720.8854
13394,1737150.884,2021082.584
13395,1736877.8755,2020964.5884
13396,1736585.8232,2020687.4171
13397,1736560.2533,2020639.7237
13398,1736529.6131,2020584.2929
13399,1736799.1454,2020737.0865
13400,1736652.2866,2020783.4845
13401,1736551.5428,2020737.6259
13402,1736661.9792,2020494.0766
13403,1736640.1017,2020499.7443
13404,1736637.3055,2020497.065
13405,1736581.2378,2020491.9357
13406,1737023.0851,2020095.6973
13407,1737152.4725,2020631.1612
13408,1737184.9235,2020659.3253
13409,1737529.4368,2019564.0286
13410,1737280.0126,2019842.4304
13411,1737810.5092,2019165.5263
13412,1738020.1782,2019138.2508
13413,1738206.1497,2018961.2499
13414,1735088.9584,2019327.5704
13415,1735147.8192,2019750.312
13416,1735156.1071,2019245.1977
13417,1735039.6868,2019597.7521
13418,1734805.0115,2019679.9397
13419,1734799.9464,2019675.7769
13420,1734735.1193,2019669.8801
13421,1734916.7384,2019231.8073
13422,1734830.4593,2019436.0157
13423,1734785.6157,2019619.39
13424,1734707.1206,2019641.8711
13425,1734861.1213,2019459.8668
13426,1732952.628,2018041.7486
13427,1732948.5626,2018050.0591
13428,1732469.2529,2018452.8736
13429,1733456.0562,2018478.004
13430,1733608.1222,2018164.8708
13431,1733644.3813,2018115.0472
13432,1733379.0742,2018651.6523
13433,1733027.5358,2018574.8345
13434,1733395.918,2018042.4433
13435,1733393.4539,2018017.7493
13436,1734218.7909,2017427.5498
13437,1733869.7365,2017116.7447
13438,1734662.0865,2017299.4548
13439,1734165.7997,2017071.7671
13440,1735249.2487,2016764.4603
13441,1735394.7559,2016478.7603
13442,1735809.0032,2015220.0715
13443,1731201.7141,2014690.3966
13444,1731724.1993,2016219.0195
13445,1731746.4855,2016292.3096
13446,1731753.13,2016323.8745
13447,1731642.2693,2016405.929
13448,1731683.1345,2016449.8702
13449,1736399.8294,2014867.1148
13450,1737400.3582,2014491.5976
13451,1737861.7529,2014561.8648
13452,1738780.403,2014136.7518
13453,1738020.3679,2015093.2952
13454,1738036.3349,2015044.2809
13455,1738354.7045,2015505.8919
13456,1738144.4532,2015196.8507
13457,1738323.1829,2016712.4308
13458,1738021.882,2016430.5798
13459,1737740.8615,2016232.01
13460,1736734.6549,2017743.5957
13461,1738986.0171,2013625.2651
13462,1738921.1287,2013649.8769
13463,1739417.5204,2014088.1959
13464,1739333.6171,2012582.8274
13465,1739327.1258,2012543.8797
13466,1739733.1236,2012571.8727
13467,1740678.1294,2013250.8754
13468,1740601.1236,2013369.8732
13469,1740566.3233,2014454.5442
13470,1740457.4896,2013776.7966
13471,1740596.8231,2014503.2958
13472,1740620.4267,2014571.5454
13473,1742001.1105,2018994.6229
13474,1741328.0951,2016377.1702
13475,1743030.902,2021047.7979
13476,1742847.512,2020733.1209
13477,1742144.9263,2020142.6397
13478,1743262.4162,2021505.9527
13479,1739359.1134,2014177.7358
13480,1739520.1297,2014499.5736
13481,1740496.3413,2014467.9941
13482,1739486.0638,2014689.0432
13483,1739536.095,2016086.9444
13484,1744473.095,2020818.9714
13485,1742679.8573,2019388.6045
13486,1745610.3647,2021343.0226
13487,1744983.4563,2021557.1552
13488,1744516.7174,2021101.1042
13489,1741424.6026,2014607.0857
13490,1741567.2928,2014825.0477
13491,1741637.121,2014825.8791
13492,1739851.3443,2016130.2298
13493,1740856.1177,2013701.5779
13494,1740619.341,2013407.6918
13495,1741013.1126,2013644.2703
13496,1740846.8786,2013100.6689
13497,1740711.2831,2013236.2337
13498,1740710.3595,2013235.4569
13499,1741311.0787,2013134.7686
13500,1741164.0889,2013123.3505
13501,1741548.6742,2013202.9429
13502,1740587.1237,2012081.8737
13503,1740167.1222,2012221.8762
13504,1739723.9417,2012544.3278
13505,1740920.0975,2012055.6389
13506,1740737.5619,2012170.351
13507,1740736.3611,2012158.2831
13508,1740930.3454,2012465.0303
13509,1740608.9753,2012110.4692
13510,1740907.4466,2012557.1642
13511,1740961.0274,2012781.7542
13512,1740464.3248,2010872.9087
13513,1740109.3401,2012155.2291
13514,1740121.1279,2012156.1907
13515,1741044.7008,2010777.6604
13516,1742477.1233,2011101.8687
13517,1742127.1195,2010639.8726
13518,1742624.1252,2011542.8755
13519,1744238.1258,2016226.6613
13520,1743891.1236,2016113.8679
13521,1742757.126,2016267.8763
13522,1744236.659,2016233.3155
13523,1745524.6503,2016693.3628
13524,1745795.657,2017556.862
13525,1746346.5826,2018156.3948
13526,1742056.7443,2010606.9012
13527,1741424.7472,2010456.9851
13528,1742099.1285,2010583.8735
13529,1741713.1377,2015566.4072
13530,1741705.7519,2015331.0225
13531,1741721.1266,2015259.8706
13532,1741957.6022,2015848.8524
13533,1742001.128,2015805.8769
13534,1743195.6469,2016862.6214
13535,1742779.0926,2016308.4573
13536,1742904.9738,2018356.087
13537,1744410.0177,2019024.2365
13538,1748274.3655,2015750.0104
13539,1748829.0788,2017910.5772
13540,1750579.9149,2019018.9361
13541,1748697.6902,2019313.1083
13542,1749282.5583,2022155.3612
13543,1746683.3588,2020486.8985
13544,1747827.5904,2021833.5
13545,1747126.5642,2021107.3239
13546,1748186.0287,2022418.2718
13547,1748233.0863,2022520.5738
13548,1746650.0715,2021738.1633
13549,1746561.743,2021553.4753
13550,1746677.8113,2021799.4419
13551,1746834.836,2021284.6296
13552,1748201.9414,2018486.7336
13553,1746414.4504,2018468.1687
13554,1746415.3497,2015471.4069
13555,1742045.4475,2014620.5879
13556,1742008.1206,2014622.8756
13557,1742764.5137,2012832.8211
13558,1742618.5378,2012734.9768
13559,1742849.0913,2013127.2755
13560,1742532.6608,2012645.1088
13561,1742505.1262,2012613.8709
13562,1742927.9471,2011179.9264
13563,1742731.7703,2011520.1623
13564,1743010.5484,2011156.117
13565,1743134.0409,2011285.7957
13566,1743615.3168,2011499.6395
13567,1746571.4274,2011560.592
13568,1744954.6508,2011960.505
13569,1745416.7089,2012448.5378
13570,1746301.1286,2012751.2741
13571,1747011.9043,2012999.9491
13572,1746928.3692,2012957.8945
13573,1747104.1241,2012998.8787
13574,1748916.2227,2015305.8169
13575,1747207.1062,2013190.0969
13576,1746480.8016,2013993.9061
13577,1746535.0662,2013338.6927
13578,1748078.9916,2015268.2946
13579,1746480.9832,2014156.7931
13580,1746486.032,2013995.0602
13581,1748251.0246,2013669.8207
13582,1747135.766,2012964.2242
13583,1745578.3206,2014404.259
13584,1744007.0045,2008297.4071
13585,1743634.6656,2008010.3944
13586,1743053.0911,2007396.9545
13587,1744109.528,2009328.6798
13588,1744894.8832,2010279.3943
13589,1745095.9368,2008666.2893
13590,1748292.6986,2004409.3966
13591,1746709.6716,2005696.7654
13592,1748355.8219,2008179.5225
13593,1747182.5924,2009034.53
13594,1746190.1804,2010635.9667
13595,1749040.271,2012942.9099
13596,1749344.1516,2012944.2615
13597,1750117.7518,2009763.1892
13598,1750086.7553,2009459.542
13599,1750201.0218,2009794.692
13600,1750195.1557,2009493.9653
13601,1750805.49,2011811.3112
13602,1750514.9909,2010872.5613
13603,1751823.3829,2013624.8502
13604,1751548.1219,2012348.0198
13605,1751636.6241,2012601.3066
13606,1752871.7789,2013698.3958
13607,1749660.5947,2010340.0825
13608,1749117.2947,2012371.524
13609,1750470.5477,2012254.9013
13610,1750587.3132,2014718.183
13611,1750795.8527,2013035.8336
13612,1750247.9332,2013989.3173
13613,1750228.7947,2012684.9043
13614,1750188.9453,2009463.6919
13615,1750149.1228,2009407.8788
13616,1751926.4321,2012187.1576
13617,1751293.7073,2010088.1528
13618,1751241.1278,2009995.8724
13619,1752464.672,2011756.8558
13620,1751821.5811,2010125.7364
13621,1751773.1214,2010037.875
13622,1752462.9866,2010829.2669
13623,1751969.7372,2010108.4911
13624,1753189.2135,2013030.2929
13625,1752626.2212,2011141.049
13626,1751913.127,2010037.8792
13627,1753109.5811,2009860.7406
13628,1753013.5125,2009571.6325
13629,1752914.1261,2009470.875
13630,1753065.2752,2010470.8696
13631,1753018.9805,2010634.0242
13632,1753845.9663,2012284.6574
13633,1753988.2802,2009686.7138
13634,1754013.1259,2009603.8752
13635,1754507.0022,2010736.1775
13636,1754724.7881,2010145.8983
13637,1754365.4122,2011109.4651
13638,1754962.6501,2011288.4178
13639,1754884.1925,2010346.5228
13640,1754769.4367,2011416.5499
13641,1758023.3848,2010339.8233
13642,1757828.3225,2011536.8259
13643,1758413.9984,2011362.7513
13644,1754266.1948,2013149.5286
13645,1757295.6963,2011646.5144
13646,1758553.6015,2011372.9087
13647,1758619.1272,2011367.8772
13648,1753336.9177,2013927.0344
13649,1757743.564,2013741.405
13650,1757849.1275,2013733.8747
13651,1749459.3358,2015496.4831
13652,1751569.2443,2014695.6631
13653,1757762.0776,2020184.7314
13654,1754946.5032,2020168.1971
13655,1757537.0605,2021966.3277
13656,1755570.3581,2020562.4867
13657,1755563.7403,2020553.7241
13658,1754960.0887,2020179.4311
13659,1754774.2224,2022718.4937
13660,1755881.2927,2023617.4155
13661,1755898.9942,2023676.9947
13662,1756690.247,2025759.1159
13663,1755999.3465,2023886.02
13664,1755907.9784,2023677.5744
13665,1757211.9664,2022879.2821
13666,1754132.1284,2023228.1329
13667,1754210.2315,2026734.7443
13668,1749225.3831,2027256.9083
13669,1750142.8667,2026626.5837
13670,1750310.0041,2026558.3681
13671,1751456.6816,2026338.3787
13672,1751767.944,2027814.776
13673,1751714.4262,2026689.3646
13674,1753267.9477,2030261.3917
13675,1751860.3273,2028050.5113
13676,1751860.3713,2028031.9023
13677,1749764.2466,2025222.0074
13678,1750286.3158,2023719.1654
13679,1751473.976,2023500.3294
13680,1751792.8567,2022790.5476
13681,1751880.779,2022730.1068
13682,1750038.5116,2021182.0652
13683,1752907.8654,2021005.6935
13684,1750771.4543,2019389.4921
13685,1751156.6384,2018016.6596
13686,1756792.7959,2016104.7466
13687,1756736.1284,2016148.8768
13688,1753110.4811,2014357.7774
13689,1756403.8383,2016067.7951
13690,1758149.3153,2015840.0395
13691,1757429.3846,2015148.3251
13692,1757314.4204,2015108.8205
13693,1761243.0851,2018491.6613
13694,1758077.703,2016391.7437
13695,1758872.6098,2018330.2056
13696,1758050.4692,2016317.3307
13697,1761025.8377,2015294.5202
13698,1758524.4933,2013374.4137
13699,1758204.8664,2012974.2706
13700,1758227.122,2012851.8739
13701,1763641.2994,2015040.1827
13702,1759907.1635,2010266.4589
13703,1759306.3647,2010623.7742
13704,1759306.3876,2010623.986
13705,1759235.1204,2010639.869
13706,1762135.6972,2010162.2904
13707,1762752.3562,2009306.5072
13708,1749917.8836,2007559.9746
13709,1748566.8236,2008157.7575
13710,1748560.1696,2008149.3334
13711,1750230.3996,2006423.2274
13712,1748962.9077,2004806.7302
13713,1748959.2818,2004799.5716
13714,1748847.1258,2004815.8679
13715,1752262.2458,2004362.7062
13716,1751701.2472,2004475.4095
13717,1751682.1306,2004430.8732
13718,1752659.1067,2004807.4284
13719,1753530.5755,2005390.9605
13720,1751272.0284,2006574.0943
13721,1751280.7743,2006218.7891
13722,1752169.6449,2007670.3502
13723,1751561.0574,2008150.8041
13724,1751645.048,2005151.2284
13725,1753507.9989,2004277.4967
13726,1753748.9635,2005370.8127
13727,1757090.1659,2008022.2658
13728,1756707.6812,2007021.2156
13729,1754635.9952,2000622.8069
13730,1755953.3274,2001007.8047
13731,1756043.1159,2000951.8687
13732,1755678.2532,2001320.1599
13733,1754956.1759,2001368.4838
13734,1754273.4992,2000805.5656
13735,1753943.5825,2005820.857
13736,1755344.7492,2005533.4902
13737,1755371.1212,2005543.8707
13738,1758607.8433,2009316.5403
13739,1756090.2235,2006606.6764
13740,1756134.1216,2006544.8673
13741,1757067.5553,2006675.0296
13742,1757346.5962,2006660.3601
13743,1759119.1886,2008043.0066
13744,1760853.4167,2007980.9016
13745,1758605.184,2005793.987
13746,1757387.6889,2005059.2431
13747,1757386.826,2005048.5133
13748,1756318.8005,2004814.3664
13749,1756295.1234,2004703.8754
13750,1757909.2564,2004026.3336
13751,1756159.7954,2003438.408
13752,1756033.4307,2003405.465
13753,1755945.1217,2003359.8719
13754,1758003.6246,2002557.7526
13755,1756740.201,2001893.1265
13756,1756659.1191,2001777.8739
13757,1759837.1293,2003765.8748
13758,1759812.9447,2003371.0109
13759,1759550.1205,2003128.8797
13760,1758758.0196,2001180.5969
13761,1760103.361,2003855.0694
13762,1760101.1248,2003859.7007
13763,1761154.1403,2004116.0442
13764,1762029.2682,2006122.4356
13765,1758178.4037,2003799.3403
13766,1759511.5693,2003120.9948
13767,1758673.7545,2004920.9171
13768,1759776.9486,2003387.9079
13769,1760376.4362,2005427.3679
13770,1759804.4288,2003796.1776
13771,1760298.6122,2006676.8598
13772,1760850.7026,2006329.685
13773,1762274.507,2005162.6677
13774,1763575.1174,2002141.8673
13775,1763162.1211,2000804.8733
13776,1766755.7853,2005238.1966
13777,1766529.384,2004438.5552
13778,1767525.9275,2006987.1735
13779,1760783.5772,2001651.9637
13780,1760620.4891,2000603.6032
13781,1760579.1295,2000573.8762
13782,1760447.3014,2002615.0706
13783,1761286.478,2003223.0396
13784,1762236.7868,2000780.6198
13785,1762217.1268,2000741.8755
13786,1762161.5741,2002711.4432
13787,1763641.1374,2000497.6011
13788,1763330.1168,2000562.1888
13789,1764235.4058,2000296.5103
13790,1764738.7674,2000952.9949
13791,1764295.7066,2000754.1716
13792,1764930.4878,2001029.9816
13793,1764434.573,2000086.0273
13794,1764628.3168,2000084.6178
13795,1762298.7,2000641.9815
13796,1762287.1341,2000699.8702
13797,1762550.7323,1998981.9197
13798,1761337.3818,1999922.6326
13799,1761335.1204,1999943.8748
13800,1761733.6811,1998760.0107
13801,1763175.4454,1998043.7833
13802,1766092.8318,1998203.7829
13803,1765795.9986,1996621.8795
13804,1767870.7547,1996593.6803
13805,1767038.5726,1996612.86
13806,1767929.1252,1996499.8775
13807,1766374.6363,1996396.508
13808,1767630.6095,1995104.9122
13809,1767931.6612,1996436.4229
13810,1767935.781,1996437.7775
13811,1768019.7276,1996584.887
13812,1767959.3262,1996531.97
13813,1769020.363,1996319.4405
13814,1768336.3647,1996379.6049
13815,1769768.9273,1996686.3431
13816,1769799.0493,1996343.49
13817,1770007.4702,1996634.4728
13818,1770967.17618034,1996548.38901158
13819,1770976.5783,1996556.4703
13820,1770896.7379,1996070.7807
13821,1768276.1959,1994639.2713
13822,1769194.6736,1995561.9266
13823,1769311.7414,1995811.4952
13824,1769313.2122,1995735.5908
13825,1769477.8842,1995922.1968
13826,1769198.7006,1995520.7891
13827,1768959.1116,1995288.5353
13828,1767995.8272,1996992.2182
13829,1765408.6555,2002030.4225
13830,1766606.406,2000870.6615
13831,1766952.1038,2001031.9602
13832,1766683.3796,2000780.0851
13833,1767122.7091,2001180.4491
13834,1768042.6715,2000710.372
13835,1768127.8991,2000663.6964
13836,1767755.9846,2000827.7199
13837,1768518.3885,1999838.8318
13838,1768457.8012,1999659.7108
13839,1768495.8581,1999258.1716
13840,1768487.7642,1999017.1761
13841,1768721.3135,1998872.208
13842,1768477.7783,2000147.7923
13843,1768279.9889,1999751.4281
13844,1769251.1809,1997214.7044
13845,1772203.6047,1997529.5951
13846,1771056.9144,1998091.0129
13847,1770346.0304,1999334.8502
13848,1768815.3862,1999132.3906
13849,1768835.6625,1998902.9954
13850,1769085.2458,1999379.2605
13851,1769092.64407859,1999396.87380842
13852,1768902.5335,1999412.0604
13853,1767631.1479,1997239.3444
13854,1767467.5952,1997486.6855
13855,1768166.907,1994528.1141
13856,1767853.4751,1994418.704
13857,1770586.0292,1992403.0152
13858,1768371.3271,1992226.5349
13859,1770782.1998,1992136.6771
13860,1769231.3624,1991609.0085
13861,1770790.2801,1994953.5619
13862,1771167.22,1994328.0363
13863,1769579.7854,1995708.3811
13864,1769811.7191,1996159.7061
13865,1769981.0951,1996278.9892
13866,1770918.6733,1995452.7236
13867,1772791.8491,1997274.5421
13868,1772419.9273,1996999.6389
13869,1772402.6547,1997781.6839
13870,1772438.6091,1997805.4751
13871,1772481.1992,1998088.3472
13872,1772808.2139,1998379.5032
13873,1772773.3754,2000730.9889
13874,1772878.2839,1999521.6893
13875,1773193.514,2001090.253
13876,1773983.2226,2001319.1126
13877,1774310.9105,2001641.9531
13878,1774832.753,2002770.372
13879,1774835.9319,2003010.2579
13880,1775066.2263,2003411.2495
13881,1774023.8894,2006474.5001
13882,1775004.5875,1999793.9696
13883,1775744.478,2000592.584
13884,1777200.9952,2002421.1088
13885,1771510.0005,2005269.3673
13886,1772201.5855,2001305.118
13887,1772307.046,2002138.1987
13888,1770435.3824,2004572.1251
13889,1770368.6396,2004917.308
13890,1770662.2327,2001037.6765
13891,1772307.9001,1998876.5684
13892,1771534.6178,1997372.344
13893,1777583.5173,1995623.803
13894,1777594.4888,1995563.1514
13895,1776969.2741,1998259.6778
13896,1775675.7119,2000461.5715
13897,1775482.6734,2000263.4127
13898,1776818.8298,1997408.6523
13899,1778066.5464,2000900.6241
13900,1778376.1628,1996636.5617
13901,1779711.8731,2000242.7728
13902,1779733.9346,1999912.3635
13903,1777558.2538,2002287.9696
13904,1777040.3655,2003625.8492
13905,1780348.4099,2001885.6326
13906,1780521.5037,2001918.9963
13907,1780522.6286,2001916.7448
13908,1780599.1274,2001945.8743
13909,1780456.8148,2003397.4642
13910,1780541.865,2002278.3694
13911,1780613.1261,2002225.8765
13912,1776549.1097,2005884.3294
13913,1779695.4038,2006752.1225
13914,1779703.1247,2006752.5245
13915,1779829.1251,2006803.8739
13916,1771835.4641,2006595.745
13917,1774925.5537,2009275.1639
13918,1774263.4888,2011143.2745
13919,1775808.4454,2011674.7407
13920,1775881.1278,2011619.8771
13921,1766824.0101,2013527.3478
13922,1774264.8532,2015030.7657
13923,1767870.2207,2018880.7323
13924,1771080.3938,2017568.3996
13925,1766215.183,2019107.8178
13926,1765408.8961,2018848.9503
13927,1761060.0352,2020466.6127
13928,1764413.7846,2017541.2993
13929,1773197.5589,2024918.8944
13930,1771144.1276,2025740.448
13931,1774678.5591,2028626.6803
13932,1774700.8404,2031768.615
13933,1772885.3665,2032084.4172
13934,1770806.0733,2030629.5695
13935,1760587.6133,2037070.6652
13936,1765465.6324,2037116.4656
13937,1760331.5951,2046918.0459
13938,1758462.1088,2044950.1931
13939,1758444.3787,2043319.5829
13940,1761320.9524,2044624.1057
13941,1761378.688,2043094.4218
13942,1759064.9457,2042562.045
13943,1761822.245,2042089.7442
13944,1761954.6077,2042074.6233
13945,1761950.8771,2042068.6228
13946,1764795.6803,2038141.595
13947,1764426.0038,2038426.1203
13948,1764409.4161,2038439.0388
13949,1761248.764,2039528.2596
13950,1760693.1513,2039971.8266
13951,1757886.3471,2040677.4379
13952,1756551.3226,2042555.207
13953,1756488.6441,2042685.7447
13954,1755471.9078,2040122.4592
13955,1761484.8739,2034611.4994
13956,1761432.9416,2034670.8485
13957,1767261.8954,2042959.8309
13958,1768406.4032,2042871.0608
13959,1768470.0612,2042990.3749
13960,1768294.2687,2043905.0671
13961,1768087.7138,2048875.4782
13962,1767699.0917,2049264.3595
13963,1772099.9482,2039359.3963
13964,1771690.5586,2036697.9104
13965,1768377.3809,2035212.0712
13966,1767422.2277,2032060.7587
13967,1765439.9163,2025746.1937
13968,1765762.907,2025650.8267
13969,1765518.1311,2026308.6098
13970,1764115.0968,2028584.0207
13971,1765553.2812,2026497.7973
13972,1762297.9481,2022916.5597
13973,1765002.6524,2025139.4361
13974,1763738.397,2026042.6565
13975,1763563.9343,2026119.3363
13976,1761238.1571,2027744.5213
13977,1762004.1432,2030541.0109
13978,1762769.8729,2029156.1733
13979,1762821.2646,2029099.3208
13980,1754304.0397,2030311.4876
13981,1757355.6427,2027434.6538
13982,1761127.8561,2033680.3068
13983,1761205.566,2034499.2041
13984,1759877.0304,2037850.1737
13985,1755696.179,2039533.9607
13986,1756408.5945,2036770.7846
13987,1754479.4968,2036849.7694
13988,1754388.217,2035849.1331
13989,1754728.0017,2038613.4539
13990,1753184.3165,2038179.3169
13991,1761514.1119,2032158.1977
13992,1760047.4526,2030293.3095
13993,1758969.1286,2025834.4289
13994,1761209.6422,2025596.2734
13995,1775672.0122,2016306.7704
13996,1775718.0316,2016227.6832
13997,1775915.4047,2016048.3457
13998,1774536.6299,2014726.1013
13999,1775481.4249,2016605.9082
14000,1774538.3169,2014718.5775
14001,1777212.2352,2011070.7888
14002,1777327.0139,2010625.9448
14003,1776360.6297,2012644.2679
14004,1777705.1449,2012479.1552
14005,1778344.9072,2022738.8537
14006,1779545.5642,2021571.8198
14007,1781675.5823,2025963.875
14008,1777259.5169,2028396.5114
14009,1776535.2196,2028620.2022
14010,1777163.6415,2028374.9138
14011,1776704.4192,2026833.267
14012,1777738.0032,2024384.6311
14013,1783971.8978,2013007.822
14014,1787089.2785,2018180.6532
14015,1787084.6017,2020964.5623
14016,1786574.223,2023405.3344
14017,1786477.1447,2025581.8586
14018,1782842.4995,2025425.6002
14019,1782821.6139,2022446.6099
14020,1781721.3097,2020509.5355
14021,1784009.2673,2016290.4642
14022,1782827.8112,2015329.0763
14023,1782868.6759,2015022.7246
14024,1782793.3291,2015047.7744
14025,1783231.8133,2014957.5528
14026,1783230.9329,2014959.9584
14027,1784148.9608,2015204.3618
14028,1785885.4559,2015696.8452
14029,1785851.4508,2014705.5843
14030,1785339.8688,2007515.4823
14031,1784331.2954,2009625.4857
14032,1784728.8581,2009739.0377
14033,1788486.8957,2008697.6696
14034,1785648.0632,2012842.3581
14035,1784767.3945,2012217.2263
14036,1783765.8536,2006578.422
14037,1781724.1977,2005906.3978
14038,1781721.9209,2005899.7745
14039,1781621.1266,2005907.872
14040,1783646.0235,2004768.2003
14041,1781859.1014,2004556.1508
14042,1785090.1634,2004886.9361
14043,1783820.2788,2004636.644
14044,1781915.1251,2004465.8746
14045,1784669.1182,2003050.6954
14046,1782394.7627,2003796.2325
14047,1782315.6667,2003786.2095
14048,1782195.1258,2003709.8738
14049,1779806.4287,1997300.1328
14050,1780114.9446,1997466.2455
14051,1779718.5599,1997162.2439
14052,1779699.4772,1997097.5207
14053,1779661.1218,1996905.8755
14054,1781402.6021,1994031.7735
14055,1780084.4083,1994633.865
14056,1782116.5001,1994114.8783
14057,1782090.4012,1993977.636
14058,1782360.3981,1994923.6825
14059,1781825.4726,1995222.2087
14060,1782113.0066,1996024.9748
14061,1781737.0409,1995144.661
14062,1781382.1296,1995244.1825
14063,1788872.155,1999778.1472
14064,1789967.792,1994234.4703
14065,1789288.4467,2000984.7664
14066,1789415.9417,2001573.763
14067,1789036.8701,2001869.4296
14068,1787713.6119,2004446.4444
14069,1786735.0771,2007028.7697
14070,1789269.3685,2006994.1454
14071,1791292.542,1993876.4167
14072,1793240.1263,1994587.5463
14073,1793241.1162,1994567.8684
14074,1795666.5423,1997552.9497
14075,1795816.3329,1995714.214
14076,1795509.1336,1998237.9876
14077,1795288.8186,2000731.4194
14078,1799608.9791,1997578.6088
14079,1799092.4694,1997511.8608
14080,1801430.3838,1997237.9805
14081,1797048.688,1997625.9742
14082,1796904.8251,1996275.8186
14083,1796904.5259,1996268.0743
14084,1796960.3266,1998576.4835
14085,1797856.9701,2001414.3461
14086,1801253.0364,1996698.2166
14087,1800532.6055,1998515.8126
14088,1801476.6641,1999533.8986
14089,1799082.53,1999508.4062
14090,1800433.7311,1993609.5319
14091,1798842.0213,1993641.7251
14092,1802142.7833,1995650.0008
14093,1802009.7113,1995793.5071
14094,1801560.7957,1995210.7876
14095,1796575.1727,1992116.8593
14096,1794292.406,1994772.7708
14097,1794263.1203,1994791.8799
14098,1794992.8097,1992324.6963
14099,1792525.1993,1994131.3651
14100,1796965.1203,1988295.8779
14101,1796881.1326,1988309.8752
14102,1797099.9951,1988253.5224
14103,1798619.9117,1987705.4225
14104,1797280.7989,1985969.3542
14105,1795751.413,1987438.4671
14106,1795663.1266,1988264.3168
14107,1795663.126,1988281.8749
14108,1795341.5541,1983600.5101
14109,1793216.6184,1985192.7419
14110,1795417.5402,1983625.6932
14111,1797839.0954,1984241.2912
14112,1795711.8547,1983594.787
14113,1796979.9104,1982676.7969
14114,1795678.4671,1983137.4777
14115,1797157.4904,1980281.3755
14116,1792382.0843,1981726.9054
14117,1792949.4881,1978383.3067
14118,1791638.3627,1978681.3396
14119,1794458.7242,1976512.4688
14120,1793528.8706,1978514.2856
14121,1794916.3354,1977810.0402
14122,1795021.8805,1977799.7104
14123,1795283.5406,1978171.8524
14124,1797107.4957,1979349.5191
14125,1795598.1533,1978229.8071
14126,1795598.898,1978222.4605
14127,1742555.1116,2026794.7485
14128,1743326.7521,2026253.1263
14129,1744104.7856,2026138.4178
14130,1743923.108,2026237.5558
14131,1743809.3039,2026286.0062
14132,1743921.1076,2026237.3209
14133,1744340.9226,2026376.9596
14134,1745288.6617,2026509.7793
14135,1745449.6463,2025662.7827
14136,1745648.8178,2025683.0461
14137,1748039.8161,2026659.3544
14138,1745530.147,2024748.116
14139,1745642.0273,2024462.8577
14140,1745982.5326,2025186.6794
14141,1746408.7746,2025112.5658
14142,1747930.8186,2025306.322
14143,1747736.8181,2025168.9985
14144,1747553.2058,2025031.3305
14145,1748058.6395,2025463.2019
14146,1744157.9219,2026575.622
14147,1744106.9262,2026643.1792
14148,1732038.5301,2025572.9452
14149,1731737.9498,2025757.2254
14150,1732760.6851,2021128.4248
14151,1766710.3101,2030766.5209
14152,1767319.7313,2029596.4372
14153,1767505.8382,2029375.1648
14154,1767743.2231,2029005.0529
14155,1764059.5596,2033570.1397
14156,1762201.5006,2031759.8154
14157,1769309.6667,1997819.1716
14158,1769314.4574,1997843.8804
14159,1769165.628,1998048.8327
14160,1785482.9883,2000227.0446
14161,1784380.2293,1994693.9435
14162,1731051.1317,2036614.953
14163,1731069.254,2036587.7299
14164,1731675.6515,2021579.9868
14165,1731438.4853,2021675.3643
14166,1731868.9732,2021141.7075
14167,1732590.2377,2019248.6071
14168,1732751.3932,2019029.0564
14169,1731960.4146,2027551.8575
14170,1732146.3029,2027293.4588
14171,1728945.6721,2030427.4558
14172,1742393.1237,2013369.8745
14173,1742432.5812,2013401.4421
14174,1740926.6911,2014725.7747
14175,1740961.4521,2014732.2279
14176,1755875.125,2004045.8754
14177,1795432.3804,1983586.8529
14178,1795482.1943,1983503.4263
14179,1763367.3252,2046192.5437
14180,1731228.9026,2036491.6532
14181,1765911.0148,2036519.4779
14182,1734388.842,2033957.7073
14183,1732476.5534,2032072.9443
14184,1732742.266,2031931.9486
14185,1728793.5645,2030711.9527
14186,1740479.0145,2028435.4584
14187,1768942.9138,2025317.4215
14188,1779632.5743,2020981.3963
14189,1779624.5956,2020879.6603
14190,1733570.5973,2020508.1385
14191,1746358.8808,2018626.6378
14192,1734707.1291,2019949.8688
14193,1733679.5645,2020072.526
14194,1733651.6109,2020105.7735
14195,1733643.1226,2019851.8754
14196,1733643.1216,2019823.866
14197,1733881.1251,2019389.8747
14198,1734329.1221,2019319.876
14199,1750284.9492,2020017.6743
14200,1732905.7289,2019527.2734
14201,1731543.1206,2018395.8802
14202,1732257.1229,2018297.8658
14203,1731835.3441,2018314.4048
14204,1731515.1258,2018073.8765
14205,1731163.4621,2018168.0158
14206,1735250.1081,2019062.9619
14207,1734706.6771,2017973.8196
14208,1733097.1224,2017919.8752
14209,1741581.1251,2015063.8769
14210,1738931.4596,2014398.5999
14211,1738655.1209,2013061.8669
14212,1740460.1291,2013524.7854
14213,1775097.1269,2012655.8726
14214,1775531.1218,2012123.8733
14215,1744341.2768,2011667.6355
14216,1744177.8801,2011660.4879
14217,1757820.2556,2010302.344
14218,1758934.1221,2010744.8792
14219,1758283.1192,2010303.8742
14220,1750365.0538,2010243.2508
14221,1770895.5727,2009522.3199
14222,1752067.1234,2009743.877
14223,1752613.1226,2009379.8759
14224,1752123.1254,2009477.8725
14225,1753061.1258,2009337.8695
14226,1750387.1156,2009253.8774
14227,1778387.1255,2009281.871
14228,1754670.2873,2003764.1073
14229,1755368.4772,2003531.8925
14230,1755980.1199,2005074.8715
14231,1755946.8862,2003333.4191
14232,1756022.1285,2002288.8773
14233,1765213.1286,2002645.8669
14234,1754780.826,2002280.7106
14235,1754797.1201,2002337.878
14236,1762105.1247,2000237.8699
14237,1759933.6401,1999604.3179
14238,1780739.1228,2000419.8721
14239,1779927.1323,1999957.875
14240,1772747.471,1999229.6358
14241,1772314.9442,1998833.4463
14242,1766831.26,1999285.9899
14243,1770945.8668,1997895.3686
14244,1779507.1167,1996989.8781
14245,1779801.1229,1996751.8741
14246,1779822.1257,1996506.872
14247,1795841.6979,1995523.3069
14248,1779766.1221,1996324.8746
14249,1779633.128,1996177.8764
14250,1793189.0588,1994499.7919
14251,1796306.9533,1991887.9084
14252,1794693.705,1990371.3145
14253,1794333.1271,1989205.8772
14254,1793269.2903,1989229.5474
14255,1758973.8991,2010746.605
14256,1779318.3037,1996148.9734
14257,1778877.1266,2008973.872
14258,1779528.1516,2007531.401
14259,1779663.9087,2006927.0906
14260,1779398.1933,2008109.9503
14261,1768321.4213,2026391.5428
14262,1762922.3146,2048116.6256
14263,1765807.6627,2036751.3129
14264,1751577.1207,2009995.8738
14265,1753166.1252,2008966.8683
14266,1757975.1279,2010261.8743
14267,1757821.1228,2010233.8702
14268,1759350.0715,2010959.4274
14269,1758045.1222,2012879.8749
14270,1758549.1333,2012361.8712
14271,1731550.315,2018252.1478
14272,1731046.931,2035652.4406
14273,1731109.2504,2037978.8708
14274,1735666.2147,2028025.3056
14275,1733793.8922,2020617.8197
14276,1733761.7413,2019668.7556
14277,1728621.7917,2029666.6205
14278,1728910.3875,2028944.6065
14279,1730683.1369,2027298.8583
14280,1732053.8315,2027215.8708
14281,1731991.1245,2027145.8715
14282,1731992.9436,2026757.5079
14283,1731935.1265,2026641.8728
14284,1732530.4178,2031711.8669
14285,1732569.9953,2031497.3467
14286,1731303.367,2036539.0328
14287,1731281.7927,2036531.6462
14288,1731422.1975,2036444.4302
14289,1735957.9246,2034873.753
14290,1736819.4048,2036531.9069
14291,1736260.9341,2035148.0614
14292,1742913.1195,2028959.1318
14293,1732388.3403,2018435.1993
14294,1738923.301,2013687.5999
14295,1738799.2883,2015173.2018
14296,1741091.125,2016095.9955
14297,1746732.1236,2020791.8407
14298,1757450.1545,2009992.9
14299,1757359.7687,2010089.1026
14300,1756531.9783,2000656.8299
14301,1755939.1166,2002275.1101
14302,1755870.2276,2003395.5785
14303,1765298.8283,2002684.0134
14304,1765298.9654,2002675.0649
14305,1772429.4847,1998597.2218
14306,1770114.4709,2007407.4171
14307,1797668.9847,1996548.4527
14308,1793088.0698,1991481.2389
14309,1798746.9882,1989643.5855
14310,1797135.2017,1988440.3205
14311,1796919.4646,1988342.735
14312,1797130.0359,1988440.1703
14313,1727590.3169,2028806.8491
14314,1727543.5545,2028740.9033
14315,1726962.4238,2027457.56
14316,1727984.7354,2027008.5441
14317,1733434.5356,2028718.1179
14318,1731669.1249,2026333.8747
14319,1731277.1233,2026081.8665
14320,1730997.1649,2026172.5036
14321,1729104.5569,2026113.4617
14322,1730407.1741,2026434.9786
14323,1730703.1237,2026921.8752
14324,1734398.6909,2011997.746
14325,1735075.6648,2011151.123
14326,1739194.1167,2012858.8738
14327,1772381.1259,1993741.8701
14328,1772652.5497,1993865.7994
14329,1772003.4926,1994092.992
14330,1771844.256,1993964.0239
14331,1751636.6512,2004476.1899
14332,1767919.4288,2003539.4821
14333,1763792.1245,2003030.8761
14334,1763597.87,2002187.3599
14335,1765649.7126,2006807.4101
14336,1764493.7499,2005492.6899
14337,1764282.3695,2005353.4736
14338,1763831.473,2003433.9677
14339,1764490.2602,2005487.4807
14340,1763833.4541,2003426.2719
14341,1755965.2688,2005187.7282
14342,1755462.1301,2005438.8723
14343,1753663.2455,2007828.9132
14344,1754953.1485,2006011.9039
14345,1742785.1252,2011983.8798
14346,1742505.1248,2011857.8706
14347,1742547.1271,2011661.8738
14348,1756365.126,2005921.8788
14349,1756205.8229,2006608.516
14350,1756205.054,2006603.2257
14351,1780817.5007,2001791.8781
14352,1781015.6941,2000909.5863
14353,1780690.1293,2002358.8864
14354,1772465.1288,1995911.867
14355,1772101.1275,1995631.8751
14356,1772457.2494,1996035.4438
14357,1773263.125,1994651.8798
14358,1773005.7994,1994263.9738
14359,1772297.1232,1995253.8737
14360,1763878.4806,2025808.1981
14361,1735246.1153,2003492.8646
14362,1782714.4716,2015080.3331
14363,1782713.1225,2015105.8728
14364,1779739.4441,2021148.7496
14365,1779766.8624,2021371.4976
14366,1771793.1231,2017373.8665
14367,1767767.1239,2032309.6228
14368,1767887.1242,2032633.8727
14369,1768223.1291,2034999.8772
14370,1767929.1299,2035937.8733
14371,1765521.1312,2037113.8685
14372,1761391.1227,2043021.8745
14373,1765052.1269,2025150.8749
14374,1763659.1234,2026277.8797
14375,1763923.5174,2026206.6904
14376,1759613.1241,2027929.871
14377,1759893.1236,2029581.8809
14378,1759956.1226,2030162.8741
14379,1756533.1234,2017765.8794
14380,1756421.1288,2017695.8747
14381,1751710.1222,2026340.8783
14382,1751500.1229,2026382.8791
14383,1743989.1268,2029637.8707
14384,1744164.1227,2028314.8723
14385,1739341.127,2031485.8694
14386,1747629.1242,2036875.8732
14387,1747825.1205,2036763.874
14388,1775041.1205,2009351.8693
14389,1770601.2645,2030622.542
14390,1728071.1228,2029693.8662
14391,1734875.1212,2041033.8779
14392,1735673.1271,2026837.8768
14393,1732383.1258,2019865.873
14394,1732313.1154,2019459.8689
14395,1751059.1294,2031331.875
14396,1750737.1235,2031079.8738
14397,1750739.4799,2031018.1895
14398,1744619.1233,2028419.8704
14399,1746019.125,2027999.8769
14400,1736989.1228,2020019.8762
14401,1738044.5956,2015027.0175
14402,1738581.5052,2015329.849
14403,1741987.12,2019039.869
14404,1741119.1231,2013103.8668
14405,1746397.1262,2018423.8766
14406,1746887.1249,2021083.8771
14407,1742869.1262,2013229.8716
14408,1746416.1502,2012795.96
14409,1750429.1305,2012613.87
14410,1758157.8776,2015843.8706
14411,1758087.1222,2016281.8718
14412,1768335.1274,2001091.8698
14413,1768419.1221,2000181.8741
14414,1768181.1284,1999803.8754
14415,1767831.1228,1999915.8733
14416,1766669.1278,2000727.8792
14417,1768335.1217,2000629.8766
14418,1780116.1196,1997500.877
14419,1738025.1202,2033179.8697
14420,1732411.1236,2031261.879
14421,1732537.1213,2031233.8746
14422,1733909.1223,2031919.873
14423,1734105.1247,2031303.8752
14424,1736709.1267,2032353.8749
14425,1733139.1262,2031569.8704
14426,1733489.1226,2028797.8789
14427,1733811.1293,2029637.8723
14428,1733489.1255,2030211.8674
14429,1733097.124,2030883.8756
14430,1732186.0838,2032517.6336
14431,1732228.4196,2032587.0616
14432,1734369.6768,2033883.4468
14433,1732793.2141,2028834.4921
14434,1731054.3792,2035649.4926
14435,1733881.1263,2032339.8713
14436,1737451.1246,2032297.8756
14437,1732915.1181,2032955.8769
14438,1733181.1256,2032941.8734
14439,1733013.1242,2032983.8805
14440,1732738.3577,2032068.4999
14441,1763882.101,2025985.5432
14442,1731672.5934,2025820.2407
14443,1731621.0775,2025872.8458
14444,1750871.6469,2030442.948
14445,1742020.034,2026064.7868
14446,1740551.9076,2025357.5412
14447,1740507.8639,2025232.8328
14448,1740460.3904,2025268.0922
14449,1792565.8382,1975171.8508
14450,1792171.6683,1974313.1349
14451,1791622.0825,1973548.3711
14452,1790921.5473,1973576.7469
14453,1793401.8796,1973311.592
14454,1793654.9017,1969920.5224
14455,1791127.5445,1968407.4991
14456,1775545.1222,1948045.8701
14457,1778737.1236,1947149.8745
14458,1774849.868,1947765.8769
14459,1772092.5453,1950325.5263
14460,1771730.6757,1950029.126
14461,1771718.1909,1949957.993
14462,1772312.5661,1950529.7522
14463,1772613.8366,1948441.4008
14464,1772398.7203,1950617.3602
14465,1771458.2292,1951330.0184
14466,1772229.4088,1950763.5556
14467,1770987.8194,1951046.1925
14468,1770529.4123,1950870.201
14469,1767943.271,1949012.0969
14470,1767922.1225,1948948.8775
14471,1767733.6305,1948934.3745
14472,1767805.0042,1948902.8181
14473,1765806.7273,1948065.5846
14474,1765934.9206,1948162.1532
14475,1761313.2432,1947639.7036
14476,1765006.0712,1947886.4343
14477,1770539.3083,1945291.4861
14478,1771073.3011,1945359.2746
14479,1771107.123,1945385.8745
14480,1768546.0266,1943625.1892
14481,1768376.124,1943495.7748
14482,1767387.1748,1943106.9817
14483,1766367.417,1942916.3435
14484,1766420.0699,1942946.3338
14485,1766493.5821,1943057.1163
14486,1766622.9304,1943125.043
14487,1765791.468,1942805.123
14488,1765852.7107,1942784.4715
14489,1765339.2224,1942834.1439
14490,1763977.1735,1941940.0955
14491,1760508.6290076,1939486.56847321
14492,1761125.1185,1961485.8755
14493,1761209.1293,1961569.8754
14494,1756855.0378,1961954.6716
14495,1757032.2902,1961980.6304
14496,1757467.5263,1961538.0475
14497,1757986.073,1961781.1148
14498,1756543.5621,1961836.0653
14499,1757993.811,1961783.9777
14500,1758570.1245,1961212.8778
14501,1759229.7808,1960921.1325
14502,1756224.8579,1961773.6563
14503,1755354.327,1960987.9499
14504,1755258.1491,1959285.3596
14505,1754998.3013,1958839.245
14506,1755413.1979,1958781.0018
14507,1754792.5142,1956476.715
14508,1755014.2627,1956522.9863
14509,1753121.3352,1955511.7749
14510,1753044.5885,1955392.3737
14511,1752369.8617,1955448.4755
14512,1752065.4099,1955368.1901
14513,1750358.9296,1954773.7278
14514,1750871.6369,1954716.0529
14515,1749506.746,1953986.7549
14516,1748886.9442,1953595.2003
14517,1746683.5218,1953792.3655
14518,1748114.7283,1953742.7435
14519,1748417.5044,1953725.4589
14520,1748450.983,1953667.164
14521,1743611.7254,1951564.025
14522,1761881.1142,1960757.8721
14523,1762194.5874,1961351.331
14524,1761729.7069,1958432.0571
14525,1761691.6231,1959048.9329
14526,1761619.6523,1957832.4514
14527,1761536.6274,1958279.1404
14528,1761821.6404,1957348.9279
14529,1761763.6594,1957717.0736
14530,1761340.1413,1957381.9997
14531,1761269.0838,1956932.8572
14532,1761217.5224,1955413.483
14533,1760379.4322,1953066.5285
14534,1761228.5353,1951506.6727
14535,1758678.1447,1951782.3786
14536,1758865.3784,1952207.2198
14537,1757724.6622,1951185.9196
14538,1757841.7824,1951227.5029
14539,1756742.7737,1950028.8352
14540,1757007.7162,1950510.2459
14541,1756080.9942,1949360.0812
14542,1754693.0267,1947672.0732
14543,1754426.1746,1947187.6025
14544,1754257.6085,1947063.7254
14545,1754167.6158,1946431.7289
14546,1754406.0766,1944088.2894
14547,1752274.7077,1969367.7716
14548,1752410.7525,1969720.9039
14549,1752171.1677,1968446.4756
14550,1752111.8876,1968785.4339
14551,1751618.4628,1967633.6547
14552,1750336.1937,1966599.516
14553,1750136.3353,1966079.9376
14554,1749411.9206,1965893.8945
14555,1748317.6896,1965865.3428
14556,1748216.137,1964537.0735
14557,1747914.9427,1963892.0008
14558,1747794.1509,1963119.2592
14559,1747662.0541,1962830.0278
14560,1746520.1315,1962538.7031
14561,1744770.0902,1962496.9869
14562,1744677.4567,1962461.0719
14563,1743274.4044,1961286.5694
14564,1743621.86,1961997.5817
14565,1742072.121,1960869.8965
14566,1741067.6466,1960491.0354
14567,1740227.9299,1960006.2577
14568,1738667.0539,1961543.6503
14569,1738412.7739,1961918.8523
14570,1738265.7948,1962359.6554
14571,1738316.9307,1962370.8131
14572,1737233.7342,1963929.176
14573,1747067.9159,1960978.2035
14574,1746670.1197,1960409.6795
14575,1744040.3892,1957260.3404
14576,1744113.8964,1957313.0995
14577,1743760.5672,1957125.9034
14578,1743967.1563,1957218.1366
14579,1744151.8892,1957363.3819
14580,1745650.4791,1959388.3414
14581,1742768.0236,1955095.5389
14582,1742758.2504,1954205.9661
14583,1742478.3632,1951351.4053
14584,1750435.2518,1973034.0345
14585,1750691.068,1973124.5984
14586,1751885.1271,1972909.8745
14587,1751970.6764,1972942.8748
14588,1749942.3362,1972920.0538
14589,1749590.6496,1972937.0627
14590,1749365.4242,1973081.7924
14591,1748089.1517,1973761.7946
14592,1748579.4729,1973478.5112
14593,1747065.2784,1974127.0436
14594,1747590.2558,1973861.9209
14595,1746619.4698,1973963.0273
14596,1746267.4893,1974670.8621
14597,1746334.4867,1974530.6586
14598,1745307.7835,1975504.7258
14599,1744645.5124,1975936.5784
14600,1744398.2829,1976029.1444
14601,1744327.9343,1976079.31
14602,1744006.9037,1976074.1625
14603,1743891.6517,1976164.3286
14604,1742647.0623,1976501.8527
14605,1742785.4472,1976563.9006
14606,1742827.5625,1977681.7974
14607,1742967.6941,1977245.1053
14608,1741816.1537,1978148.4398
14609,1741963.3983,1978051.8479
14610,1741630.7718,1978704.0503
14611,1739475.5111,1981894.6213
14612,1740534.579,1979869.9897
14613,1737303.2809,1983080.9181
14614,1735714.556,1983787.7659
14615,1734775.4606,1981913.5778
14616,1732959.4878,1980777.7955
14617,1732400.9481,1980645.6662
14618,1731838.8864,1979512.5031
14619,1729423.3995,1979225.3707
14620,1727543.4621,1980039.3313
14621,1725732.0254,1981745.033
14622,1741630.2066,1991802.9505
14623,1741973.1267,1991669.875
14624,1741105.1209,1991459.8736
14625,1733655.2427,1989411.6777
14626,1733746.806,1989476.2512
14627,1733439.3289,1989220.2893
14628,1732092.1559,1988995.1685
14629,1730664.0928,1988692.0541
14630,1730727.7544,1988719.0451
14631,1730472.1235,1988722.8705
14632,1730165.1374,1988712.0339
14633,1730445.215,1988691.6482
14634,1730447.4876,1988691.8223
14635,1729834.3381,1988007.2904
14636,1728320.5201,1986761.3635
14637,1728856.7479,1987232.5706
14638,1727380.9991,1986296.8287
14639,1726460.6867,1984975.3691
14640,1725208.8983,1984679.0841
14641,1725019.6762,1984057.6669
14642,1726387.3907,1982378.7161
14643,1734676.1237,2002874.0003
14644,1734987.1233,2002785.8663
14645,1734329.1248,2002617.8777
14646,1732588.3112,1999590.8218
14647,1732355.8693,1999912.9839
14648,1731691.2784,1997203.4869
14649,1731582.1314,1996817.4512
14650,1728174.3041,1995668.4986
14651,1727684.821,1995372.8955
14652,1726245.8212,1994232.5813
14653,1727342.5631,1994862.5839
14654,1724409.1315,1992588.2116
14655,1724116.3676,1992146.42
14656,1723634.4351,1991414.019
14657,1722118.9017,1989939.2982
14658,1732018.0522,1977010.1699
14659,1730155.7507,1976158.2819
14660,1758890.5798,1951613.7804
14661,1758810.9637,1951659.277
14662,1758892.4174,1950962.6465
14663,1758737.9916,1950190.3435
14664,1758416.4425,1949720.104
14665,1757860.7712,1945391.3786
14666,1758702.0898,1947852.0952
14667,1758458.792,1948476.2604
14668,1758709.6799,1947862.7813
14669,1756936.0812,1944196.9973
14670,1742855.1277,1995155.8684
14671,1742799.1243,1995239.878
14672,1742701.1326,1996415.8725
14673,1742141.1297,1997017.8744
14674,1741777.1261,1997255.8724
14675,1739245.6485,1998925.1664
14676,1739278.1149,1999040.8761
14677,1737097.5289,1988071.4679
14678,1737790.0491,1990380.2425
14679,1737773.1271,1990409.879
14680,1736797.0258,1987333.9752
14681,1734297.5746,1986036.2853
14682,1740980.9707,1977583.3285
14683,1741236.7362,1977662.6327
14684,1740748.1233,1977422.3727
14685,1739872.8244,1977029.6708
14686,1737594.9261,1976370.9809
14687,1735299.3346,1975876.4219
14688,1736302.7403,1976213.0349
14689,1735144.9363,1975792.9098
14690,1733827.3636,1974639.6308
14691,1729617.5434,1976405.9951
14692,1730779.0649,1975306.885
14693,1730879.2865,1975047.7948
14694,1750053.1161,1951766.4634
14695,1750682.9773,1954437.9958
14696,1750188.4346,1951176.2798
14697,1750861.2167,1949890.2248
14698,1750496.8311,1948504.1422
14699,1752027.2254,1947559.6329
14700,1731888.8799,1995526.9972
14701,1729822.7794,1994510.0891
14702,1729391.2319,1993321.3967
14703,1728761.9162,1992331.1542
14704,1724375.7762,1988459.2886
14705,1738569.101,1985595.9051
14706,1739506.3273,1986532.4109
14707,1737550.0757,1985248.0301
14708,1722008.488,1993013.0493
14709,1767013.665,1936010.547
14710,1767235.899,1943068.3835
14711,1729640.3256,2002954.9599
14712,1732101.0025,2001036.2014
14713,1732145.1271,2001035.8692
14714,1729217.0724,2003064.9323
14715,1725201.4954,1998247.4849
14716,1762489.1314,1957921.6968
14717,1762187.2998,1958004.8799
14718,1762076.4705,1958413.9323
14719,1762020.7435,1958409.5332
14720,1763986.8894,1957043.4184
14721,1764279.6124,1956545.7584
14722,1764286.0484,1956481.4966
14723,1764299.061,1956410.7922
14724,1765712.1666,1955624.1638
14725,1765562.6252,1955659.5074
14726,1767472.8526,1953448.2057
14727,1766204.1084,1955567.1192
14728,1764198.6714,1951092.2636
14729,1761564.8356,1949817.9732
14730,1762794.473,1946345.3061
14731,1764768.9647,1947524.1472
14732,1759971.9333,1945050.3755
14733,1761892.8369,1946238.46
14734,1758316.2894,1943781.5136
14735,1759834.4266,1944972.7542
14736,1747665.78678129,1947794.31913162
14737,1748756.8682,1952817.7578
14738,1742816.4743,1976610.1632
14739,1742525.026,1976572.6168
14740,1740591.4705,1974166.901
14741,1740626.9686,1974074.8744
14742,1739642.7379,1972952.2158
14743,1738735.128,1972234.7946
14744,1738298.2274,1972194.8066
14745,1737889.462,1968062.645
14746,1737903.8354,1971793.8856
14747,1737683.5742,1997308.2735
14748,1738476.2891,1997586.915
14749,1735874.8704,1995594.0777
14750,1738626.8406,1996214.7737
14751,1737483.7807,2000824.8204
14752,1737314.9317,2001157.9414
14753,1737343.4539,2001580.8137
14754,1739143.7004,1999375.9052
14755,1739103.1988,1999359.9238
14756,1739046.0015,1999328.0882
14757,1739030.5981,1999370.4372
14758,1739161.9329,1999293.2533
14759,1739159.6518,1999336.4838
14760,1739540.2273,1996946.9004
14761,1739835.5089,1997103.9831
14762,1739945.0361,1996899.5991
14763,1739132.117,1996202.7868
14764,1739156.57,1996723.0362
14765,1747872.6616,1988417.2155
14766,1748918.0781,1989123.2645
14767,1749155.4523,1979187.9456
14768,1748947.8467,1979042.352
14769,1756166.2121,1966692.4976
14770,1758782.893,1966863.8816
14771,1759539.8172,1966282.4369
14772,1762022.5095,1962129.9471
14773,1762021.127,1961961.8695
14774,1762163.6726,1959315.8805
14775,1761803.8804,1959065.8041
14776,1761689.8082,1959075.2122
14777,1763853.4793,1953990.1393
14778,1765325.414,1955683.4017
14779,1773538.9112,1948398.2722
14780,1773771.2661,1948373.9247
14781,1773851.1595,1948343.3735
14782,1773415.7259,1949146.2568
14783,1777941.3653,1945958.647
14784,1778020.9392,1946052.6565
14785,1779684.7227,1944496.8969
14786,1779667.6605,1944532.85
14787,1778646.881,1947083.6011
14788,1780236.312,1943221.8475
14789,1779679.6347,1944490.8401
14790,1775794.9355,1947579.7887
14791,1775578.8653,1948004.7294
14792,1775579.3663,1948006.5709
14793,1776854.3804,1945710.6641
14794,1776241.9643,1946005.0409
14795,1776945.2528,1945084.2623
14796,1775974.9649,1943101.0007
14797,1774250.3216,1941123.5664
14798,1773143.0801,1939107.0482
14799,1775304.9201,1946794.7408
14800,1775717.4962,1946090.3466
14801,1774340.2993,1944936.2856
14802,1774269.583,1944710.1976
14803,1777231.9542,1944793.3949
14804,1777354.2818,1944268.6427
14805,1777196.9058,1944754.0231
14806,1777198.1631,1944748.4008
14807,1777610.1276,1944034.8719
14808,1777901.8486,1942532.324
14809,1777641.4495,1943941.0782
14810,1778932.0316,1943369.6314
14811,1777634.9369,1944039.5223
14812,1773712.0191,1946583.6037
14813,1773894.9287,1947531.4022
14814,1773764.1777,1946211.4303
14815,1773488.9869,1947790.3706
14816,1773515.123,1947821.8748
14817,1772439.1441,1945978.5946
14818,1773251.0639,1947724.0947
14819,1773144.7772,1944377.4808
14820,1772386.8342,1945843.3483
14821,1773263.123,1947751.8732
14822,1771393.6608,1943123.1868
14823,1771112.9837,1945331.2468
14824,1771078.0273,1942462.4821
14825,1769961.8581,1934795.1673
14826,1770987.9373,1939269.6759
14827,1770980.1953,1939538.5737
14828,1766212.8212,1941876.0085
14829,1766122.5802,1942250.2073
14830,1765783.0134,1940517.5567
14831,1765098.5241,1937542.9563
14832,1765087.6476,1936505.4125
14833,1763367.2749,1935915.8742
14834,1762308.9915,1934392.5086
14835,1762808.637,1937455.7578
14836,1762594.0352,1935705.9496
14837,1762967.7934,1934022.8262
14838,1759920.2189,1940212.6983
14839,1768855.8223,1941927.9707
14840,1769716.0473,1941988.8554
14841,1770670.9195,1943841.3676
14842,1772707.7661,1950018.6532
14843,1772158.7137,1950156.2872
14844,1770816.9848,1951383.9539
14845,1770603.0768,1951267.84
14846,1768061.6994,1948849.0636
14847,1768025.0204,1948875.1331
14848,1768236.1204,1948806.0696
14849,1768177.3788,1948803.6311
14850,1768178.8315,1948794.7687
14851,1768552.3777,1948634.0759
14852,1768653.4763,1948514.4911
14853,1768660.154,1948121.8856
14854,1768680.4569,1947971.3532
14855,1768566.2126,1947531.0737
14856,1766657.7943,1945678.5201
14857,1768282.1587,1947486.8419
14858,1768525.2343,1947529.9151
14859,1763001.8657,1944633.411
14860,1765042.2615,1947605.4118
14861,1761048.5769,1943966.2818
14862,1761946.5159,1946181.9892
14863,1764799.3613,1949548.543
14864,1766738.0646,1948785.8191
14865,1770973.8908,1950611.9548
14866,1771036.7198,1950590.6691
14867,1771123.8627,1950563.9581
14868,1771037.0936,1950594.5409
14869,1772258.0061,1948729.9817
14870,1771302.1086,1948437.6152
14871,1771411.122,1948977.2158
14872,1771944.4063,1948933.3271
14873,1772092.5662,1948974.3102
14874,1775011.7286,1949124.1408
14875,1774827.9342,1947810.7406
14876,1775490.8555,1948768.4507
14877,1775512.2399,1948591.8451
14878,1760594.9101,1958575.9178
14879,1759833.5553,1958978.1359
14880,1759594.8299,1958260.8217
14881,1759918.2788,1957717.4008
14882,1757231.2875,1955246.448
14883,1760026.7771,1953041.3088
14884,1756456.0775,1946326.9187
14885,1756557.9609,1945093.5667
14886,1759195.3882,1948478.4284
14887,1751013.8158,1945891.12
14888,1756141.2151,1944342.2234
14889,1756524.0673,1951102.4186
14890,1757026.2109,1950777.0432
14891,1756416.9478,1951331.0194
14892,1757156.0016,1952923.1895
14893,1759423.2837,1953008.0645
14894,1762165.8415,1952585.5629
14895,1763348.7342,1956653.1516
14896,1763296.1944,1955091.5367
14897,1763036.5403,1952388.7114
14898,1763199.0514,1951499.7786
14899,1769758.6112,1953305.8251
14900,1765954.9484,1956019.234
14901,1764898.2801,1956626.9788
14902,1765779.6278,1956206.5136
14903,1764176.9789,1957537.2043
14904,1764216.5812,1957427.7061
14905,1762708.2511,1958272.1364
14906,1762539.5339,1958896.9664
14907,1762806.2536,1958879.595
14908,1761342.9631,1960653.4303
14909,1761168.6429,1961455.6569
14910,1761196.3432,1960266.4259
14911,1760524.3264,1959866.0587
14912,1760252.5621,1960969.9491
14913,1760229.1237,1960995.8782
14914,1759974.8832,1960546.1663
14915,1760108.9028,1960943.5246
14916,1760131.1304,1960967.8716
14917,1759967.184,1959879.8028
14918,1759371.5491,1959764.2349
14919,1757979.7024,1958747.9845
14920,1758522.2195,1961184.7663
14921,1754986.638,1964934.225
14922,1756518.3261,1962219.3125
14923,1753929.6365,1963626.6239
14924,1753016.9224,1961980.4207
14925,1751580.3416,1962183.7291
14926,1751315.0002,1962650.6401
14927,1752755.8358,1958875.3528
14928,1752423.6469,1958967.6072
14929,1751838.1788,1959285.0808
14930,1749755.7851,1958326.5957
14931,1750826.8937,1958074.2112
14932,1751006.9922,1957152.3955
14933,1752443.7318,1952133.4922
14934,1751775.4984,1954812.9665
14935,1749323.8596,1948295.3043
14936,1752994.6597,1948361.5034
14937,1743837.3427,1954845.2456
14938,1750179.307,1955272.6868
14939,1750982.4056,1955008.4634
14940,1748777.4342,1956721.0307
14941,1748115.0978,1955166.7588
14942,1754840.178,1955407.4604
14943,1754972.7159,1956419.2418
14944,1754859.7619,1954991.4281
14945,1754838.125,1954563.6702
14946,1753300.433,1950036.7961
14947,1755709.1731,1952740.7358
14948,1757109.0163,1957460.4575
14949,1755477.5923,1957799.5121
14950,1759306.5197,1961473.2932
14951,1759216.229,1960959.4928
14952,1759392.2456,1961844.2331
14953,1759682.548,1962362.7406
14954,1759388.8066,1962479.245
14955,1759658.9887,1962843.5582
14956,1760307.4069,1963514.5776
14957,1760116.5617,1963561.8308
14958,1760295.1916,1964166.051
14959,1758506.1621,1964693.6697
14960,1760653.0017,1964331.6285
14961,1759049.5978,1965840.7006
14962,1760127.192,1965862.8865
14963,1758422.2164,1964945.7682
14964,1758931.1634,1965898.6532
14965,1757603.1027,1965960.4635
14966,1756164.608,1965354.2637
14967,1757287.53,1965953.9218
14968,1757395.2756,1963069.4737
14969,1758625.2214,1962213.671
14970,1758583.2369,1962404.0767
14971,1761039.4998,1963011.3418
14972,1761147.971,1961642.8995
14973,1761969.571,1962557.0032
14974,1761370.0645,1963031.6852
14975,1761198.4198,1963739.9447
14976,1761236.7172,1961778.0485
14977,1761314.129,1961772.8696
14978,1757083.3526,1967769.5412
14979,1758351.2168,1967980.7868
14980,1758476.1553,1968641.4478
14981,1756897.7824,1969627.9865
14982,1757052.9429,1969754.1459
14983,1756158.7167,1969835.4558
14984,1754827.9753,1969991.2398
14985,1755032.093,1970561.6543
14986,1754957.111,1968774.4868
14987,1753278.93,1964707.3477
14988,1754536.0545,1965926.2825
14989,1755259.9528,1968733.5553
14990,1755487.1472,1968907.1312
14991,1756539.3401,1969488.5389
14992,1756470.123,1969066.0839
14993,1756616.7027,1968903.9953
14994,1755179.3726,1970898.8704
14995,1751397.4006,1969804.7801
14996,1750984.4002,1969866.0776
14997,1748086.4127,1968982.5737
14998,1748433.4608,1968741.2508
14999,1746298.1359,1967274.5985
15000,1743341.6281,1965463.6363
15001,1743978.7933,1966405.7071
15002,1743092.124,1965296.4259
15003,1740532.5618,1964500.3241
15004,1739018.7706,1963018.1867
15005,1745728.7232,1968407.3586
15006,1744080.6307,1970200.6165
15007,1739867.5263,1969624.856
15008,1738416.156,1968731.2793
15009,1746107.1339,1968982.0868
15010,1746139.9433,1969312.4565
15011,1743936.4612,1970386.8708
15012,1743807.0127,1970590.0519
15013,1738757.89,1968427.6195
15014,1743564.0987,1967659.6782
15015,1744684.0725,1966973.7161
15016,1739342.435,1966795.8253
15017,1742732.7614,1967053.4108
15018,1739015.6377,1966711.548
15019,1738167.6567,1968251.8542
15020,1737008.97435124,1967906.87900678
15021,1738657.783,1964924.4577
15022,1741297.0069,1968324.0015
15023,1743127.0029,1967916.3516
15024,1741814.797,1965378.0715
15025,1738835.1978,1964227.9529
15026,1747119.6603,1964296.0587
15027,1746919.4763,1964316.935
15028,1746984.7555,1964266.4137
15029,1745226.1794,1965380.4541
15030,1745632.7757,1963969.231
15031,1738801.3155,1962476.6291
15032,1738730.5078,1962461.1517
15033,1737916.1165,1964426.9239
15034,1737838.2269,1962085.1888
15035,1735941.14426992,1962608.66385911
15036,1737525.6996,1962197.977
15037,1737596.4841,1962213.4535
15038,1737753.8696,1962247.8279
15039,1739158.2097,1959796.9601
15040,1738513.587,1959433.4317
15041,1738871.3042,1957329.4925
15042,1739055.7086,1959640.7508
15043,1739057.0333,1959433.6256
15044,1741933.7243,1957933.2794
15045,1739917.4047,1961810.6502
15046,1743542.9776,1962324.348
15047,1746207.9471,1959738.1256
15048,1746327.9837,1959869.1889
15049,1746612.7362,1955903.6758
15050,1747207.0187,1957367.6653
15051,1741385.237,1955046.5252
15052,1740249.041,1955615.6896
15053,1738099.5933,1956709.8492
15054,1740749.1314,1957187.0036
15055,1738861.3258,1955494.6705
15056,1743807.5537,1952462.6071
15057,1744274.9432,1955497.1327
15058,1744377.2343,1959368.4703
15059,1745645.5595,1959410.9079
15060,1747980.946,1957866.7864
15061,1748573.424,1962542.4335
15062,1749829.9252,1961332.6447
15063,1749201.5081,1959975.032
15064,1749364.0232,1965468.258
15065,1749456.1727,1965436.0355
15066,1749593.365,1965421.6353
15067,1749246.2525,1964763.51
15068,1751099.5387,1965170.8978
15069,1750585.2045,1962991.449
15070,1751680.0245,1967366.1455
15071,1752577.0419,1965495.6674
15072,1751642.4132,1967326.3108
15073,1751644.3219,1966990.4766
15074,1752934.2365,1966762.6649
15075,1752685.8241,1968263.1253
15076,1749767.1674,1971108.177
15077,1751851.298,1972865.5704
15078,1747052.4272,1975949.9913
15079,1745197.0657,1977116.9169
15080,1738405.4776,1973819.6602
15081,1736461.2254,1973107.5597
15082,1737856.9898,1972387.5322
15083,1738714.2424,1970733.7332
15084,1736895.2664,1974674.9084
15085,1737353.5957,1976118.9046
15086,1736674.7654,1974682.0352
15087,1734576.7926,1977585.727
15088,1733980.3361,1972281.1926
15089,1734994.8979,1971454.5794
15090,1740756.8421,1977335.0183
15091,1741207.8528,1978895.5166
15092,1741425.6297,1978900.9249
15093,1738224.7607,1978458.7654
15094,1740938.9879,1978899.9994
15095,1736393.1204,1978010.0894
15096,1737099.322,1979605.1857
15097,1734877.9419,1984009.9022
15098,1733788.9232,1984515.7442
15099,1731509.2814,1983533.6357
15100,1729672.4435,1983073.2145
15101,1727187.1583,1982408.5347
15102,1731769.8378,1985199.6934
15103,1729965.9248,1980944.9811
15104,1730526.7453,1982545.1804
15105,1734219.3229,1983627.5932
15106,1730699.7956,1981845.151
15107,1733894.9386,1983425.6767
15108,1730926.4063,1981135.794
15109,1728724.8755,1980942.4787
15110,1725217.0819,1981057.9224
15111,1729675.9955,1977474.133
15112,1732630.4519,1979461.7204
15113,1730547.3024,1977317.3452
15114,1743175.4335,1976980.9488
15115,1743206.2624,1976549.0356
15116,1742195.6943,1973376.6973
15117,1746163.247,1973928.0717
15118,1744941.3146,1972234.6738
15119,1748064.3997,1972004.1025
15120,1747481.8627,1970414.9671
15121,1746390.4499,1970922.9304
15122,1749833.7285,1977771.8543
15123,1750488.1523,1978228.7966
15124,1747141.586,1977509.0858
15125,1749475.0654,1978533.3958
15126,1749309.6526,1978804.2597
15127,1746737.8513,1978486.5985
15128,1749311.102,1978799.0012
15129,1745808.8786,1982114.4415
15130,1747868.3655,1982663.2764
15131,1749113.7804,1982906.4348
15132,1745381.1866,1981915.0169
15133,1743388.8012,1982218.9369
15134,1738531.0896,1984492.8706
15135,1742522.7252,1981155.7159
15136,1743343.1441,1979726.3722
15137,1741321.9145,1982204.6784
15138,1743849.3123,1980586.7117
15139,1745956.7199,1979141.7851
15140,1748548.1356,1983028.6254
15141,1748868.7455,1984134.3595
15142,1747291.695,1983174.4317
15143,1748136.813,1982953.6608
15144,1747337.7423,1983339.5792
15145,1747320.0461,1983314.6641
15146,1747545.9803,1983330.3384
15147,1747635.1962,1984188.032
15148,1747689.8481,1984068.7323
15149,1746628.522,1985000.9931
15150,1744456.6995,1984353.7983
15151,1745051.0207,1984230.0805
15152,1748729.0592,1984849.5945
15153,1748682.6166,1986567.8742
15154,1747685.1266,1986993.8668
15155,1747460.8505,1987671.21
15156,1747419.127,1987721.872
15157,1748571.8733,1986485.6523
15158,1747712.7191,1986968.6553
15159,1747710.9496,1986967.9369
15160,1745968.6766,1987957.8475
15161,1746004.9723,1988436.0713
15162,1746019.1287,1988463.8718
15163,1745333.2809,1987426.2824
15164,1743662.2963,1984157.5358
15165,1741337.8807,1985265.5753
15166,1746185.8487,1987522.4028
15167,1745133.0717,1985564.2816
15168,1743481.6516,1987816.4035
15169,1743997.2578,1989183.1877
15170,1744032.1515,1989216.1355
15171,1741666.8643,1988448.4245
15172,1743479.4562,1989754.5743
15173,1743527.1269,1989793.8755
15174,1739423.4718,1984369.4796
15175,1741115.502,1985818.0779
15176,1745487.9862,1989693.2836
15177,1745499.1815,1989467.2159
15178,1745487.1251,1989429.8713
15179,1745417.0725,1991697.7145
15180,1746941.6163,1991435.0608
15181,1747974.4747,1990877.4438
15182,1740905.6513,1990812.8156
15183,1740816.961,1991331.758
15184,1740811.1326,1991361.8727
15185,1740589.8277,1990223.0169
15186,1740892.4855,1990147.93
15187,1739205.5588,1988706.311
15188,1739398.2634,1990837.9935
15189,1739412.72,1990857.0866
15190,1734889.1729,1987175.846
15191,1736798.4604,1985564.823
15192,1733516.4649,1989528.4893
15193,1733252.5466,1989699.4073
15194,1730726.5422,1987151.4858
15195,1731304.5223,1988471.8623
15196,1730482.2743,1985079.4367
15197,1731382.9446,1985296.576
15198,1728292.6925,1989280.811
15199,1725045.2256,1987050.8142
15200,1724178.6614,1986570.6439
15201,1724860.7791153,1982498.84282476
15202,1726006.436,1983311.7405
15203,1728296.571,1985984.3124
15204,1727908.555,1983720.8048
15205,1729742.5138,1984655.7977
15206,1726442.0451,1988218.7999
15207,1729043.2451,1987771.9917
15208,1729593.567,1990049.7579
15209,1730414.6348,1988761.1266
15210,1731031.5308,1989585.7851
15211,1731096.442,1989025.1196
15212,1730983.8133,1989887.8045
15213,1733156.795,1986129.1673
15214,1734695.5166,1992184.4334
15215,1735507.6701,1990607.5609
15216,1735503.5407,1990576.6464
15217,1734795.7039,1993652.7624
15218,1732489.4861,1991964.0602
15219,1736035.7146,1992725.587
15220,1736623.2014,1990997.4274
15221,1736723.132,1990927.8753
15222,1737725.0441,1992100.9818
15223,1738692.4029,1990613.4394
15224,1738725.1265,1990591.8774
15225,1739159.1258,1991441.7992
15226,1739238.2088,1991076.178
15227,1739236.126,1991046.8771
15228,1739078.6579,1991870.5729
15229,1740486.3417,1994597.0854
15230,1741570.8118,1994050.8771
15231,1740486.3028,1994725.7932
15232,1740697.873,1995274.1867
15233,1739675.94146497,1996016.22343258
15234,1739945.327,1996313.8922
15235,1741818.0814,1994402.2727
15236,1740383.4651,1995110.2659
15237,1740609.9429,1995252.1563
15238,1742189.8211,1994586.7153
15239,1742772.8486,1995203.912
15240,1741575.9064,1994553.7405
15241,1741204.1232,1994731.7849
15242,1741085.9499,1995478.0029
15243,1741570.0152,1995655.6996
15244,1741595.1242,1995687.8707
15245,1741009.7396,1995928.7637
15246,1740701.2434,1996275.7519
15247,1740718.4754,1996150.8383
15248,1740243.4451,1996773.6749
15249,1741276.3572,1996426.2688
15250,1741036.4451,1996310.3015
15251,1740525.4707,1997458.4502
15252,1740559.1194,1997465.8726
15253,1739106.4996,1998936.9033
15254,1739212.5461,1998923.5285
15255,1739185.9424,1999321.5358
15256,1738921.13,1999355.8697
15257,1740035.6015,1998803.0126
15258,1739601.7404,1999122.3363
15259,1741419.8253,1998966.5098
15260,1741300.9221,1998512.1175
15261,1740671.9747,1999400.468
15262,1741142.6501,1998540.247
15263,1739624.1714,1999920.571
15264,1739548.1134,1999961.5986
15265,1747121.9159,1993365.5521
15266,1746212.227,1993025.6969
15267,1746191.5372,1993058.3182
15268,1740811.026,1999880.3154
15269,1740879.6807,1999732.605
15270,1738819.8025,2000342.0348
15271,1738794.2723,2000270.7292
15272,1738795.1295,2000237.8727
15273,1739391.1829,1999761.4793
15274,1738850.682,1999991.6044
15275,1738158.6631,2000195.6465
15276,1737034.4463,1999343.2605
15277,1737188.747,1999072.3254
15278,1737978.5106,2000077.6303
15279,1737059.1246,2001189.8724
15280,1737171.1221,2001399.8681
15281,1736885.3658,2000680.8715
15282,1737031.1249,2000839.8755
15283,1736183.2643,1999454.6352
15284,1736773.7982,2000291.966
15285,1735507.7147,1997588.0558
15286,1735304.787,1995372.8538
15287,1737059.1616,2000769.4533
15288,1737073.1218,2000615.8711
15289,1737031.3048,2000576.3969
15290,1736856.4431,2000669.5942
15291,1736641.3575,2000580.7848
15292,1735441.803,1999925.8814
15293,1735865.7249,2000215.048
15294,1736978.1664,2001152.507
15295,1736611.1285,2000601.8672
15296,1736877.126,2001105.8705
15297,1735165.5094,1999857.8644
15298,1736829.0064,2001138.7813
15299,1736767.0018,2001198.7866
15300,1735012.5754,2001790.8262
15301,1735986.116,2001519.7155
15302,1736051.1257,2001483.8685
15303,1737019.4892,2001389.038
15304,1736611.1252,2001245.8772
15305,1736758.1195,2001238.8786
15306,1736021.0734,2001453.8136
15307,1736574.344,2001219.8532
15308,1736817.9969,2001698.1675
15309,1737041.7468,2001557.8608
15310,1737095.7594,2001550.6122
15311,1737276.1253,2001518.8799
15312,1735603.1265,2002746.2889
15313,1731823.5148,1999755.0733
15314,1731842.1094,1999835.2603
15315,1731689.8482,1999647.2233
15316,1731083.2833,1998990.1239
15317,1730486.4274,1998773.5312
15318,1730197.3815,1998965.2506
15319,1728709.3749,2000415.8677
15320,1727586.4144,1998995.2435
15321,1724022.5272,1994730.2145
15322,1721124.4665,1994836.6775
15323,1722572.8307,1996383.3798
15324,1721905.677,1991651.7868
15325,1724467.5861,1989469.012
15326,1726589.2008,1995790.6187
15327,1727228.4595,1995291.9028
15328,1725827.8418,1996483.2494
15329,1724592.0945,1998112.1449
15330,1723280.4143,1996884.0232
15331,1724994.9636,1995469.6648
15332,1726411.7584,1991530.5997
15333,1724970.1369,1990662.7059
15334,1725503.5545,1989810.1511
15335,1729170.5447,1990844.9846
15336,1732085.8344,1995367.7371
15337,1732376.5615,1995286.6498
15338,1735179.0649,1994424.0098
15339,1731295.5256,1992407.6733
15340,1733822.0681,1996113.2549
15341,1734137.6582,1996071.7147
15342,1733770.2319,1998126.0132
15343,1730940.1821,2003657.9996
15344,1727754.6278,2004137.8165
15345,1731897.681,2002727.157
15346,1733186.6298,2001776.5748
15347,1733254.6884,2001817.7419
15348,1732513.7691,2003257.6813
15349,1734292.521,2002613.2492
15350,1733314.12,2003959.5887
15351,1734671.3467,2002884.7257
15352,1732749.0946,2005915.6714
15353,1732681.1014,2006050.4977
15354,1732670.9487,2006082.755
15355,1732677.1243,2006131.8755
15356,1732719.9107,2006061.5779
15357,1733377.3669,2005999.9442
15358,1731150.0582,2006255.3056
15359,1731201.1609,2006269.0646
15360,1731716.2239,2006163.3206
15361,1731781.1202,2006201.8718
15362,1731146.52854341,2006255.86535332
15363,1731295.1767,2006334.165
15364,1731585.3819,2006326.4704
15365,1731601.5669,2006284.0976
15366,1738476.67111583,1998490.62077155
15367,1738563.8429,1998346.9894
15368,1738777.0859,1998186.5172
15369,1738772.9503,1997854.6249
15370,1738505.4435,1997396.3344
15371,1738535.3466,1997342.5148
15372,1738521.9018,1997134.6648
15373,1738462.725,1997087.4573
15374,1739401.0871,1996853.1587
15375,1738700.0355,1996572.4086
15376,1738477.969,1998490.9063
15377,1761938.3684,1932765.9264
15378,1760997.79580217,1933122.43962229
15379,1738638.36,1998838.8867
15380,1738512.8038,1999010.8105
15381,1738520.3261,1999049.8179
15382,1755330.014,1956563.7172
15383,1778121.3118,1947116.0922
15384,1777714.342,1946709.7626
15385,1760582.6475,1965527.2127
15386,1760029.6935,1965954.3563
15387,1739313.129,2000167.8682
15388,1745699.4578,1990160.2342
15389,1746050.0076,1990171.8773
15390,1737521.1219,2001861.8738
15391,1738994.6875,1999069.8418
15392,1738792.9719,1998862.4752
15393,1738823.8418,1998745.8324
15394,1738741.1593,1999130.6835
15395,1738371.3003,1998530.4218
15396,1740241.50977514,1996774.11289277
15397,1740018.2903,1996427.173
15398,1740045.4851,1996596.0466
15399,1739792.8192,1996327.5316
15400,1738990.8225,1996095.4349
15401,1745384.6711,1991993.1749
15402,1745571.1291,1991949.8735
15403,1744730.2065,1991620.1899
15404,1742323.1218,1991529.873
15405,1743121.1273,1991403.8709
15406,1743870.082,1991338.8133
15407,1744276.125,1991438.871
15408,1743758.13,1991326.8716
15409,1743156.4927,1991411.2319
15410,1739355.1267,1990857.8756
15411,1743415.1235,1995015.8761
15412,1741343.1242,1997479.8752
15413,1741273.1259,1997451.8779
15414,1740511.6861,1997507.5794
15415,1740335.1208,1997465.8747
15416,1739901.125,1997409.8774
15417,1739785.8808,1997537.8213
15418,1739817.1247,1998319.8671
15419,1739740.9734,1998568.2723
15420,1742232.3827,1990638.4234
15421,1743261.1273,1990675.8808
15422,1743674.1265,1990598.8705
15423,1743688.1268,1990500.8748
15424,1744352.7769,1989088.4654
15425,1745704.43,1989053.5383
15426,1745713.598,1989012.238
15427,1746971.1284,1989723.8797
15428,1747897.3736,1990119.6627
15429,1748623.1336,1987077.881
15430,1748757.6427,1986946.6463
15431,1753107.7995,1971372.5981
15432,1752628.5505,1972208.2114
15433,1752075.0347,1969116.1996
15434,1759749.9163,1963097.4309
15435,1761280.2309,1963006.6185
15436,1761391.1234,1961919.8714
15437,1744466.564,1991524.1447
15438,1760551.1171,1961513.8674
15439,1760678.8277,1961588.5774
15440,1759712.1537,1961002.5575
15441,1761762.5529,1960483.6954
15442,1732892.2557,1961188.6318
15443,1735509.1444,1960301.977
15444,1761652.4404,1959775.8867
15445,1755391.1072,1958308.4965
15446,1774467.1207,1948311.8795
15447,1774831.1253,1947765.8731
15448,1776601.621,1946958.1334
15449,1738251.9984,1999818.5015
15450,1742981.1264,1995099.8734
15451,1752095.1265,1970305.8707
15452,1752634.1283,1970522.8685
15453,1772736.3638,1948115.5935
15454,1773029.0992,1948157.8736
15455,1738301.2062,1999334.4016
15456,1746523.1227,1988631.8676
15457,1772717.2131,1948151.6633
15458,1762138.3905,1961903.2416
15459,1755440.0558,1956590.6093
15460,1761716.0985,1960352.1302
15461,1752582.8151,1970097.734
15462,1752469.6294,1970235.8709
15463,1746635.1306,1991067.8799
15464,1747113.4998,1992409.2432
15465,1747405.266,1992409.5014
15466,1742244.7579,1990619.644
15467,1766133.7489,1956084.9222
15468,1759709.2081,1967068.7708
15469,1747708.7527,1983936.2824
15470,1749263.4091,1986161.0526
15471,1745758.6372,1989062.1059
15472,1738151.1246,2000433.8763
15473,1738585.1268,2000195.8676
15474,1738749.6761,2000215.1459
15475,1738704.5683,2000537.2667
15476,1737486.1205,2001826.8722
15477,1737439.5325,2001669.2045
15478,1739089.1271,1990801.8674
15479,1735197.1196,2003051.8766
15480,1732318.7202,1999965.278
15481,1732304.8244,2000003.3799
15482,1737717.1129,2001413.8757
15483,1778834.7817,1947125.9568
15484,1766865.1246,1948689.8751
15485,1765164.1306,1947842.8719
15486,1765031.1243,1947709.8671
15487,1767271.1238,1943131.8707
15488,1766221.1209,1942795.871
15489,1750961.1277,1954695.8677
15490,1751199.1286,1954877.8727
15491,1751906.1228,1955262.8678
15492,1748847.1246,1953561.8743
15493,1759599.1263,1952971.8667
15494,1759522.1238,1952784.8686
15495,1758703.1294,1951727.8744
15496,1757135.1262,1950733.8742
15497,1743807.1273,1962297.8706
15498,1745682.0097,1959416.5972
15499,1745837.1242,1960015.8743
15500,1746621.1344,1960351.8744
15501,1745984.1278,1960036.8673
15502,1742946.1226,1976654.871
15503,1742015.1271,1978019.8714
15504,1742071.1261,1977963.8715
15505,1742791.4173,1977689.5866
15506,1741245.1279,1979097.8681
15507,1741469.1199,1978929.8726
15508,1731543.1274,1988883.8763
15509,1731235.1243,1988869.8707
15510,1729254.1237,1987770.8734
15511,1727665.1251,1995337.8739
15512,1737381.1245,1976199.8787
15513,1761979.1259,1946225.8716
15514,1738207.1251,1972139.8752
15515,1743471.1273,1967687.8745
15516,1747727.1226,1984039.8802
15517,1747867.1228,1983969.8746
15518,1747279.1228,1983297.8766
15519,1740160.126,1995848.8767
15520,1739682.079,1996011.5169
15521,1740657.125,1995309.8733
15522,1741014.1252,1995960.8751
15523,1801870.9333,2072344.4857
15524,1802125.27519397,2072250.72993361
15525,1816176.5927,2085066.0672
15526,1816182.83711259,2085068.46557298
15527,1786256.67570673,2082623.76457833
