"rid","fromnode","tonode"
1,1,2
2,3,4
3,5,6
4,7,8
5,9,10
6,11,12
7,13,14
8,15,16
9,17,18
10,19,20
11,20,21
12,22,19
13,23,22
14,24,23
15,25,24
16,26,25
17,27,28
18,29,26
19,28,30
20,30,29
21,31,27
22,32,31
23,33,32
24,34,33
25,35,34
26,36,35
27,37,38
28,39,40
29,41,36
30,38,41
31,40,37
32,42,19
33,43,42
34,44,43
35,45,46
36,46,44
37,47,48
38,49,45
39,48,49
40,50,47
41,51,50
42,52,51
43,53,54
44,55,53
45,56,55
46,57,56
47,58,57
48,59,58
49,60,61
50,61,59
51,62,60
52,63,62
53,64,65
54,65,66
55,66,63
56,67,64
57,68,69
58,69,67
59,70,68
60,71,70
61,72,71
62,21,73
63,73,74
64,74,72
65,75,21
66,76,75
67,77,76
68,78,77
69,79,78
70,80,79
71,81,80
72,82,81
73,83,82
74,84,83
75,85,86
76,87,84
77,86,87
78,88,85
79,89,88
80,90,89
81,91,90
82,92,91
83,93,92
84,94,93
85,95,94
86,96,97
87,98,99
88,99,96
89,100,98
90,101,102
91,102,100
92,103,101
93,104,103
94,105,104
95,106,105
96,107,106
97,108,96
98,109,108
99,110,111
100,112,110
101,111,109
102,113,112
103,114,115
104,115,116
105,116,113
106,117,118
107,119,117
108,120,119
109,121,122
110,123,120
111,122,123
112,124,125
113,126,127
114,128,126
115,129,128
116,130,129
117,131,130
118,132,131
119,133,132
120,134,133
121,135,134
122,136,135
123,137,136
124,138,137
125,139,138
126,140,139
127,141,140
128,142,141
129,143,142
130,144,143
131,145,144
132,146,145
133,147,146
134,148,147
135,149,148
136,150,149
137,151,150
138,152,151
139,153,152
140,154,153
141,155,154
142,156,155
143,157,156
144,158,159
145,160,158
146,161,160
147,162,160
148,163,162
149,164,163
150,165,164
151,166,165
152,167,166
153,168,167
154,169,168
155,170,169
156,171,170
157,172,166
158,173,172
159,174,173
160,175,174
161,176,175
162,177,176
163,178,177
164,179,178
165,180,179
166,181,182
167,183,184
168,185,180
169,182,183
170,184,186
171,186,185
172,187,138
173,188,187
174,189,188
175,190,189
176,191,190
177,192,191
178,193,192
179,194,193
180,195,194
181,196,195
182,197,196
183,198,199
184,199,200
185,200,197
186,201,202
187,203,201
188,204,203
189,205,204
190,206,205
191,207,206
192,208,209
193,210,208
194,211,210
195,212,211
196,213,212
197,214,213
198,215,214
199,216,215
200,217,216
201,218,219
202,219,120
203,220,218
204,221,220
205,222,221
206,223,222
207,224,223
208,225,224
209,226,225
210,227,228
211,228,117
212,229,227
213,230,229
214,231,230
215,232,231
216,233,232
217,234,233
218,235,234
219,236,235
220,237,236
221,238,237
222,239,238
223,240,239
224,241,240
225,242,241
226,243,242
227,244,243
228,245,246
229,247,232
230,248,247
231,249,248
232,250,249
233,251,250
234,252,253
235,253,88
236,254,252
237,255,254
238,256,255
239,257,256
240,258,257
241,259,258
242,260,259
243,261,260
244,262,261
245,263,262
246,264,263
247,265,266
248,266,267
249,267,86
250,268,178
251,269,268
252,270,271
253,271,84
254,272,270
255,273,45
256,274,273
257,275,42
258,276,237
259,277,278
260,279,280
261,281,279
262,282,281
263,283,282
264,284,283
265,285,284
266,286,285
267,287,174
268,288,287
269,289,288
270,290,289
271,291,292
272,292,77
273,293,291
274,294,293
275,295,294
276,296,295
277,297,26
278,298,297
279,299,298
280,300,299
281,301,300
282,302,301
283,303,175
284,304,27
285,305,304
286,306,307
287,308,306
288,309,308
289,310,309
290,311,233
291,312,311
292,313,312
293,314,313
294,315,34
295,316,315
296,317,318
297,319,82
298,318,319
299,320,317
300,321,320
301,322,321
302,323,130
303,324,323
304,325,326
305,326,327
306,327,328
307,329,325
308,330,329
309,331,330
310,332,331
311,333,332
312,334,223
313,335,172
314,336,335
315,337,230
316,338,339
317,339,59
318,340,338
319,341,340
320,342,341
321,343,344
322,345,343
323,346,345
324,347,346
325,348,347
326,349,348
327,350,349
328,351,213
329,352,351
330,353,354
331,355,180
332,356,357
333,357,109
334,358,356
335,359,358
336,360,359
337,361,360
338,362,363
339,364,362
340,365,366
341,366,71
342,367,365
343,368,367
344,369,368
345,370,371
346,371,372
347,372,75
348,373,370
349,374,373
350,375,374
351,376,254
352,377,378
353,379,377
354,380,379
355,381,380
356,382,381
357,383,382
358,384,383
359,385,384
360,386,387
361,387,79
362,388,386
363,389,388
364,390,389
365,391,390
366,392,391
367,393,392
368,394,393
369,395,396
370,396,68
371,397,395
372,398,397
373,399,398
374,400,399
375,401,400
376,402,401
377,403,404
378,405,403
379,406,405
380,407,408
381,408,57
382,409,407
383,410,409
384,411,410
385,412,413
386,413,414
387,415,411
388,414,415
389,416,412
390,417,416
391,418,419
392,420,421
393,422,423
394,424,425
395,426,427
396,427,55
397,428,426
398,429,428
399,430,426
400,431,409
401,432,431
402,433,411
403,434,433
404,435,434
405,436,435
406,437,412
407,438,437
408,439,410
409,440,439
410,441,440
411,442,441
412,443,442
413,444,443
414,445,441
415,446,445
416,447,440
417,448,439
418,449,448
419,450,407
420,451,450
421,452,451
422,453,450
423,454,455
424,455,58
425,456,457
426,458,61
427,457,458
428,459,460
429,460,60
430,461,459
431,462,461
432,463,459
433,464,465
434,465,62
435,466,464
436,467,466
437,468,464
438,469,468
439,470,466
440,471,472
441,472,66
442,473,474
443,474,69
444,475,397
445,476,398
446,477,478
447,478,476
448,479,477
449,480,479
450,481,399
451,482,400
452,483,482
453,484,483
454,485,484
455,486,401
456,487,486
457,488,486
458,489,490
459,491,489
460,492,489
461,493,405
462,494,403
463,495,494
464,496,395
465,497,496
466,498,497
467,499,498
468,500,499
469,501,500
470,502,501
471,503,502
472,504,503
473,505,504
474,506,496
475,507,497
476,508,498
477,509,508
478,510,508
479,511,510
480,512,500
481,513,501
482,514,513
483,515,502
484,516,515
485,517,516
486,518,519
487,520,503
488,519,520
489,521,504
490,522,499
491,523,365
492,524,367
493,525,524
494,526,368
495,527,528
496,528,72
497,529,73
498,530,529
499,531,373
500,532,531
501,533,374
502,534,533
503,535,370
504,536,535
505,537,538
506,538,76
507,539,540
508,541,78
509,540,541
510,542,539
511,543,542
512,544,539
513,545,542
514,546,388
515,547,389
516,548,390
517,549,548
518,550,549
519,551,548
520,552,551
521,553,549
522,554,391
523,555,554
524,556,555
525,557,558
526,559,556
527,558,559
528,560,557
529,561,560
530,562,561
531,563,554
532,564,563
533,565,393
534,566,565
535,567,566
536,568,565
537,569,570
538,571,569
539,572,573
540,574,392
541,575,574
542,576,386
543,577,576
544,578,579
545,580,578
546,579,83
547,581,582
548,582,87
549,583,584
550,585,583
551,586,381
552,587,586
553,588,589
554,590,380
555,589,590
556,591,592
557,593,591
558,594,593
559,595,594
560,596,595
561,597,598
562,598,596
563,599,600
564,601,599
565,602,257
566,603,602
567,604,603
568,605,602
569,606,605
570,607,258
571,608,607
572,609,260
573,610,609
574,611,610
575,612,611
576,613,612
577,614,613
578,615,609
579,616,615
580,617,612
581,618,261
582,619,618
583,620,262
584,621,620
585,622,621
586,623,622
587,624,259
588,625,624
589,626,625
590,627,624
591,628,256
592,629,628
593,630,255
594,631,632
595,632,630
596,633,631
597,634,633
598,635,634
599,636,635
600,637,636
601,638,639
602,640,637
603,639,640
604,641,638
605,642,252
606,643,642
607,644,643
608,645,644
609,646,643
610,647,646
611,648,642
612,649,648
613,650,651
614,651,89
615,652,650
616,653,652
617,654,655
618,656,657
619,655,656
620,657,653
621,658,654
622,659,660
623,660,91
624,661,659
625,662,661
626,663,662
627,664,665
628,665,93
629,666,664
630,667,666
631,668,667
632,669,670
633,670,97
634,671,669
635,672,671
636,673,672
637,674,673
638,675,674
639,676,675
640,677,676
641,678,669
642,679,678
643,680,679
644,681,680
645,682,671
646,683,682
647,684,672
648,685,684
649,686,685
650,687,686
651,688,686
652,689,674
653,690,689
654,691,675
655,692,691
656,693,692
657,694,693
658,695,692
659,696,695
660,697,691
661,698,697
662,699,673
663,700,699
664,701,702
665,702,108
666,703,701
667,704,701
668,705,704
669,706,356
670,707,706
671,708,707
672,709,708
673,710,359
674,711,710
675,712,362
676,713,361
677,714,713
678,715,363
679,716,715
680,717,360
681,718,717
682,719,358
683,720,721
684,721,112
685,722,720
686,723,722
687,724,723
688,725,331
689,726,332
690,727,728
691,729,727
692,730,330
693,731,325
694,732,733
695,733,734
696,735,732
697,736,227
698,737,229
699,738,238
700,739,738
701,740,738
702,741,239
703,742,743
704,744,742
705,745,742
706,746,243
707,747,242
708,748,747
709,749,747
710,750,241
711,751,240
712,752,753
713,754,236
714,753,754
715,755,235
716,756,755
717,757,756
718,758,234
719,759,313
720,760,312
721,761,311
722,762,248
723,763,762
724,764,249
725,765,764
726,766,765
727,767,766
728,768,767
729,769,768
730,770,250
731,771,770
732,772,247
733,773,231
734,774,775
735,775,119
736,776,774
737,777,774
738,778,777
739,779,778
740,780,777
741,781,780
742,782,781
743,783,781
744,784,780
745,785,224
746,786,222
747,787,221
748,788,220
749,789,218
750,790,789
751,791,790
752,792,791
753,793,792
754,794,790
755,795,792
756,796,791
757,797,789
758,798,799
759,800,798
760,801,798
761,802,803
762,804,805
763,803,804
764,806,802
765,807,802
766,808,210
767,809,214
768,810,216
769,811,215
770,812,351
771,813,212
772,814,211
773,815,208
774,816,308
775,817,306
776,818,819
777,820,821
778,822,818
779,821,822
780,823,281
781,824,279
782,825,826
783,827,828
784,829,827
785,830,829
786,831,832
787,833,831
788,834,831
789,835,126
790,836,837
791,837,838
792,839,142
793,840,149
794,841,151
795,842,841
796,843,841
797,844,156
798,845,844
799,846,845
800,847,168
801,848,847
802,849,170
803,850,169
804,851,167
805,852,177
806,853,179
807,854,853
808,855,176
809,856,855
810,857,855
811,858,287
812,859,860
813,860,173
814,861,165
815,862,162
816,863,864
817,864,862
818,865,863
819,866,863
820,867,862
821,868,869
822,869,867
823,870,871
824,871,158
825,872,159
826,873,874
827,874,152
828,875,150
829,876,875
830,877,875
831,838,139
832,878,189
833,879,192
834,880,194
835,881,196
836,882,195
837,883,193
838,884,883
839,885,883
840,886,191
841,887,190
842,888,188
843,889,187
844,890,204
845,891,205
846,892,891
847,893,892
848,894,892
849,895,891
850,896,206
851,897,203
852,898,897
853,899,897
854,900,201
855,901,900
856,902,900
857,202,136
858,903,323
859,904,129
860,905,128
861,906,907
862,908,906
863,909,908
864,910,911
865,912,909
866,911,912
867,913,909
868,914,915
869,915,913
870,916,908
871,917,906
872,918,919
873,920,918
874,921,920
875,922,921
876,923,918
877,924,920
878,925,926
879,927,928
880,929,925
881,928,929
882,930,931
883,931,932
884,932,118
885,933,934
886,935,930
887,934,935
888,936,930
889,937,938
890,939,937
891,938,940
892,940,941
893,942,943
894,943,944
895,944,114
896,945,942
897,946,942
898,947,948
899,949,947
900,950,951
901,951,952
902,952,116
903,953,954
904,955,953
905,954,113
906,956,98
907,957,104
908,958,105
909,959,958
910,960,103
911,961,101
912,962,961
913,963,962
914,964,100
915,965,966
916,966,94
917,967,965
918,968,965
919,969,970
920,970,92
921,971,969
922,972,973
923,973,90
924,974,975
925,976,974
926,975,85
927,977,978
928,978,976
929,979,977
930,980,981
931,982,980
932,981,976
933,983,270
934,984,983
935,985,81
936,986,987
937,987,985
938,988,986
939,989,986
940,990,989
941,991,992
942,993,80
943,992,993
944,994,991
945,995,994
946,996,995
947,997,996
948,998,997
949,999,998
950,1000,997
951,1001,1000
952,1002,996
953,1003,1002
954,1004,995
955,1005,994
956,1006,1005
957,1007,1006
958,1008,1007
959,1009,1006
960,1010,1005
961,1011,991
962,1012,1013
963,1013,295
964,1014,294
965,1015,1014
966,1016,293
967,1017,1016
968,1018,291
969,1019,1018
970,1020,302
971,1021,1020
972,1022,301
973,1023,1022
974,1024,33
975,1025,1026
976,1027,1028
977,1029,1030
978,1030,36
979,1031,315
980,1032,1031
981,1033,304
982,1034,1033
983,1035,25
984,1036,23
985,1037,1036
986,1038,22
987,1039,1038
988,1040,50
989,1041,47
990,1042,1041
991,1043,1042
992,1044,1041
993,1045,1044
994,1046,44
995,1047,1046
996,1048,43
997,1049,1050
998,1050,74
999,1051,1052
1000,1052,1053
1001,1053,70
1002,1054,1051
1003,1055,1054
1004,1056,1057
1005,1057,1055
1006,1058,1056
1007,1059,1058
1008,1060,1054
1009,1061,1051
1010,1062,1063
1011,1063,67
1012,1064,1065
1013,1065,64
1014,1066,1064
1015,1067,1064
1016,1068,1069
1017,1069,65
1018,1070,1071
1019,1071,63
1020,1072,1070
1021,1073,1070
1022,1074,1073
1023,1075,338
1024,1076,1077
1025,1077,1075
1026,1078,1076
1027,1079,1078
1028,1080,1079
1029,1081,1080
1030,1082,1081
1031,1083,1080
1032,1084,1083
1033,1085,1086
1034,1086,340
1035,1087,1085
1036,1088,1087
1037,1089,1090
1038,1091,1088
1039,1090,1092
1040,1092,1091
1041,1093,1089
1042,1094,1093
1043,1095,1089
1044,1096,1095
1045,1097,1098
1046,1098,1088
1047,1099,344
1048,1100,1101
1049,1101,1102
1050,1102,1099
1051,1103,1100
1052,1104,1103
1053,1105,1104
1054,1106,347
1055,1107,1106
1056,1108,1107
1057,1109,348
1058,1110,1109
1059,1111,346
1060,1112,1111
1061,1113,1112
1062,1114,1111
1063,1115,1114
1064,1116,345
1065,1117,1116
1066,1118,1117
1067,1119,1116
1068,1120,1119
1069,1121,1122
1070,1122,343
1071,1123,1121
1072,1124,1125
1073,1125,1126
1074,1126,56
1075,1127,1128
1076,1129,54
1077,1128,1129
1078,1130,1127
1079,1131,1130
1080,1132,1127
1081,1133,1132
1082,1134,1135
1083,1135,1136
1084,1137,1134
1085,1138,1139
1086,1139,329
1087,1140,1138
1088,1141,1140
1089,1142,1141
1090,1143,1144
1091,1145,1146
1092,1147,1148
1093,1149,1147
1094,1150,1149
1095,1151,1150
1096,1152,1151
1097,1153,1147
1098,1154,1108
1099,1155,1108
1100,97,95
1101,1146,1148
1102,1148,1156
1103,1144,1146
1104,1157,477
1105,419,867
1106,1158,734
1107,1159,1160
1108,1160,1161
1109,1162,1163
1110,1163,941
1111,941,328
1112,54,1164
1113,1164,1136
1114,728,726
1115,328,114
1116,1161,1162
1117,734,1159
1118,118,1158
1119,159,1165
1120,1166,157
1121,1167,1166
1122,1165,1168
1123,1168,1167
1124,1169,419
1125,1170,1171
1126,1172,1157
1127,1173,1174
1128,1175,157
1129,1136,1176
1130,1156,1177
1131,1178,1179
1132,1180,1178
1133,344,425
1134,1181,342
1135,1179,1181
1136,1182,1180
1137,425,1182
1138,423,424
1139,421,422
1140,307,1183
1141,1184,1185
1142,1186,1184
1143,1171,1184
1144,1187,1188
1145,1189,1187
1146,828,1187
1147,1190,1189
1148,919,1189
1149,278,1188
1150,819,1186
1151,832,1190
1152,125,1190
1153,799,1191
1154,1192,1191
1155,805,1192
1156,1183,1192
1157,209,1183
1158,1193,121
1159,354,1193
1160,1194,1193
1161,1185,1194
1162,926,1194
1163,1191,1185
1164,1188,1186
1165,127,1195
1166,1195,124
1167,907,1195
1168,1196,244
1169,246,1196
1170,743,1196
1171,1197,277
1172,826,1197
1173,280,1197
1174,584,1198
1175,378,1198
1176,1198,376
1177,1199,402
1178,490,1199
1179,404,1199
1180,573,1200
1181,570,1200
1182,1200,394
1183,1201,588
1184,592,1201
1185,600,1201
1186,1202,946
1187,948,1202
1188,1174,1202
1189,1026,1203
1190,1203,1024
1191,1028,1203
1192,1177,415
1193,1204,1205
1194,1206,1207
1195,1208,1206
1196,1207,1204
1197,1209,1208
1198,1210,1211
1199,1211,1212
1200,1212,1213
1201,1214,1215
1202,1215,1216
1203,1216,1210
1204,1217,1218
1205,1218,1219
1206,1220,1217
1207,1221,1222
1208,1223,1221
1209,1224,1225
1210,1225,1226
1211,1226,1223
1212,1227,1224
1213,1228,1227
1214,1229,1228
1215,1230,1229
1216,1231,1230
1217,1232,1231
1218,1233,1232
1219,1234,1233
1220,1235,1234
1221,1236,1235
1222,1237,1236
1223,1238,1237
1224,1239,1238
1225,1240,1239
1226,1241,1240
1227,1242,1241
1228,1243,1242
1229,1244,1245
1230,1245,1243
1231,1246,1244
1232,1247,1234
1233,1248,1247
1234,1249,1248
1235,1250,1249
1236,1251,1250
1237,1252,1251
1238,1253,1252
1239,1254,1253
1240,1255,1227
1241,1256,1255
1242,1257,1258
1243,1258,1256
1244,1259,1260
1245,1260,1261
1246,1262,1259
1247,1263,1262
1248,1264,1263
1249,1265,1264
1250,1266,1265
1251,1267,1266
1252,1268,1267
1253,1269,1268
1254,1270,1269
1255,1271,1270
1256,1272,1271
1257,1273,1272
1258,1274,1273
1259,1275,1274
1260,1276,1275
1261,1277,1276
1262,1278,1279
1263,1280,1278
1264,1279,1213
1265,1281,1280
1266,1282,1281
1267,1283,1282
1268,1284,1283
1269,1285,1284
1270,1286,1285
1271,1287,1286
1272,1288,1287
1273,1289,1288
1274,1290,1289
1275,1291,1290
1276,1292,1291
1277,1293,1292
1278,1294,1293
1279,1295,1294
1280,1296,1295
1281,1297,1296
1282,1298,1297
1283,1299,1298
1284,1300,1299
1285,1301,1300
1286,1302,1301
1287,1303,1304
1288,1305,1306
1289,1307,1305
1290,1308,1307
1291,1309,1308
1292,1310,1309
1293,1311,1310
1294,1312,1311
1295,1313,1312
1296,1314,1313
1297,1315,1314
1298,1316,1309
1299,1317,1316
1300,1318,1317
1301,1319,1320
1302,1321,1318
1303,1320,1321
1304,1322,1308
1305,1323,1322
1306,1324,1323
1307,1325,1324
1308,1326,1305
1309,1327,1326
1310,1328,1327
1311,1329,1328
1312,1330,1331
1313,1332,1283
1314,1333,1332
1315,1334,1333
1316,1335,1334
1317,1336,1335
1318,1337,1338
1319,1338,1339
1320,1339,1209
1321,1340,1337
1322,1341,1340
1323,1342,1341
1324,1343,1342
1325,1344,1343
1326,1345,1346
1327,1347,1348
1328,1348,1345
1329,1349,1347
1330,1350,1349
1331,1351,1350
1332,1352,1351
1333,1353,1352
1334,1354,1353
1335,1355,1354
1336,1356,1273
1337,1357,1356
1338,1358,1357
1339,1359,1360
1340,1361,1359
1341,1362,1322
1342,1363,1364
1343,1365,1262
1344,1364,1365
1345,1366,1326
1346,1367,1368
1347,1368,1295
1348,1369,1340
1349,1370,1371
1350,1372,1208
1351,1371,1372
1352,1373,1370
1353,1374,1375
1354,1376,1220
1355,1377,1378
1356,1379,1380
1357,1381,1379
1358,1380,1376
1359,1378,1381
1360,1382,1316
1361,1383,1222
1362,1384,1385
1363,1385,1383
1364,1386,1387
1365,1388,1389
1366,1390,1391
1367,1391,1388
1368,1389,1272
1369,1392,1386
1370,1387,1393
1371,1393,1390
1372,1394,1250
1373,1395,1394
1374,1396,1395
1375,1397,1396
1376,1398,1399
1377,1399,1257
1378,1400,1229
1379,1401,1402
1380,1402,1214
1381,1403,1401
1382,1404,1403
1383,1405,1404
1384,1406,1405
1385,1407,1408
1386,1408,1406
1387,1409,1407
1388,1410,1409
1389,1411,1410
1390,1412,1411
1391,1413,1307
1392,1414,1415
1393,1416,1414
1394,1417,1416
1395,1418,1417
1396,1419,1418
1397,1420,1419
1398,1421,1422
1399,1423,1424
1400,1425,1426
1401,1427,1346
1402,1428,1351
1403,1429,1353
1404,1430,1352
1405,1431,1350
1406,1432,1349
1407,1433,1347
1408,1434,1345
1409,1435,1436
1410,1437,1435
1411,1436,1207
1412,1438,1439
1413,1439,1440
1414,1440,1206
1415,1441,1342
1416,1442,1341
1417,1443,1337
1418,1444,1290
1419,1445,1291
1420,1446,1447
1421,1447,1448
1422,1449,1446
1423,1448,1445
1424,1450,1451
1425,1452,1450
1426,1453,1450
1427,1454,1453
1428,1455,1456
1429,1457,1455
1430,1458,1457
1431,1459,1458
1432,1460,1457
1433,1461,1460
1434,1462,1460
1435,1463,1455
1436,1464,1312
1437,1465,1317
1438,1466,1324
1439,1467,1323
1440,1468,1328
1441,1469,1327
1442,1470,1471
1443,1472,1473
1444,1473,1474
1445,1475,1474
1446,1476,1417
1447,1477,1419
1448,1478,1418
1449,1479,1416
1450,1480,1299
1451,1481,1298
1452,1482,1294
1453,1483,1287
1454,1484,1483
1455,1485,1484
1456,1486,1484
1457,1487,1486
1458,1488,1487
1459,1489,1483
1460,1490,1286
1461,1491,1334
1462,1492,1335
1463,1493,1333
1464,1494,1332
1465,1495,1280
1466,1496,1497
1467,1497,1498
1468,1498,1215
1469,1499,1500
1470,1501,1502
1471,1502,1499
1472,1500,1503
1473,1504,1221
1474,1505,1504
1475,1506,1228
1476,1507,1506
1477,1508,1230
1478,1509,1233
1479,1510,1509
1480,1511,1509
1481,1512,1511
1482,1513,1235
1483,1514,1515
1484,1516,1517
1485,1518,1516
1486,1519,1237
1487,1520,1519
1488,1521,1520
1489,1522,1238
1490,1523,1524
1491,1524,1525
1492,1525,1522
1493,1526,1523
1494,1527,1240
1495,1528,1529
1496,1530,1242
1497,1531,1530
1498,1529,1531
1499,1532,1528
1500,1533,1532
1501,1534,1533
1502,1535,1241
1503,1536,1535
1504,1537,1536
1505,1538,1535
1506,1539,1540
1507,1540,1541
1508,1541,1538
1509,1542,1539
1510,1543,1239
1511,1544,1543
1512,1545,1236
1513,1546,1545
1514,1547,1253
1515,1548,1547
1516,1549,1252
1517,1550,1549
1518,1551,1550
1519,1552,1553
1520,1554,1549
1521,1553,1554
1522,1555,1552
1523,1556,1251
1524,1557,1395
1525,1558,1557
1526,1559,1558
1527,1560,1559
1528,1561,1394
1529,1562,1561
1530,1563,1249
1531,1564,1563
1532,1565,1232
1533,1566,1565
1534,1567,1231
1535,1568,1567
1536,1569,1259
1537,1570,1569
1538,1571,1263
1539,1572,1571
1540,1573,1572
1541,1574,1573
1542,1575,1574
1543,1576,1575
1544,1577,1265
1545,1578,1577
1546,1579,1276
1547,1580,1271
1548,1581,1580
1549,1582,1583
1550,1584,1264
1551,1583,1584
1552,1585,1582
1553,1586,1587
1554,1587,1261
1555,1588,1586
1556,1589,1590
1557,1590,1256
1558,1591,1589
1559,1592,1224
1560,1593,1592
1561,1594,1383
1562,1595,1594
1563,1596,1597
1564,1597,1376
1565,1598,1599
1566,1599,1217
1567,1600,1601
1568,1601,1219
1569,1602,1600
1570,1603,1401
1571,1604,1403
1572,1605,1404
1573,1606,1406
1574,1607,1405
1575,1608,1609
1576,1609,1216
1577,1610,1370
1578,1611,1612
1579,1613,1204
1580,1612,1613
1581,1614,1611
1582,1615,1611
1583,1422,1616
1584,1213,1617
1585,1617,1618
1586,1619,1209
1587,1618,1619
1588,1616,1424
1589,1426,1254
1590,1503,1214
1591,1415,1301
1592,1205,95
1593,1219,1503
1594,1620,1220
1595,1222,1620
1596,1346,1621
1597,1621,1205
1598,1474,1415
1599,1622,1426
1600,1424,1254
1601,1623,1624
1602,1624,1625
1603,1625,1617
1604,1626,1620
1605,1627,1626
1606,1628,1257
1607,1261,1628
1608,1629,1423
1609,1630,1425
1610,1631,1632
1611,1633,1354
1612,1632,1634
1613,1634,1633
1614,1306,1635
1615,1471,1636
1616,1636,1302
1617,1637,1636
1618,1375,1638
1619,1639,1637
1620,1638,1637
1621,1640,1638
1622,1641,1640
1623,1360,1641
1624,1635,1641
1625,1456,1640
1626,1451,1639
1627,1331,1639
1628,1304,1635
1629,1517,1642
1630,1515,1642
1631,1642,1513
1632,1643,1644
1633,1644,1176
1634,1645,1646
1635,1646,1647
1636,1647,1643
1637,1648,1649
1638,1649,1645
1639,1650,1651
1640,1652,1648
1641,1653,1654
1642,1651,1655
1643,1656,1652
1644,1657,1650
1645,1654,1657
1646,1655,1656
1647,1658,1653
1648,1659,1660
1649,1661,1662
1650,1660,1661
1651,1662,1658
1652,1663,1659
1653,1664,1663
1654,1665,1664
1655,1666,1667
1656,1668,1666
1657,1667,1669
1658,1670,1671
1659,1672,1670
1660,1673,1672
1661,1674,1673
1662,1675,1674
1663,1676,1677
1664,1678,1675
1665,1677,1679
1666,1680,1676
1667,1679,1678
1668,1681,1682
1669,1683,1684
1670,1684,1680
1671,1682,1685
1672,1685,1683
1673,1686,1681
1674,1687,1686
1675,1688,1687
1676,1689,1688
1677,1690,1689
1678,1691,1690
1679,1692,1691
1680,1693,1692
1681,1694,1693
1682,1695,1694
1683,1696,1695
1684,1697,1698
1685,1699,1697
1686,1700,1699
1687,1701,1700
1688,1702,1701
1689,1703,1702
1690,1704,1703
1691,1705,1691
1692,1706,1705
1693,1707,1706
1694,1708,1707
1695,1709,1708
1696,1710,1709
1697,1711,1710
1698,1712,1713
1699,1714,1712
1700,1715,1714
1701,1716,1715
1702,1717,1716
1703,1718,1717
1704,1719,1718
1705,1720,1719
1706,1721,1720
1707,1722,1723
1708,1724,1725
1709,1725,1680
1710,1726,1724
1711,1723,1726
1712,1727,1722
1713,1728,1727
1714,1729,1728
1715,1730,1731
1716,1732,1733
1717,1731,1732
1718,1734,1730
1719,1735,1734
1720,1736,1735
1721,1737,1736
1722,1738,1737
1723,1739,1738
1724,1740,1739
1725,1741,1742
1726,1743,1741
1727,1742,1740
1728,1744,1743
1729,1745,1744
1730,1746,1745
1731,1747,1746
1732,1748,1675
1733,1749,1748
1734,1750,1751
1735,1752,1750
1736,1753,1752
1737,1754,1753
1738,1755,1754
1739,1756,1755
1740,1757,1756
1741,1758,1757
1742,1759,1758
1743,1760,1759
1744,1761,1760
1745,1762,1761
1746,1763,1762
1747,1764,1763
1748,1765,1694
1749,1766,1765
1750,1767,1766
1751,1768,1767
1752,1769,1768
1753,1770,1665
1754,1771,1770
1755,1772,1771
1756,1773,1772
1757,1774,1775
1758,1775,1776
1759,1776,1773
1760,1777,1774
1761,1778,1779
1762,1780,1777
1763,1779,1780
1764,1781,1752
1765,1782,1781
1766,1783,1782
1767,1784,1785
1768,1786,1783
1769,1787,1784
1770,1785,1786
1771,1788,1787
1772,1789,1788
1773,1790,1690
1774,1791,1790
1775,1792,1791
1776,1793,1792
1777,1794,1793
1778,1795,1794
1779,1796,1795
1780,1797,1796
1781,1798,1797
1782,1799,1798
1783,1800,1735
1784,1801,1800
1785,1802,1803
1786,1803,1801
1787,1804,1698
1788,1805,1804
1789,1806,1805
1790,1807,1689
1791,1808,1807
1792,1809,1808
1793,1810,1714
1794,1811,1810
1795,1812,1811
1796,1813,1812
1797,1814,1813
1798,1815,1814
1799,1816,1700
1800,1817,1737
1801,1818,1754
1802,1819,1820
1803,1821,1819
1804,1820,1818
1805,1822,1736
1806,1823,1822
1807,1824,1823
1808,1825,1709
1809,1826,1825
1810,1827,1826
1811,1828,1827
1812,1829,1830
1813,1831,1829
1814,1832,1831
1815,1833,1653
1816,1834,1835
1817,1835,1836
1818,1836,1833
1819,1837,1834
1820,1838,1837
1821,1839,1756
1822,1840,1839
1823,1841,1840
1824,1842,1841
1825,1843,1670
1826,1844,1845
1827,1845,1843
1828,1846,1844
1829,1847,1848
1830,1848,1849
1831,1850,1851
1832,1849,1850
1833,1852,1853
1834,1854,1852
1835,1855,1856
1836,1857,1855
1837,1856,1858
1838,1859,1860
1839,1861,1862
1840,1862,1645
1841,1863,1861
1842,1864,1863
1843,1865,1648
1844,1866,1867
1845,1868,1866
1846,1867,1869
1847,1869,1656
1848,1870,1871
1849,1871,1872
1850,1872,1662
1851,1873,1874
1852,1875,1873
1853,1874,1661
1854,1876,1664
1855,1877,1876
1856,1878,1879
1857,1879,1668
1858,1880,1878
1859,1881,1880
1860,1882,1881
1861,1883,1882
1862,1884,1880
1863,1885,1881
1864,1886,1887
1865,1887,1878
1866,1888,1674
1867,1889,1888
1868,1890,1891
1869,1891,1889
1870,1892,1890
1871,1893,1892
1872,1894,1893
1873,1895,1890
1874,1896,1895
1875,1897,1896
1876,1898,1895
1877,1899,1898
1878,1900,1722
1879,1901,1902
1880,1902,1900
1881,1903,1904
1882,1905,1903
1883,1906,1905
1884,1907,1903
1885,1908,1907
1886,1909,1908
1887,1910,1909
1888,1911,1907
1889,1912,1911
1890,1913,1908
1891,1914,1913
1892,1915,1730
1893,1916,1915
1894,1917,1734
1895,1918,1917
1896,1919,1918
1897,1920,1919
1898,1921,1801
1899,1922,1921
1900,1923,1800
1901,1924,1923
1902,1925,1924
1903,1926,1925
1904,1927,1926
1905,1928,1927
1906,1929,1822
1907,1930,1929
1908,1931,1739
1909,1932,1931
1910,1933,1740
1911,1934,1933
1912,1935,1934
1913,1936,1935
1914,1937,1934
1915,1938,1937
1916,1939,1935
1917,1940,1933
1918,1941,1940
1919,1942,1941
1920,1943,1942
1921,1944,1943
1922,1945,1940
1923,1946,1947
1924,1948,1946
1925,1947,1945
1926,1949,1950
1927,1950,1951
1928,1951,1743
1929,1952,1949
1930,1953,1954
1931,1954,1955
1932,1956,1745
1933,1955,1957
1934,1957,1956
1935,1958,1959
1936,1960,1958
1937,1961,1960
1938,1962,1963
1939,1964,1962
1940,1965,1746
1941,1966,1965
1942,1967,1744
1943,1968,1967
1944,1969,1970
1945,1970,1738
1946,1971,1969
1947,1972,1971
1948,1973,1969
1949,1974,1973
1950,1975,1728
1951,1976,1977
1952,1978,1727
1953,1977,1978
1954,1979,1976
1955,1980,1686
1956,1981,1982
1957,1982,1980
1958,1983,1687
1959,1984,1688
1960,1985,1984
1961,1986,1985
1962,1987,1984
1963,1988,1987
1964,1989,1807
1965,1990,1989
1966,1991,1990
1967,1992,1990
1968,1993,1989
1969,1994,1793
1970,1995,1996
1971,1996,1994
1972,1997,1995
1973,1998,1997
1974,1999,1995
1975,2000,2001
1976,2001,1795
1977,2002,1798
1978,2003,2002
1979,2004,1797
1980,2005,1796
1981,2006,1794
1982,2007,2008
1983,2008,2006
1984,2009,2007
1985,2010,1792
1986,2011,1768
1987,2012,1767
1988,2013,1766
1989,2014,2013
1990,2015,2014
1991,2016,2013
1992,2017,2016
1993,2018,1765
1994,2019,2018
1995,2020,1696
1996,2021,2020
1997,2022,2021
1998,2023,2022
1999,2024,2023
2000,2025,2024
2001,2026,2027
2002,2028,2022
2003,2029,2028
2004,2030,2029
2005,2031,2028
2006,2032,2031
2007,2033,2032
2008,2034,2031
2009,2035,2023
2010,2036,2025
2011,2037,2036
2012,2038,2021
2013,2039,2020
2014,2040,1697
2015,2041,2040
2016,2042,1699
2017,2043,2042
2018,2044,2045
2019,2046,2043
2020,2047,2044
2021,2045,2046
2022,2048,1702
2023,2049,1701
2024,2050,2049
2025,2051,2050
2026,2052,2051
2027,2053,2052
2028,2054,2052
2029,2055,2054
2030,2056,2049
2031,2057,2056
2032,2058,1804
2033,2059,1695
2034,2060,2059
2035,2061,1693
2036,2062,2061
2037,2063,1692
2038,2064,2063
2039,2065,2063
2040,2066,1707
2041,2067,1708
2042,2068,1713
2043,2069,2068
2044,2070,2069
2045,2071,2070
2046,2072,2071
2047,2073,1810
2048,2074,2073
2049,2075,1812
2050,2076,2075
2051,2077,2076
2052,2078,1814
2053,2079,2078
2054,2080,1813
2055,2081,2080
2056,2082,1811
2057,2083,2082
2058,2084,1715
2059,2085,2084
2060,2086,2085
2061,2087,1717
2062,2088,1718
2063,2089,1716
2064,2090,2089
2065,2091,2090
2066,2092,2089
2067,2093,2090
2068,2094,1712
2069,2095,2094
2070,2096,2095
2071,2097,2094
2072,2098,2097
2073,2099,2098
2074,2100,1826
2075,2101,2100
2076,2102,1827
2077,2103,2104
2078,2105,2103
2079,2106,2105
2080,2107,2106
2081,2108,2107
2082,2109,2107
2083,2110,2106
2084,2111,1825
2085,2112,1706
2086,2113,1705
2087,2114,2113
2088,2115,2114
2089,2116,2113
2090,2117,2116
2091,2118,1681
2092,2119,2118
2093,2120,2119
2094,2121,2118
2095,2122,2121
2096,2123,2122
2097,2124,2123
2098,2125,2124
2099,2126,2125
2100,2127,2126
2101,2128,2125
2102,2129,2128
2103,2130,2131
2104,2131,2132
2105,2132,2133
2106,2133,1679
2107,2134,2135
2108,2135,2136
2109,2137,2134
2110,2138,2139
2111,2140,2138
2112,2141,2142
2113,2143,2141
2114,2144,2145
2115,2146,2144
2116,2147,2146
2117,2148,2147
2118,2149,2150
2119,2150,2146
2120,2151,2144
2121,2152,2151
2122,2153,2154
2123,2154,2152
2124,2155,2156
2125,2157,2155
2126,2158,2159
2127,2160,2158
2128,2161,2162
2129,2163,2161
2130,2164,1755
2131,2165,2164
2132,2166,1757
2133,2167,2166
2134,2168,1758
2135,2169,2168
2136,2170,2169
2137,2171,2170
2138,2172,2171
2139,2173,2172
2140,2174,2173
2141,2175,2168
2142,2176,2177
2143,2177,2171
2144,2178,2172
2145,2179,2178
2146,2180,2170
2147,2181,2180
2148,2182,2183
2149,2183,2181
2150,2184,2169
2151,2185,2186
2152,2187,1760
2153,2188,2189
2154,2186,2190
2155,2190,2188
2156,2189,2187
2157,2191,1761
2158,2192,2191
2159,2193,1762
2160,2194,2193
2161,2195,1759
2162,2196,2197
2163,2197,2198
2164,2198,2195
2165,2199,2196
2166,2200,1840
2167,2201,2200
2168,2202,2203
2169,2203,2200
2170,2204,1839
2171,2205,2204
2172,2206,2204
2173,2207,2206
2174,2208,2209
2175,2209,1753
2176,2210,2208
2177,2211,1782
2178,2212,2211
2179,2213,1781
2180,2214,2213
2181,2215,1750
2182,2216,2215
2183,2217,2216
2184,2218,2217
2185,2219,2215
2186,2220,2219
2187,2221,2220
2188,2222,2221
2189,2223,2222
2190,2224,2221
2191,2225,2224
2192,2226,2225
2193,2227,2226
2194,2228,2227
2195,2229,2228
2196,2230,2231
2197,2232,2230
2198,2233,2225
2199,2234,2233
2200,2235,2236
2201,2237,2238
2202,2239,2234
2203,2238,2235
2204,2236,2239
2205,2240,2233
2206,2241,2240
2207,2242,2241
2208,2243,2234
2209,2244,2227
2210,2245,2228
2211,2246,2245
2212,2247,2248
2213,2249,2247
2214,2250,2226
2215,2251,2250
2216,2252,2251
2217,2253,2252
2218,2254,2255
2219,2255,2224
2220,2256,2220
2221,2257,2256
2222,2258,2257
2223,2259,2260
2224,2261,2262
2225,2263,2261
2226,2264,2263
2227,2265,2264
2228,2266,2257
2229,2267,2266
2230,2268,2267
2231,2269,2268
2232,2270,2271
2233,2272,2270
2234,2273,2272
2235,2274,2275
2236,2275,2273
2237,2276,2274
2238,2277,2266
2239,2278,2277
2240,2279,2280
2241,2280,2267
2242,2281,2282
2243,2283,2281
2244,2284,2270
2245,2285,2284
2246,2286,2287
2247,2287,2285
2248,2288,2286
2249,2289,2290
2250,2290,2273
2251,2291,2292
2252,2292,2289
2253,2293,2289
2254,2294,2293
2255,2295,2268
2256,2296,2295
2257,2297,2298
2258,2299,2297
2259,2300,2301
2260,2302,2300
2261,2303,2256
2262,2304,2303
2263,2305,2219
2264,2306,2305
2265,2307,2308
2266,2309,2310
2267,2311,2309
2268,2312,2313
2269,2313,2311
2270,2314,2315
2271,2316,2317
2272,2318,2316
2273,2319,2318
2274,2320,2321
2275,2322,2320
2276,2323,2319
2277,2321,2323
2278,2324,2325
2279,2326,2324
2280,2327,2328
2281,2329,2316
2282,2330,2329
2283,2328,2330
2284,2331,2327
2285,2332,2333
2286,2334,2335
2287,2333,2336
2288,2335,2332
2289,2337,2334
2290,2338,2339
2291,2340,2338
2292,2341,2342
2293,2343,2341
2294,2344,2338
2295,2345,2346
2296,2347,2345
2297,2348,2347
2298,2349,2350
2299,2350,2348
2300,2351,2345
2301,2352,2351
2302,2353,2354
2303,2355,2353
2304,2356,2357
2305,2358,2356
2306,2359,2360
2307,2361,2358
2308,2360,2361
2309,2362,2359
2310,2363,2362
2311,2364,2363
2312,2365,2366
2313,2367,2365
2314,2368,2369
2315,2369,2370
2316,2370,2367
2317,2371,2372
2318,2373,2371
2319,2374,2373
2320,2375,2374
2321,2376,2377
2322,2378,2379
2323,2377,2378
2324,2380,2376
2325,2381,2382
2326,2383,2381
2327,2384,2385
2328,2386,2384
2329,2387,2386
2330,2388,2387
2331,2389,1748
2332,2390,2389
2333,2391,2392
2334,2393,2391
2335,2392,2394
2336,2395,2396
2337,2397,2398
2338,2398,2399
2339,2396,1669
2340,2399,2400
2341,2400,2395
2342,2401,1773
2343,2402,2401
2344,2403,1774
2345,2404,1858
2346,1858,1777
2347,2405,1778
2348,2406,2405
2349,2407,1778
2350,2408,2407
2351,2409,1772
2352,2410,1771
2353,2411,2410
2354,2412,2413
2355,2413,1770
2356,2414,2415
2357,2415,1659
2358,2416,2417
2359,2418,2416
2360,2419,2418
2361,2420,2419
2362,2421,2420
2363,2422,2421
2364,2423,2424
2365,2425,2423
2366,2426,2425
2367,2427,2426
2368,2428,2429
2369,2430,1696
2370,2431,2432
2371,2433,2431
2372,1669,2433
2373,2432,2434
2374,2435,2436
2375,1860,1861
2376,1671,2393
2377,2437,2438
2378,2434,2435
2379,2439,1665
2380,2436,2439
2381,2394,1668
2382,1698,2430
2383,2440,2438
2384,2429,1850
2385,2441,1860
2386,2342,2340
2387,2442,2344
2388,1713,1711
2389,2443,1711
2390,2444,2443
2391,2027,2025
2392,2445,2430
2393,1733,2446
2394,2446,1729
2395,1904,2446
2396,2447,1749
2397,2385,2448
2398,2136,2449
2399,2372,2450
2400,2450,2451
2401,2451,2452
2402,2139,2453
2403,2379,2454
2404,2452,2453
2405,2455,2454
2406,2382,2455
2407,2453,2449
2408,2456,2457
2409,2308,2458
2410,2317,2456
2411,2457,2459
2412,2156,2459
2413,2459,2460
2414,2339,2460
2415,2460,2461
2416,2145,2461
2417,2162,2462
2418,2454,2452
2419,2458,2456
2420,1751,2458
2421,2461,2463
2422,2346,2463
2423,2463,2464
2424,2354,2465
2425,2465,2464
2426,2464,2450
2427,2366,2465
2428,2142,2451
2429,2449,2448
2430,2448,2447
2431,2466,1828
2432,2104,2466
2433,1830,2466
2434,2467,1953
2435,2468,2467
2436,1959,2468
2437,1963,2468
2438,2248,2469
2439,2231,2469
2440,2469,2229
2441,2298,2470
2442,2260,2470
2443,2470,2258
2444,2471,2259
2445,2262,2471
2446,2301,2471
2447,2472,2269
2448,2271,2472
2449,2282,2472
2450,2473,2307
2451,2315,2473
2452,2310,2473
2453,2474,2322
2454,2336,2474
2455,2325,2474
2456,2462,2457
2457,2159,2462
2458,2357,2355
2459,2475,2355
2460,2476,2475
2461,2424,2476
2462,2477,2352
2463,2417,2477
2464,2438,1851
2465,1851,2478
2466,2478,2467
2467,1853,2479
2468,2479,2358
2469,2480,2481
2470,2482,2480
2471,2483,2484
2472,2485,2482
2473,2484,2485
2474,2486,2483
2475,2487,2488
2476,2488,2489
2477,2489,2486
2478,2490,2491
2479,2492,2487
2480,2491,2492
2481,2493,2490
2482,2494,2493
2483,2495,2494
2484,2496,2495
2485,2497,2496
2486,2498,2497
2487,2499,2498
2488,2500,2499
2489,2501,2500
2490,2502,2501
2491,2503,2502
2492,2504,2503
2493,2505,2504
2494,2506,2505
2495,2507,2506
2496,2508,2507
2497,2509,2508
2498,2510,2509
2499,2511,2510
2500,2512,2511
2501,2513,2512
2502,2514,2513
2503,2515,2514
2504,2516,2515
2505,2517,2516
2506,2518,2517
2507,2519,2518
2508,2520,2519
2509,2521,2520
2510,2522,2521
2511,2523,2524
2512,2525,2526
2513,2524,2525
2514,2527,2523
2515,2528,2527
2516,2529,2530
2517,2531,2529
2518,2532,2531
2519,2533,2532
2520,2534,2535
2521,2535,2533
2522,2536,2537
2523,2537,2534
2524,2538,2536
2525,2539,2538
2526,2540,2539
2527,2541,2540
2528,2542,2543
2529,2543,2544
2530,2544,2545
2531,2545,2541
2532,2546,2542
2533,2547,2548
2534,2548,2549
2535,2549,2546
2536,2550,2551
2537,2551,2547
2538,2552,2553
2539,2553,2550
2540,2554,2552
2541,2555,2556
2542,2557,2555
2543,2558,2557
2544,2559,2558
2545,2560,2559
2546,2561,2560
2547,2562,2561
2548,2563,2562
2549,2564,2563
2550,2565,2564
2551,2566,2565
2552,2567,2566
2553,2568,2567
2554,2569,2568
2555,2570,2569
2556,2571,2570
2557,2572,2571
2558,2573,2572
2559,2574,2573
2560,2575,2574
2561,2576,2575
2562,2577,2576
2563,2578,2577
2564,2579,2578
2565,2580,2579
2566,2581,2580
2567,2582,2581
2568,2583,2582
2569,2584,2583
2570,2585,2584
2571,2586,2585
2572,2587,2586
2573,2588,2587
2574,2589,2588
2575,2590,2589
2576,2591,2590
2577,2592,2593
2578,2594,2595
2579,2595,2596
2580,2596,2592
2581,2597,2594
2582,2598,2597
2583,2599,2600
2584,2601,2599
2585,2602,2601
2586,2603,2583
2587,2604,2603
2588,2605,2604
2589,2606,2605
2590,2607,2606
2591,2608,2609
2592,2610,2608
2593,2611,2610
2594,2612,2611
2595,2613,2612
2596,2614,2613
2597,2615,2614
2598,2616,2615
2599,2617,2616
2600,2618,2617
2601,2619,2618
2602,2620,2619
2603,2621,2620
2604,2622,2621
2605,2623,2622
2606,2624,2623
2607,2625,2624
2608,2626,2625
2609,2627,2626
2610,2628,2629
2611,2630,2628
2612,2631,2630
2613,2632,2631
2614,2633,2632
2615,2634,2633
2616,2635,2634
2617,2636,2635
2618,2637,2636
2619,2638,2637
2620,2639,2640
2621,2640,2638
2622,2641,2642
2623,2643,2641
2624,2644,2643
2625,2645,2644
2626,2646,2645
2627,2647,2646
2628,2648,2647
2629,2649,2648
2630,2650,2649
2631,2651,2644
2632,2652,2651
2633,2653,2652
2634,2654,2653
2635,2655,2654
2636,2656,2657
2637,2658,2659
2638,2660,2655
2639,2659,2660
2640,2657,2658
2641,2661,2628
2642,2662,2661
2643,2663,2664
2644,2665,2662
2645,2664,2665
2646,2666,2667
2647,2668,2666
2648,2669,2668
2649,2670,2669
2650,2671,2670
2651,2672,2671
2652,2673,2672
2653,2674,2673
2654,2675,2676
2655,2677,2661
2656,2678,2677
2657,2679,2680
2658,2680,2675
2659,2681,2678
2660,2676,2681
2661,2682,2679
2662,2683,2682
2663,2684,2683
2664,2685,2684
2665,2686,2547
2666,2687,2686
2667,2688,2687
2668,2689,2688
2669,2690,2689
2670,2691,2692
2671,2692,2693
2672,2694,2691
2673,2693,2695
2674,2696,2697
2675,2697,2694
2676,2698,2696
2677,2699,2698
2678,2700,2699
2679,2701,2700
2680,2702,2701
2681,2703,2704
2682,2705,2703
2683,2706,2705
2684,2707,2706
2685,2708,2707
2686,2709,2708
2687,2710,2709
2688,2711,2712
2689,2713,2711
2690,2714,2713
2691,2715,2714
2692,2716,2715
2693,2717,2718
2694,2719,2716
2695,2720,2719
2696,2718,2720
2697,2721,2717
2698,2722,2721
2699,2723,2722
2700,2724,2723
2701,2725,2724
2702,2726,2725
2703,2727,2715
2704,2728,2727
2705,2729,2713
2706,2730,2731
2707,2732,2729
2708,2731,2732
2709,2733,2730
2710,2734,2733
2711,2735,2734
2712,2736,2737
2713,2738,2736
2714,2739,2738
2715,2740,2739
2716,2741,2740
2717,2742,2741
2718,2743,2744
2719,2745,2742
2720,2744,2745
2721,2746,2743
2722,2747,2709
2723,2748,2749
2724,2750,2747
2725,2749,2750
2726,2751,2752
2727,2753,2751
2728,2754,2755
2729,2756,2757
2730,2758,2759
2731,2760,2758
2732,2761,2760
2733,2762,2761
2734,2763,2694
2735,2764,2763
2736,2765,2764
2737,2766,2765
2738,2767,2766
2739,2768,2767
2740,2769,2770
2741,2770,2771
2742,2771,2772
2743,2773,2774
2744,2774,2775
2745,2776,2773
2746,2777,2776
2747,2778,2777
2748,2779,2778
2749,2780,2779
2750,2781,2780
2751,2782,2783
2752,2784,2785
2753,2785,2772
2754,2786,2784
2755,2787,2786
2756,2788,2789
2757,2790,2788
2758,2789,2787
2759,2791,2792
2760,2793,2791
2761,2794,2793
2762,2795,2794
2763,2796,2795
2764,2797,2796
2765,2798,2797
2766,2799,2800
2767,2801,2798
2768,2800,2802
2769,2802,2801
2770,2803,2804
2771,2804,2787
2772,2805,2806
2773,2806,2807
2774,2808,2805
2775,2809,2808
2776,2810,2809
2777,2811,2810
2778,2812,2811
2779,2813,2812
2780,2814,2813
2781,2815,2814
2782,2816,2815
2783,2817,2816
2784,2818,2817
2785,2819,2818
2786,2820,2819
2787,2821,2822
2788,2823,2821
2789,2824,2823
2790,2825,2824
2791,2826,2825
2792,2827,2826
2793,2828,2827
2794,2829,2828
2795,2830,2829
2796,2831,2830
2797,2832,2833
2798,2833,2831
2799,2834,2835
2800,2835,2540
2801,2836,2834
2802,2837,2836
2803,2838,2837
2804,2839,2838
2805,2840,2839
2806,2841,2840
2807,2842,2841
2808,2843,2842
2809,2844,2843
2810,2845,2846
2811,2846,2847
2812,2847,2536
2813,2848,2845
2814,2849,2850
2815,2850,2848
2816,2851,2852
2817,2852,2849
2818,2853,2851
2819,2854,2853
2820,2855,2856
2821,2857,2855
2822,2858,2857
2823,2859,2858
2824,2860,2859
2825,2861,2857
2826,2862,2861
2827,2863,2862
2828,2864,2863
2829,2865,2864
2830,2866,2865
2831,2867,2868
2832,2868,2866
2833,2869,2867
2834,2870,2869
2835,2871,2870
2836,2872,2873
2837,2874,2872
2838,2873,2875
2839,2875,2876
2840,2877,2874
2841,2878,2877
2842,2879,2878
2843,2880,2881
2844,2881,2879
2845,2882,2880
2846,2883,2882
2847,2884,2885
2848,2886,2887
2849,2888,2886
2850,2889,2890
2851,2891,2888
2852,2892,2891
2853,2890,2892
2854,2893,2889
2855,2894,2893
2856,2895,2894
2857,2896,2895
2858,2897,2898
2859,2899,2896
2860,2898,2900
2861,2900,2899
2862,2901,2874
2863,2902,2901
2864,2903,2902
2865,2904,2903
2866,2905,2904
2867,2906,2905
2868,2907,2906
2869,2908,2907
2870,2909,2910
2871,2911,2908
2872,2910,2911
2873,2912,2909
2874,2913,2912
2875,2914,2913
2876,2915,2914
2877,2916,2915
2878,2917,2916
2879,2918,2917
2880,2919,2918
2881,2920,2919
2882,2921,2920
2883,2922,2921
2884,2923,2922
2885,2924,2923
2886,2925,2924
2887,2926,2925
2888,2927,2926
2889,2928,2927
2890,2929,2928
2891,2930,2931
2892,2932,2933
2893,2934,2932
2894,2933,2481
2895,2935,2936
2896,2937,2938
2897,2936,2937
2898,2938,2934
2899,2939,2940
2900,2940,2941
2901,2942,2943
2902,2944,2939
2903,2943,2945
2904,2945,2944
2905,2946,2947
2906,2948,2946
2907,2949,2948
2908,2950,2949
2909,2951,2950
2910,2952,2951
2911,2953,2952
2912,2954,2953
2913,2955,2954
2914,2956,2955
2915,2957,2956
2916,2958,2957
2917,2959,2958
2918,2960,2959
2919,2961,2962
2920,2963,2961
2921,2964,2963
2922,2965,2964
2923,2966,2965
2924,2967,2966
2925,2968,2969
2926,2970,2968
2927,2971,2970
2928,2972,2505
2929,2973,2972
2930,2974,2973
2931,2975,2974
2932,2976,2975
2933,2977,2976
2934,2978,2977
2935,2979,2978
2936,2980,2979
2937,2981,2982
2938,2982,2980
2939,2983,2514
2940,2984,2985
2941,2985,2983
2942,2986,2987
2943,2988,2986
2944,2987,2483
2945,2989,2988
2946,2990,2729
2947,2991,2703
2948,2992,2991
2949,2993,2992
2950,2994,2993
2951,2995,2617
2952,2996,2995
2953,2997,2996
2954,2998,2999
2955,2999,2997
2956,3000,2998
2957,3001,3000
2958,3002,3001
2959,3003,3002
2960,3004,3005
2961,3006,3004
2962,3007,3006
2963,3008,3009
2964,3009,2651
2965,3010,3011
2966,3012,3010
2967,3013,3012
2968,3011,2765
2969,3014,3013
2970,3015,3014
2971,3016,3015
2972,3017,3018
2973,3019,2736
2974,3018,3019
2975,3020,3021
2976,3021,2767
2977,3022,3020
2978,3023,3022
2979,3024,3023
2980,3025,3026
2981,3027,3025
2982,3028,3027
2983,3029,3028
2984,3030,3029
2985,3031,3030
2986,3032,3031
2987,3033,2753
2988,3034,3033
2989,3035,2597
2990,3036,3035
2991,3037,3038
2992,3038,3036
2993,3039,3037
2994,3040,2636
2995,3041,3040
2996,3042,3041
2997,3043,3042
2998,3044,3045
2999,3045,3046
3000,3046,2533
3001,3047,3044
3002,3048,3047
3003,3049,3048
3004,3050,3049
3005,3051,3050
3006,3052,3051
3007,3053,2921
3008,3054,3053
3009,3055,3054
3010,3056,3055
3011,3057,3056
3012,3058,3057
3013,3059,3060
3014,3060,2690
3015,3061,3059
3016,3062,2948
3017,3063,3062
3018,3064,3063
3019,3065,3064
3020,3066,3067
3021,3067,3065
3022,3068,3066
3023,3069,3070
3024,3071,3069
3025,3072,3071
3026,3073,3072
3027,3074,3073
3028,3075,3076
3029,3077,3074
3030,3078,3075
3031,3076,3077
3032,3079,2546
3033,3080,3079
3034,3081,3062
3035,3082,3081
3036,3083,3084
3037,3084,3082
3038,3085,3083
3039,3086,3085
3040,3087,3086
3041,3088,3087
3042,3089,3088
3043,3090,3089
3044,3091,3092
3045,3092,3090
3046,3093,3094
3047,3095,2768
3048,3094,3095
3049,3096,3093
3050,3097,3096
3051,3098,2952
3052,3099,3100
3053,3101,3099
3054,3102,3101
3055,3103,3102
3056,3104,2939
3057,3105,3104
3058,3106,3105
3059,3107,3106
3060,3108,3107
3061,3109,2928
3062,3110,3111
3063,3111,3109
3064,3112,3113
3065,3113,2523
3066,3114,3112
3067,3115,3114
3068,3116,3115
3069,3117,3116
3070,3118,3119
3071,3120,3121
3072,3119,3120
3073,3122,3118
3074,3123,3122
3075,3124,3123
3076,3125,3126
3077,3127,3128
3078,3128,3129
3079,3130,3131
3080,3131,3132
3081,3133,3134
3082,3135,3133
3083,3136,3137
3084,3138,3139
3085,3139,3140
3086,3140,2947
3087,3141,3142
3088,3142,3143
3089,3144,3145
3090,3146,3069
3091,3147,3146
3092,3148,3072
3093,3149,3071
3094,3150,3151
3095,3152,3149
3096,3151,3152
3097,3153,3070
3098,3154,3155
3099,3156,3154
3100,3157,2961
3101,3158,3157
3102,3159,3158
3103,3160,3159
3104,3161,3160
3105,3162,3163
3106,3163,3161
3107,3164,3162
3108,3165,3164
3109,3166,3165
3110,3167,3166
3111,3168,3167
3112,3169,3168
3113,3170,3169
3114,3171,3170
3115,3172,3171
3116,3173,3172
3117,3174,3175
3118,3175,3173
3119,3176,3174
3120,3177,3176
3121,3178,3177
3122,3179,3157
3123,3180,3181
3124,3181,3182
3125,3182,3179
3126,3183,3184
3127,3185,3159
3128,3186,3183
3129,3187,3188
3130,3188,3189
3131,3184,3187
3132,3189,3185
3133,3190,3191
3134,3192,3160
3135,3191,3193
3136,3194,3192
3137,3195,3194
3138,3193,3195
3139,3196,3197
3140,3197,3162
3141,3198,3164
3142,3199,3198
3143,3200,3167
3144,3201,3200
3145,3202,3200
3146,3203,3169
3147,3204,3203
3148,3205,3170
3149,3206,3207
3150,3208,3209
3151,3210,3211
3152,3212,3210
3153,3207,3213
3154,3209,3212
3155,3213,3208
3156,3214,3211
3157,3215,3214
3158,3216,3205
3159,3217,3218
3160,3218,3219
3161,3219,3173
3162,3220,3217
3163,3221,3220
3164,3222,3217
3165,3223,3222
3166,3224,3176
3167,3225,3224
3168,3226,3225
3169,3227,3228
3170,3229,3227
3171,3230,3229
3172,3231,3230
3173,3232,3225
3174,3233,3232
3175,3234,3224
3176,3235,3234
3177,3236,3174
3178,3237,3236
3179,3238,3239
3180,3239,3240
3181,3241,3237
3182,3242,3241
3183,3240,3242
3184,3243,3171
3185,3244,3245
3186,3245,3168
3187,3246,3166
3188,3247,3246
3189,3248,3249
3190,3250,3165
3191,3249,3251
3192,3251,3250
3193,3252,3248
3194,3253,3252
3195,3254,3158
3196,3255,3256
3197,3256,2963
3198,3257,2964
3199,3258,3257
3200,3259,3258
3201,3260,3259
3202,3261,3258
3203,3262,3257
3204,3263,3262
3205,3264,3263
3206,3265,3264
3207,3266,3265
3208,3267,3264
3209,3268,3267
3210,3269,3268
3211,3270,3267
3212,3271,3270
3213,3272,3273
3214,3274,3275
3215,3275,3276
3216,3276,3277
3217,3273,3274
3218,3278,3279
3219,3280,3278
3220,3281,3279
3221,3282,3281
3222,3283,3282
3223,3284,3281
3224,3285,2967
3225,3286,3285
3226,3287,3286
3227,3288,3287
3228,3289,3290
3229,3290,3288
3230,3291,3285
3231,3292,3291
3232,3293,3286
3233,3294,3293
3234,3295,3287
3235,3296,3295
3236,3297,3298
3237,3298,3288
3238,3299,3104
3239,3300,3301
3240,3301,3299
3241,3302,3299
3242,3303,3302
3243,3304,2942
3244,3305,3304
3245,3306,2946
3246,3307,3306
3247,3308,3307
3248,3309,3310
3249,3310,3306
3250,3311,3312
3251,3312,2949
3252,3313,2950
3253,3314,3313
3254,3315,3316
3255,3316,3314
3256,3317,2951
3257,3318,3317
3258,3319,3318
3259,3320,3317
3260,3321,3320
3261,3322,2953
3262,3323,3324
3263,3324,3322
3264,3325,3322
3265,3326,3327
3266,3328,3325
3267,3329,3328
3268,3327,3329
3269,3330,3326
3270,3331,3330
3271,3332,3331
3272,3333,3325
3273,3334,3333
3274,3335,3336
3275,3336,2956
3276,3337,2958
3277,3338,3339
3278,3340,3338
3279,3339,3337
3280,3341,2959
3281,3342,3341
3282,3343,3342
3283,3344,3343
3284,3345,3344
3285,3346,3341
3286,3347,3342
3287,3348,3349
3288,3350,3347
3289,3349,3350
3290,3351,3348
3291,3352,2960
3292,3353,3352
3293,3354,3355
3294,3355,3353
3295,3356,3352
3296,3357,3358
3297,3359,3356
3298,3358,3359
3299,3360,3357
3300,3361,3362
3301,3363,3360
3302,3362,3363
3303,3364,3361
3304,3365,3364
3305,3366,3365
3306,3367,3368
3307,3368,3366
3308,3369,3367
3309,3370,3356
3310,3371,3370
3311,3372,3353
3312,3373,3372
3313,3374,3375
3314,3375,3373
3315,3376,3372
3316,3377,3376
3317,3378,3379
3318,3379,3373
3319,3380,2960
3320,3381,3380
3321,3382,3381
3322,3383,3382
3323,3384,3383
3324,3385,3381
3325,3386,3385
3326,3387,3382
3327,3388,2957
3328,3389,3390
3329,3390,3388
3330,3391,3388
3331,3392,3393
3332,3394,3392
3333,3395,3081
3334,3396,3395
3335,3393,3396
3336,3397,3087
3337,3398,3397
3338,3399,3089
3339,3400,3399
3340,3401,3399
3341,3402,3403
3342,3403,3090
3343,3404,3088
3344,3405,3404
3345,3406,3086
3346,3407,3082
3347,3408,3407
3348,3409,3408
3349,3410,3409
3350,3411,3412
3351,3412,3410
3352,3413,3411
3353,3414,3407
3354,3415,3414
3355,3416,3415
3356,3417,3416
3357,3418,3410
3358,3419,3420
3359,3420,3421
3360,3422,3418
3361,3421,3422
3362,3423,3063
3363,3424,3423
3364,3425,3426
3365,3426,3065
3366,3427,3425
3367,3428,3429
3368,3430,3431
3369,3432,3430
3370,3429,3433
3371,3433,2934
3372,3431,3428
3373,3434,3432
3374,3435,3434
3375,3436,3435
3376,3437,3436
3377,3438,3437
3378,3439,3438
3379,3440,3432
3380,3441,3442
3381,3442,3440
3382,3443,3441
3383,3444,3443
3384,3445,3446
3385,3446,3444
3386,3447,3445
3387,3448,3434
3388,3449,3435
3389,3450,3449
3390,3451,3436
3391,3452,3451
3392,3453,3437
3393,3454,3453
3394,3455,3456
3395,3456,3457
3396,3457,2482
3397,3458,3455
3398,3459,3458
3399,3460,3459
3400,3461,3462
3401,3462,3460
3402,3463,2878
3403,3464,2888
3404,3465,3464
3405,3466,2893
3406,3467,3468
3407,3468,2896
3408,3469,3467
3409,3470,2895
3410,3471,3470
3411,3472,3471
3412,3473,2886
3413,3474,3473
3414,3475,3473
3415,3476,3477
3416,3478,3479
3417,3480,3478
3418,3481,2877
3419,3482,3483
3420,3483,3481
3421,3484,3482
3422,3485,3484
3423,3486,3485
3424,3487,3486
3425,3488,3489
3426,3490,3491
3427,3491,3487
3428,3489,3490
3429,3492,2904
3430,3493,3492
3431,3494,3495
3432,3495,3493
3433,3496,3493
3434,3497,3496
3435,3498,3492
3436,3499,3498
3437,3500,3501
3438,3501,3499
3439,3502,3503
3440,3503,3499
3441,3504,3498
3442,3505,3504
3443,3506,3505
3444,3507,3508
3445,3508,3506
3446,3509,2906
3447,3510,3509
3448,3511,2907
3449,3512,3511
3450,3513,3514
3451,3514,2908
3452,3515,2909
3453,3516,2914
3454,3517,3516
3455,3518,3517
3456,3519,3520
3457,3520,2916
3458,3521,2927
3459,3522,3521
3460,3523,3524
3461,3525,3526
3462,3526,3527
3463,3528,3529
3464,3530,3528
3465,3531,3532
3466,3533,3531
3467,3534,3533
3468,3535,3534
3469,3536,3535
3470,3537,3534
3471,3538,3537
3472,3539,3109
3473,3540,3539
3474,3541,3053
3475,3542,3541
3476,3543,3544
3477,3544,3054
3478,3545,3055
3479,3546,3545
3480,3547,3546
3481,3548,3545
3482,3549,3548
3483,3550,3056
3484,3551,3550
3485,3552,3553
3486,3553,3554
3487,3554,3555
3488,3555,3551
3489,3556,3550
3490,3557,3556
3491,3558,2920
3492,3559,3558
3493,3560,3559
3494,3561,3560
3495,3562,2917
3496,3563,3562
3497,3564,2913
3498,3565,3564
3499,3566,3567
3500,3567,2905
3501,3568,2903
3502,3569,3568
3503,3570,2902
3504,3571,3570
3505,3572,2901
3506,3573,3574
3507,3574,3572
3508,3575,3576
3509,3577,3572
3510,3576,3578
3511,3578,3577
3512,3579,3580
3513,3581,3579
3514,3580,2526
3515,3582,3583
3516,3583,2525
3517,3584,3112
3518,3585,3584
3519,3586,3585
3520,3587,3586
3521,3588,3115
3522,3589,3116
3523,3590,3589
3524,3591,3114
3525,3592,3593
3526,3593,2527
3527,3594,3592
3528,3595,3594
3529,3596,3594
3530,3597,3596
3531,3598,3592
3532,3599,3598
3533,3600,3601
3534,3601,2528
3535,3602,3603
3536,3604,3600
3537,3605,3604
3538,3603,3605
3539,3606,3602
3540,3607,3608
3541,3608,2530
3542,3609,3607
3543,3610,3607
3544,3611,3610
3545,3612,3613
3546,3613,3611
3547,3614,3615
3548,3616,3617
3549,3618,3612
3550,3615,3616
3551,3617,3618
3552,3619,3620
3553,3621,3610
3554,3622,3621
3555,3623,3624
3556,3625,3626
3557,3626,3623
3558,3627,3625
3559,3628,3612
3560,3629,3628
3561,3630,3629
3562,3631,3630
3563,3632,3633
3564,3633,3634
3565,3635,2532
3566,3634,3635
3567,3636,3632
3568,3637,3636
3569,3638,3637
3570,3639,3638
3571,3640,3639
3572,3641,3640
3573,3642,3641
3574,3643,3642
3575,3644,3643
3576,3645,3644
3577,3145,3642
3578,3646,3647
3579,3648,3647
3580,3649,3643
3581,3650,3639
3582,3651,3652
3583,3652,3044
3584,3653,3651
3585,3654,3655
3586,3656,3047
3587,3657,3656
3588,3655,3657
3589,3658,3049
3590,3659,3658
3591,3660,3048
3592,3661,3660
3593,3662,3661
3594,3663,3664
3595,3664,2535
3596,3665,3666
3597,3666,2537
3598,3667,2853
3599,3668,3669
3600,3670,3671
3601,3671,3668
3602,3672,2855
3603,3673,3672
3604,3674,3675
3605,3676,2859
3606,3675,3676
3607,3677,2858
3608,3678,3677
3609,3679,2861
3610,3680,2865
3611,3681,2862
3612,3682,3681
3613,3683,2845
3614,3684,2834
3615,3685,3684
3616,3686,2838
3617,3687,3688
3618,3688,3686
3619,3689,3686
3620,3690,2839
3621,3691,3692
3622,3693,3690
3623,3692,3693
3624,3694,2840
3625,3695,3694
3626,3696,3695
3627,3697,2841
3628,3698,3697
3629,3699,3698
3630,3700,3698
3631,3701,3702
3632,3703,3704
3633,3705,3703
3634,3706,2836
3635,3707,3708
3636,3708,3706
3637,3709,3710
3638,3710,2541
3639,3711,3709
3640,3712,3711
3641,3713,3709
3642,3714,3713
3643,3715,3714
3644,3716,3711
3645,3717,3718
3646,3718,2545
3647,3719,3720
3648,3720,3721
3649,3722,2549
3650,3721,3722
3651,3723,3724
3652,3725,3723
3653,3724,2548
3654,3726,3727
3655,3728,3726
3656,3727,2686
3657,3729,3730
3658,3730,2687
3659,3731,3059
3660,3732,3733
3661,3733,2693
3662,3734,2763
3663,3735,3736
3664,3736,3734
3665,3737,3735
3666,3738,3096
3667,3739,3093
3668,3740,3739
3669,3741,3740
3670,3742,3118
3671,3743,3742
3672,3744,3743
3673,3745,3746
3674,3747,3745
3675,3748,3745
3676,3746,3744
3677,3749,2805
3678,3750,2809
3679,3751,3750
3680,3752,2815
3681,3753,2816
3682,3754,3753
3683,3755,3754
3684,3756,2817
3685,3757,3756
3686,3758,3759
3687,3760,3756
3688,3759,3761
3689,3762,3758
3690,3761,3760
3691,3763,2818
3692,3764,3763
3693,3765,3764
3694,3766,3765
3695,3767,3768
3696,3768,3769
3697,3770,3769
3698,3771,3763
3699,3772,3102
3700,3773,3103
3701,3774,3773
3702,3775,3773
3703,3776,3775
3704,3777,3776
3705,3778,3775
3706,3779,3780
3707,3780,2899
3708,3781,3103
3709,3782,3781
3710,3783,3782
3711,3784,3101
3712,3785,3099
3713,3786,3785
3714,3787,2824
3715,3788,3787
3716,3789,3788
3717,3790,3789
3718,3791,3790
3719,3792,3789
3720,3793,3792
3721,3794,2830
3722,3795,3794
3723,3796,3795
3724,3797,3794
3725,3798,2831
3726,3799,3798
3727,3800,3801
3728,3801,2829
3729,3802,3803
3730,3803,2828
3731,3804,2825
3732,3805,3804
3733,3806,3804
3734,3807,3806
3735,3808,2823
3736,3809,3808
3737,3810,3811
3738,3812,3810
3739,3813,3811
3740,3814,3813
3741,3815,3813
3742,3811,2821
3743,3816,3817
3744,3817,3818
3745,3819,3820
3746,3821,3819
3747,3822,2819
3748,3823,3822
3749,3824,3825
3750,3825,3822
3751,3826,3827
3752,3828,3826
3753,3827,2813
3754,3829,2810
3755,3830,3829
3756,3831,3829
3757,3832,3831
3758,3833,2808
3759,3834,2784
3760,3835,3836
3761,3836,3834
3762,3837,3835
3763,3838,3837
3764,3839,3838
3765,3840,3839
3766,3841,3839
3767,3842,3843
3768,3843,3835
3769,3844,3845
3770,3846,3844
3771,3845,2803
3772,3847,3848
3773,3849,3850
3774,3848,3849
3775,3851,3852
3776,3852,2804
3777,3853,2791
3778,3854,3853
3779,3855,2792
3780,3856,3855
3781,3857,3856
3782,3858,3855
3783,3859,3858
3784,3860,3004
3785,3861,3860
3786,3862,3863
3787,3864,3862
3788,3865,3866
3789,3867,3865
3790,3868,3867
3791,3869,3868
3792,3870,3871
3793,3871,3872
3794,3872,2786
3795,3873,3874
3796,3874,3870
3797,3875,3870
3798,3876,3877
3799,3877,2785
3800,3878,2769
3801,3879,3880
3802,3881,2776
3803,3880,3881
3804,3882,3879
3805,3883,2778
3806,3884,3883
3807,3885,2781
3808,3886,3885
3809,3887,2777
3810,3888,3887
3811,3889,3888
3812,3890,3889
3813,3891,3892
3814,3893,2773
3815,3892,3893
3816,3894,3891
3817,3895,3896
3818,3896,3897
3819,3897,3898
3820,3898,3899
3821,3900,3020
3822,3901,3902
3823,3903,3901
3824,3902,3900
3825,3904,3905
3826,3905,3900
3827,3906,3022
3828,3907,3906
3829,3908,3907
3830,3909,3910
3831,3911,3909
3832,3910,3912
3833,3913,3026
3834,3914,3913
3835,3915,3028
3836,3916,3915
3837,3917,3024
3838,3918,3917
3839,3919,3023
3840,3920,3919
3841,3921,3919
3842,3922,3923
3843,3923,2766
3844,3924,3922
3845,3925,3926
3846,3926,3927
3847,3928,3924
3848,3927,3928
3849,3929,3013
3850,3930,3931
3851,3931,3929
3852,3932,3930
3853,3933,3014
3854,3934,3935
3855,3936,3934
3856,3935,3933
3857,3937,3938
3858,3938,2764
3859,3939,3937
3860,3940,3941
3861,3941,2702
3862,3942,3943
3863,3943,3944
3864,3945,3940
3865,3944,3945
3866,3946,3942
3867,3947,3946
3868,3948,3947
3869,3949,3948
3870,3950,3940
3871,3951,3950
3872,3952,3942
3873,3953,3952
3874,3954,3955
3875,3956,3957
3876,3958,3959
3877,3959,3956
3878,3960,3961
3879,3962,3960
3880,3963,3962
3881,3964,3963
3882,3965,3964
3883,3966,2991
3884,3967,3966
3885,3968,3967
3886,3969,3968
3887,3970,3971
3888,3972,2993
3889,3971,3972
3890,3973,3970
3891,3974,2994
3892,3975,3974
3893,3976,2992
3894,3977,3978
3895,3979,3977
3896,3980,3981
3897,3982,3979
3898,3981,3983
3899,3983,3982
3900,3984,3980
3901,3985,3986
3902,3987,3988
3903,3989,3990
3904,3991,3984
3905,3988,3992
3906,3986,3989
3907,3990,3987
3908,3992,3991
3909,3993,3985
3910,3994,3995
3911,3996,3994
3912,3997,3996
3913,3998,3997
3914,3999,2740
3915,4000,3999
3916,4001,4000
3917,4002,4001
3918,4003,2717
3919,4004,4003
3920,4005,4004
3921,4006,4005
3922,4007,2721
3923,4008,4007
3924,4009,4008
3925,4010,4009
3926,4011,4010
3927,4012,4011
3928,4013,2722
3929,4014,4013
3930,4015,4016
3931,4016,4017
3932,4018,4014
3933,4017,4018
3934,4019,4015
3935,4020,2716
3936,4021,4022
3937,4022,4020
3938,4023,2727
3939,4024,4023
3940,4025,2714
3941,4026,4025
3942,4027,4028
3943,4029,2734
3944,4028,4030
3945,4031,4027
3946,4030,4029
3947,4032,4033
3948,4034,4035
3949,4036,4034
3950,4037,4036
3951,4038,4034
3952,4039,4040
3953,4041,4042
3954,4043,4041
3955,4044,4045
3956,4046,2733
3957,4047,4044
3958,4045,4046
3959,4048,2730
3960,4049,4048
3961,4050,4048
3962,4051,2711
3963,4052,4051
3964,4053,4054
3965,4055,4056
3966,4057,4053
3967,4056,4057
3968,4058,4055
3969,4059,4058
3970,4060,4055
3971,4061,4060
3972,4062,4053
3973,4063,4062
3974,4064,4065
3975,4066,4067
3976,4065,4066
3977,4068,4064
3978,4069,4070
3979,4071,4072
3980,4072,4073
3981,4073,4074
3982,4074,4069
3983,4075,4071
3984,4076,4075
3985,4077,4076
3986,4078,4079
3987,4080,4077
3988,4079,4080
3989,4081,4078
3990,4082,4083
3991,4084,4085
3992,4086,4084
3993,4087,4088
3994,4089,4090
3995,4088,4091
3996,4092,4087
3997,4093,4089
3998,4091,4093
3999,4094,4095
4000,4096,4094
4001,4097,4098
4002,4099,4097
4003,4100,4099
4004,4101,4102
4005,4103,4101
4006,4102,4100
4007,4104,4105
4008,4106,4107
4009,4108,4106
4010,4109,4108
4011,4110,4109
4012,4111,4112
4013,4113,4111
4014,4114,2758
4015,4115,2760
4016,4116,4115
4017,4117,4118
4018,4119,4120
4019,4120,4117
4020,4121,4119
4021,2755,2751
4022,4122,2705
4023,4123,4124
4024,4125,4123
4025,4126,4127
4026,4128,2700
4027,4127,4128
4028,4129,2699
4029,4130,4129
4030,4131,2692
4031,4132,4131
4032,4133,2695
4033,4134,4133
4034,4135,4134
4035,4136,4135
4036,4137,4136
4037,4138,4137
4038,4139,4140
4039,4141,4142
4040,4143,4138
4041,4144,4145
4042,4145,4146
4043,4146,4139
4044,4147,4144
4045,4142,4147
4046,4140,4143
4047,4148,4141
4048,4149,4134
4049,4150,4149
4050,4151,4135
4051,4152,4136
4052,4153,4154
4053,4155,4153
4054,4156,4155
4055,4157,4156
4056,4158,4157
4057,4159,4157
4058,4160,4159
4059,4161,4160
4060,4162,4163
4061,4164,4165
4062,4166,4156
4063,4167,4166
4064,4154,4152
4065,4168,4169
4066,4169,2688
4067,4170,4168
4068,4171,4172
4069,4172,4170
4070,4173,2558
4071,4174,4173
4072,4175,4174
4073,4176,2574
4074,4177,4176
4075,4178,4177
4076,4179,2578
4077,4180,4179
4078,4181,2584
4079,4182,4181
4080,4183,4182
4081,4184,4181
4082,4185,4184
4083,4186,4187
4084,4187,2585
4085,4188,2587
4086,4189,4188
4087,4190,4191
4088,4191,2591
4089,4192,2602
4090,4193,4192
4091,4194,4193
4092,4195,2601
4093,4196,4195
4094,4197,2599
4095,4198,4199
4096,4199,4200
4097,4200,4201
4098,4202,4203
4099,4203,4197
4100,4201,4202
4101,4204,2600
4102,4205,4206
4103,4207,2598
4104,4208,4207
4105,4209,4208
4106,4210,4211
4107,4212,4207
4108,4213,4210
4109,4214,4212
4110,4211,4214
4111,4215,3035
4112,4216,2594
4113,4217,4218
4114,4219,4220
4115,4220,4221
4116,4222,4219
4117,4223,2586
4118,4224,2605
4119,4225,4224
4120,4226,4227
4121,4228,4226
4122,4229,4228
4123,4227,4230
4124,4230,4231
4125,4231,4232
4126,4233,4232
4127,4232,4225
4128,4234,4235
4129,4236,4234
4130,4235,2608
4131,4237,4238
4132,4238,2612
4133,4239,4237
4134,4240,2623
4135,4241,2624
4136,4242,4241
4137,4243,4242
4138,4244,4243
4139,4245,4244
4140,4246,2626
4141,4247,4246
4142,4248,4247
4143,4249,4250
4144,4251,4249
4145,4252,4253
4146,4254,4252
4147,4255,4256
4148,4257,4258
4149,4259,4255
4150,4258,4259
4151,4260,4257
4152,4261,2630
4153,4262,4261
4154,4263,4262
4155,4264,4261
4156,4265,4266
4157,4267,4268
4158,4266,4267
4159,4268,4269
4160,4269,4264
4161,4270,4265
4162,4271,2631
4163,4272,4271
4164,4273,2634
4165,4274,4273
4166,4275,2635
4167,4276,4275
4168,4277,3041
4169,4278,3040
4170,4279,4280
4171,4281,4282
4172,4283,4284
4173,4284,2649
4174,4285,2653
4175,4286,4287
4176,4288,4285
4177,4287,4288
4178,4289,4285
4179,4290,4289
4180,4291,2652
4181,4292,4291
4182,4293,4292
4183,4294,4295
4184,4296,4294
4185,4297,4298
4186,4299,4300
4187,4301,2668
4188,4302,4299
4189,4300,4301
4190,4303,2666
4191,4304,4303
4192,4305,4304
4193,4306,4305
4194,4307,2683
4195,4308,4307
4196,4309,4308
4197,4310,4309
4198,4311,2625
4199,4312,4313
4200,4313,2620
4201,4314,4312
4202,4315,3003
4203,4316,4315
4204,4317,4316
4205,4318,3002
4206,4319,4318
4207,4320,3001
4208,4321,2995
4209,4322,4321
4210,4323,2613
4211,4324,4323
4212,4325,2611
4213,4326,4327
4214,4327,4325
4215,4328,2609
4216,4329,4328
4217,4330,2573
4218,4331,4330
4219,4332,4330
4220,4333,4332
4221,4334,4335
4222,4336,4334
4223,4337,4336
4224,4338,4337
4225,4339,4338
4226,4340,4339
4227,4341,4336
4228,4342,4341
4229,4343,4342
4230,4344,4341
4231,4345,4344
4232,4346,4347
4233,4347,4348
4234,4348,4345
4235,4335,2567
4236,4349,3143
4237,4350,4349
4238,3143,2552
4239,4351,4352
4240,4352,4350
4241,4353,4354
4242,4354,4351
4243,4355,4353
4244,4356,4355
4245,4357,4358
4246,4359,4357
4247,4360,4359
4248,4361,4355
4249,4362,4361
4250,4363,4364
4251,4364,4350
4252,4365,4366
4253,4366,4367
4254,4367,2550
4255,4368,4365
4256,4369,4368
4257,4370,4369
4258,4371,4370
4259,4372,4371
4260,4373,4371
4261,4374,4373
4262,4375,4374
4263,4376,4374
4264,4377,4376
4265,4378,4373
4266,4379,4378
4267,4380,4368
4268,4381,4380
4269,4382,4380
4270,4383,4382
4271,4384,4365
4272,4385,4386
4273,4386,4384
4274,4387,4388
4275,4388,4384
4276,4389,4390
4277,4390,4391
4278,4391,2542
4279,4392,4389
4280,4393,4394
4281,4394,4392
4282,4395,4396
4283,4396,2539
4284,4397,4395
4285,4398,4397
4286,4399,4400
4287,4401,4399
4288,4402,4403
4289,4404,4402
4290,4405,4406
4291,4407,4405
4292,4408,4409
4293,4409,4407
4294,4410,4408
4295,4411,4408
4296,4412,4405
4297,4413,4414
4298,4415,4412
4299,4414,4415
4300,4416,4417
4301,4417,4418
4302,4418,2538
4303,4419,4416
4304,4420,4421
4305,4421,2534
4306,4422,4420
4307,4423,4422
4308,4424,4420
4309,4425,4426
4310,4426,2531
4311,4427,4425
4312,4428,4429
4313,4429,2529
4314,4430,4431
4315,4431,2524
4316,4432,2493
4317,4433,4432
4318,4434,2494
4319,4435,2495
4320,4436,2496
4321,4437,2497
4322,4438,4439
4323,4440,2500
4324,4439,4440
4325,4441,2503
4326,4442,4441
4327,4443,2504
4328,4444,2506
4329,4445,4446
4330,4447,4444
4331,4446,4447
4332,4448,4445
4333,4449,4448
4334,4450,2508
4335,4451,2509
4336,4452,4451
4337,4453,4452
4338,4454,4453
4339,4455,4456
4340,4456,4454
4341,4457,4451
4342,4458,2512
4343,4459,4458
4344,4460,4459
4345,4461,2516
4346,4462,4461
4347,4463,2517
4348,4464,4465
4349,4465,4463
4350,4466,2518
4351,4467,2519
4352,4468,2515
4353,4469,2983
4354,4470,4469
4355,4471,2513
4356,4472,2511
4357,4473,4472
4358,4474,4472
4359,4475,2510
4360,4476,2507
4361,4477,4476
4362,4478,4477
4363,4479,2974
4364,4480,2975
4365,4481,2976
4366,4482,2973
4367,4483,2972
4368,4484,2490
4369,4485,2988
4370,4486,4487
4371,4487,4488
4372,4488,3446
4373,4489,4486
4374,4490,4489
4375,4491,4486
4376,4492,4493
4377,4494,4492
4378,4495,4496
4379,4496,4492
4380,4497,2971
4381,3279,4497
4382,2600,4498
4383,4498,4499
4384,4500,4501
4385,4502,3757
4386,4503,4504
4387,4504,4505
4388,2481,4506
4389,4507,4508
4390,4509,3585
4391,4510,4509
4392,4499,2591
4393,4511,4512
4394,4513,4514
4395,4514,4223
4396,2609,4515
4397,4516,3955
4398,4517,2775
4399,2772,2807
4400,3121,3899
4401,4518,4519
4402,4520,4521
4403,4521,4522
4404,4523,4522
4405,4524,4523
4406,4525,2528
4407,2526,2876
4408,3134,4526
4409,4508,2781
4410,4527,4510
4411,2876,2487
4412,4522,4525
4413,2530,4520
4414,4528,4499
4415,4515,2607
4416,3955,2702
4417,3899,2768
4418,2807,3121
4419,2783,4507
4420,4519,4529
4421,4530,3134
4422,4531,4530
4423,4512,4223
4424,4532,4533
4425,4533,4534
4426,4534,3271
4427,4535,4527
4428,4536,4524
4429,3769,4537
4430,4537,3764
4431,2775,2769
4432,4538,2570
4433,3005,4539
4434,2792,4540
4435,4540,3005
4436,2556,4541
4437,4542,2554
4438,4541,4542
4439,4543,4544
4440,4544,4541
4441,4501,4545
4442,4545,4546
4443,4547,4173
4444,4546,4547
4445,3912,4548
4446,4548,3024
4447,3026,4549
4448,4549,4550
4449,4550,3912
4450,4551,4552
4451,4553,4519
4452,4552,4554
4453,4554,4553
4454,4529,3125
4455,3070,4555
4456,4556,4557
4457,4555,4556
4458,4557,4506
4459,2969,4558
4460,4558,3277
4461,4559,4560
4462,4561,2967
4463,4560,4561
4464,3277,4559
4465,4526,3136
4466,3137,4562
4467,4562,3269
4468,1176,3850
4469,3850,2803
4470,2629,4563
4471,4256,4563
4472,4563,2627
4473,4280,4564
4474,4565,2639
4475,4564,4565
4476,4566,4564
4477,4295,4565
4478,4282,4566
4479,2642,4566
4480,4567,2663
4481,4298,4567
4482,2667,4567
4483,4124,4568
4484,3961,4569
4485,4569,4570
4486,4568,4569
4487,2704,4568
4488,4570,4571
4489,4571,4516
4490,3957,4571
4491,4572,2710
4492,4573,4572
4493,4070,4572
4494,2737,4573
4495,4574,4573
4496,4575,4574
4497,4067,4574
4498,2712,4575
4499,4054,4575
4500,4576,2748
4501,4083,4576
4502,2752,4576
4503,2757,4577
4504,4090,4578
4505,4578,2754
4506,4577,4578
4507,4095,4579
4508,4579,4577
4509,4098,4579
4510,4580,2756
4511,4581,4580
4512,4118,4580
4513,4105,4581
4514,2759,4581
4515,4582,2790
4516,3866,4582
4517,4583,4582
4518,3863,4583
4519,4539,4583
4520,2822,4584
4521,3818,4584
4522,4584,4585
4523,4585,4586
4524,3820,4586
4525,4586,4587
4526,3100,4587
4527,4587,2820
4528,2856,4588
4529,3669,4588
4530,4588,2854
4531,2885,4589
4532,4589,2883
4533,3479,4589
4534,3477,4590
4535,2887,4591
4536,4591,4590
4537,4590,2884
4538,4592,4593
4539,4593,2929
4540,2931,4593
4541,2941,4594
4542,3155,4595
4543,4595,2935
4544,2962,4594
4545,4594,4595
4546,3228,4596
4547,4596,4597
4548,4597,3226
4549,4598,2930
4550,3527,4598
4551,4599,4598
4552,3529,4599
4553,3524,4599
4554,3620,4600
4555,4600,3614
4556,3624,4600
4557,3704,4601
4558,3702,4601
4559,4601,2844
4560,4602,3976
4561,3995,4602
4562,3978,4602
4563,4042,4603
4564,4033,4603
4565,4603,2735
4566,4040,4604
4567,4604,4032
4568,4035,4604
4569,4085,4605
4570,4605,4082
4571,4606,4104
4572,4112,4606
4573,4107,4606
4574,4163,4607
4575,4165,4608
4576,4608,4161
4577,4607,4608
4578,4609,4248
4579,4253,4609
4580,4250,4609
4581,4610,4356
4582,4358,4610
4583,4611,4398
4584,4612,4611
4585,4406,4611
4586,4400,4612
4587,4403,4612
4588,4613,4528
4589,4614,4613
4590,4615,4614
4591,2593,4615
4592,4206,4615
4593,4218,4614
4594,4221,4613
4595,3126,4616
4596,4616,4617
4597,4617,4502
4598,3129,4616
4599,4618,4619
4600,4619,4493
4601,4620,3505
4602,4493,4620
4603,3532,4592
4604,4621,4592
4605,4622,4621
4606,3132,4622
4607,4623,2689
4608,4624,4625
4609,4625,4623
4610,4626,3809
4611,4506,4627
4612,4627,4505
4613,4628,4629
4614,4630,4628
4615,4631,4630
4616,4632,4629
4617,4633,4634
4618,4635,4633
4619,4636,4635
4620,4637,4636
4621,4638,4637
4622,4639,4638
4623,4640,4639
4624,4641,4640
4625,4642,4641
4626,4643,4642
4627,4644,4643
4628,4645,4646
4629,4647,4645
4630,4648,4647
4631,4649,4650
4632,4651,4649
4633,4652,4651
4634,4653,4654
4635,4655,4653
4636,4656,4657
4637,4657,4658
4638,4659,4656
4639,4660,4659
4640,4661,4662
4641,4662,4663
4642,4663,4660
4643,4664,4661
4644,4665,4664
4645,4666,4665
4646,4667,4668
4647,4669,4667
4648,4670,4669
4649,4671,4670
4650,4672,4671
4651,4673,4674
4652,4674,4660
4653,4675,4673
4654,4676,4677
4655,4677,4675
4656,4678,4679
4657,4680,4678
4658,4681,4682
4659,4682,4683
4660,4684,4681
4661,4685,4686
4662,4686,4684
4663,4687,4685
4664,4688,4687
4665,4689,4690
4666,4690,4688
4667,4691,4689
4668,4692,4691
4669,4693,4692
4670,4694,4693
4671,4695,4694
4672,4696,4695
4673,4697,4696
4674,4698,4697
4675,4699,4698
4676,4700,4701
4677,4701,4702
4678,4703,4700
4679,4704,4703
4680,4705,4704
4681,4706,4705
4682,4707,4706
4683,4708,4707
4684,4709,4708
4685,4710,4684
4686,4711,4712
4687,4712,4713
4688,4714,4711
4689,4715,4714
4690,4716,4715
4691,4717,4716
4692,4718,4717
4693,4719,4718
4694,4720,4719
4695,4721,4722
4696,4723,4720
4697,4724,4723
4698,4725,4726
4699,4726,4724
4700,4722,4725
4701,4727,4721
4702,4728,4727
4703,4729,4728
4704,4730,4729
4705,4731,4732
4706,4733,4734
4707,4735,4736
4708,4737,4735
4709,4736,4733
4710,4738,4737
4711,4739,4738
4712,4740,4739
4713,4741,4740
4714,4742,4743
4715,4743,4741
4716,4744,4742
4717,4745,4746
4718,4747,4748
4719,4748,4745
4720,4749,4747
4721,4750,4749
4722,4751,4750
4723,4752,4751
4724,4753,4752
4725,4754,4753
4726,4755,4754
4727,4756,4755
4728,4757,4758
4729,4758,4756
4730,4759,4757
4731,4760,4759
4732,4761,4762
4733,4763,4761
4734,4762,4760
4735,4764,4763
4736,4765,4766
4737,4766,4764
4738,4767,4765
4739,4768,4767
4740,4769,4760
4741,4770,4771
4742,4772,4770
4743,4773,4772
4744,4774,4773
4745,4775,4774
4746,4776,4777
4747,4777,4775
4748,4778,4776
4749,4779,4780
4750,4780,4778
4751,4781,4779
4752,4782,4772
4753,4783,4782
4754,4784,4783
4755,4785,4784
4756,4786,4785
4757,4787,4786
4758,4788,4787
4759,4789,4788
4760,4790,4789
4761,4791,4790
4762,4792,4759
4763,4793,4792
4764,4794,4793
4765,4795,4796
4766,4797,4794
4767,4796,4798
4768,4798,4797
4769,4799,4795
4770,4800,4799
4771,4801,4744
4772,4802,4801
4773,4803,4804
4774,4804,4802
4775,4805,4806
4776,4806,4803
4777,4807,4805
4778,4808,4807
4779,4809,4808
4780,4810,4811
4781,4812,4813
4782,4813,4809
4783,4811,4812
4784,4814,4810
4785,4815,4814
4786,4816,4815
4787,4817,4816
4788,4818,4817
4789,4819,4820
4790,4820,4818
4791,4821,4819
4792,4822,4821
4793,4823,4822
4794,4824,4823
4795,4825,4826
4796,4826,4824
4797,4827,4825
4798,4828,4827
4799,4829,4828
4800,4830,4829
4801,4831,4830
4802,4832,4831
4803,4833,4832
4804,4834,4835
4805,4836,4834
4806,4837,4836
4807,4838,4837
4808,4839,4840
4809,4841,4839
4810,4842,4841
4811,4843,4842
4812,4844,4845
4813,4846,4847
4814,4848,4846
4815,4849,4848
4816,4850,4839
4817,4851,4850
4818,4852,4851
4819,4853,4852
4820,4854,4834
4821,4855,4854
4822,4856,4857
4823,4858,4856
4824,4859,4860
4825,4861,4862
4826,4863,4859
4827,4862,4863
4828,4864,4861
4829,4865,4864
4830,4866,4865
4831,4867,4866
4832,4868,4869
4833,4870,4869
4834,4871,4872
4835,4872,4873
4836,4873,4822
4837,4874,4871
4838,4875,4874
4839,4876,4875
4840,4877,4876
4841,4878,4877
4842,4879,4880
4843,4880,4878
4844,4881,4879
4845,4882,4881
4846,4883,4819
4847,4884,4883
4848,4885,4884
4849,4886,4885
4850,4887,4886
4851,4888,4887
4852,4889,4888
4853,4890,4889
4854,4891,4890
4855,4892,4809
4856,4893,4894
4857,4894,4892
4858,4895,4896
4859,4897,4895
4860,4896,4676
4861,4898,4897
4862,4899,4898
4863,4900,4899
4864,4901,4900
4865,4902,4901
4866,4903,4902
4867,4904,4903
4868,4905,4906
4869,4907,4905
4870,4908,4907
4871,4909,4908
4872,4910,4909
4873,4911,4910
4874,4912,4911
4875,4913,4912
4876,4914,4913
4877,4915,4914
4878,4916,4915
4879,4917,4916
4880,4918,4917
4881,4919,4918
4882,4920,4919
4883,4921,4920
4884,4922,4921
4885,4923,4922
4886,4924,4923
4887,4925,4924
4888,4926,4927
4889,4928,4925
4890,4927,4928
4891,4929,4926
4892,4930,4931
4893,4931,4932
4894,4932,4656
4895,4933,4930
4896,4934,4933
4897,4935,4934
4898,4936,4935
4899,4937,4938
4900,4939,4936
4901,4938,4939
4902,4940,4746
4903,4941,4940
4904,4942,4941
4905,4943,4942
4906,4944,4943
4907,4945,4946
4908,4947,4948
4909,4949,4947
4910,4950,4949
4911,4951,4952
4912,4952,4953
4913,4954,4955
4914,4955,4805
4915,4956,4954
4916,4957,4956
4917,4958,4957
4918,4959,4958
4919,4960,4961
4920,4961,4962
4921,4962,4680
4922,4963,4960
4923,4964,4963
4924,4965,4964
4925,4966,4965
4926,4967,4968
4927,4968,4678
4928,4969,4967
4929,4970,4969
4930,4971,4972
4931,4972,4973
4932,4973,4974
4933,4975,4971
4934,4976,4975
4935,4977,4978
4936,4978,4979
4937,4979,4673
4938,4980,4977
4939,4981,4980
4940,4982,4981
4941,4983,4982
4942,4984,4985
4943,4985,4983
4944,4986,4984
4945,4987,4986
4946,4988,4989
4947,4989,4732
4948,4990,4988
4949,4991,4990
4950,4992,4714
4951,4993,4992
4952,4994,4995
4953,4996,4993
4954,4997,4996
4955,4998,4997
4956,4995,4998
4957,4999,5000
4958,5001,5002
4959,5000,5001
4960,5003,5004
4961,5004,5005
4962,5006,4653
4963,5005,5006
4964,5007,5003
4965,5008,5007
4966,5009,5008
4967,5010,4749
4968,5011,5012
4969,5012,5013
4970,5013,5010
4971,5014,5011
4972,5015,5014
4973,5016,5017
4974,5018,5015
4975,5017,5018
4976,5019,5016
4977,5020,5021
4978,5021,4679
4979,5022,5020
4980,5023,5022
4981,5024,5025
4982,5025,5023
4983,5026,4668
4984,5027,5028
4985,5028,5026
4986,5029,5030
4987,5031,5029
4988,5032,5031
4989,5033,5032
4990,5034,5033
4991,5035,5036
4992,5036,4742
4993,5037,5035
4994,5038,4632
4995,5039,5038
4996,5040,5039
4997,5041,5040
4998,5042,5041
4999,5043,5042
5000,5044,5043
5001,5045,5044
5002,5046,5047
5003,5047,4894
5004,5048,4854
5005,5049,5050
5006,5051,4815
5007,5052,5053
5008,5053,5051
5009,5054,5052
5010,5055,5054
5011,5056,5057
5012,5057,5058
5013,5058,5055
5014,5059,5056
5015,5060,5061
5016,5061,4802
5017,5062,5060
5018,5063,5062
5019,5064,5063
5020,5065,5066
5021,5066,5067
5022,5067,4658
5023,5068,5065
5024,5069,5068
5025,5070,5069
5026,5071,5072
5027,5072,5070
5028,5073,4899
5029,5074,5073
5030,5075,5076
5031,5076,4681
5032,5077,5075
5033,5078,5077
5034,5079,5078
5035,5080,5079
5036,5081,5082
5037,5083,5081
5038,5084,5080
5039,5082,5084
5040,5085,4900
5041,5086,5085
5042,5087,5086
5043,5088,5087
5044,5089,5088
5045,5090,5089
5046,5091,4917
5047,5092,5091
5048,5093,5094
5049,5095,5093
5050,5096,5095
5051,5097,5098
5052,5098,4710
5053,5099,5097
5054,5100,5099
5055,5101,5102
5056,5102,5103
5057,5104,5105
5058,5106,5104
5059,5105,4908
5060,5107,5108
5061,5108,5106
5062,5109,5110
5063,5110,5111
5064,5112,4654
5065,5111,5112
5066,5113,5109
5067,5114,5113
5068,5115,5114
5069,5116,5115
5070,5117,5116
5071,5118,5117
5072,5119,5120
5073,5120,4737
5074,5121,5119
5075,5122,5121
5076,5123,5122
5077,5124,5123
5078,5125,4920
5079,5126,5127
5080,5127,4735
5081,5128,4740
5082,5129,5128
5083,5130,5129
5084,5131,5130
5085,5132,5133
5086,5134,5135
5087,5133,5134
5088,5135,4675
5089,5136,5132
5090,5137,5136
5091,5138,5139
5092,5139,5140
5093,5140,4655
5094,5141,5138
5095,5142,5143
5096,5143,5141
5097,5144,5142
5098,5145,4914
5099,5146,5145
5100,5147,5148
5101,5149,5150
5102,5148,5151
5103,5152,5153
5104,5153,5154
5105,5154,5149
5106,5151,5152
5107,5155,5147
5108,5156,5155
5109,5157,5156
5110,5158,5157
5111,5159,5160
5112,5161,5159
5113,5162,5163
5114,5164,5162
5115,5165,5166
5116,5167,5168
5117,5169,5170
5118,5171,5169
5119,5172,5173
5120,5174,5175
5121,5176,5174
5122,5177,5178
5123,5179,5180
5124,5180,5181
5125,5182,5183
5126,5183,5184
5127,5185,5186
5128,5187,5188
5129,5189,5187
5130,5190,5191
5131,5192,5193
5132,5194,4758
5133,5195,5196
5134,5196,5197
5135,5197,4755
5136,5198,5199
5137,5200,5201
5138,5202,5203
5139,5203,5204
5140,5205,5206
5141,5207,5208
5142,5209,5210
5143,5211,5212
5144,5212,5213
5145,5213,5214
5146,5215,5211
5147,5216,5215
5148,5217,5215
5149,5218,5211
5150,5219,5220
5151,5220,5221
5152,5221,4652
5153,5222,5219
5154,5223,5222
5155,5224,5222
5156,5225,5219
5157,5226,5113
5158,5227,5117
5159,5228,5116
5160,5229,5115
5161,5230,5114
5162,5231,5109
5163,5232,5142
5164,5233,5141
5165,5234,5233
5166,5235,5138
5167,5236,5237
5168,5238,5236
5169,5237,5239
5170,5239,5240
5171,5241,5069
5172,5242,5241
5173,5243,5244
5174,5244,5245
5175,5245,5242
5176,5246,5070
5177,5247,5246
5178,5248,5247
5179,5249,5068
5180,5250,5065
5181,5251,5252
5182,5252,5253
5183,5253,4659
5184,5254,5132
5185,5255,5136
5186,5256,5255
5187,5257,4906
5188,5258,5257
5189,5259,5257
5190,5260,4905
5191,5261,5106
5192,5262,4911
5193,5263,4912
5194,5264,5263
5195,5265,5263
5196,5266,5267
5197,5268,5266
5198,5269,5093
5199,5270,5269
5200,5271,5091
5201,5272,5271
5202,5273,5271
5203,5274,4918
5204,5275,5274
5205,5276,4922
5206,5277,5276
5207,5278,5276
5208,5279,5280
5209,5281,4924
5210,5280,5282
5211,5282,5281
5212,5283,4925
5213,5284,4926
5214,5285,4921
5215,5286,5285
5216,5287,5285
5217,5288,4919
5218,5289,5288
5219,5290,5289
5220,5291,5288
5221,5292,5291
5222,5293,5145
5223,5294,4913
5224,5295,5294
5225,5296,4907
5226,5297,4904
5227,5298,5297
5228,5299,5297
5229,5300,4903
5230,5301,5085
5231,5302,5301
5232,5303,5087
5233,5304,5088
5234,5305,5304
5235,5306,5086
5236,5307,5306
5237,5308,5073
5238,5309,4898
5239,5310,4897
5240,5311,5310
5241,5312,5310
5242,5313,5314
5243,5315,5316
5244,5314,5315
5245,5317,5147
5246,5318,5157
5247,5319,5158
5248,5320,5319
5249,5321,5158
5250,5322,5321
5251,5323,5322
5252,5324,5323
5253,5325,5324
5254,5326,5327
5255,5328,5321
5256,5327,5328
5257,5329,5156
5258,5330,5155
5259,5331,5332
5260,5332,5333
5261,5334,5335
5262,5335,5078
5263,5336,5080
5264,5337,5079
5265,5338,5097
5266,5339,5340
5267,5340,4734
5268,5341,5339
5269,5342,5343
5270,5343,5344
5271,5345,5341
5272,5344,5345
5273,5346,5347
5274,5348,5339
5275,5349,5346
5276,5347,5348
5277,5350,5349
5278,5351,5350
5279,5352,5351
5280,5353,5352
5281,5354,5353
5282,5355,5352
5283,5356,5357
5284,5357,5355
5285,5358,5359
5286,5360,5358
5287,5361,5353
5288,5359,5361
5289,5362,5349
5290,5363,5364
5291,5365,5362
5292,5366,5363
5293,5364,5365
5294,5367,5362
5295,5368,5367
5296,5369,5368
5297,5370,5369
5298,5371,5368
5299,5372,5369
5300,5373,5374
5301,5374,5367
5302,5375,5373
5303,5376,5375
5304,5377,5376
5305,5378,5377
5306,5379,5378
5307,5380,5377
5308,5381,5380
5309,5382,5341
5310,5383,5384
5311,5384,4736
5312,5385,5119
5313,5386,5385
5314,5387,5386
5315,5388,5124
5316,5389,5388
5317,5390,5391
5318,5392,5393
5319,5394,5395
5320,5396,5388
5321,5397,5124
5322,5398,5399
5323,5400,5123
5324,5399,5400
5325,5401,5121
5326,5402,5401
5327,5403,5402
5328,5404,5402
5329,5405,5401
5330,5406,5407
5331,5407,4738
5332,5408,5130
5333,5409,5129
5334,5410,5411
5335,5411,5412
5336,5412,4801
5337,5413,5062
5338,5414,5413
5339,5415,5063
5340,5416,5415
5341,5417,5060
5342,5418,5417
5343,5419,5417
5344,5420,5419
5345,5421,5422
5346,5422,4804
5347,5423,5424
5348,5425,4803
5349,5424,5425
5350,5426,5423
5351,5427,5428
5352,5428,4807
5353,5429,5427
5354,5430,5431
5355,5431,5432
5356,5432,4808
5357,5433,5434
5358,5434,5435
5359,5435,4892
5360,5436,5433
5361,5437,5436
5362,5438,5437
5363,5439,5440
5364,5441,5437
5365,5440,5441
5366,5442,5439
5367,5443,5442
5368,5444,5436
5369,5445,5433
5370,5446,5445
5371,5447,5448
5372,5448,4893
5373,5449,5447
5374,5450,5451
5375,5451,5452
5376,5452,5449
5377,5453,5447
5378,5454,4817
5379,5455,5454
5380,5456,5455
5381,5457,5456
5382,5458,5457
5383,5459,5454
5384,5460,4825
5385,5461,4828
5386,5462,4837
5387,5463,5462
5388,5464,5462
5389,5465,5464
5390,5466,5464
5391,5467,5466
5392,5468,4841
5393,5469,4845
5394,5470,5471
5395,5471,5472
5396,5473,4846
5397,5474,5473
5398,5475,5474
5399,5476,5474
5400,5477,5476
5401,5478,4843
5402,5479,5478
5403,5480,5478
5404,5481,4842
5405,5482,5483
5406,5483,4851
5407,5484,4850
5408,5485,5484
5409,5486,5485
5410,5487,5488
5411,5489,5484
5412,5490,5491
5413,5492,5490
5414,5493,5485
5415,5494,4840
5416,5495,5494
5417,5496,5497
5418,5497,5498
5419,5498,5499
5420,5499,5500
5421,5501,5502
5422,5503,5501
5423,5500,5494
5424,5504,5505
5425,5506,4836
5426,5507,5506
5427,5508,5509
5428,5510,4856
5429,5511,5510
5430,5512,5511
5431,5513,5514
5432,5515,5513
5433,5516,5517
5434,5517,5515
5435,5518,5519
5436,5519,5515
5437,5520,5518
5438,5521,4859
5439,5522,5523
5440,5523,5521
5441,5524,5525
5442,5525,5521
5443,5526,4865
5444,5527,5526
5445,5528,5529
5446,5530,5528
5447,5531,5530
5448,5532,5531
5449,5533,5532
5450,5534,5531
5451,5535,5534
5452,5536,5534
5453,5537,5050
5454,5538,5048
5455,5539,5540
5456,5541,5539
5457,5542,5539
5458,5543,5542
5459,5544,5543
5460,5545,5542
5461,5546,4832
5462,5547,4824
5463,5548,5547
5464,5549,4875
5465,5550,4881
5466,5551,5550
5467,5552,4874
5468,5553,5552
5469,5554,4821
5470,5555,5554
5471,5556,5557
5472,5557,5554
5473,5558,4883
5474,5559,4885
5475,5560,4889
5476,5561,4886
5477,5562,5563
5478,5563,4818
5479,5564,5565
5480,5565,5562
5481,5566,5567
5482,5568,4816
5483,5567,5569
5484,5569,5570
5485,5570,5568
5486,5571,4957
5487,5572,5573
5488,5574,4806
5489,5573,5574
5490,5575,4745
5491,5576,5577
5492,5578,5579
5493,5580,5581
5494,5582,5578
5495,5579,5583
5496,5581,5576
5497,5577,4750
5498,5583,5580
5499,5584,5585
5500,5586,5587
5501,5585,5586
5502,5588,5589
5503,5590,4751
5504,5591,4752
5505,5592,4753
5506,5593,5594
5507,5594,4754
5508,5595,4756
5509,5596,4757
5510,5597,4763
5511,5598,5597
5512,5599,5598
5513,5600,5601
5514,5602,5603
5515,5601,5602
5516,5603,5604
5517,5604,4782
5518,5605,5600
5519,5606,5605
5520,5607,5600
5521,5608,5607
5522,5609,5610
5523,5611,5612
5524,5613,5608
5525,5614,5615
5526,5615,5616
5527,5610,5614
5528,5612,5613
5529,5616,5611
5530,5617,5609
5531,5618,4790
5532,5619,5618
5533,5620,5621
5534,5621,4776
5535,5622,5620
5536,5623,5624
5537,5624,5622
5538,5625,5623
5539,5626,5625
5540,5627,5628
5541,5629,5627
5542,5628,4778
5543,5630,5631
5544,5632,5633
5545,5633,4774
5546,5634,5632
5547,5631,5634
5548,5635,5630
5549,5636,5630
5550,5637,5636
5551,5638,4770
5552,5639,5640
5553,5641,4792
5554,5642,4794
5555,5643,4793
5556,5644,5643
5557,5645,5015
5558,5646,5645
5559,5647,4943
5560,5648,5649
5561,5650,5648
5562,5649,5647
5563,5651,5650
5564,5652,5653
5565,5654,5652
5566,5655,5654
5567,5656,5655
5568,5657,5658
5569,5659,5660
5570,5661,5659
5571,5658,5662
5572,5662,5661
5573,5663,5657
5574,5664,5656
5575,5660,4942
5576,5665,4940
5577,5666,5035
5578,5667,5668
5579,5669,5666
5580,5668,5670
5581,5670,5669
5582,5671,5666
5583,5672,5673
5584,5673,5674
5585,5674,5671
5586,5675,5037
5587,5676,5675
5588,5677,4739
5589,5678,5677
5590,5679,5678
5591,5680,5679
5592,5681,5678
5593,5682,5683
5594,5683,5684
5595,5684,5679
5596,5685,4988
5597,5686,5687
5598,5687,5688
5599,5688,4719
5600,5689,4729
5601,5690,5691
5602,5691,5692
5603,5693,5689
5604,5694,5690
5605,5692,5693
5606,5695,5689
5607,5696,4721
5608,5697,4716
5609,5698,5697
5610,5699,5698
5611,5700,5698
5612,5701,5700
5613,5702,5703
5614,5703,4715
5615,5704,4993
5616,5705,4711
5617,5706,4687
5618,5707,4692
5619,5708,4693
5620,5709,4695
5621,5710,4697
5622,5711,4698
5623,5712,5002
5624,5713,4703
5625,5714,5713
5626,5715,4706
5627,5716,5715
5628,5717,5715
5629,5718,5719
5630,5719,4709
5631,5720,5718
5632,5721,5722
5633,5723,5721
5634,5724,5725
5635,5726,5724
5636,5727,5726
5637,5728,5727
5638,5729,5728
5639,5730,5729
5640,5731,5730
5641,5732,4705
5642,5733,4704
5643,5734,5733
5644,5735,5734
5645,5736,5735
5646,5737,5735
5647,5738,5739
5648,5740,5741
5649,5739,5742
5650,5742,5740
5651,5743,5744
5652,5741,5745
5653,5744,5738
5654,5746,5747
5655,5748,5746
5656,5749,5748
5657,5750,5749
5658,5751,5734
5659,5752,5733
5660,5753,5752
5661,5754,5755
5662,5756,4699
5663,5757,5758
5664,5758,5759
5665,5760,5756
5666,5761,5757
5667,5759,5760
5668,5762,5763
5669,5763,5761
5670,5764,4696
5671,5765,5766
5672,5766,4694
5673,5767,4691
5674,5768,5767
5675,5769,4689
5676,5770,5769
5677,5771,4688
5678,5772,4685
5679,5773,5774
5680,5774,5775
5681,5776,4964
5682,5777,4965
5683,5778,4963
5684,5779,4960
5685,5780,4967
5686,5781,5782
5687,5783,5780
5688,5782,5783
5689,5784,4969
5690,5785,5786
5691,5786,5020
5692,5787,5785
5693,5788,5022
5694,5789,5788
5695,5790,5791
5696,5791,5792
5697,5793,5794
5698,5795,5796
5699,5794,5797
5700,5798,5799
5701,5796,5798
5702,5799,5793
5703,5800,5801
5704,5802,5803
5705,5801,5802
5706,5804,5805
5707,5805,4977
5708,5806,5804
5709,5807,5808
5710,5809,5810
5711,5808,4982
5712,5810,5807
5713,5811,4986
5714,5812,4984
5715,5813,4661
5716,5814,4664
5717,5815,4665
5718,5816,5026
5719,5817,4666
5720,5818,4670
5721,5819,5818
5722,5820,5819
5723,5821,5820
5724,5822,5820
5725,5823,5819
5726,5824,4669
5727,5825,4667
5728,5826,4935
5729,5827,5828
5730,5829,5826
5731,5828,5829
5732,5830,5831
5733,5832,5830
5734,5833,4933
5735,5834,5833
5736,5835,5833
5737,5836,4930
5738,5837,5838
5739,5838,5839
5740,5839,4657
5741,5840,5837
5742,5841,5840
5743,5842,5841
5744,5843,5840
5745,5844,5843
5746,5845,5837
5747,5846,5008
5748,5847,5007
5749,5848,5003
5750,5849,5850
5751,5850,5851
5752,5851,5852
5753,5853,4971
5754,5854,4975
5755,5855,5854
5756,5856,5854
5757,5857,4649
5758,5858,5857
5759,5859,5033
5760,5860,5029
5761,5861,4628
5762,5862,4630
5763,5863,4641
5764,5864,5863
5765,5865,5864
5766,5866,5863
5767,5867,4643
5768,5868,5869
5769,5870,5868
5770,5871,5868
5771,5872,5871
5772,5873,4642
5773,5874,4640
5774,5875,5874
5775,5876,4639
5776,5877,4633
5777,5878,5877
5778,5879,5880
5779,5880,5877
5780,5881,5879
5781,5882,5881
5782,5883,5881
5783,5884,5883
5784,5885,5879
5785,5886,4634
5786,5887,5886
5787,5888,5889
5788,5889,5887
5789,5890,5044
5790,5891,5041
5791,5892,5893
5792,5893,5894
5793,5163,5895
5794,5896,5146
5795,5897,5146
5796,5898,5899
5797,5899,5473
5798,5900,5163
5799,5901,5902
5800,4734,4731
5801,5903,5331
5802,5904,5905
5803,5906,4923
5804,5905,5906
5805,5907,5904
5806,5908,4934
5807,5831,5909
5808,5910,5911
5809,5912,5913
5810,5914,5912
5811,5911,5179
5812,5168,5915
5813,5916,5208
5814,5917,5918
5815,5002,4702
5816,4732,5919
5817,5920,4710
5818,4683,5921
5819,5921,5775
5820,5792,5922
5821,5922,5923
5822,5923,5333
5823,5150,5803
5824,5316,4676
5825,5924,5925
5826,5925,5251
5827,4658,5240
5828,4654,5852
5829,5926,5214
5830,5927,5926
5831,4629,5030
5832,5214,5928
5833,5803,5929
5834,5929,5316
5835,5103,4683
5836,5333,4953
5837,4953,5930
5838,5930,5797
5839,5797,5150
5840,4634,4632
5841,5931,5926
5842,4650,5931
5843,5852,4974
5844,5240,4655
5845,4679,5792
5846,5775,4680
5847,4713,5920
5848,5919,4713
5849,5932,5928
5850,5030,5932
5851,4702,4699
5852,5933,5910
5853,5934,5913
5854,5935,5934
5855,5936,5168
5856,5208,5917
5857,5937,5938
5858,5938,5939
5859,5939,5927
5860,5940,5251
5861,5941,4871
5862,5942,5941
5863,5943,5942
5864,5909,5908
5865,5944,5904
5866,5945,5946
5867,5946,5947
5868,4840,5948
5869,5949,5945
5870,5948,5949
5871,5950,5951
5872,5952,5953
5873,5951,5037
5874,5953,5950
5875,5954,5952
5876,5955,5951
5877,5956,5946
5878,4869,4867
5879,5957,5182
5880,5913,5181
5881,5958,5959
5882,5960,5911
5883,5961,5958
5884,5959,5960
5885,5962,5963
5886,5964,5910
5887,5963,5964
5888,5965,5962
5889,5173,5936
5890,5895,5165
5891,4845,5184
5892,5184,4843
5893,5966,5967
5894,5968,5966
5895,4746,5969
5896,5969,5968
5897,5967,5970
5898,5970,4744
5899,5971,5901
5900,5902,5898
5901,5188,5190
5902,5170,5972
5903,5973,5917
5904,5974,5973
5905,5975,5974
5906,5918,5976
5907,5977,5207
5908,5978,5916
5909,5979,5205
5910,5206,5975
5911,5980,5209
5912,5210,5198
5913,5199,5200
5914,5201,5202
5915,5755,5204
5916,5204,4700
5917,5869,5981
5918,5981,4644
5919,4646,5981
5920,4771,5982
5921,5983,4769
5922,5640,5983
5923,5982,5983
5924,5540,5984
5925,5984,4833
5926,4835,5984
5927,5985,4838
5928,5505,5985
5929,5947,5985
5930,5472,5986
5931,4847,5986
5932,5986,4844
5933,5987,4855
5934,5509,5987
5935,5988,5987
5936,4857,5988
5937,5529,5988
5938,5514,5989
5939,5989,4858
5940,4860,5989
5941,5653,5990
5942,5990,4944
5943,4946,5990
5944,5991,5992
5945,4948,5991
5946,5992,4945
5947,5267,5993
5948,5993,5092
5949,5094,5993
5950,5391,5994
5951,5994,5995
5952,5995,5389
5953,5395,5995
5954,5393,5994
5955,5488,5996
5956,5491,5996
5957,5996,5486
5958,5997,5496
5959,5502,5997
5960,5998,5997
5961,5999,5582
5962,5589,5999
5963,5587,5999
5964,5722,6000
5965,5725,6000
5966,6000,5720
5967,5747,6001
5968,5745,6001
5969,6001,5737
5970,6002,5177
5971,5166,6002
5972,5915,6002
5973,5178,5604
5974,6003,5189
5975,5186,6003
5976,5191,6004
5977,5193,6004
5978,6004,6005
5979,5175,5972
5980,6006,5738
5981,6007,6006
5982,6008,6007
5983,5972,6008
5984,6009,5122
5985,6010,6009
5986,6011,6010
5987,6012,6011
5988,6013,6012
5989,6014,6013
5990,5894,6014
5991,6005,5728
5992,5976,5750
5993,6015,4797
5994,6016,6015
5995,5160,6016
5996,4505,6017
5997,6018,6019
5998,6019,4893
5999,6017,6018
6000,6020,6021
6001,6021,6019
6002,6022,6023
6003,6024,6025
6004,6023,4731
6005,6025,6022
6006,6026,6024
6007,6027,6026
6008,6028,6027
6009,6029,6028
6010,6030,6031
6011,6031,6029
6012,6032,6030
6013,6033,6034
6014,6035,6036
6015,6037,6038
6016,6039,6033
6017,6036,6037
6018,6038,6039
6019,6040,6041
6020,6042,6040
6021,6041,6035
6022,6043,6044
6023,6044,6042
6024,6045,6043
6025,6046,6045
6026,6047,6048
6027,6049,6047
6028,6050,6049
6029,6051,6050
6030,6052,6051
6031,6053,6052
6032,6054,6055
6033,6055,6053
6034,6056,6054
6035,6057,6058
6036,6059,6056
6037,6058,6059
6038,6060,6061
6039,6062,6057
6040,6063,6062
6041,6061,6064
6042,6064,6063
6043,6065,6066
6044,6066,6067
6045,6068,6060
6046,6067,6068
6047,6069,6070
6048,6070,6042
6049,6071,6069
6050,6072,6073
6051,6073,6071
6052,6074,6075
6053,6076,6072
6054,6075,6076
6055,6077,6074
6056,6078,6077
6057,6079,6078
6058,6080,6081
6059,6081,6079
6060,6082,6083
6061,6083,6080
6062,6084,6082
6063,6085,6086
6064,6086,6084
6065,6087,6085
6066,6088,6087
6067,6089,6088
6068,6090,6091
6069,6092,6093
6070,6091,6089
6071,6094,6092
6072,6095,6090
6073,6093,6095
6074,6096,6094
6075,6097,6098
6076,6099,6100
6077,6101,6097
6078,6098,6096
6079,6100,6101
6080,6102,6099
6081,6103,6102
6082,6104,6103
6083,6105,6106
6084,6107,6105
6085,6106,6108
6086,6109,6104
6087,6108,6109
6088,6110,6111
6089,6111,6112
6090,6112,6107
6091,6113,6114
6092,6114,6110
6093,6115,6116
6094,6117,6113
6095,6116,6117
6096,6118,6119
6097,6120,6118
6098,6121,6120
6099,6122,6121
6100,6123,6122
6101,6124,6123
6102,6125,6124
6103,6126,6125
6104,6127,6126
6105,6128,6127
6106,6129,6128
6107,6130,6129
6108,6131,6130
6109,6132,6131
6110,6133,6132
6111,6134,6133
6112,6135,6136
6113,6137,6135
6114,6138,6137
6115,6139,6138
6116,6140,6139
6117,6141,6124
6118,6142,6141
6119,6143,6142
6120,6144,6143
6121,6145,6146
6122,6146,6144
6123,6147,6148
6124,6149,6147
6125,6150,6149
6126,6151,6150
6127,6152,6151
6128,6153,6152
6129,6154,6153
6130,6155,6154
6131,6156,6155
6132,6157,6156
6133,6158,6157
6134,6159,6158
6135,6160,6159
6136,6161,6160
6137,6162,6161
6138,6163,6164
6139,6164,6162
6140,6165,6166
6141,6167,6165
6142,6168,6167
6143,6169,6168
6144,6170,6171
6145,6172,6169
6146,6173,6172
6147,6171,6174
6148,6174,6173
6149,6175,6170
6150,6176,6175
6151,6177,6178
6152,6179,6180
6153,6178,6179
6154,6180,6181
6155,6182,6177
6156,6183,6182
6157,6184,6185
6158,6186,6187
6159,6185,6186
6160,6188,6184
6161,6189,6188
6162,6190,6189
6163,6191,6190
6164,6192,6191
6165,6193,6192
6166,6194,6193
6167,6195,6196
6168,6196,6197
6169,6198,6195
6170,6199,6198
6171,6200,6199
6172,6201,6200
6173,6202,6201
6174,6203,6202
6175,6204,6205
6176,6205,6027
6177,6206,6204
6178,6207,6206
6179,6208,6209
6180,6209,6207
6181,6210,6208
6182,6211,6210
6183,6212,6211
6184,6213,6212
6185,6214,6215
6186,6215,6213
6187,6216,6217
6188,6217,6033
6189,6218,6216
6190,6219,6218
6191,6220,6219
6192,6221,6220
6193,6222,6223
6194,6224,6222
6195,6225,6224
6196,6226,6225
6197,6227,6175
6198,6228,6227
6199,6229,6228
6200,6230,6229
6201,6231,6230
6202,6232,6231
6203,6233,6232
6204,6234,6233
6205,6235,6236
6206,6236,6234
6207,6237,6238
6208,6238,6077
6209,6239,6240
6210,6240,6237
6211,6241,6239
6212,6242,6243
6213,6243,6244
6214,6245,6242
6215,6246,6245
6216,6247,6246
6217,6248,6247
6218,6249,6250
6219,6250,6248
6220,6251,6252
6221,6252,6078
6222,6253,6251
6223,6254,6229
6224,6255,6256
6225,6256,6028
6226,6257,6258
6227,6258,6255
6228,6259,6170
6229,6260,6261
6230,6261,6259
6231,6262,6263
6232,6263,6029
6233,6264,6265
6234,6266,6267
6235,6268,6264
6236,6269,6262
6237,6267,6269
6238,6265,6266
6239,6270,6271
6240,6272,6270
6241,6271,6081
6242,6273,6152
6243,6274,6087
6244,6275,6274
6245,6276,6275
6246,6277,6278
6247,6278,6279
6248,6279,6276
6249,6280,6281
6250,6281,6103
6251,6282,6280
6252,6283,6282
6253,6284,6283
6254,6285,6286
6255,6286,6035
6256,6287,6285
6257,6288,6287
6258,6289,6288
6259,6290,6289
6260,6291,6290
6261,6292,6291
6262,6293,6292
6263,6294,6293
6264,6295,6294
6265,6296,6295
6266,6297,6296
6267,6298,6297
6268,6299,6298
6269,6300,6211
6270,6301,6300
6271,6302,6303
6272,6303,6301
6273,6304,6305
6274,6305,6069
6275,6306,6304
6276,6307,6306
6277,6308,6307
6278,6309,6308
6279,6310,6309
6280,6311,6310
6281,6312,6311
6282,6313,6312
6283,6314,6313
6284,6315,6314
6285,6316,6315
6286,6317,6316
6287,6318,6317
6288,6319,6318
6289,6320,6321
6290,6321,6322
6291,6322,6072
6292,6323,6320
6293,6324,6323
6294,6325,6047
6295,6326,6325
6296,6327,6328
6297,6329,6327
6298,6328,6326
6299,6330,6210
6300,6331,6332
6301,6332,6330
6302,6333,6334
6303,6335,6333
6304,6334,6336
6305,6336,6082
6306,6337,6335
6307,6338,6337
6308,6339,6338
6309,6340,6339
6310,6341,6340
6311,6342,6341
6312,6343,6342
6313,6344,6345
6314,6345,6343
6315,6346,6344
6316,6347,6348
6317,6349,6346
6318,6350,6349
6319,6348,6350
6320,6351,6347
6321,6352,6351
6322,6353,6352
6323,6354,6355
6324,6356,6357
6325,6357,6354
6326,6358,6356
6327,6359,6358
6328,6360,6361
6329,6361,6359
6330,6362,6228
6331,6363,6364
6332,6365,6362
6333,6364,6365
6334,6366,6363
6335,6367,6366
6336,6368,6367
6337,6369,6368
6338,6370,6371
6339,6371,6372
6340,6372,6024
6341,6373,6370
6342,6374,6373
6343,6375,6374
6344,6376,6375
6345,6377,6376
6346,6378,6377
6347,6379,6378
6348,6380,6379
6349,6381,6380
6350,6382,6045
6351,6383,6382
6352,6384,6383
6353,6385,6384
6354,6386,6385
6355,6387,6386
6356,6388,6387
6357,6389,6079
6358,6390,6389
6359,6391,6390
6360,6392,6391
6361,6393,6394
6362,6395,6396
6363,6397,6398
6364,6399,6397
6365,6400,6399
6366,6401,6400
6367,6402,6401
6368,6403,6404
6369,6404,6107
6370,6405,6403
6371,6406,6405
6372,6407,6406
6373,6408,6409
6374,6409,6407
6375,6410,6411
6376,6412,6413
6377,6411,6030
6378,6413,6410
6379,6414,6412
6380,6415,6414
6381,6416,6415
6382,6417,6416
6383,6418,6419
6384,6420,6418
6385,6421,6420
6386,6422,6423
6387,6424,6421
6388,6423,6424
6389,6425,6426
6390,6427,6428
6391,6428,6429
6392,6430,6431
6393,6432,6433
6394,6434,6435
6395,6436,6434
6396,6437,6438
6397,6439,6437
6398,6440,6441
6399,6442,6443
6400,6444,6442
6401,6445,6446
6402,6447,6373
6403,6446,6448
6404,6448,6447
6405,6449,6377
6406,6450,6379
6407,6451,6450
6408,6452,6453
6409,6453,6376
6410,6454,6375
6411,6455,6454
6412,6456,6457
6413,6457,6455
6414,6458,6455
6415,6459,6460
6416,6461,6458
6417,6460,6461
6418,6462,6458
6419,6463,6464
6420,6464,6454
6421,6465,6466
6422,6466,6374
6423,6467,6370
6424,6468,6467
6425,6469,6468
6426,6470,6471
6427,6471,6467
6428,6472,6330
6429,6473,6474
6430,6474,6472
6431,6475,6472
6432,6476,6477
6433,6477,6475
6434,6478,6475
6435,6479,6480
6436,6480,6478
6437,6481,6212
6438,6482,6481
6439,6483,6482
6440,6484,6483
6441,6485,6484
6442,6486,6485
6443,6487,6488
6444,6488,6482
6445,6489,6490
6446,6490,6484
6447,6491,6483
6448,6492,6491
6449,6493,6481
6450,6494,6493
6451,6495,6300
6452,6496,6497
6453,6497,6495
6454,6498,6495
6455,6499,6498
6456,6500,6301
6457,6501,6502
6458,6502,6500
6459,6503,6504
6460,6504,6500
6461,6505,6506
6462,6506,6507
6463,6508,6507
6464,6509,6206
6465,6510,6509
6466,6511,6510
6467,6512,6511
6468,6513,6512
6469,6514,6513
6470,6515,6516
6471,6516,6514
6472,6517,6515
6473,6518,6519
6474,6520,6517
6475,6521,6522
6476,6519,6521
6477,6522,6520
6478,6523,6509
6479,6524,6523
6480,6525,6524
6481,6526,6527
6482,6528,6526
6483,6527,6529
6484,6529,6525
6485,6530,6531
6486,6532,6533
6487,6531,6534
6488,6535,6528
6489,6534,6536
6490,6533,6537
6491,6536,6538
6492,6539,6530
6493,6538,6535
6494,6537,6539
6495,6540,6528
6496,6541,6540
6497,6542,6541
6498,6543,6513
6499,6544,6543
6500,6545,6544
6501,6546,6545
6502,6547,6546
6503,6548,6549
6504,6550,6548
6505,6549,6547
6506,6551,6546
6507,6552,6551
6508,6553,6552
6509,6554,6553
6510,6555,6554
6511,6556,6552
6512,6557,6556
6513,6558,6553
6514,6559,6558
6515,6560,6559
6516,6561,6558
6517,6562,6563
6518,6563,6514
6519,6564,6517
6520,6565,6515
6521,6566,6565
6522,6567,6565
6523,6568,6512
6524,6569,6568
6525,6570,6571
6526,6571,6569
6527,6572,6570
6528,6573,6572
6529,6574,6573
6530,6575,6574
6531,6576,6574
6532,6577,6573
6533,6578,6572
6534,6579,6578
6535,6580,6581
6536,6581,6569
6537,6582,6580
6538,6583,6568
6539,6584,6583
6540,6585,6586
6541,6586,6511
6542,6587,6588
6543,6588,6510
6544,6589,6204
6545,6590,6262
6546,6591,6590
6547,6592,6593
6548,6594,6595
6549,6595,6596
6550,6593,6032
6551,6596,6592
6552,6597,6598
6553,6598,6599
6554,6599,6600
6555,6601,6602
6556,6602,6034
6557,6603,6601
6558,6604,6603
6559,6605,6604
6560,6606,6607
6561,6607,6605
6562,6608,6601
6563,6609,6608
6564,6610,6604
6565,6611,6610
6566,6612,6605
6567,6613,6612
6568,6614,6615
6569,6615,6603
6570,6616,6617
6571,6617,6289
6572,6618,6291
6573,6619,6618
6574,6620,6619
6575,6621,6618
6576,6622,6619
6577,6623,6297
6578,6624,6623
6579,6625,6624
6580,6626,6623
6581,6627,6624
6582,6628,6298
6583,6629,6628
6584,6630,6296
6585,6631,6295
6586,6632,6294
6587,6633,6293
6588,6634,6292
6589,6635,6636
6590,6637,6635
6591,6636,6040
6592,6638,6304
6593,6639,6638
6594,6640,6638
6595,6641,6306
6596,6642,6310
6597,6643,6313
6598,6644,6314
6599,6645,6644
6600,6646,6644
6601,6647,6317
6602,6648,6318
6603,6649,6650
6604,6651,6652
6605,6652,6649
6606,6650,6071
6607,6653,6654
6608,6654,6074
6609,6655,6653
6610,6656,6655
6611,6657,6658
6612,6658,6656
6613,6659,6657
6614,6660,6659
6615,6661,6660
6616,6662,6661
6617,6663,6662
6618,6664,6663
6619,6665,6664
6620,6666,6665
6621,6667,6666
6622,6668,6667
6623,6669,6668
6624,6670,6653
6625,6671,6670
6626,6672,6670
6627,6673,6657
6628,6674,6659
6629,6675,6676
6630,6676,6674
6631,6677,6660
6632,6678,6677
6633,6679,6677
6634,6680,6661
6635,6681,6680
6636,6682,6681
6637,6683,6668
6638,6684,6251
6639,6685,6684
6640,6686,6685
6641,6687,6253
6642,6688,6687
6643,6689,6688
6644,6690,6689
6645,6691,6688
6646,6692,6691
6647,6693,6692
6648,6694,6695
6649,6696,6687
6650,6697,6696
6651,6698,6253
6652,6699,6698
6653,6700,6699
6654,6701,6700
6655,6702,6703
6656,6703,6701
6657,6704,6702
6658,6705,6704
6659,6706,6698
6660,6707,6706
6661,6708,6699
6662,6709,6704
6663,6710,6702
6664,6711,6700
6665,6712,6713
6666,6713,6080
6667,6714,6712
6668,6715,6714
6669,6716,6712
6670,6717,6718
6671,6719,6716
6672,6720,6717
6673,6718,6719
6674,6721,6716
6675,6722,6723
6676,6723,6083
6677,6724,6725
6678,6725,6084
6679,6726,6724
6680,6727,6724
6681,6728,6727
6682,6729,6728
6683,6730,6085
6684,6731,6274
6685,6732,6731
6686,6733,6732
6687,6734,6735
6688,6735,6733
6689,6736,6731
6690,6737,6732
6691,6738,6275
6692,6739,6740
6693,6740,6089
6694,6741,6739
6695,6742,6741
6696,6743,6742
6697,6744,6745
6698,6745,6743
6699,6746,6739
6700,6747,6746
6701,6748,6747
6702,6749,6746
6703,6750,6749
6704,6751,6741
6705,6752,6753
6706,6754,6752
6707,6753,6751
6708,6755,6743
6709,6756,6755
6710,6757,6742
6711,6758,6759
6712,6759,6760
6713,6760,6095
6714,6761,6762
6715,6762,6102
6716,6763,6761
6717,6764,6280
6718,6765,6764
6719,6766,6282
6720,6767,6766
6721,6768,6769
6722,6769,6406
6723,6770,6771
6724,6771,6407
6725,6772,6773
6726,6773,6113
6727,6774,6772
6728,6776,6774
6729,6777,6776
6730,6778,6776
6731,6779,6778
6732,6780,6781
6733,6781,6779
6734,6782,6783
6735,6783,6784
6736,6785,6117
6737,6784,6785
6738,6786,6787
6739,6788,6786
6740,6789,6788
6741,6790,6789
6742,6791,6790
6743,6792,6786
6744,6793,6792
6745,6794,6793
6746,6795,6794
6747,6796,6795
6748,6797,6796
6749,6798,6793
6750,6799,6798
6751,6800,6795
6752,6801,6800
6753,6802,6794
6754,6803,6792
6755,6804,6803
6756,6805,6804
6757,6806,6803
6758,6807,6806
6759,6808,6789
6760,6809,6808
6761,6810,6811
6762,6812,6810
6763,6813,6812
6764,6814,6813
6765,6815,6814
6766,6816,6815
6767,6817,6816
6768,6818,6819
6769,6819,6808
6770,6820,6814
6771,6821,6820
6772,6822,6821
6773,6823,6822
6774,6824,6825
6775,6825,6820
6776,6826,6821
6777,6827,6826
6778,6828,6815
6779,6829,6828
6780,6830,6829
6781,6831,6830
6782,6832,6829
6783,6833,6832
6784,6834,6833
6785,6835,6836
6786,6836,6832
6787,6837,6828
6788,6838,6837
6789,6839,6813
6790,6840,6839
6791,6841,6812
6792,6842,6841
6793,6843,6810
6794,6844,6843
6795,6845,6844
6796,6846,6845
6797,6847,6846
6798,6848,6847
6799,6849,6850
6800,6850,6843
6801,6851,6852
6802,6852,6844
6803,6853,6845
6804,6854,6853
6805,6855,6846
6806,6856,6855
6807,6857,6858
6808,6858,6856
6809,6859,6860
6810,6861,6859
6811,6862,6788
6812,6863,6862
6813,6864,6865
6814,6866,6864
6815,6867,6868
6816,6869,6867
6817,6870,6869
6818,6871,6870
6819,6872,6869
6820,6873,6872
6821,6874,6875
6822,6875,6867
6823,6876,6877
6824,6877,6878
6825,6879,6880
6826,6880,6165
6827,6882,6883
6828,6883,6168
6829,6884,6885
6830,6885,6169
6831,6886,6887
6832,6888,6886
6833,6889,6890
6834,6890,6891
6835,6891,6188
6836,6892,6893
6837,6893,6190
6838,6894,6199
6839,6895,6894
6840,6896,6897
6841,6897,6895
6842,6898,6192
6843,6899,6898
6844,6900,6191
6845,6901,6900
6846,6902,6189
6847,6903,6902
6848,6904,6903
6849,6905,6904
6850,6906,6905
6851,6907,6908
6852,6908,6902
6853,6909,6184
6854,6910,6909
6855,6911,6912
6856,6913,6914
6857,6915,6916
6858,6916,6177
6859,6917,6918
6860,6919,6917
6861,6920,6921
6862,6922,6230
6863,6923,6922
6864,6924,6923
6865,6925,6922
6866,6926,6925
6867,6927,6928
6868,6929,6232
6869,6930,6929
6870,6928,6930
6871,6931,6927
6872,6932,6234
6873,6933,6932
6874,6934,6935
6875,6935,6233
6876,6936,6937
6877,6937,6231
6878,6938,6363
6879,6939,6938
6880,6940,6941
6881,6941,6366
6882,6942,6367
6883,6943,6942
6884,6944,6945
6885,6945,6368
6886,6946,6369
6887,6947,6946
6888,6948,6947
6889,6949,6362
6890,6950,6949
6891,6951,6227
6892,6952,6951
6893,6953,6952
6894,6954,6955
6895,6955,6951
6896,6956,6259
6897,6957,6956
6898,6958,6957
6899,6959,6958
6900,6960,6167
6901,6961,6962
6902,6962,6960
6903,6963,6120
6904,6964,6122
6905,6965,6964
6906,6966,6967
6907,6967,6123
6908,6968,6125
6909,6969,6126
6910,6970,6969
6911,6971,6128
6912,6972,6971
6913,6973,6129
6914,6974,6973
6915,6975,6976
6916,6976,6974
6917,6977,6130
6918,6978,6977
6919,6979,6131
6920,6980,6979
6921,6981,6135
6922,6982,6981
6923,6983,6137
6924,6984,6983
6925,6985,6986
6926,6986,6138
6927,6987,6133
6928,6988,6987
6929,6989,6990
6930,6990,6132
6931,6991,6992
6932,6992,6127
6933,6993,6141
6934,6994,6995
6935,6995,6144
6936,6996,6994
6937,6997,6996
6938,6998,6997
6939,6999,7000
6940,7001,6999
6941,7002,7001
6942,7003,7002
6943,7004,7003
6944,7005,7006
6945,7006,7007
6946,7007,7004
6947,7008,7009
6948,7009,6999
6949,7010,7003
6950,7011,7012
6951,7013,7010
6952,7012,7014
6953,7014,7013
6954,7015,7011
6955,7016,7017
6956,7017,7018
6957,7019,7010
6958,7018,7019
6959,7020,6147
6960,7021,7020
6961,7022,6162
6962,7023,7022
6963,7024,7023
6964,7025,7024
6965,7026,7027
6966,7027,6161
6967,7028,6160
6968,7029,7028
6969,7030,7029
6970,7031,7030
6971,7032,7031
6972,7033,7032
6973,7034,7033
6974,7035,7028
6975,7036,7035
6976,7037,7038
6977,7038,7031
6978,7039,7032
6979,7040,7041
6980,7041,7039
6981,7042,7043
6982,7043,7039
6983,7044,6157
6984,7045,6155
6985,7046,7045
6986,7047,6151
6987,7048,6150
6988,7049,7048
6989,7050,7048
6990,7051,7050
6991,7052,6421
6992,7053,7052
6993,7054,7053
6994,7055,7054
6995,7056,7052
6996,7057,7056
6997,7058,7059
6998,7059,7053
6999,7060,7061
7000,7061,7062
7001,7063,7064
7002,7065,7063
7003,7066,7065
7004,7067,7068
7005,7069,7067
7006,7070,7071
7007,7072,7063
7008,7071,7072
7009,7073,7074
7010,7074,7075
7011,7076,7077
7012,7077,7078
7013,7079,7080
7014,7081,7079
7015,7082,7083
7016,7084,7085
7017,7085,7082
7018,7086,7082
7019,7087,7088
7020,7088,7089
7021,7090,7091
7022,7092,6142
7023,7093,7092
7024,7094,6121
7025,7095,7094
7026,7096,7095
7027,7097,7098
7028,7098,7099
7029,7100,7097
7030,7101,7100
7031,7099,7094
7032,7102,6118
7033,7103,7102
7034,7104,7105
7035,7105,7106
7036,7107,7108
7037,7109,7107
7038,7110,7111
7039,7112,7113
7040,7113,7114
7041,7114,7115
7042,7115,6114
7043,7116,7117
7044,7117,7118
7045,7118,6104
7046,7119,7116
7047,7120,7121
7048,7122,7120
7049,7121,6101
7050,7123,7124
7051,7124,6096
7052,7125,7123
7053,7126,7125
7054,7127,7128
7055,7129,7130
7056,7131,7126
7057,7132,7127
7058,7133,7131
7059,7130,7132
7060,7128,7133
7061,7134,7129
7062,7135,7123
7063,7136,7135
7064,7137,7138
7065,7138,7125
7066,7139,7126
7067,7140,7139
7068,7141,7140
7069,7142,7143
7070,7143,7139
7071,7144,6337
7072,7145,6338
7073,7146,6341
7074,7147,6342
7075,7148,6343
7076,7149,7148
7077,7150,7149
7078,7151,7148
7079,7152,7151
7080,7153,7154
7081,7154,7155
7082,7156,6340
7083,7155,7156
7084,7157,7158
7085,7158,6339
7086,7159,6335
7087,7160,7159
7088,7161,7159
7089,7162,6391
7090,7163,7162
7091,7164,6237
7092,7165,7164
7093,7166,7167
7094,7168,7166
7095,7169,7168
7096,7167,6075
7097,7170,7171
7098,7171,7172
7099,7173,7174
7100,7174,6073
7101,7172,7173
7102,7175,7176
7103,7176,7177
7104,7177,6070
7105,7178,6043
7106,7179,6356
7107,7180,7179
7108,7181,7182
7109,7183,7181
7110,7182,7184
7111,7184,7180
7112,7185,7179
7113,7186,7185
7114,7187,6359
7115,7188,7187
7116,7189,6358
7117,7190,7189
7118,7191,7192
7119,7193,7194
7120,7195,7196
7121,7196,6400
7122,7197,7198
7123,7199,7200
7124,7200,7197
7125,7201,7197
7126,7202,7201
7127,7203,7204
7128,7204,7205
7129,7206,7207
7130,7208,7209
7131,7209,6050
7132,7210,7211
7133,7212,6052
7134,7211,7213
7135,7213,7212
7136,7214,7210
7137,7215,7214
7138,7216,7215
7139,7217,7216
7140,7218,6054
7141,7219,6057
7142,7220,7219
7143,7221,7222
7144,7223,6060
7145,7222,7223
7146,7224,6051
7147,7225,7224
7148,7226,7224
7149,7227,7226
7150,7228,7227
7151,7229,7226
7152,7230,7229
7153,7231,6049
7154,7232,7233
7155,7234,7231
7156,7233,7234
7157,7235,6325
7158,7236,7235
7159,7237,7236
7160,7238,7237
7161,7239,7236
7162,7240,7239
7163,7241,7235
7164,7242,7243
7165,7243,6386
7166,7244,7245
7167,7246,7244
7168,7245,6041
7169,7247,6225
7170,7248,7249
7171,7250,7251
7172,7249,7252
7173,7253,7247
7174,7251,7253
7175,7252,7250
7176,7254,6218
7177,7255,7254
7178,7256,7255
7179,7257,7256
7180,7258,7257
7181,7259,7258
7182,7260,7259
7183,7261,7262
7184,7263,7260
7185,7262,7263
7186,7264,7257
7187,7265,7264
7188,7266,7265
7189,7267,7268
7190,7268,7269
7191,7269,7266
7192,7270,7271
7193,7271,7265
7194,7272,7273
7195,7273,7264
7196,7274,7275
7197,7275,7256
7198,7276,7277
7199,7277,7255
7200,7278,7254
7201,7279,7278
7202,7280,6216
7203,7281,7280
7204,7282,7281
7205,7283,7280
7206,7284,7283
7207,7285,7286
7208,7286,7281
7209,7287,6248
7210,7288,7287
7211,7289,7290
7212,7290,7291
7213,7291,7292
7214,7293,7294
7215,7294,6414
7216,7295,7296
7217,7296,6415
7218,7297,6412
7219,7298,7297
7220,7299,7298
7221,7300,7299
7222,7301,7302
7223,7302,7300
7224,7303,7297
7225,7304,7303
7226,7305,7306
7227,7306,7307
7228,7307,6031
7229,7308,6255
7230,7309,7308
7231,7310,7311
7232,7311,6026
7233,7312,7310
7234,7313,7312
7235,7314,7313
7236,7315,7310
7237,7316,7315
7238,7317,7318
7239,7318,7316
7240,7319,7317
7241,7320,7319
7242,7321,7315
7243,7322,7321
7244,7323,7312
7245,7324,7323
7246,7325,7326
7247,7326,7327
7248,7327,6022
7249,7328,7329
7250,6695,7328
7251,6433,6430
7252,6034,6244
7253,6435,6432
7254,7330,6433
7255,7292,7331
7256,7332,6032
7257,6244,7292
7258,7333,7332
7259,6600,7333
7260,7331,6600
7261,6136,6134
7262,7334,6430
7263,7335,7334
7264,6507,7336
7265,7337,6208
7266,7338,7337
7267,7336,7338
7268,7329,6693
7269,7339,6441
7270,6441,7340
7271,6431,7341
7272,7342,7330
7273,6223,6221
7274,6048,7343
7275,7344,6046
7276,6355,7344
7277,7345,7344
7278,6394,7345
7279,7343,7345
7280,6878,7346
7281,6865,7347
7282,6119,7348
7283,7349,7346
7284,7350,7351
7285,7352,6115
7286,7353,7352
7287,7111,7352
7288,7347,7353
7289,7351,7353
7290,7108,7351
7291,7106,7349
7292,7348,7349
7293,6166,7348
7294,6868,7350
7295,6787,7347
7296,7346,7350
7297,7354,7355
7298,7089,7354
7299,7083,7356
7300,7356,7354
7301,7357,7356
7302,6419,7357
7303,7358,7357
7304,7000,7358
7305,6148,7358
7306,7091,7355
7307,7355,6145
7308,6921,7359
7309,7360,6176
7310,7359,7360
7311,7361,7359
7312,6887,7360
7313,6918,7361
7314,6181,7361
7315,6912,7362
7316,7363,6183
7317,7362,7363
7318,6914,7363
7319,6187,7362
7320,7364,6393
7321,7192,7365
7322,7365,7364
7323,7366,7364
7324,7194,7365
7325,6396,7366
7326,7207,7366
7327,7367,6395
7328,6398,7367
7329,7369,7367
7330,7198,7369
7331,7205,7369
7332,7370,6422
7333,6426,7370
7334,7062,7370
7335,7371,6809
7336,6811,7371
7337,6860,7371
7338,7372,6425
7339,7068,7372
7340,7373,7372
7341,7080,7373
7342,7064,7373
7343,7075,7374
7344,7374,7070
7345,7078,7374
7346,7341,6196
7347,7340,7375
7348,7375,6658
7349,6429,7376
7350,7376,7377
7351,7377,6194
7352,6197,6194
7353,6438,7378
7354,7378,7081
7355,6443,6076
7356,7379,7380
7357,7380,6957
7358,7381,7382
7359,7382,7383
7360,7384,7381
7361,7385,7386
7362,7386,7387
7363,7387,7384
7364,7388,7385
7365,7389,7388
7366,7390,7389
7367,7391,7390
7368,7392,7391
7369,7393,7392
7370,7394,7393
7371,7395,7396
7372,7396,7397
7373,7398,7395
7374,7399,7400
7375,7401,7402
7376,7402,7399
7377,7403,7404
7378,7405,7401
7379,7406,7405
7380,7404,7407
7381,7407,7406
7382,7408,7409
7383,7409,7410
7384,7410,7403
7385,7411,7408
7386,7412,7411
7387,7413,7414
7388,7415,7413
7389,7416,7417
7390,7418,7415
7391,7417,7418
7392,7419,7416
7393,7420,7419
7394,7421,7420
7395,7422,7421
7396,7423,7422
7397,7424,7423
7398,7425,7424
7399,7426,7425
7400,7427,7426
7401,7428,7427
7402,7429,7428
7403,7430,7431
7404,7432,7430
7405,7433,7432
7406,7434,7433
7407,7435,7434
7408,7436,7435
7409,7437,7436
7410,7438,7437
7411,7439,7438
7412,7440,7425
7413,7441,7440
7414,7442,7441
7415,7443,7442
7416,7444,7443
7417,7445,7444
7418,7446,7445
7419,7447,7448
7420,7449,7415
7421,7450,7449
7422,7451,7450
7423,7452,7451
7424,7453,7452
7425,7454,7453
7426,7455,7454
7427,7456,7455
7428,7457,7456
7429,7458,7457
7430,7459,7458
7431,7460,7459
7432,7461,7460
7433,7462,7461
7434,7463,7462
7435,7464,7463
7436,7465,7466
7437,7467,7468
7438,7469,7470
7439,7471,7472
7440,7466,7473
7441,7473,7471
7442,7470,7467
7443,7468,7465
7444,7474,7475
7445,7475,7383
7446,7476,7474
7447,7477,7478
7448,7479,7477
7449,7480,7479
7450,7481,7480
7451,7482,7481
7452,7483,7482
7453,7484,7483
7454,7485,7484
7455,7486,7485
7456,7487,7486
7457,7488,7487
7458,7489,7488
7459,7490,7489
7460,7491,7490
7461,7492,7491
7462,7493,7492
7463,7494,7493
7464,7495,7494
7465,7496,7495
7466,7497,7496
7467,7498,7499
7468,7499,7497
7469,7500,7498
7470,7501,7500
7471,7502,7501
7472,7503,7502
7473,7504,7503
7474,7505,7504
7475,7506,7505
7476,7507,7506
7477,7508,7507
7478,7509,7508
7479,7510,7509
7480,7511,7510
7481,7512,7511
7482,7513,7512
7483,7514,7513
7484,7515,7514
7485,7516,7515
7486,7517,7516
7487,7518,7517
7488,7519,7518
7489,7520,7519
7490,7521,7520
7491,7522,7521
7492,7523,7522
7493,7524,7523
7494,7525,7524
7495,7526,7525
7496,7527,7526
7497,7528,7527
7498,7529,7530
7499,7531,7390
7500,7532,7531
7501,7533,7532
7502,7534,7533
7503,7535,7534
7504,7536,7535
7505,7537,7397
7506,7538,7537
7507,7539,7540
7508,7541,7539
7509,7542,7541
7510,7543,7542
7511,7544,7543
7512,7545,7544
7513,7546,7545
7514,7547,7546
7515,7548,7454
7516,7549,7550
7517,7550,7551
7518,7551,7548
7519,7552,7549
7520,7553,7430
7521,7554,7553
7522,7555,7554
7523,7556,7555
7524,7557,7556
7525,7558,7486
7526,7559,7502
7527,7560,7559
7528,7561,7560
7529,7562,7561
7530,7563,7562
7531,7564,7563
7532,7565,7564
7533,7566,7491
7534,7567,7484
7535,7568,7567
7536,7569,7568
7537,7570,7571
7538,7571,7569
7539,7572,7573
7540,7573,7570
7541,7574,7575
7542,7576,7577
7543,7578,7579
7544,7580,7581
7545,7582,7583
7546,7583,7474
7547,7584,7585
7548,7585,7476
7549,7586,7584
7550,7587,7584
7551,7588,7587
7552,7589,7587
7553,7590,7478
7554,7591,7480
7555,7592,7485
7556,7593,7493
7557,7594,7494
7558,7595,7497
7559,7575,7560
7560,7596,7561
7561,7597,7564
7562,7598,7563
7563,7599,7562
7564,7600,7559
7565,7601,7600
7566,7602,7601
7567,7603,7602
7568,7604,7504
7569,7605,7506
7570,7606,7508
7571,7607,7606
7572,7608,7606
7573,7609,7521
7574,7610,7526
7575,7611,7610
7576,7612,7611
7577,7613,7612
7578,7614,7612
7579,7615,7530
7580,7616,7617
7581,7617,7615
7582,7618,7615
7583,7619,7528
7584,7620,7527
7585,7621,7525
7586,7622,7621
7587,7623,7622
7588,7624,7623
7589,7625,7624
7590,7626,7625
7591,7627,7622
7592,7628,7624
7593,7629,7628
7594,7630,7628
7595,7631,7630
7596,7632,7630
7597,7633,7625
7598,7634,7623
7599,7635,7634
7600,7636,7621
7601,7637,7636
7602,7638,7520
7603,7639,7638
7604,7640,7517
7605,7641,7640
7606,7642,7643
7607,7643,7640
7608,7644,7507
7609,7645,7505
7610,7646,7645
7611,7647,7645
7612,7648,7503
7613,7649,7648
7614,7650,7649
7615,7651,7650
7616,7652,7651
7617,7653,7652
7618,7654,7653
7619,7655,7654
7620,7656,7655
7621,7657,7656
7622,7658,7657
7623,7659,7658
7624,7660,7661
7625,7662,7663
7626,7663,7660
7627,7664,7665
7628,7666,7664
7629,7667,7660
7630,7668,7669
7631,7670,7658
7632,7671,7670
7633,7672,7671
7634,7673,7674
7635,7674,7672
7636,7675,7672
7637,7676,7675
7638,7677,7675
7639,7678,7677
7640,7679,7680
7641,7680,7678
7642,7681,7677
7643,7682,7671
7644,7683,7670
7645,7684,7683
7646,7685,7657
7647,7686,7656
7648,7687,7688
7649,7689,7687
7650,7690,7689
7651,7691,7687
7652,7688,7654
7653,7692,7651
7654,7693,7692
7655,7694,7692
7656,7695,7694
7657,7696,7697
7658,7697,7648
7659,7698,7498
7660,7699,7492
7661,7700,7701
7662,7702,7488
7663,7703,7568
7664,7704,7569
7665,7705,7706
7666,7707,7708
7667,7709,7710
7668,7706,7709
7669,7708,7705
7670,7711,7707
7671,7712,7711
7672,7713,7707
7673,7714,7711
7674,7715,7570
7675,7716,7717
7676,7717,7715
7677,7718,7482
7678,7719,7481
7679,7720,7721
7680,7721,7722
7681,7723,7724
7682,7724,7725
7683,7726,7723
7684,7727,7726
7685,7728,7727
7686,7729,7728
7687,7730,7729
7688,7731,7728
7689,7732,7731
7690,7733,7731
7691,7734,7729
7692,7735,7734
7693,7736,7735
7694,7737,7736
7695,7738,7734
7696,7739,7727
7697,7740,7739
7698,7741,7742
7699,7742,7743
7700,7744,7745
7701,7746,7744
7702,7747,7746
7703,7745,7748
7704,7749,7750
7705,7748,7749
7706,7751,7747
7707,7752,7747
7708,7753,7754
7709,7754,7396
7710,7755,7753
7711,7756,7757
7712,7757,7758
7713,7758,7759
7714,7760,7761
7715,7579,7760
7716,7761,7762
7717,7763,7764
7718,7765,7766
7719,7766,7403
7720,7767,7768
7721,7769,7416
7722,7770,7421
7723,7771,7770
7724,7772,7770
7725,7773,7772
7726,7774,7772
7727,7775,7426
7728,7776,7427
7729,7777,7553
7730,7778,7554
7731,7779,7555
7732,7780,7556
7733,7781,7433
7734,7782,7434
7735,7783,7435
7736,7784,7785
7737,7786,7787
7738,7788,7436
7739,7789,7788
7740,7581,7790
7741,7791,7789
7742,7790,7791
7743,7792,7432
7744,7793,7792
7745,7794,7793
7746,7795,7793
7747,7796,7795
7748,7797,7796
7749,7798,7795
7750,7799,7792
7751,7800,7801
7752,7802,7803
7753,7803,7804
7754,7804,7800
7755,7805,7428
7756,7806,7805
7757,7807,7805
7758,7808,7440
7759,7809,7442
7760,7810,7443
7761,7811,7447
7762,7812,7813
7763,7813,7811
7764,7814,7445
7765,7815,7441
7766,7816,7424
7767,7817,7423
7768,7818,7817
7769,7819,7818
7770,7820,7817
7771,7821,7820
7772,7822,7422
7773,7823,7450
7774,7824,7455
7775,7825,7463
7776,7826,7827
7777,7828,7826
7778,7829,7460
7779,7830,7457
7780,7831,7456
7781,7832,7833
7782,7833,7451
7783,7414,7834
7784,7835,7834
7785,7836,7835
7786,7837,7836
7787,7838,7837
7788,7839,7838
7789,7840,7837
7790,7841,7838
7791,7842,7411
7792,7834,7408
7793,7843,7844
7794,7845,7406
7795,7844,7845
7796,7846,7847
7797,7848,7405
7798,7847,7848
7799,7849,7850
7800,7850,7402
7801,7851,7398
7802,7852,7851
7803,7853,7852
7804,7854,7852
7805,7855,7854
7806,7856,7855
7807,7857,7855
7808,7858,7857
7809,7859,7858
7810,7860,7857
7811,7861,7858
7812,7862,7854
7813,7863,7862
7814,7864,7862
7815,7865,7864
7816,7866,7867
7817,7867,7868
7818,7868,7865
7819,7869,7866
7820,7870,7864
7821,7871,7866
7822,7872,7871
7823,7873,7871
7824,7874,7865
7825,7875,7874
7826,7876,7877
7827,7877,7875
7828,7878,7876
7829,7879,7878
7830,7880,7879
7831,7881,7876
7832,7882,7883
7833,7884,7885
7834,7886,7874
7835,7887,7886
7836,7888,7887
7837,7889,7888
7838,7890,7886
7839,7891,7887
7840,7892,7893
7841,7893,7395
7842,7894,7892
7843,7895,7894
7844,7896,7895
7845,7897,7895
7846,7898,7545
7847,7899,7898
7848,7900,7898
7849,7901,7546
7850,7902,7544
7851,7903,7543
7852,7904,7542
7853,7905,7906
7854,7907,7908
7855,7909,7910
7856,7908,7909
7857,7911,7385
7858,7912,7388
7859,7913,7532
7860,7914,7533
7861,7915,7535
7862,7916,7534
7863,7917,7916
7864,7918,7917
7865,7919,7916
7866,7920,7917
7867,7921,7531
7868,7922,7391
7869,7923,7392
7870,7924,7393
7871,7925,7389
7872,7926,7925
7873,7927,7928
7874,7928,7929
7875,7930,7927
7876,7929,7381
7877,7931,7932
7878,7932,7382
7879,7701,7933
7880,7934,7913
7881,7935,7936
7882,7936,7626
7883,7937,7913
7884,7938,7626
7885,7939,7786
7886,7940,7528
7887,7941,7940
7888,7942,7941
7889,7530,7943
7890,7400,7398
7891,7722,7476
7892,7725,7384
7893,7944,7945
7894,7710,7946
7895,7946,7944
7896,7910,7743
7897,7577,7910
7898,7743,7725
7899,7762,7400
7900,7947,7948
7901,7759,7762
7902,7949,7950
7903,5928,7949
7904,7950,7951
7905,7951,7759
7906,7478,7952
7907,7952,7722
7908,7943,7942
7909,7953,7786
7910,7933,7702
7911,7945,7704
7912,7954,7955
7913,7955,7401
7914,7764,7954
7915,7956,7783
7916,7957,7783
7917,7958,7959
7918,7960,7581
7919,7961,7962
7920,7962,7963
7921,7397,7750
7922,7750,7577
7923,7964,7575
7924,7965,7966
7925,7966,7967
7926,7968,7969
7927,7970,7968
7928,7969,7444
7929,7971,7970
7930,7972,7971
7931,7431,7973
7932,7801,7973
7933,7973,7429
7934,7787,7974
7935,7948,7974
7936,7974,7975
7937,7975,7976
7938,7785,7975
7939,7976,7439
7940,7959,7976
7941,7977,7446
7942,7963,7977
7943,7448,7977
7944,7978,7464
7945,7827,7978
7946,7472,7978
7947,7540,7979
7948,7906,7979
7949,7979,7538
7950,7661,7980
7951,7669,7980
7952,7981,7659
7953,7665,7981
7954,7980,7981
7955,7885,7982
7956,7982,7881
7957,7883,7982
7958,7768,7983
7959,7983,7763
7960,7967,7983
7961,7984,7985
7962,7986,7987
7963,7987,7984
7964,7988,7986
7965,7989,7988
7966,7990,7991
7967,7992,7993
7968,7993,7994
7969,7994,7990
7970,7995,7992
7971,7996,7995
7972,7997,7996
7973,7998,7997
7974,7999,7998
7975,8000,8001
7976,8001,8002
7977,8002,8003
7978,8003,7999
7979,8004,8000
7980,8005,8004
7981,8006,8005
7982,8007,8006
7983,8008,8009
7984,8010,8011
7985,8011,8012
7986,8012,8008
7987,8013,8014
7988,8015,8016
7989,8017,8015
7990,8016,8013
7991,8018,8017
7992,8019,8020
7993,8020,8018
7994,8021,8019
7995,8022,8021
7996,8023,8024
7997,8024,8025
7998,8025,8022
7999,8026,8023
8000,8027,8028
8001,8029,8027
8002,8030,8029
8003,8031,8030
8004,8032,8031
8005,8033,8032
8006,8034,8033
8007,8035,8034
8008,8036,8035
8009,8037,8036
8010,8038,8037
8011,8039,8038
8012,8040,8039
8013,8041,8040
8014,8042,8043
8015,8043,8044
8016,8044,8041
8017,8045,8042
8018,8046,8045
8019,8047,8048
8020,8049,8046
8021,8048,8049
8022,8050,8018
8023,8051,8052
8024,8053,8051
8025,8054,8055
8026,8056,8054
8027,8055,8057
8028,8058,8056
8029,8059,8060
8030,8060,8058
8031,8061,8059
8032,8062,8053
8033,8063,8062
8034,8064,8065
8035,8066,8063
8036,8067,8066
8037,8065,8068
8038,8068,8067
8039,8069,8064
8040,8070,8071
8041,8072,8069
8042,8071,8073
8043,8074,8070
8044,8075,8076
8045,8076,8074
8046,8073,8072
8047,8077,8075
8048,8078,8077
8049,8079,8080
8050,8080,8078
8051,8081,8079
8052,8082,8081
8053,8083,8082
8054,8084,8085
8055,8085,8083
8056,8086,8087
8057,8088,8084
8058,8087,8089
8059,8089,8088
8060,8090,8091
8061,8092,8086
8062,8093,8092
8063,8091,8093
8064,8094,8063
8065,8095,8096
8066,8097,8098
8067,8096,8097
8068,8099,8100
8069,8100,8095
8070,8101,8102
8071,8103,8101
8072,8102,8099
8073,8104,8105
8074,8106,8104
8075,8107,8108
8076,8108,8109
8077,8109,8098
8078,8110,8107
8079,8111,8112
8080,8112,8110
8081,8113,8111
8082,8114,8115
8083,8115,8116
8084,8117,8114
8085,8118,8119
8086,8120,8118
8087,8121,8120
8088,8122,8121
8089,8123,8122
8090,8124,8123
8091,8125,8124
8092,8126,8125
8093,8127,8128
8094,8129,8127
8095,8130,8129
8096,8131,8130
8097,8132,8131
8098,8133,8134
8099,8135,8133
8100,8136,8135
8101,8137,8136
8102,8138,8137
8103,8139,8138
8104,8140,8139
8105,8141,8140
8106,8142,8143
8107,8144,8142
8108,8145,8146
8109,8147,8145
8110,8146,8144
8111,8148,8149
8112,8150,8148
8113,8151,8150
8114,8152,8151
8115,8153,8154
8116,8155,8153
8117,8156,8155
8118,8157,8156
8119,8158,8157
8120,8159,8158
8121,8160,8159
8122,8161,8160
8123,8162,8161
8124,8163,8162
8125,8164,8163
8126,8165,8164
8127,8166,8165
8128,8167,8168
8129,8169,8167
8130,8170,8171
8131,8172,8170
8132,8173,8174
8133,8175,8173
8134,8176,8175
8135,8177,8178
8136,8179,8177
8137,8180,8179
8138,8181,8180
8139,8182,8183
8140,8183,8184
8141,8184,8185
8142,8186,8016
8143,8185,8186
8144,8187,8188
8145,8188,8189
8146,8190,8187
8147,8191,8190
8148,8192,8191
8149,8193,8192
8150,8194,8193
8151,8195,8194
8152,8196,8195
8153,8197,8196
8154,8198,8199
8155,8199,8197
8156,8200,8198
8157,8201,8200
8158,8202,8201
8159,8203,8202
8160,8204,8203
8161,8205,8206
8162,8207,8204
8163,8206,8207
8164,8208,8209
8165,8209,8210
8166,8210,8013
8167,8211,8208
8168,8212,8211
8169,8213,8212
8170,8214,8213
8171,8215,8214
8172,8216,8215
8173,8217,8216
8174,8218,8217
8175,8219,8220
8176,8221,8219
8177,8222,8221
8178,8223,8224
8179,8224,8225
8180,8225,8222
8181,8226,8223
8182,8227,8226
8183,8228,8227
8184,8229,8230
8185,8231,8229
8186,8232,8233
8187,8233,8014
8188,8234,8232
8189,8235,8234
8190,8236,8235
8191,8237,8236
8192,8238,8237
8193,8239,8238
8194,8240,8239
8195,8241,8240
8196,8242,8241
8197,8243,8244
8198,8245,8242
8199,8246,8245
8200,8244,8246
8201,8247,8243
8202,8248,8247
8203,8249,8250
8204,8250,8248
8205,8251,8252
8206,8252,8249
8207,8253,8254
8208,8254,8255
8209,8256,8253
8210,8257,8256
8211,8258,8257
8212,8259,8258
8213,8260,8259
8214,8261,8260
8215,8262,8261
8216,8263,8262
8217,8264,8263
8218,8265,8264
8219,8266,8265
8220,8267,8266
8221,8268,8267
8222,8269,8268
8223,8270,8269
8224,8271,8270
8225,8272,8271
8226,8273,8272
8227,8274,8061
8228,8275,8274
8229,8276,8275
8230,8277,8276
8231,8278,8277
8232,8279,8278
8233,8280,8279
8234,8281,8282
8235,8283,8281
8236,8284,8283
8237,8285,8286
8238,8287,8284
8239,8286,8287
8240,8288,8289
8241,8290,8285
8242,8289,8291
8243,8291,8290
8244,8292,8288
8245,8293,8294
8246,8294,8292
8247,8295,8293
8248,8296,8061
8249,8297,8298
8250,8298,8299
8251,8299,8296
8252,8300,8301
8253,8302,8297
8254,8303,8304
8255,8305,8306
8256,8301,8305
8257,8306,8307
8258,8307,8302
8259,8304,8300
8260,8308,8303
8261,8309,8308
8262,8310,8309
8263,8311,8310
8264,8312,8311
8265,8313,8312
8266,8314,8313
8267,8315,8314
8268,8316,8315
8269,8317,8316
8270,8318,8317
8271,8319,8320
8272,8321,8032
8273,8322,8323
8274,8324,8321
8275,8323,8324
8276,8325,8322
8277,8326,8325
8278,8327,8326
8279,8328,8329
8280,8330,8328
8281,8331,8332
8282,8333,8331
8283,8334,8333
8284,8335,8334
8285,8336,8165
8286,8337,8336
8287,8338,8337
8288,8339,8338
8289,8340,8339
8290,8341,8340
8291,8342,8341
8292,8343,8344
8293,8345,8342
8294,8344,8345
8295,8346,8343
8296,8347,8346
8297,8348,8118
8298,8349,8348
8299,8350,8349
8300,8351,8352
8301,8352,8116
8302,8353,8351
8303,8354,8151
8304,8355,8354
8305,8356,8355
8306,8357,8356
8307,8358,8357
8308,8359,8162
8309,8360,8359
8310,8361,8360
8311,8362,8363
8312,8364,8208
8313,8363,8364
8314,8365,8366
8315,8366,8367
8316,8368,8365
8317,8367,8185
8318,8369,8259
8319,8370,8369
8320,8371,8370
8321,8372,8371
8322,8373,8374
8323,8374,8375
8324,8375,8372
8325,8376,8153
8326,8377,8378
8327,8378,8379
8328,8380,8381
8329,8382,8383
8330,8384,8383
8331,8385,8386
8332,8387,8388
8333,8389,8387
8334,8390,8387
8335,8391,8392
8336,8393,8394
8337,8395,8396
8338,8397,8398
8339,8399,8400
8340,8400,8401
8341,8401,8397
8342,8398,8402
8343,8403,8399
8344,8404,8403
8345,8405,8399
8346,8406,8403
8347,8407,8406
8348,8408,8409
8349,8409,8410
8350,8411,8253
8351,8412,8256
8352,8413,8257
8353,8414,8258
8354,8415,8416
8355,8416,8417
8356,8417,8414
8357,8418,8415
8358,8419,8415
8359,8420,8419
8360,8421,8260
8361,8422,8261
8362,8423,8262
8363,8424,8265
8364,8425,8266
8365,8426,8268
8366,8427,8426
8367,8428,8427
8368,8429,8426
8369,8430,8270
8370,8431,8430
8371,8432,8431
8372,8433,8434
8373,8435,8432
8374,8434,8435
8375,8436,8433
8376,8437,8436
8377,8438,8437
8378,8439,8430
8379,8440,8431
8380,8441,8440
8381,8442,8441
8382,8443,8436
8383,8444,8433
8384,8445,8432
8385,8446,8272
8386,8447,8448
8387,8448,8449
8388,8450,8271
8389,8451,8447
8390,8449,8450
8391,8452,8269
8392,8453,8267
8393,8454,8455
8394,8456,8453
8395,8455,8456
8396,8457,8264
8397,8458,8263
8398,8459,8460
8399,8461,8371
8400,8460,8461
8401,8462,8370
8402,8463,8462
8403,8464,8463
8404,8465,8463
8405,8466,8462
8406,8467,8369
8407,8468,8469
8408,8469,8467
8409,8470,8468
8410,8471,8467
8411,8472,8471
8412,8473,8468
8413,8474,8232
8414,8475,8476
8415,8477,8234
8416,8478,8475
8417,8479,8480
8418,8480,8478
8419,8481,8482
8420,8476,8481
8421,8482,8477
8422,8483,8484
8423,8484,8238
8424,8485,8486
8425,8486,8487
8426,8488,8489
8427,8490,8239
8428,8489,8491
8429,8487,8488
8430,8491,8490
8431,8492,8243
8432,8493,8249
8433,8494,8495
8434,8495,8496
8435,8496,8497
8436,8497,8493
8437,8498,8499
8438,8500,8494
8439,8499,8501
8440,8501,8500
8441,8502,8498
8442,8503,8494
8443,8504,8503
8444,8505,8506
8445,8506,8507
8446,8507,8248
8447,8508,8242
8448,8509,8510
8449,8511,8512
8450,8512,8508
8451,8510,8511
8452,8513,8241
8453,8514,8513
8454,8515,8514
8455,8516,8513
8456,8517,8516
8457,8518,8516
8458,8519,8240
8459,8520,8519
8460,8521,8237
8461,8522,8236
8462,8523,8522
8463,8524,8522
8464,8525,8235
8465,8526,8212
8466,8527,8215
8467,8528,8216
8468,8529,8528
8469,8530,8217
8470,8531,8223
8471,8532,8226
8472,8533,8532
8473,8534,8533
8474,8535,8227
8475,8536,8535
8476,8537,8536
8477,8538,8535
8478,8539,8538
8479,8540,8541
8480,8541,8228
8481,8542,8543
8482,8544,8542
8483,8545,8542
8484,8546,8545
8485,8547,8546
8486,8548,8549
8487,8550,8547
8488,8549,8550
8489,8551,8552
8490,8552,8547
8491,8553,8229
8492,8554,8230
8493,8555,8554
8494,8556,8557
8495,8558,8211
8496,8559,8560
8497,8560,8183
8498,8561,8562
8499,8563,8564
8500,8562,8565
8501,8565,8563
8502,8564,8566
8503,8566,8182
8504,8567,8187
8505,8568,8567
8506,8569,8568
8507,8570,8569
8508,8571,8190
8509,8572,8573
8510,8573,8571
8511,8574,8575
8512,8576,8574
8513,8575,8571
8514,8577,8192
8515,8578,8195
8516,8579,8580
8517,8580,8196
8518,8581,8579
8519,8582,8581
8520,8583,8579
8521,8584,8201
8522,8585,8584
8523,8586,8585
8524,8587,8584
8525,8588,8204
8526,8589,8203
8527,8590,8202
8528,8591,8592
8529,8593,8594
8530,8594,8591
8531,8592,8200
8532,8595,8198
8533,8596,8597
8534,8597,8595
8535,8598,8197
8536,8599,8194
8537,8600,8193
8538,8601,8191
8539,8602,8603
8540,8603,8604
8541,8604,8605
8542,8606,8607
8543,8607,8608
8544,8608,8184
8545,8609,8179
8546,8610,8609
8547,8611,8180
8548,8612,8613
8549,8613,8108
8550,8614,8615
8551,8615,8110
8552,8616,8614
8553,8617,8616
8554,8618,8617
8555,8619,8618
8556,8620,8619
8557,8621,8620
8558,8622,8621
8559,8623,8614
8560,8624,8623
8561,8625,8616
8562,8626,8625
8563,8627,8617
8564,8628,8620
8565,8629,8628
8566,8630,8629
8567,8631,8630
8568,8632,8628
8569,8633,8632
8570,8634,8633
8571,8635,8634
8572,8636,8635
8573,8637,8636
8574,8638,8632
8575,8639,8638
8576,8640,8638
8577,8641,8635
8578,8642,8641
8579,8643,8642
8580,8644,8641
8581,8645,8634
8582,8646,8645
8583,8647,8648
8584,8649,8647
8585,8650,8633
8586,8648,8650
8587,8651,8629
8588,8652,8651
8589,8653,8619
8590,8654,8655
8591,8655,8653
8592,8656,8618
8593,8657,8658
8594,8659,8657
8595,8660,8659
8596,8661,8662
8597,8662,8660
8598,8663,8661
8599,8664,8660
8600,8665,8661
8601,8666,8659
8602,8667,8666
8603,8668,8667
8604,8669,8667
8605,8670,8671
8606,8671,8672
8607,8672,8669
8608,8673,8669
8609,8674,8675
8610,8675,8666
8611,8676,8351
8612,8677,8160
8613,8678,8677
8614,8679,8163
8615,8680,8164
8616,8681,8337
8617,8682,8681
8618,8683,8682
8619,8684,8685
8620,8686,8684
8621,8687,8686
8622,8688,8687
8623,8689,8688
8624,8690,8691
8625,8692,8693
8626,8693,8694
8627,8695,8346
8628,8696,8695
8629,8697,8695
8630,8698,8343
8631,8699,8698
8632,8700,8701
8633,8702,8703
8634,8704,8702
8635,8705,8702
8636,8706,8707
8637,8708,8709
8638,8710,8709
8639,8711,8341
8640,8712,8713
8641,8714,8715
8642,8392,8714
8643,8716,8717
8644,8718,8716
8645,8719,8720
8646,8721,8719
8647,8722,8339
8648,8723,8722
8649,8724,8725
8650,8726,8727
8651,8728,8726
8652,8729,8730
8653,8730,8728
8654,8731,8729
8655,8732,8731
8656,8733,8732
8657,8734,8735
8658,8736,8737
8659,8738,8739
8660,8740,8733
8661,8735,8736
8662,8741,8740
8663,8737,8738
8664,8739,8741
8665,8742,8734
8666,8743,8744
8667,8745,8746
8668,8744,8745
8669,8746,8728
8670,8747,8748
8671,8748,8749
8672,8749,8733
8673,8750,8747
8674,8751,8750
8675,8752,8753
8676,8754,8752
8677,8753,8747
8678,8755,8756
8679,8757,8758
8680,8759,8760
8681,8761,8170
8682,8762,8763
8683,8764,8765
8684,8766,8764
8685,8767,8768
8686,8768,8766
8687,8769,8764
8688,8770,8769
8689,8771,8769
8690,8772,8773
8691,8773,8766
8692,8774,8175
8693,8775,8776
8694,8777,8778
8695,8779,8780
8696,8780,8777
8697,8781,8167
8698,8782,8781
8699,8783,8784
8700,8784,8782
8701,8785,8786
8702,8786,8782
8703,8787,8788
8704,8789,8359
8705,8790,8161
8706,8791,8792
8707,8793,8790
8708,8792,8793
8709,8794,8795
8710,8795,8790
8711,8796,8794
8712,8797,8159
8713,8798,8797
8714,8799,8798
8715,8800,8798
8716,8801,8802
8717,8802,8797
8718,8379,8155
8719,8803,8120
8720,8804,8124
8721,8805,8804
8722,8806,8805
8723,8807,8806
8724,8808,8807
8725,8809,8805
8726,8810,8807
8727,8811,8810
8728,8812,8811
8729,8813,8812
8730,8814,8813
8731,8815,8814
8732,8816,8810
8733,8817,8813
8734,8818,8819
8735,8820,8818
8736,8821,8817
8737,8819,8822
8738,8822,8821
8739,8823,8820
8740,8824,8825
8741,8826,8823
8742,8825,8827
8743,8827,8828
8744,8828,8829
8745,8830,8826
8746,8829,8830
8747,8831,8812
8748,8832,8833
8749,8834,8831
8750,8835,8834
8751,8836,8837
8752,8838,8839
8753,8840,8841
8754,8837,8842
8755,8843,8844
8756,8842,8845
8757,8844,8835
8758,8845,8838
8759,8839,8840
8760,8841,8843
8761,8846,8811
8762,8847,8848
8763,8849,8847
8764,8850,8849
8765,8851,8850
8766,8852,8853
8767,8853,8851
8768,8854,8852
8769,8855,8856
8770,8857,8858
8771,8859,8857
8772,8860,8852
8773,8861,8862
8774,8863,8860
8775,8862,8863
8776,8864,8865
8777,8866,8867
8778,8868,8866
8779,8869,8857
8780,8870,8871
8781,8871,8851
8782,8872,8873
8783,8874,8870
8784,8875,8874
8785,8873,8875
8786,8876,8872
8787,8877,8878
8788,8879,8877
8789,8880,8881
8790,8881,8879
8791,8882,8883
8792,8884,8882
8793,8885,8886
8794,8887,8888
8795,8889,8887
8796,8888,8885
8797,8890,8891
8798,8892,8893
8799,8894,8892
8800,8895,8894
8801,8896,8895
8802,8897,8898
8803,8899,8896
8804,8898,8899
8805,8900,8901
8806,8902,8903
8807,8904,8902
8808,8905,8904
8809,8906,8907
8810,8908,8906
8811,8907,8905
8812,8903,8900
8813,8909,8910
8814,8911,8912
8815,8913,8914
8816,8912,8908
8817,8910,8913
8818,8914,8911
8819,8915,8916
8820,8916,8908
8821,8917,8895
8822,8918,8917
8823,8919,8918
8824,8920,8919
8825,8921,8920
8826,8922,8921
8827,8923,8922
8828,8924,8923
8829,8925,8897
8830,8926,8927
8831,8928,8929
8832,8930,8931
8833,8932,8933
8834,8929,8930
8835,8934,8935
8836,8935,8928
8837,8933,8934
8838,8936,8882
8839,8937,8804
8840,8938,8937
8841,8939,8938
8842,8940,8939
8843,8941,8940
8844,8942,8938
8845,8943,8940
8846,8944,8943
8847,8945,8939
8848,8946,8937
8849,8947,8127
8850,8948,8947
8851,8949,8948
8852,8950,8949
8853,8951,8947
8854,8952,8951
8855,8953,8951
8856,8134,8132
8857,8954,8357
8858,8955,8150
8859,8956,8957
8860,8957,8955
8861,8958,8148
8862,8959,8960
8863,8961,8962
8864,8963,8961
8865,8964,8963
8866,8965,8964
8867,8966,8130
8868,8967,8966
8869,8968,8969
8870,8969,8970
8871,8971,8968
8872,8972,8973
8873,8973,8974
8874,8974,8971
8875,8975,8976
8876,8977,8971
8877,8976,8977
8878,8978,8970
8879,8979,8978
8880,8980,8979
8881,8981,8980
8882,8982,8967
8883,8983,8984
8884,8985,8983
8885,8986,8983
8886,8987,8988
8887,8989,8987
8888,8990,8987
8889,8991,8123
8890,8992,8122
8891,8993,8992
8892,8994,8992
8893,8995,8121
8894,8996,8997
8895,8997,8117
8896,8998,8999
8897,9000,8998
8898,9001,9000
8899,8999,8114
8900,9002,9003
8901,9004,9005
8902,9003,8115
8903,9005,9002
8904,9006,9007
8905,9007,9008
8906,9009,8111
8907,9008,9009
8908,9010,9011
8909,9011,9006
8910,9012,9006
8911,9013,9012
8912,9014,9015
8913,9016,9014
8914,9017,9016
8915,9015,9018
8916,9019,9017
8917,9018,8107
8918,9020,9019
8919,9021,9022
8920,9022,9023
8921,9023,9020
8922,9024,9019
8923,9025,8095
8924,9026,9025
8925,9027,9026
8926,9028,9029
8927,9029,9027
8928,9030,9027
8929,9031,9030
8930,9032,9033
8931,9034,9035
8932,9033,9036
8933,9036,9034
8934,9037,8104
8935,9038,9037
8936,9039,8077
8937,9040,9039
8938,9041,8086
8939,9042,9041
8940,9043,9044
8941,9044,9045
8942,9045,9042
8943,9046,9043
8944,9047,9046
8945,9048,9043
8946,9049,9048
8947,9050,9041
8948,9051,8082
8949,9052,9051
8950,9053,9054
8951,9055,8075
8952,9056,9055
8953,9057,9058
8954,9058,9056
8955,9054,9057
8956,9059,9060
8957,9060,8062
8958,9061,9062
8959,9063,9061
8960,9062,9059
8961,9064,9065
8962,9066,9067
8963,9068,9069
8964,9067,9063
8965,9065,9068
8966,9069,9066
8967,9070,9071
8968,9072,9070
8969,9073,9072
8970,9074,9073
8971,9075,9074
8972,9076,9075
8973,9077,9076
8974,9078,9077
8975,9079,9080
8976,9081,9082
8977,9083,9081
8978,9082,9059
8979,9080,9083
8980,9084,9079
8981,9085,9084
8982,9086,9085
8983,9087,9088
8984,9089,9087
8985,9090,9089
8986,9091,9092
8987,9092,9063
8988,9093,9091
8989,9094,9093
8990,9095,9096
8991,9097,9094
8992,9096,9097
8993,9098,9095
8994,9099,9098
8995,9100,9099
8996,9101,9102
8997,9103,9104
8998,9104,9101
8999,9105,9103
9000,9102,9106
9001,9106,9100
9002,9107,9108
9003,9109,9107
9004,9110,9109
9005,9111,9110
9006,9112,9113
9007,9114,9112
9008,9115,9111
9009,9113,9115
9010,9116,9117
9011,9117,9118
9012,9119,9116
9013,9118,8057
9014,9120,9121
9015,9121,8054
9016,9122,9123
9017,9123,8056
9018,9124,9122
9019,9125,8277
9020,9126,9127
9021,9128,9126
9022,9129,9126
9023,9130,9129
9024,9131,9132
9025,9132,9127
9026,9133,9134
9027,9135,9133
9028,9134,8284
9029,9136,8293
9030,9137,9138
9031,9138,9139
9032,9139,9136
9033,9140,9137
9034,9141,9140
9035,9142,9137
9036,9143,9144
9037,9145,8288
9038,9146,9143
9039,9144,9145
9040,9147,9148
9041,9149,8282
9042,9150,9151
9043,9151,9147
9044,9148,9152
9045,9152,9149
9046,9153,9150
9047,9154,9153
9048,9155,9154
9049,9156,9157
9050,9158,8274
9051,9159,9160
9052,9161,9162
9053,9163,9164
9054,9165,9166
9055,9167,9168
9056,9169,9163
9057,9164,9159
9058,9162,9170
9059,9171,9172
9060,9160,9158
9061,9173,9174
9062,9175,9176
9063,9166,9169
9064,9174,9167
9065,9172,9161
9066,9176,9177
9067,9178,9175
9068,9168,9165
9069,9177,9156
9070,9179,9171
9071,9157,9180
9072,9170,9181
9073,9181,9178
9074,9180,9173
9075,9182,8308
9076,9183,9182
9077,9184,9185
9078,9185,9183
9079,9186,9184
9080,9187,9188
9081,9189,8312
9082,9190,9189
9083,9191,8303
9084,9192,8297
9085,9193,8059
9086,9194,9193
9087,9195,9196
9088,9196,8058
9089,9197,9195
9090,9198,9197
9091,9199,9200
9092,9200,9198
9093,9201,9199
9094,9202,9203
9095,9203,8055
9096,9204,9205
9097,9206,9207
9098,9205,9206
9099,9208,9209
9100,9209,8052
9101,9210,9211
9102,9211,9208
9103,9212,9213
9104,9214,9215
9105,9216,9212
9106,9215,9216
9107,9217,9218
9108,9219,9220
9109,9221,9222
9110,9223,9219
9111,9220,9221
9112,9224,9225
9113,9225,9223
9114,9226,9224
9115,9227,9226
9116,9228,9229
9117,9230,9228
9118,9231,9230
9119,9232,9228
9120,9233,9234
9121,9235,9236
9122,9237,9223
9123,9238,9239
9124,9240,9233
9125,9239,9241
9126,9242,9238
9127,9234,9243
9128,9244,9235
9129,9241,9237
9130,9243,9242
9131,9236,9240
9132,9245,9246
9133,9247,9245
9134,9248,9249
9135,9249,9247
9136,9250,9248
9137,9251,9250
9138,9252,9251
9139,9253,9252
9140,9254,9253
9141,9255,9256
9142,9257,9258
9143,9259,9260
9144,9261,9257
9145,9262,9259
9146,9256,9247
9147,9260,9255
9148,9258,9262
9149,9263,9264
9150,9265,9263
9151,9266,9263
9152,9267,9268
9153,9268,9208
9154,9269,9267
9155,9270,9267
9156,9271,9272
9157,9273,9271
9158,9274,9275
9159,9275,9276
9160,9277,9278
9161,9278,9274
9162,9279,9274
9163,9280,8023
9164,9281,9280
9165,9282,9283
9166,9284,8325
9167,9285,9284
9168,9286,8328
9169,9287,9286
9170,9288,8322
9171,9289,9288
9172,9290,8035
9173,9291,9290
9174,9292,9293
9175,9294,9295
9176,9296,9297
9177,9298,9292
9178,9295,8041
9179,9293,9299
9180,9299,9294
9181,9297,9298
9182,9300,9296
9183,9301,9302
9184,9302,9300
9185,9303,9301
9186,9304,9303
9187,9305,9296
9188,9306,9305
9189,9307,9301
9190,9308,9307
9191,9309,8042
9192,9310,9311
9193,9312,9309
9194,9311,9312
9195,9313,9310
9196,9314,8045
9197,9315,9314
9198,9316,8046
9199,9317,9316
9200,9318,9319
9201,9320,8037
9202,9319,9321
9203,9321,9320
9204,9322,8036
9205,9323,8034
9206,9324,9325
9207,9326,8033
9208,9327,9328
9209,9329,9326
9210,9325,9329
9211,9328,9324
9212,9330,9327
9213,9331,9327
9214,9332,9333
9215,9334,9332
9216,9333,9331
9217,9335,8031
9218,9336,8334
9219,9337,9338
9220,9338,9336
9221,9339,9340
9222,9341,8017
9223,9340,9341
9224,9342,9339
9225,9343,9342
9226,9344,9343
9227,9345,9339
9228,9346,9345
9229,9347,9348
9230,9348,9349
9231,9350,9351
9232,9349,9350
9233,9352,9353
9234,9353,9354
9235,9355,9351
9236,9354,9355
9237,9356,9348
9238,9357,9356
9239,9351,9358
9240,9358,9359
9241,9360,9361
9242,9362,9360
9243,9363,9362
9244,9364,9365
9245,9366,9363
9246,9365,9366
9247,9367,9364
9248,9368,9367
9249,9369,9363
9250,9370,9364
9251,9371,9372
9252,9373,9374
9253,9375,9373
9254,9376,9371
9255,9374,9376
9256,9377,9372
9257,9378,9377
9258,9379,9378
9259,9380,9377
9260,9381,9380
9261,9382,9383
9262,9383,9384
9263,9385,9386
9264,9386,7990
9265,9387,7992
9266,9388,9389
9267,9390,9387
9268,9391,9392
9269,9392,9390
9270,9389,9391
9271,9393,9388
9272,9394,9393
9273,9395,9388
9274,9396,7996
9275,9397,7998
9276,9398,9399
9277,9399,9397
9278,9400,9401
9279,9402,9403
9280,9404,9400
9281,9405,9402
9282,9403,9404
9283,9406,9407
9284,9408,8004
9285,9409,9408
9286,9410,9411
9287,9411,9409
9288,9412,9413
9289,9413,9409
9290,9414,8000
9291,9415,9416
9292,9416,9417
9293,9417,9414
9294,9418,9415
9295,9419,7999
9296,9420,7997
9297,9421,7995
9298,9422,9423
9299,9423,7991
9300,9424,9422
9301,9425,7989
9302,9426,9425
9303,9427,9426
9304,9428,9429
9305,9429,9430
9306,9431,9432
9307,9432,9433
9308,9434,9435
9309,9435,9436
9310,9437,9438
9311,9439,9434
9312,9438,9439
9313,9440,9437
9314,9441,9440
9315,9442,9441
9316,9443,9442
9317,9444,9440
9318,9445,9444
9319,9446,9441
9320,9447,9446
9321,9448,9449
9322,9450,9448
9323,9451,9452
9324,9453,9454
9325,9452,9450
9326,9454,9451
9327,9455,9453
9328,9456,9455
9329,9457,9458
9330,9458,9450
9331,9459,9453
9332,9460,9461
9333,9462,9463
9334,9464,9465
9335,9466,8152
9336,9467,8152
9337,9468,9467
9338,8178,9469
9339,9470,9471
9340,9469,9470
9341,9471,8094
9342,9472,8438
9343,9473,9472
9344,9474,9460
9345,9475,9476
9346,9477,9478
9347,9479,9480
9348,9481,9482
9349,9483,9484
9350,9485,9486
9351,9484,9487
9352,9488,9460
9353,9480,9464
9354,9489,9480
9355,9490,9487
9356,9486,9490
9357,9491,9492
9358,9493,9494
9359,9494,7987
9360,9495,9357
9361,8381,9496
9362,9496,9359
9363,9497,8396
9364,8396,9498
9365,8701,9499
9366,9500,8385
9367,8988,9501
9368,9502,8390
9369,9478,9476
9370,9476,9464
9371,9503,9465
9372,9504,9484
9373,9108,9207
9374,9505,8053
9375,9207,9505
9376,9276,8050
9377,9506,9507
9378,9372,9508
9379,7991,9509
9380,9510,8393
9381,8386,9511
9382,9463,9474
9383,8282,9512
9384,9482,9467
9385,8255,9513
9386,9508,9514
9387,8098,8094
9388,9515,8117
9389,9516,9506
9390,9517,9516
9391,9518,9517
9392,9507,9495
9393,9509,7989
9394,8014,8255
9395,8052,8050
9396,8057,9108
9397,8658,8113
9398,9519,8113
9399,8116,9519
9400,7383,8658
9401,8543,9520
9402,9520,8228
9403,9521,8543
9404,8230,9521
9405,9501,8125
9406,9522,8988
9407,9523,9524
9408,9524,8750
9409,9525,8385
9410,9498,9510
9411,9526,9498
9412,9527,8390
9413,9528,8680
9414,9529,8680
9415,9530,9529
9416,8685,9531
9417,9532,8692
9418,8709,8701
9419,9533,8714
9420,9534,9535
9421,9536,8722
9422,9537,8173
9423,9538,8831
9424,8833,9539
9425,9539,9538
9426,9540,9541
9427,9542,8806
9428,9543,9542
9429,9541,9543
9430,9544,8897
9431,9545,8943
9432,9465,8963
9433,8970,8967
9434,9546,8280
9435,9272,9547
9436,9547,9276
9437,9548,9549
9438,9549,8381
9439,9361,9548
9440,9514,9361
9441,9487,9482
9442,9550,9513
9443,9359,9550
9444,9384,9551
9445,9552,9553
9446,9551,9552
9447,9554,9555
9448,9555,9384
9449,9556,9557
9450,9557,9553
9451,9553,9558
9452,9558,9550
9453,8605,8182
9454,8189,8605
9455,9127,9559
9456,9560,9561
9457,9559,9560
9458,9561,9546
9459,9512,9562
9460,9563,8280
9461,9562,9563
9462,9564,9565
9463,9566,9567
9464,9568,9569
9465,9570,8817
9466,9571,9572
9467,9573,9574
9468,9575,9570
9469,9576,9566
9470,9577,9568
9471,9574,9564
9472,9569,9576
9473,9567,9575
9474,9565,9577
9475,9572,9573
9476,9578,8834
9477,9579,9580
9478,9581,9582
9479,9583,9584
9480,9582,9579
9481,9584,9581
9482,9580,9578
9483,9585,9586
9484,9587,9588
9485,9589,8870
9486,9590,9589
9487,9588,9585
9488,9591,9587
9489,9586,9590
9490,9592,9503
9491,9593,9478
9492,9594,9595
9493,9596,9594
9494,9595,9593
9495,9597,8689
9496,9598,9599
9497,9599,9597
9498,9600,9601
9499,9602,9600
9500,8394,9603
9501,9604,9483
9502,7985,8402
9503,8402,9436
9504,8410,7985
9505,9605,8340
9506,8694,9605
9507,9606,7988
9508,9430,9606
9509,8383,9607
9510,9607,9430
9511,8028,9608
9512,9609,7986
9513,9433,9609
9514,9610,9611
9515,9611,9612
9516,9612,9433
9517,9436,9613
9518,9614,9615
9519,8009,9614
9520,9407,9615
9521,9615,8007
9522,9401,9614
9523,9616,8026
9524,9608,9617
9525,8332,9618
9526,9618,9616
9527,9617,9616
9528,9283,9617
9529,9619,8103
9530,8105,9619
9531,9035,9619
9532,8984,9620
9533,9620,8126
9534,8128,9620
9535,8962,9621
9536,9621,8141
9537,8143,9621
9538,9622,8147
9539,8960,9622
9540,8149,9622
9541,9623,8166
9542,8725,9623
9543,9624,9623
9544,8788,9624
9545,8168,9624
9546,8171,9625
9547,8756,9626
9548,8727,9626
9549,9627,9628
9550,9626,9629
9551,9629,8169
9552,9625,9627
9553,8760,9625
9554,8758,9627
9555,9628,9629
9556,8778,9628
9557,9630,8172
9558,8776,9630
9559,9631,9630
9560,8763,9631
9561,9632,9631
9562,8174,9632
9563,8765,9632
9564,8557,9633
9565,8220,9633
9566,9633,8218
9567,9188,9634
9568,9634,8318
9569,8320,9634
9570,9635,8683
9571,8691,9635
9572,9636,9635
9573,9531,9636
9574,9637,8699
9575,9499,9637
9576,8715,9638
9577,8713,9638
9578,8717,9639
9579,9639,8711
9580,9638,9639
9581,8720,9640
9582,9640,8718
9583,9535,9640
9584,8878,9641
9585,8883,9641
9586,9641,9642
9587,8848,9642
9588,9642,9540
9589,8865,9643
9590,9643,8854
9591,8856,9643
9592,8858,9644
9593,8867,9644
9594,9644,8855
9595,8891,9645
9596,8886,9645
9597,9645,8884
9598,8893,9646
9599,8927,9647
9600,8931,9648
9601,9646,9647
9602,8901,9646
9603,9647,9648
9604,9648,8890
9605,9071,9649
9606,9088,9649
9607,9649,9064
9608,9213,9650
9609,9650,9210
9610,9264,9651
9611,9218,9651
9612,9651,9650
9613,9652,9217
9614,9229,9653
9615,9246,9652
9616,9653,9652
9617,9222,9653
9618,8154,9654
9619,9654,9515
9620,8119,9654
9621,9655,8700
9622,8329,9656
9623,8703,9655
9624,9656,8327
9625,8707,9655
9626,9513,8410
9627,9511,9528
9628,9492,9636
9629,9461,9491
9630,9449,9657
9631,9657,8313
9632,8388,8941
9633,9603,9602
9634,9601,8712
9635,9658,9501
9636,9659,9660
9637,9661,9659
9638,9662,9659
9639,9663,9660
9640,9664,9663
9641,9665,9664
9642,9666,9665
9643,9667,9663
9644,9668,9665
9645,9669,9664
9646,9660,9670
9647,9670,9613
9648,9671,9672
9649,9673,9674
9650,9675,9676
9651,9677,9675
9652,9678,9679
9653,9680,9678
9654,9681,9680
9655,9682,9681
9656,9683,9682
9657,9684,9683
9658,9685,9684
9659,9686,9685
9660,9687,9686
9661,9688,9687
9662,9689,9688
9663,9690,9689
9664,9691,9690
9665,9692,9691
9666,9693,9692
9667,9694,9693
9668,9695,9694
9669,9696,9695
9670,9697,9698
9671,9699,9700
9672,9701,9671
9673,9702,9703
9674,9704,9702
9675,9705,9706
9676,9707,9702
9677,9708,9675
9678,9709,9677
9679,9710,9711
9680,9712,9685
9681,9713,9712
9682,9711,9713
9683,9714,9688
9684,9715,9714
9685,9716,9714
9686,9717,9695
9687,9718,9690
9688,9719,9689
9689,9720,9687
9690,9721,9686
9691,9722,9721
9692,9723,9722
9693,9724,9684
9694,9725,9681
9695,9676,9726
9696,9726,9697
9697,9727,9697
9698,9674,9726
9699,9672,9673
9700,9679,9700
9701,9700,9677
9702,9728,9729
9703,9730,9699
9704,9698,9731
9705,9729,9731
9706,9731,9732
9707,9613,9732
9708,9733,9701
9709,9706,9733
9710,9703,9733
9711,9734,9735
9712,9736,9734
9713,9735,9737
9714,9738,9739
9715,9739,9740
9716,9740,9736
9717,9741,9738
9718,9737,8051
9719,9742,9743
9720,9743,9741
9721,9744,9742
9722,9745,9744
9723,9746,9745
9724,9747,9746
9725,9748,9747
9726,9749,9748
9727,9750,9749
9728,9751,9752
9729,9753,9751
9730,9754,9753
9731,9755,9754
9732,9756,9755
9733,9757,9756
9734,9758,9757
9735,9759,9758
9736,9760,9759
9737,9761,9760
9738,9762,9761
9739,9763,9764
9740,9764,9741
9741,9765,9763
9742,9766,9767
9743,9767,9765
9744,9768,9769
9745,9769,9766
9746,9770,9768
9747,9771,9770
9748,9772,9771
9749,9773,9772
9750,9774,9773
9751,9775,9774
9752,9776,9775
9753,9777,9776
9754,9778,9779
9755,9779,9777
9756,9780,9781
9757,9781,9778
9758,9782,9780
9759,9783,9782
9760,9784,9783
9761,9785,9784
9762,9786,9785
9763,9787,9786
9764,9788,9787
9765,9789,9788
9766,9790,9789
9767,9791,9790
9768,9792,9791
9769,9793,9794
9770,9795,9793
9771,9796,9795
9772,9797,9796
9773,9798,9797
9774,9799,9798
9775,9800,9799
9776,9801,9800
9777,9802,9801
9778,9803,9802
9779,9804,9803
9780,9805,9804
9781,9806,9805
9782,9807,9806
9783,9808,9807
9784,9809,9808
9785,9810,9809
9786,9811,9810
9787,9812,9811
9788,9813,9812
9789,9814,9813
9790,9815,9814
9791,9816,9815
9792,9817,9816
9793,9818,9799
9794,9819,9818
9795,9820,9819
9796,9821,9820
9797,9822,9821
9798,9823,9822
9799,9824,9823
9800,9825,9824
9801,9826,9825
9802,9827,9826
9803,9828,9827
9804,9829,9828
9805,9830,9829
9806,9831,9830
9807,9832,9833
9808,9834,9832
9809,9835,9836
9810,9837,9838
9811,9839,9840
9812,9841,9839
9813,9842,9841
9814,9843,9842
9815,9844,9843
9816,9845,9844
9817,9846,9845
9818,9847,9848
9819,9849,9850
9820,9851,9849
9821,9852,9847
9822,9850,9778
9823,9848,9851
9824,9853,9852
9825,9854,9853
9826,9855,9854
9827,9856,9855
9828,9857,9856
9829,9858,9859
9830,9859,9857
9831,9860,9861
9832,9861,9858
9833,9862,9860
9834,9863,9862
9835,9864,9863
9836,9866,9867
9837,9867,9868
9838,9869,9866
9839,9868,9864
9840,9870,9869
9841,9871,9870
9842,9872,9871
9843,9873,9872
9844,9874,9873
9845,9875,9874
9846,9876,9875
9847,9877,9876
9848,9878,9877
9849,9879,9878
9850,9880,9879
9851,9881,9880
9852,9882,9881
9853,9883,9882
9854,9884,9883
9855,9885,9884
9856,9886,9885
9857,9887,9886
9858,9888,9887
9859,9889,9864
9860,9890,9891
9861,9891,9889
9862,9892,9890
9863,9893,9892
9864,9894,9895
9865,9896,9897
9866,9898,9894
9867,9897,9898
9868,9895,9893
9869,9899,9896
9870,9900,9901
9871,9901,9899
9872,9902,9903
9873,9903,9900
9874,9904,9902
9875,9905,9906
9876,9906,9904
9877,9907,9905
9878,9908,9907
9879,9909,9910
9880,9910,9908
9881,9911,9912
9882,9912,9909
9883,9913,9911
9884,9914,9913
9885,9915,9914
9886,9916,9915
9887,9917,9918
9888,9918,9919
9889,9919,9916
9890,9920,9917
9891,9921,9922
9892,9922,9920
9893,9923,9924
9894,9925,9923
9895,9926,9925
9896,9927,9926
9897,9928,9927
9898,9929,9928
9899,9930,9929
9900,9931,9930
9901,9932,9931
9902,9933,9932
9903,9934,9933
9904,9935,9934
9905,9936,9935
9906,9937,9938
9907,9938,9936
9908,9939,9937
9909,9940,9939
9910,9941,9940
9911,9942,9941
9912,9943,9944
9913,9944,9942
9914,9945,9943
9915,9946,9945
9916,9947,9916
9917,9948,9947
9918,9949,9948
9919,9950,9951
9920,9951,9949
9921,9952,9950
9922,9953,9954
9923,9954,9955
9924,9956,9952
9925,9957,9953
9926,9958,9957
9927,9955,9956
9928,9959,9960
9929,9961,9959
9930,9962,9961
9931,9963,9962
9932,9964,9963
9933,9965,9964
9934,9966,9965
9935,9967,9966
9936,9968,9967
9937,9969,9968
9938,9970,9969
9939,9971,9970
9940,9972,9971
9941,9973,9972
9942,9974,9973
9943,9975,9974
9944,9976,9975
9945,9977,9978
9946,9978,9976
9947,9979,9980
9948,9981,9979
9949,9982,9981
9950,9983,9982
9951,9984,9983
9952,9985,9984
9953,9986,9985
9954,9987,9986
9955,9988,9987
9956,9989,9988
9957,9990,9989
9958,9991,9990
9959,9992,9991
9960,9993,9992
9961,9994,9993
9962,9995,9994
9963,9996,9995
9964,9997,9996
9965,9998,9997
9966,9999,9998
9967,10000,9999
9968,10001,9961
9969,10002,10001
9970,10003,10002
9971,10004,10003
9972,10005,10006
9973,10007,10005
9974,10008,10007
9975,10009,10010
9976,10011,10009
9977,10012,10011
9978,10013,10012
9979,10014,10013
9980,10015,10014
9981,10016,10015
9982,10017,10016
9983,10018,10017
9984,10019,10018
9985,10020,10019
9986,10021,10020
9987,10022,10021
9988,10023,10022
9989,10024,10025
9990,10025,9914
9991,10026,10024
9992,10027,10026
9993,10028,10027
9994,10029,10028
9995,10030,10029
9996,10031,10032
9997,10033,10031
9998,10034,10033
9999,10035,10034
10000,10036,10035
10001,10037,10036
10002,10038,10037
10003,10039,10038
10004,10040,10041
10005,10041,10039
10006,10042,10040
10007,10043,10042
10008,10044,10031
10009,10045,10044
10010,10046,10045
10011,10047,10046
10012,10048,10047
10013,10049,10050
10014,10051,10048
10015,10050,10052
10016,10052,10051
10017,10053,10049
10018,10054,10053
10019,10055,10054
10020,10056,10055
10021,10057,10056
10022,10058,10057
10023,10059,10058
10024,10060,10059
10025,10061,10062
10026,10062,10060
10027,10063,10064
10028,10065,9854
10029,10064,10065
10030,10066,10063
10031,10067,10066
10032,10068,10067
10033,10069,10068
10034,10070,10069
10035,10071,10070
10036,10072,10071
10037,10073,10072
10038,10074,10073
10039,10075,10074
10040,10076,10075
10041,10077,10076
10042,10078,10077
10043,10079,10078
10044,10080,10079
10045,10081,10080
10046,10082,10081
10047,10083,10082
10048,10084,10083
10049,10085,10086
10050,10087,9908
10051,10086,10087
10052,10088,10085
10053,10089,10090
10054,10091,10089
10055,10092,10091
10056,10093,10094
10057,10095,10093
10058,10096,10097
10059,10097,9911
10060,10098,10096
10061,10099,10098
10062,10100,10099
10063,10101,10100
10064,10102,10103
10065,10103,9905
10066,10104,10102
10067,10105,10104
10068,10106,10105
10069,10107,10106
10070,10108,10107
10071,10109,10110
10072,10111,10112
10073,10112,10109
10074,10113,10074
10075,10114,10113
10076,10115,9884
10077,10116,10115
10078,10117,10070
10079,10118,10119
10080,10120,10117
10081,10119,10121
10082,10121,10120
10083,10122,10027
10084,10123,10122
10085,10124,10123
10086,10125,10124
10087,10126,10125
10088,10127,10128
10089,10128,10126
10090,10129,9979
10091,10130,10131
10092,10131,10129
10093,10132,10130
10094,10133,10132
10095,10134,10133
10096,10135,10136
10097,10136,9774
10098,10137,10135
10099,10138,10139
10100,10140,10138
10101,10141,9931
10102,10142,10141
10103,10143,10142
10104,10144,10145
10105,10146,9900
10106,10145,10146
10107,10147,10144
10108,10148,10147
10109,10149,10148
10110,10150,10149
10111,10151,10150
10112,10152,10151
10113,10153,9842
10114,10154,10153
10115,10155,10154
10116,10156,10155
10117,10157,9802
10118,10158,10157
10119,10159,10158
10120,10160,10161
10121,10162,10159
10122,10161,10163
10123,10164,10160
10124,10163,10162
10125,10165,9972
10126,10166,10165
10127,10167,9872
10128,10168,10167
10129,10169,10168
10130,10170,10169
10131,10171,9976
10132,10172,10173
10133,10173,10174
10134,10174,10171
10135,10175,10176
10136,10176,10177
10137,10177,9915
10138,10178,10175
10139,10179,10178
10140,10180,9882
10141,10181,10180
10142,10182,10181
10143,10183,9833
10144,10184,10183
10145,10185,10184
10146,10186,10185
10147,10187,10186
10148,10188,10187
10149,10189,10188
10150,10190,10189
10151,10191,10192
10152,10192,9763
10153,10193,10191
10154,10194,10193
10155,10195,10194
10156,10196,10047
10157,10197,10196
10158,10198,10197
10159,10199,10198
10160,10200,10199
10161,10201,10202
10162,10202,10200
10163,10203,10204
10164,10204,9958
10165,10205,10203
10166,10206,10205
10167,10207,10206
10168,10208,10207
10169,10209,10208
10170,10210,10209
10171,10211,10210
10172,10212,10053
10173,10213,10212
10174,10214,10213
10175,10215,10214
10176,10216,10217
10177,10217,10215
10178,10218,9818
10179,10219,10218
10180,10220,10221
10181,10222,9857
10182,10221,10222
10183,10223,10220
10184,10224,10223
10185,10225,10224
10186,10226,10227
10187,10227,9896
10188,10228,10226
10189,10229,10228
10190,10230,10229
10191,10231,10230
10192,10232,10231
10193,10233,10232
10194,10234,10233
10195,10235,10234
10196,10236,10235
10197,10237,10236
10198,10238,10237
10199,10239,10238
10200,10240,10239
10201,10241,10240
10202,10242,9990
10203,10243,10242
10204,10244,9991
10205,10245,10246
10206,10246,9858
10207,10247,10245
10208,10248,10247
10209,10249,10248
10210,10250,10249
10211,10251,10250
10212,10252,10251
10213,10253,10252
10214,10254,10255
10215,10255,9952
10216,10256,10254
10217,10257,10256
10218,10258,9994
10219,10259,10258
10220,10260,10261
10221,10262,10263
10222,10263,10260
10223,10264,10006
10224,10265,10264
10225,10266,10265
10226,10267,10266
10227,10268,10267
10228,10269,10268
10229,10270,10269
10230,10271,10272
10231,10272,10270
10232,10273,9933
10233,10274,10273
10234,10275,10274
10235,10276,9812
10236,10277,10276
10237,10278,10277
10238,10279,10029
10239,10280,10281
10240,10282,10279
10241,10281,10282
10242,10283,10284
10243,10284,10280
10244,10285,10286
10245,10287,10285
10246,10288,10287
10247,10289,10288
10248,10290,10291
10249,10291,9962
10250,10292,10293
10251,10294,9927
10252,10295,10294
10253,10296,10295
10254,10297,10296
10255,10298,10299
10256,10299,10297
10257,10300,10298
10258,10301,10300
10259,10302,10301
10260,10303,10304
10261,10304,10305
10262,10305,9772
10263,10306,10303
10264,10307,9784
10265,10308,10307
10266,10309,10308
10267,10310,10309
10268,10311,10310
10269,10312,10311
10270,10313,10312
10271,10314,10313
10272,10315,10314
10273,10316,10315
10274,10317,10316
10275,10318,10317
10276,10319,10318
10277,10320,10319
10278,10321,10320
10279,10322,10321
10280,10323,10322
10281,10324,10323
10282,10325,10324
10283,10326,10325
10284,10327,10326
10285,10328,10329
10286,10330,10328
10287,10331,10330
10288,10332,10331
10289,10333,10332
10290,10334,10335
10291,10336,10334
10292,10337,10001
10293,10338,10337
10294,10339,10340
10295,10340,9856
10296,10341,9934
10297,10342,10341
10298,10343,10342
10299,10344,10343
10300,10345,9819
10301,10346,10345
10302,10347,10346
10303,10348,10347
10304,10349,10348
10305,10350,10349
10306,10351,10350
10307,10352,10351
10308,10353,10352
10309,10354,10353
10310,10355,10354
10311,10356,10355
10312,10357,10356
10313,10358,10357
10314,10359,10358
10315,10360,10359
10316,10361,10360
10317,10362,10363
10318,10364,9776
10319,10363,10364
10320,10365,10362
10321,10366,10365
10322,10367,9829
10323,10368,10367
10324,10369,10368
10325,10370,10369
10326,10371,10372
10327,10372,10370
10328,10373,10371
10329,10374,10373
10330,10375,10374
10331,10376,10375
10332,10377,10376
10333,10378,10377
10334,10379,10378
10335,10380,10379
10336,10381,10380
10337,10382,10381
10338,10383,10384
10339,10385,9777
10340,10384,10385
10341,10386,10383
10342,10387,10386
10343,10388,10387
10344,10389,10388
10345,10390,10389
10346,10391,10390
10347,10392,10391
10348,10393,10392
10349,10394,10393
10350,10395,9917
10351,10396,10395
10352,10397,10396
10353,10398,10397
10354,10399,10398
10355,10400,10399
10356,10401,10402
10357,10402,9863
10358,10403,10401
10359,10404,10405
10360,10406,10407
10361,10408,10404
10362,10409,10408
10363,10405,9771
10364,10410,10409
10365,10407,10410
10366,10411,10406
10367,10412,10411
10368,10413,10412
10369,10414,10415
10370,10416,10414
10371,10415,9948
10372,10417,10416
10373,10418,10417
10374,10419,10418
10375,10420,10419
10376,10421,10420
10377,10422,10421
10378,10423,10422
10379,10424,10423
10380,10425,10426
10381,10426,10427
10382,10428,10424
10383,10427,10429
10384,10429,10428
10385,10430,10431
10386,10432,10430
10387,10433,10432
10388,10434,10435
10389,10435,10433
10390,10436,10434
10391,10437,10436
10392,10438,10437
10393,10439,10438
10394,10440,10439
10395,10441,10019
10396,10442,10441
10397,10443,10442
10398,10444,10443
10399,10445,10444
10400,10446,10445
10401,10447,10446
10402,10448,10449
10403,10450,10448
10404,10451,10452
10405,10453,10454
10406,10455,10456
10407,10457,9735
10408,10458,10457
10409,10459,10460
10410,10460,9738
10411,10461,10193
10412,10462,10461
10413,10463,10191
10414,10464,10465
10415,10465,9767
10416,10466,10467
10417,10468,9766
10418,10469,10466
10419,10467,10468
10420,10470,10471
10421,10471,10406
10422,10472,10135
10423,10473,10472
10424,10474,10365
10425,10475,10362
10426,10476,10475
10427,10477,10475
10428,10478,10387
10429,10479,10478
10430,10480,10390
10431,10481,10391
10432,10482,10481
10433,10483,10393
10434,10484,10392
10435,10485,10386
10436,10486,10485
10437,10487,10485
10438,10488,10383
10439,10489,10490
10440,10490,9779
10441,10491,10492
10442,10492,9852
10443,10493,10494
10444,10495,10493
10445,10496,10495
10446,10497,10496
10447,10498,10497
10448,10499,10498
10449,10500,10499
10450,10501,10500
10451,10502,10501
10452,10503,10502
10453,10504,10505
10454,10506,10504
10455,10507,10506
10456,10508,10504
10457,10509,10510
10458,10511,10509
10459,10512,10509
10460,10513,10498
10461,10514,10515
10462,10515,10513
10463,10516,10514
10464,10517,10516
10465,10518,10517
10466,10519,10518
10467,10520,10517
10468,10521,10518
10469,10522,10500
10470,10523,10522
10471,10524,10525
10472,10526,10523
10473,10525,10526
10474,10527,10524
10475,10528,10522
10476,10529,10528
10477,10530,10524
10478,10531,10530
10479,10532,10501
10480,10533,10532
10481,10534,10502
10482,10535,10499
10483,10536,10535
10484,10537,10536
10485,10538,10537
10486,10539,10535
10487,10540,10539
10488,10541,10537
10489,10542,10541
10490,10543,10536
10491,10544,10497
10492,10545,10544
10493,10546,10544
10494,10547,10493
10495,10548,10547
10496,10549,10547
10497,10550,10063
10498,10551,10068
10499,10552,10071
10500,10553,10073
10501,10554,10076
10502,10555,10080
10503,10556,10079
10504,10557,10556
10505,10558,10557
10506,10559,10556
10507,10560,10559
10508,10561,10078
10509,10562,10077
10510,10563,10562
10511,10564,10563
10512,10565,10562
10513,10566,10565
10514,10567,10075
10515,10568,10567
10516,10569,10568
10517,10570,10569
10518,10571,10570
10519,10572,10571
10520,10573,10568
10521,10574,10573
10522,10575,10569
10523,10576,10570
10524,10577,10571
10525,10578,10577
10526,10579,10567
10527,10580,10579
10528,10581,10113
10529,10582,10581
10530,10583,10072
10531,10584,10117
10532,10585,10584
10533,10586,10587
10534,10587,10585
10535,10588,10586
10536,10589,10584
10537,10590,10589
10538,10591,10069
10539,10592,10591
10540,10593,10594
10541,10595,10067
10542,10596,10597
10543,10597,10593
10544,10594,10595
10545,10598,10066
10546,10599,10600
10547,10600,9859
10548,10601,10247
10549,10602,10249
10550,10603,10604
10551,10605,10251
10552,10604,10606
10553,10607,10603
10554,10606,10605
10555,10608,10250
10556,10609,10248
10557,10610,10245
10558,10611,10612
10559,10613,9889
10560,10614,10611
10561,10612,10613
10562,10615,10616
10563,10617,10615
10564,10616,9890
10565,10618,10619
10566,10619,10620
10567,10620,9892
10568,10621,10618
10569,10622,10621
10570,10623,10618
10571,10624,10625
10572,10626,9899
10573,10625,10626
10574,10627,10624
10575,10628,10624
10576,10629,10630
10577,10630,9901
10578,10631,10147
10579,10632,10631
10580,10633,10148
10581,10634,10635
10582,10635,10633
10583,10636,10150
10584,10637,10149
10585,10638,10144
10586,10639,10638
10587,10640,10641
10588,10641,9903
10589,10642,10643
10590,10643,9902
10591,10644,10645
10592,10646,10644
10593,10645,9906
10594,10647,10648
10595,10648,9907
10596,10649,10647
10597,10650,10647
10598,10651,10089
10599,10652,10092
10600,10653,10652
10601,10654,10093
10602,10655,10094
10603,10656,10655
10604,10657,10658
10605,10659,10655
10606,10660,10659
10607,10661,10657
10608,10658,10660
10609,10662,10091
10610,10663,10664
10611,10665,10085
10612,10666,10667
10613,10668,10669
10614,10667,10668
10615,10669,9909
10616,10670,10671
10617,10671,9912
10618,10672,10099
10619,10673,10100
10620,10674,10675
10621,10675,9913
10622,10676,10674
10623,10677,10676
10624,10678,10674
10625,10679,10680
10626,10680,10676
10627,10681,10682
10628,10683,10681
10629,10682,10679
10630,10684,10683
10631,10685,10686
10632,10686,10679
10633,10687,10683
10634,10688,10279
10635,10689,10688
10636,10690,10689
10637,10691,10688
10638,10692,10693
10639,10693,10691
10640,10694,10695
10641,10695,10280
10642,10696,10697
10643,10698,10699
10644,10700,10698
10645,10701,10331
10646,10702,10701
10647,10703,10332
10648,10704,10703
10649,10335,10333
10650,10705,10706
10651,10706,10330
10652,10707,10328
10653,10708,10707
10654,10709,10710
10655,10710,10707
10656,10711,10712
10657,10713,10711
10658,10714,10715
10659,10715,10716
10660,10717,10718
10661,10719,10717
10662,10720,10034
10663,10721,10036
10664,10722,10721
10665,10723,10037
10666,10724,10038
10667,10725,10724
10668,10726,10727
10669,10727,10725
10670,10728,10724
10671,10729,10728
10672,10730,10731
10673,10731,10040
10674,10732,10730
10675,10733,10730
10676,10734,10039
10677,10735,10736
10678,10736,10737
10679,10737,10734
10680,10738,10734
10681,10739,10035
10682,10740,10739
10683,10741,10740
10684,10742,10741
10685,10743,10742
10686,10744,10745
10687,10745,10743
10688,10746,10744
10689,10747,10748
10690,10748,10741
10691,10749,10742
10692,10750,10744
10693,10751,10752
10694,10752,10753
10695,10753,10750
10696,10754,10755
10697,10756,10757
10698,10757,10754
10699,10755,10750
10700,10758,10743
10701,10759,10760
10702,10760,10761
10703,10761,10758
10704,10762,10740
10705,10763,10764
10706,10764,10762
10707,10765,10766
10708,10766,10762
10709,10767,10739
10710,10768,10767
10711,10769,10770
10712,10770,10044
10713,10771,10769
10714,10772,10046
10715,10773,10774
10716,10774,10772
10717,10775,10776
10718,10776,10196
10719,10777,10198
10720,10778,10777
10721,10779,10780
10722,10780,10200
10723,10781,10782
10724,10782,10199
10725,10783,10197
10726,10784,10783
10727,10785,10048
10728,10786,10787
10729,10787,10785
10730,10788,10789
10731,10789,10049
10732,10790,10788
10733,10791,10790
10734,10792,10788
10735,10793,10792
10736,10794,10795
10737,10796,10794
10738,10795,10054
10739,10797,10057
10740,10798,10799
10741,10799,10797
10742,10800,10059
10743,10801,10800
10744,10802,10803
10745,10803,10801
10746,10804,10805
10747,10805,10801
10748,10806,10800
10749,10807,10806
10750,10808,10060
10751,10809,10808
10752,10810,10811
10753,10811,10809
10754,10812,10813
10755,10813,10058
10756,10814,10815
10757,10816,10814
10758,10817,10215
10759,10815,10817
10760,10818,10214
10761,10819,10820
10762,10821,10819
10763,10822,10819
10764,10823,10822
10765,10820,10818
10766,10824,10825
10767,10826,10045
10768,10825,10826
10769,10827,10828
10770,10828,10829
10771,10830,10831
10772,10831,10832
10773,10833,10834
10774,10834,10124
10775,10835,10125
10776,10836,10835
10777,10837,10126
10778,10838,10839
10779,10839,10837
10780,10840,10841
10781,10841,10837
10782,10842,10123
10783,10843,10844
10784,10844,10842
10785,10845,10842
10786,10846,10845
10787,10847,10026
10788,10848,10024
10789,10849,10850
10790,10850,9947
10791,10851,10849
10792,10852,10851
10793,10853,10852
10794,10854,10852
10795,10855,10856
10796,10857,10858
10797,10858,10855
10798,10856,10416
10799,10859,10860
10800,10860,10861
10801,10862,10863
10802,10864,10862
10803,10863,10857
10804,10865,10866
10805,10866,10861
10806,10867,10420
10807,10868,10867
10808,10869,10868
10809,10870,10867
10810,10871,10870
10811,10872,10422
10812,10873,10872
10813,10874,10873
10814,10875,10876
10815,10876,10872
10816,10877,10878
10817,10878,10423
10818,10879,10424
10819,10880,10879
10820,10881,10421
10821,10882,10881
10822,10883,10418
10823,10884,10885
10824,10885,9950
10825,10886,10206
10826,10887,10207
10827,10888,10889
10828,10889,10887
10829,10890,10887
10830,10891,10208
10831,10892,10891
10832,10893,10210
10833,10894,10209
10834,10895,10894
10835,10896,9965
10836,10897,10896
10837,10898,10899
10838,10900,9969
10839,10899,10900
10840,10901,10165
10841,10902,9980
10842,10903,9984
10843,10904,10905
10844,10906,9988
10845,10905,10907
10846,10907,10906
10847,10908,9997
10848,10909,10910
10849,10910,10908
10850,10911,10909
10851,10912,10911
10852,10913,9998
10853,10914,10913
10854,10915,9996
10855,10916,10917
10856,10917,10915
10857,10918,10916
10858,10919,10918
10859,10920,10918
10860,10921,10916
10861,10922,9995
10862,10923,10258
10863,10924,10925
10864,10926,10927
10865,10927,10924
10866,10928,10926
10867,10929,10926
10868,10930,10931
10869,10931,10932
10870,10932,10929
10871,10933,10260
10872,10934,10935
10873,10935,9992
10874,10936,10934
10875,10937,10936
10876,10938,10937
10877,10939,10938
10878,10940,10939
10879,10941,10942
10880,10942,10940
10881,10943,10944
10882,10944,10937
10883,10945,10946
10884,10947,10938
10885,10946,10947
10886,10948,10949
10887,10950,10948
10888,10949,9989
10889,10951,10950
10890,10952,9985
10891,10953,9983
10892,10954,10955
10893,10956,10957
10894,10957,10954
10895,10955,9982
10896,10958,10132
10897,10959,10958
10898,10960,10959
10899,10961,10962
10900,10962,10959
10901,10963,10964
10902,10964,10958
10903,10965,10130
10904,10966,10965
10905,10967,10968
10906,10968,9977
10907,10969,10970
10908,10970,9974
10909,10971,9970
10910,10972,9966
10911,10973,10972
10912,10974,10002
10913,10975,10266
10914,10976,10268
10915,10977,10269
10916,10978,10979
10917,10979,10977
10918,10980,10978
10919,10981,10980
10920,10982,10978
10921,10983,10270
10922,10984,10267
10923,10985,10984
10924,10986,10005
10925,10987,10986
10926,10988,10989
10927,10989,10986
10928,10990,10007
10929,10991,10990
10930,10992,10009
10931,10993,10992
10932,10994,10993
10933,10995,10993
10934,10996,10992
10935,10997,10996
10936,10998,10016
10937,10999,10998
10938,10456,10999
10939,11000,10456
10940,11001,11000
10941,11002,11001
10942,11003,11002
10943,11004,10998
10944,11005,11004
10945,11006,11005
10946,11007,11006
10947,11008,11009
10948,11009,11007
10949,11010,10999
10950,11011,11010
10951,11012,11011
10952,11013,11012
10953,11014,11013
10954,11015,11014
10955,11016,11014
10956,11017,11016
10957,11018,11013
10958,11019,11018
10959,11020,11019
10960,11021,11020
10961,11022,11021
10962,11023,11022
10963,11024,11023
10964,11025,11024
10965,11026,11027
10966,11027,11018
10967,11028,11019
10968,11029,11012
10969,11030,11011
10970,11031,11030
10971,11032,11010
10972,11033,11000
10973,11034,11033
10974,11035,11034
10975,11036,11035
10976,11037,11036
10977,11038,11034
10978,11039,11038
10979,11040,11033
10980,11041,11040
10981,11042,11041
10982,11043,11040
10983,11044,11043
10984,11045,11044
10985,11046,11043
10986,11047,10441
10987,11048,11047
10988,11049,11048
10989,11050,11049
10990,11051,11050
10991,11052,11051
10992,11053,11052
10993,11054,11047
10994,11055,11056
10995,11056,11050
10996,11057,11051
10997,11058,11057
10998,11059,11060
10999,11061,11052
11000,11060,11061
11001,11062,11059
11002,11063,11062
11003,11064,11063
11004,11065,10443
11005,11066,11065
11006,11067,11066
11007,11068,11066
11008,11069,11070
11009,11070,11065
11010,11071,10442
11011,11072,11073
11012,11073,10018
11013,11074,11075
11014,11075,10017
11015,11076,10015
11016,11077,11076
11017,11078,11079
11018,11079,11077
11019,11080,10004
11020,11081,11082
11021,11083,11081
11022,11084,11081
11023,11085,11084
11024,11086,11085
11025,11087,11088
11026,11088,11084
11027,11082,11080
11028,11089,11090
11029,11090,10003
11030,11091,11092
11031,11093,11094
11032,11092,11093
11033,11095,11096
11034,11097,10254
11035,11098,11099
11036,11099,11097
11037,11100,11101
11038,11101,9951
11039,11102,11103
11040,11103,9949
11041,11104,10395
11042,11105,10397
11043,11106,10398
11044,11107,10396
11045,11108,11109
11046,11110,11111
11047,11112,11113
11048,11114,11112
11049,11115,11116
11050,11116,11114
11051,11117,11112
11052,11118,11114
11053,11119,11118
11054,11120,11121
11055,11122,11123
11056,11123,9925
11057,11121,11122
11058,11124,11120
11059,11125,9926
11060,11126,11127
11061,11127,11128
11062,11128,11125
11063,11129,10294
11064,11130,10296
11065,11131,10301
11066,11132,10300
11067,11133,10297
11068,11134,11133
11069,11135,11134
11070,11136,11135
11071,11137,11136
11072,11138,11137
11073,11139,11138
11074,11140,11139
11075,11141,11134
11076,11142,11141
11077,11143,11142
11078,11144,11142
11079,11145,11144
11080,11146,11141
11081,11147,11146
11082,11148,11135
11083,11149,11148
11084,11150,11149
11085,11151,11152
11086,11152,11148
11087,11153,11154
11088,11154,11138
11089,11155,11137
11090,11156,11136
11091,11157,11133
11092,11158,10295
11093,11159,9929
11094,11160,9930
11095,11161,11160
11096,11162,11160
11097,11163,10343
11098,11164,10342
11099,11165,11166
11100,11167,11164
11101,11166,11167
11102,11168,10341
11103,11169,9936
11104,11170,11169
11105,11171,11170
11106,11172,11169
11107,11173,11170
11108,11174,9942
11109,11175,11174
11110,11176,11175
11111,11177,9941
11112,11178,9940
11113,11179,9939
11114,11180,11179
11115,11181,11180
11116,11182,9935
11117,11183,10273
11118,11184,10274
11119,11185,9932
11120,11186,9928
11121,11187,11186
11122,11188,11187
11123,11189,11190
11124,11190,9910
11125,11191,10102
11126,11192,11193
11127,11194,10104
11128,11193,11194
11129,11195,10105
11130,11196,10107
11131,11197,11198
11132,11199,10106
11133,11200,11199
11134,11201,11202
11135,11202,9904
11136,11203,10229
11137,11204,11203
11138,11205,11203
11139,11206,10231
11140,11207,10232
11141,11208,10235
11142,11209,11208
11143,11210,11208
11144,11211,10240
11145,11212,10236
11146,11213,11212
11147,11214,10230
11148,11215,11214
11149,11216,11217
11150,11218,11219
11151,11220,11214
11152,11219,11216
11153,11217,11220
11154,11221,11222
11155,11222,9894
11156,11223,11224
11157,11224,9895
11158,11225,11226
11159,11226,9893
11160,11227,11225
11161,11228,11225
11162,11229,11230
11163,11230,9891
11164,11231,9871
11165,11232,11233
11166,11234,11231
11167,11233,11234
11168,11235,10169
11169,11236,11235
11170,11237,10168
11171,11238,11237
11172,11239,11237
11173,11240,10167
11174,11241,9875
11175,11242,11241
11176,11243,9877
11177,11244,11243
11178,11245,9880
11179,11246,9881
11180,11247,11246
11181,11248,11247
11182,11249,11248
11183,11250,11246
11184,11251,11247
11185,11252,11248
11186,11253,9887
11187,11254,11255
11188,11255,11253
11189,11256,9886
11190,11257,9885
11191,11258,10115
11192,11259,9883
11193,11260,10180
11194,11261,10181
11195,11262,11263
11196,11264,11265
11197,11266,9878
11198,11267,9876
11199,11268,10401
11200,11269,11270
11201,11271,11272
11202,11270,11271
11203,11272,9862
11204,11273,11269
11205,11274,11269
11206,11275,11276
11207,11276,9860
11208,11277,11278
11209,11278,9861
11210,11279,10220
11211,11280,10223
11212,11281,10224
11213,11282,11283
11214,11283,9855
11215,11284,11285
11216,11285,9848
11217,11286,11287
11218,11287,9849
11219,11288,9780
11220,11289,10307
11221,11290,10314
11222,11291,10316
11223,11292,11291
11224,11293,11291
11225,11294,10317
11226,11295,11294
11227,11296,10318
11228,11297,11296
11229,11298,11297
11230,11299,11298
11231,11300,11298
11232,11301,11300
11233,11302,11300
11234,11303,10320
11235,11304,11303
11236,11305,11304
11237,11306,11304
11238,11307,11306
11239,11308,11303
11240,11309,11308
11241,11310,10323
11242,11311,10326
11243,11312,10325
11244,11313,10324
11245,11314,10322
11246,11315,11314
11247,11316,11315
11248,11317,11314
11249,11318,11317
11250,11319,10321
11251,11320,10319
11252,11321,10315
11253,11322,9793
11254,11323,9797
11255,11324,10157
11256,11325,10159
11257,11326,10158
11258,11327,9805
11259,11328,11327
11260,11329,11330
11261,11330,9810
11262,11331,11329
11263,11332,11329
11264,11333,10277
11265,11334,11335
11266,11335,10276
11267,11336,9813
11268,11337,11336
11269,11338,9814
11270,11339,11338
11271,11340,11339
11272,11341,11338
11273,11342,9815
11274,11343,9811
11275,11344,9807
11276,11345,9806
11277,11346,9804
11278,11347,9803
11279,11348,9801
11280,11349,9800
11281,11350,11349
11282,11351,11350
11283,11352,11349
11284,11353,9822
11285,11354,11355
11286,11356,11357
11287,11357,11358
11288,11358,10367
11289,11355,11356
11290,11359,11354
11291,11360,11361
11292,11361,11359
11293,11362,11360
11294,11363,11354
11295,11364,11363
11296,11365,10375
11297,11366,11365
11298,11367,11365
11299,11368,10378
11300,11369,10379
11301,11370,10381
11302,11371,10380
11303,11372,11371
11304,11373,11371
11305,11374,10377
11306,11375,10376
11307,11376,11375
11308,11377,11375
11309,11378,10374
11310,11379,10138
11311,11380,10434
11312,11381,10436
11313,11382,10437
11314,11383,10439
11315,11384,10438
11316,11385,11386
11317,11387,10155
11318,11388,10154
11319,11389,11388
11320,11390,10153
11321,11391,11392
11322,11392,11390
11323,11393,9843
11324,11394,9845
11325,11395,9844
11326,11396,11395
11327,11397,11395
11328,11398,10183
11329,11399,10184
11330,11400,10185
11331,11401,10186
11332,11402,10187
11333,11403,10189
11334,11404,10188
11335,11405,9830
11336,11406,11405
11337,11407,9826
11338,11408,9820
11339,11409,10345
11340,11410,10346
11341,11411,10350
11342,11412,10353
11343,11413,10354
11344,11414,11413
11345,11415,11413
11346,11416,11415
11347,11417,11415
11348,11418,10355
11349,11419,11418
11350,11420,11418
11351,11421,10359
11352,11422,10360
11353,11423,10358
11354,11424,10357
11355,11425,10356
11356,11426,10352
11357,11427,11426
11358,11428,11427
11359,11429,11428
11360,11430,11426
11361,11431,11428
11362,11432,11431
11363,11433,11427
11364,11434,10351
11365,11435,10349
11366,11436,10218
11367,11437,9798
11368,11438,11437
11369,11439,11438
11370,11440,9796
11371,11441,11440
11372,11442,11440
11373,11443,11444
11374,11445,11442
11375,11444,11445
11376,11446,11443
11377,11447,11442
11378,11448,9792
11379,11449,11448
11380,11450,9794
11381,11451,11450
11382,11452,9788
11383,11453,11452
11384,11454,11453
11385,11455,11454
11386,11456,11454
11387,11457,11453
11388,11458,9785
11389,11459,11458
11390,11460,11461
11391,11461,9775
11392,11462,11463
11393,11463,9773
11394,11464,11462
11395,11465,11464
11396,11466,11465
11397,11467,11462
11398,11468,11467
11399,11469,11465
11400,11470,11464
11401,11471,11470
11402,11472,11471
11403,11473,11471
11404,11474,11470
11405,11475,11474
11406,11476,10303
11407,11477,11478
11408,11478,9770
11409,11479,11477
11410,11480,11477
11411,11481,11482
11412,11482,9768
11413,11483,11484
11414,11484,9769
11415,11485,11486
11416,11486,9765
11417,11487,11488
11418,11488,9764
11419,11489,9742
11420,11490,9744
11421,11491,9745
11422,11492,11491
11423,11493,11491
11424,11494,9749
11425,11495,9750
11426,11496,9752
11427,11497,11496
11428,11498,11497
11429,11499,11496
11430,11500,11499
11431,11501,11497
11432,11502,11501
11433,11503,11504
11434,11504,9753
11435,11505,11506
11436,11507,9755
11437,11506,11507
11438,11508,9757
11439,11509,11508
11440,11510,9758
11441,11511,9759
11442,11512,11511
11443,11513,11512
11444,11514,9760
11445,11515,9756
11446,11516,9751
11447,11517,11518
11448,11518,11516
11449,11519,9748
11450,9960,11520
11451,11520,11521
11452,11522,9958
11453,11094,11522
11454,11521,11094
11455,11523,11524
11456,11525,11526
11457,11526,11527
11458,11263,11265
11459,11528,11527
11460,9752,11495
11461,11529,11530
11462,11530,11531
11463,11532,9977
11464,9980,11529
11465,11531,11532
11466,11533,11534
11467,10006,11533
11468,11534,11535
11469,11535,10974
11470,11524,10243
11471,11536,11537
11472,11537,10857
11473,10861,11536
11474,11527,10151
11475,11538,11030
11476,11539,11540
11477,11540,11538
11478,11265,9879
11479,11541,11539
11480,11542,11532
11481,9833,11543
11482,11543,11544
11483,11544,9831
11484,10139,11544
11485,11545,9834
11486,9836,11545
11487,9838,11546
11488,11546,9835
11489,10431,11546
11490,9840,11547
11491,11386,11547
11492,11547,9837
11493,11548,9921
11494,11109,11548
11495,11549,11548
11496,11550,11549
11497,11111,11549
11498,11113,11550
11499,9924,11550
11500,11551,10008
11501,10286,11551
11502,11552,11551
11503,10293,11552
11504,10010,11552
11505,10829,11553
11506,11553,11554
11507,11555,11553
11508,10329,11556
11509,10699,11556
11510,11556,11557
11511,10697,11558
11512,10712,11557
11513,11557,11559
11514,10716,11559
11515,11558,10030
11516,11560,11558
11517,11559,11560
11518,11554,11561
11519,11561,11560
11520,10832,11561
11521,10718,11554
11522,10032,11555
11523,10664,11562
11524,10090,11562
11525,11562,10088
11526,11563,10108
11527,11198,11563
11528,10110,11563
11529,10261,11564
11530,11564,10259
11531,10925,11564
11532,10494,11565
11533,10510,11565
11534,11565,11566
11535,10505,11566
11536,11566,10491
11537,11567,10455
11538,10452,11567
11539,10454,11567
11540,10449,11568
11541,11568,11120
11542,11096,9956
11543,11569,11570
11544,11570,11571
11545,11572,11573
11546,11573,11574
11547,11575,11576
11548,11577,11578
11549,11579,11580
11550,11581,11582
11551,11583,11584
11552,11585,11586
11553,11587,11588
11554,11589,11590
11555,11591,11571
11556,11588,11591
11557,9732,11588
11558,11592,11590
11559,11571,11592
11560,11590,11593
11561,11593,11574
11562,11574,11576
11563,11576,11594
11564,11595,11596
11565,11596,11597
11566,11598,11597
11567,11597,11580
11568,11580,11582
11569,11582,11599
11570,11600,11599
11571,11599,11584
11572,11584,11586
11573,11586,11601
11574,11601,11602
11575,11603,11604
11576,11604,11605
11577,11605,11606
11578,11607,11608
11579,11608,11609
11580,11609,11610
11581,11610,11611
11582,11611,11612
11583,11612,11613
11584,11614,11615
11585,11613,11614
11586,11615,11616
11587,11617,11615
11588,11606,11607
11589,11618,11619
11590,11619,11620
11591,11616,11621
11592,11621,11618
11593,11622,11608
11594,11623,11613
11595,11624,11594
11596,11625,11604
11597,11626,11614
11598,11627,11591
11599,11628,11593
11600,11629,11630
11601,11631,11632
11602,11633,11631
11603,11634,11633
11604,11635,11634
11605,11636,11637
11606,11638,11639
11607,11637,11638
11608,11640,11636
11609,11641,11640
11610,11642,11641
11611,11643,11642
11612,11644,11645
11613,11646,11647
11614,11647,11644
11615,11648,11649
11616,11649,11650
11617,11651,11652
11618,11653,11654
11619,11655,11656
11620,11657,11655
11621,11658,11657
11622,11659,11658
11623,11660,11661
11624,11662,11660
11625,11663,11662
11626,11664,11663
11627,11665,11664
11628,11666,11665
11629,11667,11666
11630,11668,11667
11631,11669,11668
11632,11670,11669
11633,11671,11670
11634,11672,11671
11635,11673,11672
11636,11674,11673
11637,11675,11674
11638,11676,11675
11639,11677,11676
11640,11678,11677
11641,11679,11678
11642,11680,11679
11643,11681,11680
11644,11682,11681
11645,11683,11682
11646,11684,11683
11647,11685,11654
11648,11686,11685
11649,11687,11686
11650,11688,11687
11651,11689,11688
11652,11690,11689
11653,11691,11690
11654,11692,11691
11655,11693,11692
11656,11694,11693
11657,11695,11694
11658,11696,11695
11659,11697,11696
11660,11698,11697
11661,11699,11698
11662,11700,11699
11663,11701,11700
11664,11702,11703
11665,11704,11701
11666,11703,11705
11667,11705,11706
11668,11706,11704
11669,11707,11708
11670,11709,11702
11671,11710,11709
11672,11708,11710
11673,11711,11707
11674,11712,11711
11675,11713,11714
11676,11715,11713
11677,11716,11715
11678,11717,11716
11679,11718,11717
11680,11719,11718
11681,11720,11719
11682,11721,11697
11683,11722,11721
11684,11723,11722
11685,11724,11723
11686,11725,11724
11687,11726,11725
11688,11727,11728
11689,11728,11729
11690,11730,11727
11691,11731,11730
11692,11732,11731
11693,11733,11732
11694,11734,11735
11695,11736,11734
11696,11737,11738
11697,11735,11737
11698,11738,11733
11699,11739,11736
11700,11740,11739
11701,11741,11740
11702,11742,11741
11703,11743,11742
11704,11744,11743
11705,11745,11744
11706,11746,11745
11707,11747,11746
11708,11748,11747
11709,11749,11748
11710,11750,11736
11711,11751,11750
11712,11752,11751
11713,11753,11752
11714,11754,11753
11715,11755,11754
11716,11756,11755
11717,11757,11756
11718,11758,11757
11719,11759,11758
11720,11760,11759
11721,11761,11760
11722,11762,11761
11723,11763,11762
11724,11764,11763
11725,11765,11764
11726,11766,11765
11727,11767,11766
11728,11768,11767
11729,11769,11768
11730,11770,11769
11731,11771,11770
11732,11772,11762
11733,11773,11772
11734,11774,11773
11735,11775,11774
11736,11776,11775
11737,11777,11776
11738,11778,11777
11739,11779,11733
11740,11780,11781
11741,11781,11782
11742,11783,11780
11743,11784,11783
11744,11785,11784
11745,11786,11785
11746,11787,11788
11747,11789,11787
11748,11790,11789
11749,11791,11790
11750,11792,11791
11751,11793,11792
11752,11794,11795
11753,11795,11796
11754,11796,11797
11755,11797,11639
11756,11798,11799
11757,11800,11801
11758,11802,11800
11759,11803,11802
11760,11804,11803
11761,11805,11804
11762,11806,11805
11763,11807,11806
11764,11808,11809
11765,11809,11810
11766,11811,11808
11767,11812,11813
11768,11814,11812
11769,11815,11814
11770,11816,11817
11771,11818,11819
11772,11820,11816
11773,11821,11820
11774,11822,11821
11775,11823,11818
11776,11819,11822
11777,11817,11727
11778,11824,11825
11779,11825,11823
11780,11826,11824
11781,11827,11826
11782,11828,11827
11783,11829,11828
11784,11830,11829
11785,11831,11830
11786,11832,11831
11787,11833,11834
11788,11835,11836
11789,11837,11833
11790,11834,11832
11791,11838,11835
11792,11836,11837
11793,11839,11754
11794,11840,11839
11795,11841,11842
11796,11842,11840
11797,11843,11789
11798,11844,11843
11799,11845,11846
11800,11847,11845
11801,11848,11847
11802,11849,11848
11803,11850,11849
11804,11851,11751
11805,11852,11851
11806,11853,11852
11807,11854,11853
11808,11855,11856
11809,11857,11855
11810,11858,11743
11811,11859,11858
11812,11860,11859
11813,11861,11860
11814,11862,11861
11815,11863,11862
11816,11864,11670
11817,11865,11864
11818,11866,11865
11819,11867,11866
11820,11868,11867
11821,11869,11868
11822,11870,11869
11823,11871,11870
11824,11872,11871
11825,11873,11872
11826,11874,11873
11827,11875,11874
11828,11876,11687
11829,11877,11876
11830,11878,11877
11831,11879,11878
11832,11880,11721
11833,11881,11880
11834,11882,11881
11835,11883,11882
11836,11884,11883
11837,11885,11884
11838,11886,11885
11839,11887,11886
11840,11888,11887
11841,11889,11888
11842,11890,11891
11843,11891,11792
11844,11892,11890
11845,11893,11680
11846,11894,11893
11847,11895,11896
11848,11896,11897
11849,11898,11895
11850,11899,11898
11851,11900,11899
11852,11901,11662
11853,11902,11901
11854,11903,11902
11855,11904,11903
11856,11905,11906
11857,11907,11908
11858,11906,11904
11859,11908,11905
11860,11909,11665
11861,11910,11911
11862,11912,11913
11863,11911,11912
11864,11914,11910
11865,11915,11914
11866,11916,11915
11867,11917,11918
11868,11919,11916
11869,11918,11919
11870,11920,11917
11871,11921,11922
11872,11922,11923
11873,11923,11920
11874,11924,11921
11875,11925,11924
11876,11926,11745
11877,11927,11926
11878,11928,11927
11879,11929,11928
11880,11930,11929
11881,11931,11930
11882,11932,11931
11883,11933,11773
11884,11934,11933
11885,11935,11934
11886,11936,11935
11887,11937,11936
11888,11938,11939
11889,11940,11938
11890,11941,11940
11891,11942,11943
11892,11944,11945
11893,11945,11946
11894,11947,11948
11895,11948,11630
11896,11949,11950
11897,11951,11947
11898,11950,11952
11899,11952,11953
11900,11953,11954
11901,11955,11633
11902,11956,11955
11903,11957,11956
11904,11958,11955
11905,11959,11956
11906,11960,11634
11907,11961,11631
11908,11962,11963
11909,11964,11965
11910,11963,11966
11911,11966,11964
11912,11967,11968
11913,11968,11969
11914,11970,11971
11915,11971,11972
11916,11973,11974
11917,11975,11800
11918,11976,11803
11919,11977,11805
11920,11978,11802
11921,11979,11978
11922,11980,11978
11923,11801,11981
11924,11981,11982
11925,11983,11583
11926,11984,11983
11927,11985,11984
11928,11986,11985
11929,11987,11983
11930,11988,11984
11931,11989,11988
11932,11990,11988
11933,11991,11985
11934,11992,11993
11935,11994,11995
11936,11996,11997
11937,11995,11996
11938,11998,11999
11939,11999,12000
11940,12000,11581
11941,12001,12002
11942,12003,12004
11943,12005,12006
11944,12004,12005
11945,12007,12003
11946,12008,12009
11947,12009,12010
11948,12010,12011
11949,12012,12002
11950,12013,12014
11951,12015,12016
11952,12014,12015
11953,12017,12013
11954,12018,12017
11955,12019,12018
11956,12020,12017
11957,12021,12022
11958,12023,12021
11959,12024,12025
11960,12026,12027
11961,12028,12026
11962,12027,12024
11963,12029,12028
11964,12030,7
11965,12031,12030
11966,12032,12031
11967,12033,11577
11968,12034,12035
11969,12036,12035
11970,12037,12036
11971,12038,12037
11972,12039,12040
11973,12041,12039
11974,12042,12041
11975,12043,12042
11976,12044,11572
11977,12045,11572
11978,12046,12045
11979,12047,12046
11980,12048,12047
11981,12049,12048
11982,12050,12046
11983,12051,12047
11984,12052,12048
11985,12053,12054
11986,12054,12052
11987,12055,12053
11988,12056,12053
11989,12057,12045
11990,12058,12059
11991,12059,12060
11992,12060,11728
11993,12061,12062
11994,12062,12063
11995,12064,12061
11996,12063,11730
11997,12065,12066
11998,12067,12065
11999,12068,12067
12000,12069,12070
12001,12071,12069
12002,12072,12071
12003,12073,12068
12004,12074,12075
12005,12076,12074
12006,12075,12069
12007,12070,12067
12008,12077,11784
12009,12078,11787
12010,12079,11791
12011,12080,11790
12012,12081,12080
12013,12082,12081
12014,12083,12081
12015,12084,12080
12016,12085,11847
12017,12086,12085
12018,12087,11848
12019,12088,11845
12020,12089,11843
12021,12090,12091
12022,12092,12093
12023,12094,12095
12024,12096,12094
12025,12097,12094
12026,12098,11785
12027,12099,12098
12028,12100,11741
12029,12101,12100
12030,12102,12101
12031,12103,11742
12032,12104,11858
12033,12105,11860
12034,12106,12105
12035,12107,11861
12036,12108,12107
12037,12109,12108
12038,12110,12107
12039,12111,11859
12040,12112,12111
12041,12113,11744
12042,12114,11746
12043,12115,12114
12044,12116,12114
12045,12117,11747
12046,12118,12117
12047,12119,11748
12048,12120,12119
12049,12121,12120
12050,12122,12119
12051,12123,12124
12052,12124,12122
12053,12125,12123
12054,12126,11930
12055,12127,11929
12056,12128,12127
12057,12129,11928
12058,12130,12129
12059,12131,11927
12060,12132,12131
12061,12133,12132
12062,12134,11926
12063,12135,12134
12064,12136,12135
12065,12137,12135
12066,12138,12134
12067,12139,11740
12068,12140,11739
12069,12141,11750
12070,12142,12141
12071,12143,12142
12072,12144,12143
12073,12145,12144
12074,12146,12145
12075,12147,12142
12076,12148,12145
12077,12149,12144
12078,12150,12143
12079,12151,12141
12080,12152,12151
12081,12153,11852
12082,12154,11853
12083,12155,12154
12084,12156,11851
12085,12157,11752
12086,12158,11839
12087,12159,11755
12088,12160,11759
12089,12161,12160
12090,12162,11760
12091,12163,11763
12092,12164,12163
12093,12165,12164
12094,12166,12165
12095,12167,12166
12096,12168,12167
12097,12169,12170
12098,12170,12168
12099,12171,12164
12100,12172,12173
12101,12174,12168
12102,12173,12174
12103,12175,12172
12104,12176,12163
12105,12177,11764
12106,12178,12177
12107,12179,12177
12108,12180,11766
12109,12181,12182
12110,12183,12181
12111,12182,12180
12112,12184,12185
12113,12186,11769
12114,12187,12188
12115,12188,12186
12116,12185,12187
12117,12189,11770
12118,12190,12189
12119,12191,11768
12120,12192,12191
12121,12193,12191
12122,12194,12193
12123,12195,12194
12124,12196,12193
12125,12197,11767
12126,12198,12197
12127,12199,12198
12128,12200,12199
12129,12201,12198
12130,12202,12201
12131,12203,12202
12132,12204,12201
12133,12205,12197
12134,12206,12205
12135,12207,11765
12136,12208,11774
12137,12209,12208
12138,12210,11777
12139,12211,11776
12140,12212,11775
12141,12213,11934
12142,12214,11940
12143,12215,11938
12144,11939,11937
12145,12216,11936
12146,12217,11935
12147,12218,11933
12148,12219,11772
12149,12220,11761
12150,12221,11758
12151,12222,11757
12152,12223,11756
12153,12224,11753
12154,12225,12226
12155,12226,11737
12156,12227,12228
12157,12229,12227
12158,12228,11732
12159,12230,12231
12160,12232,12230
12161,12231,11731
12162,12233,11827
12163,12234,11828
12164,12235,11829
12165,12236,12235
12166,12237,12238
12167,12239,12236
12168,12238,12239
12169,12240,12235
12170,12241,11831
12171,12242,11830
12172,12243,12244
12173,12244,12245
12174,12245,11644
12175,12246,12247
12176,12247,11646
12177,12248,12246
12178,12249,12250
12179,12251,12252
12180,12253,12248
12181,12252,12253
12182,12254,12249
12183,12250,12251
12184,12255,12246
12185,12256,12255
12186,12257,12255
12187,12258,12257
12188,12259,12248
12189,12260,12259
12190,12261,12262
12191,12262,12263
12192,12264,12261
12193,12265,12266
12194,12266,11649
12195,12267,12268
12196,12269,12270
12197,12270,11648
12198,12271,12269
12199,12268,12271
12200,12272,12267
12201,12273,12267
12202,12274,12275
12203,12275,11651
12204,12276,12277
12205,12278,12279
12206,12280,12281
12207,12282,12283
12208,12284,12282
12209,12279,12284
12210,12277,12280
12211,12285,12276
12212,12281,12278
12213,12283,12274
12214,12286,11898
12215,12287,12286
12216,12288,11899
12217,12289,11895
12218,12290,12289
12219,12291,12290
12220,12292,12290
12221,12293,12292
12222,12294,11655
12223,12295,11659
12224,12296,12295
12225,12297,12298
12226,12299,12297
12227,12298,11904
12228,12300,11902
12229,12301,12300
12230,12302,11901
12231,12303,12302
12232,12304,11664
12233,12305,12306
12234,12307,11909
12235,12306,12307
12236,12308,11914
12237,12309,11917
12238,12310,11921
12239,12311,11924
12240,12312,12311
12241,12313,11915
12242,12314,11910
12243,12315,11669
12244,12316,11671
12245,12317,12316
12246,12318,12316
12247,12319,11673
12248,12320,12319
12249,12321,12319
12250,12322,11675
12251,12323,12322
12252,12324,12325
12253,12326,12324
12254,12327,12326
12255,12328,12327
12256,12329,12328
12257,12330,12329
12258,12331,12332
12259,12333,12330
12260,12332,12333
12261,12334,12335
12262,12336,12331
12263,12335,12336
12264,12337,12334
12265,12338,12324
12266,12339,12327
12267,12340,12339
12268,12341,12340
12269,12342,12339
12270,12343,12328
12271,12344,12329
12272,12345,12330
12273,12346,12334
12274,12347,12331
12275,12348,12347
12276,12349,12326
12277,12350,12349
12278,12351,12352
12279,12353,11679
12280,12354,11681
12281,12355,11682
12282,12356,12357
12283,12358,12355
12284,12357,12358
12285,12359,12356
12286,12360,12355
12287,12361,12360
12288,12362,11683
12289,12363,11893
12290,12364,11678
12291,12365,11677
12292,12366,11672
12293,12367,11867
12294,12368,11872
12295,12369,11874
12296,12370,11870
12297,12371,12372
12298,12373,11869
12299,12372,12374
12300,12375,12371
12301,12374,12373
12302,12376,12375
12303,12377,12375
12304,12378,12377
12305,12379,12380
12306,12380,11868
12307,12381,11866
12308,12382,12381
12309,12383,12384
12310,12384,12382
12311,12385,11667
12312,12386,11666
12313,12387,11663
12314,12388,11660
12315,12389,12388
12316,12390,11657
12317,11661,12390
12318,11656,11653
12319,12391,11876
12320,12392,11877
12321,12393,11878
12322,12394,11691
12323,12395,11692
12324,12396,11694
12325,12397,11696
12326,12398,11699
12327,12399,11701
12328,12400,11702
12329,12401,12400
12330,12402,12400
12331,12403,11712
12332,12404,11718
12333,12405,12404
12334,12406,12404
12335,12407,12406
12336,12408,11719
12337,12409,11717
12338,12410,12409
12339,12411,11714
12340,12412,11711
12341,12413,11707
12342,12414,11700
12343,12415,11698
12344,12416,11723
12345,12417,11724
12346,12418,11725
12347,12419,12418
12348,12420,12419
12349,12421,12422
12350,12422,12420
12351,12423,12419
12352,12424,12418
12353,12425,11722
12354,12426,11885
12355,12427,11888
12356,12428,12427
12357,12429,12427
12358,12430,11887
12359,12431,11886
12360,12432,11884
12361,12433,11883
12362,12434,12433
12363,12435,12433
12364,12436,12435
12365,12437,12436
12366,12438,12435
12367,12439,11880
12368,12440,12439
12369,12441,12439
12370,12442,11695
12371,12443,12444
12372,12444,12442
12373,12445,11693
12374,12446,11690
12375,12447,11689
12376,12448,12447
12377,12449,11685
12378,12450,12451
12379,12452,12451
12380,12453,12454
12381,12455,12456
12382,12457,12458
12383,12456,12453
12384,12458,12455
12385,12454,12459
12386,12460,12461
12387,12461,12462
12388,12463,12464
12389,12464,11652
12390,12465,12463
12391,12466,12467
12392,12468,12465
12393,12469,12470
12394,12467,12469
12395,12470,12468
12396,12471,12465
12397,12472,12471
12398,12473,12474
12399,12474,12475
12400,12476,12477
12401,12477,12478
12402,12479,12476
12403,12480,12479
12404,12481,12479
12405,12482,12481
12406,12483,12482
12407,12484,12481
12408,12485,12476
12409,12486,12487
12410,12487,12488
12411,12489,12490
12412,12490,11650
12413,12491,12492
12414,12493,12494
12415,12494,12491
12416,12492,12495
12417,12496,12497
12418,12497,12498
12419,12499,12496
12420,12500,12499
12421,12501,12502
12422,12502,12496
12423,12503,12499
12424,12504,12505
12425,12506,12504
12426,12505,12503
12427,12507,12508
12428,12508,12509
12429,12510,12511
12430,12512,12513
12431,12514,11647
12432,12513,12510
12433,12511,12514
12434,12515,12516
12435,12517,12518
12436,12518,11645
12437,12519,12517
12438,12516,12519
12439,12520,12515
12440,12521,12522
12441,12522,12523
12442,12524,11569
12443,12525,12524
12444,12526,12525
12445,12527,12526
12446,12528,12527
12447,12529,12528
12448,12530,12531
12449,12532,12530
12450,12533,12528
12451,12534,12533
12452,12531,12534
12453,12535,12527
12454,12536,12537
12455,12537,12538
12456,12538,12535
12457,12539,12526
12458,12540,12525
12459,12541,12540
12460,12542,12541
12461,12543,12544
12462,12545,12546
12463,12546,11706
12464,12547,12545
12465,12548,12549
12466,12550,12547
12467,12549,12551
12468,12551,12552
12469,12552,12550
12470,12553,12548
12471,12554,12555
12472,12555,12548
12473,12556,12557
12474,12558,12556
12475,12559,12560
12476,12561,12558
12477,12560,12561
12478,12562,12559
12479,12563,12564
12480,12565,12563
12481,12566,12565
12482,12567,12565
12483,12568,12563
12484,12569,12556
12485,12570,12559
12486,12571,12572
12487,12573,12571
12488,12557,12572
12489,12574,12575
12490,12576,12574
12491,12577,12576
12492,12578,12577
12493,12579,12577
12494,12580,12579
12495,12581,12579
12496,12582,12581
12497,12583,12584
12498,12585,11704
12499,12584,12585
12500,12586,12583
12501,12587,12583
12502,12588,12587
12503,12589,12087
12504,12590,12087
12505,12591,12590
12506,12592,12590
12507,12593,12594
12508,12594,11823
12509,12025,7
12510,12022,12025
12511,12016,12022
12512,11856,12016
12513,12595,11856
12514,12596,12597
12515,12597,11595
12516,12572,11942
12517,12598,12599
12518,12011,12007
12519,12600,11811
12520,12509,11646
12521,12263,12509
12522,12601,12475
12523,12475,12602
12524,11652,12601
12525,12459,11897
12526,12603,12604
12527,12604,11982
12528,11982,12605
12529,12605,12606
12530,12606,12607
12531,12607,12608
12532,11972,12603
12533,12608,12609
12534,11913,11909
12535,11639,11946
12536,11946,12610
12537,12610,11972
12538,11645,12523
12539,12523,12611
12540,12611,11729
12541,11650,12495
12542,12498,12263
12543,12495,12498
12544,12602,12478
12545,11897,12462
12546,12462,11651
12547,12612,12613
12548,12613,12459
12549,11782,11779
12550,11813,12600
12551,12599,12614
12552,12614,12615
12553,12616,11782
12554,12066,12616
12555,12617,12618
12556,12618,12619
12557,12620,12617
12558,12619,12593
12559,12621,11913
12560,12622,12621
12561,12451,12623
12562,12623,12612
12563,11729,11592
12564,12624,12006
12565,11993,12625
12566,12625,12626
12567,12626,11997
12568,11997,11581
12569,12609,12627
12570,12627,12628
12571,12628,12629
12572,12629,12630
12573,12630,12631
12574,12631,11810
12575,11810,12632
12576,12632,12633
12577,12633,12634
12578,12634,12635
12579,12635,11585
12580,11630,12636
12581,12636,11601
12582,12637,12638
12583,12639,12638
12584,12640,12639
12585,12638,12641
12586,12641,12602
12587,12642,12643
12588,12644,12643
12589,12645,12644
12590,12643,12646
12591,12646,12647
12592,12647,11648
12593,12488,12647
12594,12478,12488
12595,12002,12648
12596,12648,12615
12597,12615,12649
12598,12649,12650
12599,12651,12624
12600,12650,12651
12601,11954,11629
12602,11965,11969
12603,11969,12652
12604,11632,11965
12605,12653,11954
12606,12652,12653
12607,11654,12654
12608,12654,12655
12609,12655,12612
12610,12656,12362
12611,11788,12657
12612,12095,12657
12613,12657,11786
12614,12658,11794
12615,11974,12658
12616,11799,12658
12617,11846,12659
12618,12659,11844
12619,12091,12660
12620,12093,12660
12621,12660,12089
12622,12352,12661
12623,12661,12323
12624,12325,12661
12625,12575,12662
12626,12662,12663
12627,12663,11575
12628,12040,12664
12629,12664,11575
12630,12035,11624
12631,12006,11579
12632,12665,11579
12633,12666,12665
12634,12667,12666
12635,11943,12667
12636,12564,12667
12637,12668,12669
12638,12670,12669
12639,12669,12671
12640,12671,12543
12641,12672,12544
12642,12544,11627
12643,12673,12674
12644,12675,12674
12645,12674,11587
12646,12676,11589
12647,12677,12676
12648,12678,12679
12649,12679,11628
12650,12680,12678
12651,12681,12678
12652,12682,11625
12653,12683,12682
12654,12684,12683
12655,12685,12684
12656,12686,12687
12657,12688,12686
12658,12689,12690
12659,12691,12692
12660,12693,12691
12661,12692,12689
12662,12694,12695
12663,12695,12693
12664,12696,12697
12665,12698,12699
12666,12700,12698
12667,12701,12702
12668,12703,12704
12669,12705,12706
12670,12707,12705
12671,12708,12709
12672,12709,12707
12673,12710,12708
12674,12711,12712
12675,12713,12711
12676,12714,12713
12677,12715,12714
12678,12716,12715
12679,12717,12716
12680,12718,12717
12681,12719,12718
12682,12720,12721
12683,12721,12722
12684,12723,12720
12685,12724,12723
12686,12725,12726
12687,12727,12728
12688,12729,12727
12689,12730,12729
12690,12728,12724
12691,12726,12730
12692,12731,12725
12693,12732,12731
12694,12733,12732
12695,12734,12733
12696,12735,12734
12697,12736,12737
12698,12738,12736
12699,12739,12738
12700,12740,12739
12701,12741,12740
12702,12742,12741
12703,12743,12742
12704,12744,12743
12705,12745,12722
12706,12746,12745
12707,12747,12748
12708,12749,12747
12709,12750,12751
12710,12751,12749
12711,12752,12753
12712,12754,12752
12713,12755,12754
12714,12756,12755
12715,12757,12756
12716,12758,12759
12717,12759,12760
12718,12761,12758
12719,12762,12761
12720,12763,12764
12721,12765,12763
12722,12766,12767
12723,12768,12766
12724,12769,12768
12725,12770,12769
12726,12771,12770
12727,12772,12771
12728,12773,12772
12729,12774,12773
12730,12775,12776
12731,12777,12775
12732,12778,12777
12733,12779,12778
12734,12780,12779
12735,12781,12780
12736,12782,12781
12737,12783,12784
12738,12785,12783
12739,12786,12785
12740,12787,12788
12741,12789,12787
12742,12790,12789
12743,12791,12790
12744,12792,12754
12745,12793,12794
12746,12795,12793
12747,12796,12797
12748,12798,12796
12749,12799,12798
12750,12800,12799
12751,12801,12802
12752,12803,12804
12753,12805,12803
12754,12806,12805
12755,12807,12806
12756,12808,12807
12757,12809,12808
12758,12810,12809
12759,12811,12810
12760,12812,12811
12761,12813,12812
12762,12814,12815
12763,12816,12814
12764,12817,12818
12765,12819,12817
12766,12820,12821
12767,12822,12820
12768,12823,12822
12769,12824,12823
12770,12825,12824
12771,12826,12825
12772,12827,12826
12773,12828,12829
12774,12829,12830
12775,12831,12828
12776,12832,12831
12777,12833,12832
12778,12834,12835
12779,12836,12834
12780,12837,12836
12781,12838,12837
12782,12839,12838
12783,12840,12839
12784,12841,12840
12785,12842,12841
12786,12843,12842
12787,12844,12843
12788,12845,12844
12789,12846,12847
12790,12847,12845
12791,12848,12846
12792,12849,12848
12793,12850,12849
12794,12851,12850
12795,12852,12853
12796,12854,12855
12797,12856,12854
12798,12857,12858
12799,12859,12857
12800,12860,12859
12801,12861,12860
12802,12862,12861
12803,12863,12862
12804,12864,12863
12805,12865,12866
12806,12867,12864
12807,12866,12868
12808,12868,12869
12809,12870,12867
12810,12869,12871
12811,12871,12870
12812,12872,12865
12813,12873,12874
12814,12875,12873
12815,12876,12875
12816,12877,12876
12817,12878,12879
12818,12880,12878
12819,12881,12880
12820,12882,12883
12821,12884,12885
12822,12886,12884
12823,12887,12888
12824,12889,12890
12825,12890,12891
12826,12892,12893
12827,12894,12889
12828,12893,12894
12829,12895,12892
12830,12896,12895
12831,12897,12896
12832,12898,12897
12833,12899,12898
12834,12900,12901
12835,12902,12899
12836,12903,12904
12837,12905,12900
12838,12904,12905
12839,12901,12902
12840,12906,12903
12841,12907,12906
12842,12908,12909
12843,12910,12908
12844,12911,12910
12845,12912,12911
12846,12913,12912
12847,12914,12913
12848,12915,12916
12849,12917,12914
12850,12918,12917
12851,12916,12918
12852,12919,12920
12853,12921,12919
12854,12922,12921
12855,12923,12922
12856,12924,12923
12857,12925,12735
12858,12926,12927
12859,12927,12928
12860,12928,12925
12861,12929,12760
12862,12930,12929
12863,12931,12930
12864,12932,12931
12865,12933,12934
12866,12934,12935
12867,12936,12933
12868,12937,12936
12869,12938,12937
12870,12939,12940
12871,12941,12939
12872,12942,12943
12873,12944,12758
12874,12943,12945
12875,12946,12944
12876,12945,12946
12877,12947,12948
12878,12949,12950
12879,12950,12951
12880,12952,12953
12881,12954,12955
12882,12956,12952
12883,12955,12956
12884,12957,12954
12885,12958,12957
12886,12959,12960
12887,12961,12959
12888,12962,12961
12889,12963,12962
12890,12964,12965
12891,12966,12964
12892,12967,12968
12893,12968,12969
12894,12969,12706
12895,12970,12967
12896,12971,12970
12897,12972,12971
12898,12973,12972
12899,12974,12973
12900,12975,12896
12901,12976,12975
12902,12977,12978
12903,12979,12738
12904,12980,12979
12905,12981,12980
12906,12982,12752
12907,12983,12982
12908,12984,12884
12909,12985,12986
12910,12987,12988
12911,12989,12990
12912,12991,12992
12913,12993,12994
12914,12995,12996
12915,12997,12998
12916,12999,13000
12917,13001,13002
12918,13002,13003
12919,13004,13005
12920,13006,13004
12921,13007,13008
12922,13009,13010
12923,13010,13011
12924,13012,13013
12925,13013,13004
12926,13014,13012
12927,13015,13016
12928,13017,13018
12929,13019,13020
12930,13021,13020
12931,13022,13023
12932,13024,13025
12933,13026,13022
12934,13023,13024
12935,13020,13026
12936,13027,13028
12937,13029,13030
12938,13031,13032
12939,13033,13034
12940,13035,13036
12941,13037,13028
12942,13038,13039
12943,13040,13039
12944,13041,13042
12945,13043,13044
12946,13044,13045
12947,13045,13046
12948,13047,13048
12949,13048,13043
12950,13049,13050
12951,13050,13047
12952,13051,13052
12953,13052,13045
12954,13053,13054
12955,13055,13056
12956,13056,13047
12957,13054,13055
12958,13057,13049
12959,13058,13059
12960,13060,13061
12961,13059,13060
12962,13061,13043
12963,13062,13063
12964,13063,13064
12965,13064,13046
12966,13065,13062
12967,13066,13062
12968,13067,13068
12969,13069,13070
12970,13070,13071
12971,13072,13073
12972,13068,13072
12973,13073,13069
12974,13074,13067
12975,13075,13076
12976,13077,13070
12977,13076,13077
12978,13078,13079
12979,13079,13069
12980,13080,13067
12981,13081,13082
12982,13082,13072
12983,13083,13084
12984,13084,13073
12985,13085,13086
12986,13086,13087
12987,13088,13089
12988,13089,13085
12989,13090,13088
12990,13091,13088
12991,13092,13091
12992,13093,13094
12993,13095,13093
12994,13096,13093
12995,13097,13096
12996,13098,13099
12997,13100,13101
12998,13099,13100
12999,13102,13103
13000,13104,13101
13001,13103,13104
13002,13105,13098
13003,13106,13107
13004,13108,13106
13005,13109,13110
13006,13110,13111
13007,13107,13112
13008,13112,13113
13009,13113,13114
13010,13115,13116
13011,13117,13118
13012,13119,13120
13013,13121,13122
13014,13123,13124
13015,13125,13123
13016,13126,13125
13017,13127,13126
13018,13128,13117
13019,13129,13117
13020,13130,13123
13021,13131,13132
13022,13133,13134
13023,13135,13133
13024,13136,13137
13025,13138,13139
13026,13140,13141
13027,13142,13143
13028,13143,13144
13029,13145,13140
13030,13146,13147
13031,13148,13149
13032,13150,13151
13033,13152,13150
13034,13153,13152
13035,13154,13155
13036,13155,13156
13037,13157,13154
13038,13158,13159
13039,13160,13158
13040,13161,13158
13041,13162,13163
13042,13164,13162
13043,13165,13164
13044,13166,13162
13045,13167,13164
13046,13168,13169
13047,13170,13171
13048,13172,13168
13049,13171,13167
13050,13169,13170
13051,13173,13174
13052,13175,13173
13053,13174,13172
13054,13176,13177
13055,13177,13172
13056,13178,13154
13057,13179,13178
13058,13180,13179
13059,13181,13180
13060,13182,13183
13061,13183,13181
13062,13184,13180
13063,13185,13181
13064,13186,13187
13065,13187,12888
13066,13188,13186
13067,13189,13188
13068,13190,13186
13069,13191,13190
13070,13192,13193
13071,13193,13194
13072,13195,13196
13073,13196,12891
13074,13197,13195
13075,13198,13199
13076,13199,12889
13077,13200,13198
13078,13201,13200
13079,13202,13198
13080,13203,13204
13081,13205,13203
13082,13206,13207
13083,13204,13206
13084,13207,13202
13085,13208,12895
13086,13209,12975
13087,13210,13209
13088,13211,13212
13089,13213,13210
13090,13212,13213
13091,13214,13215
13092,13216,13217
13093,13217,13214
13094,13218,12912
13095,13219,12908
13096,13220,13221
13097,13222,12899
13098,13223,12898
13099,13224,13223
13100,13225,13223
13101,13226,13227
13102,13228,12897
13103,13229,13230
13104,13230,13228
13105,13231,13226
13106,13227,13229
13107,13232,12892
13108,13233,13234
13109,13234,13235
13110,13235,12890
13111,13236,13237
13112,13237,13238
13113,13239,13240
13114,13240,13241
13115,13242,13239
13116,13243,13242
13117,13244,13243
13118,13245,13242
13119,13246,13247
13120,13248,13246
13121,13247,13249
13122,13250,13251
13123,13251,13252
13124,13253,13254
13125,13255,13256
13126,13257,13255
13127,13258,13259
13128,13260,13255
13129,13259,13261
13130,13261,13260
13131,13262,13263
13132,13264,13265
13133,13266,13264
13134,13267,13266
13135,13268,13264
13136,13269,13270
13137,13271,13272
13138,13272,13273
13139,13273,13274
13140,13275,13276
13141,13276,12949
13142,13277,13275
13143,13278,13277
13144,13279,13277
13145,13280,13281
13146,13281,13282
13147,13283,13284
13148,13282,13283
13149,13285,12953
13150,13286,13287
13151,13287,13285
13152,13288,13289
13153,13289,12952
13154,13290,13288
13155,13291,13292
13156,13292,13293
13157,13294,13295
13158,13296,13297
13159,13297,13298
13160,13298,13294
13161,13299,13300
13162,13301,13302
13163,13303,13301
13164,13300,13303
13165,13304,13305
13166,13306,13299
13167,13307,13304
13168,13305,13306
13169,13308,13299
13170,13309,13310
13171,13310,13311
13172,13312,13309
13173,13313,13309
13174,13314,13315
13175,13315,13316
13176,13316,13317
13177,13318,13319
13178,13319,12854
13179,13320,13321
13180,13321,13318
13181,13322,13320
13182,13323,13324
13183,13324,13325
13184,13326,13327
13185,13327,13328
13186,13329,13330
13187,13331,13332
13188,13333,13331
13189,13334,13335
13190,13336,13337
13191,13337,13334
13192,13338,13339
13193,13339,13340
13194,13341,13342
13195,13342,13343
13196,13344,13341
13197,13335,13338
13198,13345,13346
13199,13346,12863
13200,13347,13348
13201,13348,12871
13202,13349,12865
13203,13350,13349
13204,13351,12876
13205,13352,13353
13206,13354,12880
13207,13355,13354
13208,13356,13355
13209,13357,13358
13210,13359,13357
13211,13360,13361
13212,13362,13360
13213,13363,12878
13214,13364,13363
13215,13365,13364
13216,13366,13364
13217,13367,13363
13218,13368,13369
13219,13370,13371
13220,13372,13373
13221,13374,13375
13222,13376,13374
13223,13377,13378
13224,13378,13376
13225,13379,13374
13226,13380,13381
13227,13382,12874
13228,13383,13384
13229,13385,13386
13230,13387,13385
13231,13386,12869
13232,13384,13387
13233,13388,13389
13234,13390,12864
13235,13389,13390
13236,13391,13388
13237,13392,13388
13238,13393,13394
13239,13394,12862
13240,13395,13396
13241,13397,13393
13242,13398,13399
13243,13399,13400
13244,13400,12860
13245,13401,13398
13246,13402,13403
13247,13403,13398
13248,13404,13405
13249,13406,13407
13250,13407,12859
13251,13405,13406
13252,13408,13404
13253,13409,13404
13254,13410,13409
13255,13396,13410
13256,13411,13412
13257,13413,13411
13258,13414,13413
13259,13415,13414
13260,13416,13417
13261,13417,12858
13262,13418,13416
13263,13419,13420
13264,13420,13421
13265,13421,13422
13266,13423,13424
13267,13425,13426
13268,13427,13425
13269,13424,13427
13270,13428,13429
13271,13429,13430
13272,13430,12855
13273,13431,13432
13274,13432,13433
13275,13434,13431
13276,13435,13436
13277,13436,13437
13278,13438,13439
13279,13440,13441
13280,13433,13438
13281,13008,13442
13282,13442,13443
13283,13443,13444
13284,13445,13446
13285,13446,13447
13286,13447,13448
13287,13449,11600
13288,13450,13449
13289,13444,13451
13290,13451,13452
13291,13452,13453
13292,13453,13454
13293,13455,13456
13294,13457,13458
13295,13458,13455
13296,13459,13457
13297,13460,13459
13298,13461,13460
13299,13462,13461
13300,13463,13464
13301,13465,13463
13302,13466,13467
13303,13468,13466
13304,13469,13468
13305,13470,13469
13306,13471,13472
13307,13473,13471
13308,13474,13473
13309,13475,13476
13310,13477,13478
13311,13478,13479
13312,13480,13477
13313,13481,13465
13314,13482,13481
13315,13483,13482
13316,13484,13482
13317,13485,13484
13318,13486,13487
13319,13488,13486
13320,13489,13490
13321,13490,13486
13322,13491,13009
13323,13492,13491
13324,13493,13492
13325,13494,13474
13326,13495,13496
13327,13496,13470
13328,13497,13495
13329,13498,13499
13330,13500,13469
13331,13499,13500
13332,13501,13502
13333,13503,13501
13334,13504,13505
13335,13505,13506
13336,13506,13468
13337,13507,13508
13338,13509,13504
13339,13508,13509
13340,13510,13511
13341,13511,13504
13342,13512,13510
13343,13513,13512
13344,13514,13515
13345,13515,13516
13346,13516,13505
13347,13517,13507
13348,13518,13519
13349,13520,13518
13350,13521,13522
13351,13522,13523
13352,13524,13521
13353,13525,13524
13354,13526,13525
13355,13527,13526
13356,13528,13529
13357,13530,13528
13358,13529,13517
13359,13531,13532
13360,13532,13533
13361,13534,13531
13362,13535,13534
13363,13536,13537
13364,13537,13523
13365,13538,13536
13366,13539,13536
13367,13540,13525
13368,13541,13526
13369,13542,13543
13370,13544,13545
13371,13546,13547
13372,13548,13546
13373,13549,13548
13374,13550,13551
13375,13552,13550
13376,13551,13553
13377,13554,13555
13378,13556,13557
13379,13557,13558
13380,13559,13560
13381,13561,13559
13382,13560,13562
13383,13562,13563
13384,13564,13565
13385,13565,13520
13386,13566,13564
13387,13567,13566
13388,13568,13567
13389,13569,13570
13390,13571,13570
13391,13572,13571
13392,13573,13574
13393,13575,13573
13394,13576,13577
13395,13577,13575
13396,13578,13579
13397,13580,13581
13398,13581,13582
13399,13582,13578
13400,13583,13584
13401,13584,13575
13402,13585,13571
13403,13586,13587
13404,13587,13588
13405,13589,13586
13406,13590,13589
13407,13591,13586
13408,13592,11617
13409,13593,13592
13410,13594,12815
13411,13595,13594
13412,13596,13595
13413,13597,13595
13414,13598,13597
13415,13599,13600
13416,13600,12816
13417,13601,13602
13418,13603,13604
13419,13605,13603
13420,13606,13603
13421,13607,13606
13422,13608,13606
13423,13609,13599
13424,13610,13609
13425,13611,13609
13426,13612,13613
13427,13614,13615
13428,13602,13616
13429,13616,13617
13430,13618,13619
13431,13619,13620
13432,13621,13622
13433,13622,13623
13434,13624,13625
13435,13626,13627
13436,13627,13624
13437,13625,13628
13438,13629,13630
13439,13630,13631
13440,13632,13629
13441,13633,13632
13442,13634,13635
13443,13635,13636
13444,13637,13638
13445,13639,13637
13446,13638,12818
13447,13640,13641
13448,13641,12817
13449,13642,13640
13450,13643,13015
13451,13644,13645
13452,13646,13647
13453,13647,13644
13454,13645,13648
13455,13648,13649
13456,13650,13651
13457,13651,13652
13458,13653,12923
13459,13654,12922
13460,13655,12834
13461,13656,12837
13462,13657,13658
13463,13659,13660
13464,13658,13659
13465,13660,13656
13466,13661,12840
13467,13662,13661
13468,13663,13662
13469,13664,13665
13470,13665,13666
13471,13666,13663
13472,13667,13661
13473,13668,12844
13474,13669,12848
13475,13670,13671
13476,13672,13673
13477,13671,13672
13478,13674,13675
13479,13676,13677
13480,13678,13674
13481,13677,13678
13482,13679,12850
13483,13680,12849
13484,13681,12846
13485,13682,13683
13486,13683,12845
13487,13684,12841
13488,13685,12839
13489,13686,12838
13490,13687,12836
13491,13688,12828
13492,13689,13688
13493,13690,13691
13494,13691,13689
13495,13692,13693
13496,13693,13694
13497,13694,12830
13498,13695,13696
13499,13697,13698
13500,13699,13700
13501,13701,13702
13502,13700,13701
13503,13703,12826
13504,13704,13705
13505,13706,13707
13506,13705,13706
13507,13708,13704
13508,13709,13704
13509,13710,13711
13510,13712,12814
13511,13711,13712
13512,13713,13714
13513,13714,13715
13514,13715,13716
13515,13717,13718
13516,13718,13719
13517,13720,13717
13518,13721,13720
13519,13722,13723
13520,13724,13722
13521,13725,13722
13522,13723,13726
13523,13727,13720
13524,13728,13727
13525,13729,13730
13526,13731,13732
13527,13732,13733
13528,13734,13735
13529,13736,13735
13530,13737,13738
13531,13738,13739
13532,13740,13741
13533,13741,13742
13534,13743,13730
13535,13744,13743
13536,13745,13744
13537,13746,13744
13538,13747,13748
13539,13749,13750
13540,13748,13749
13541,13750,13751
13542,13752,13753
13543,13753,13754
13544,13754,13755
13545,13756,13757
13546,13757,13758
13547,13759,13760
13548,13761,13762
13549,13760,13761
13550,13030,13763
13551,13763,13764
13552,13764,13759
13553,13765,13030
13554,13766,13765
13555,13025,13766
13556,13767,13768
13557,13768,13761
13558,13769,13770
13559,13770,13760
13560,13771,13772
13561,13772,13759
13562,13773,13771
13563,13774,13771
13564,13775,13765
13565,13776,13777
13566,13778,13779
13567,13780,13778
13568,13781,13782
13569,13782,13783
13570,13784,13781
13571,13785,13781
13572,13786,13787
13573,13788,13786
13574,13789,13790
13575,13791,13789
13576,13792,13793
13577,13794,13792
13578,13795,13791
13579,13796,13795
13580,13793,13789
13581,13790,13797
13582,13797,13798
13583,13799,13800
13584,13800,13801
13585,13802,13803
13586,13804,13805
13587,13806,13807
13588,13808,13806
13589,13807,13809
13590,13810,13811
13591,13812,13808
13592,13811,13812
13593,13813,13814
13594,13814,13808
13595,13815,13816
13596,13817,13818
13597,13819,13817
13598,13820,13819
13599,13821,13822
13600,13816,13823
13601,13824,13815
13602,13825,13826
13603,13827,13825
13604,13828,13824
13605,13829,13828
13606,13830,13813
13607,13831,13832
13608,13833,13834
13609,13835,13833
13610,13836,13837
13611,13838,13836
13612,13839,13840
13613,13840,13841
13614,13841,13842
13615,13842,13843
13616,13844,13839
13617,13845,13840
13618,13846,13817
13619,13847,13848
13620,13849,13848
13621,13850,13851
13622,13852,13850
13623,13853,13854
13624,13854,13850
13625,13855,13830
13626,13856,13855
13627,13857,13858
13628,13823,13857
13629,13859,13860
13630,13861,13862
13631,13863,13864
13632,13865,13863
13633,13866,13865
13634,13867,13866
13635,13868,13867
13636,13818,13866
13637,13826,13865
13638,13869,13870
13639,13871,13869
13640,13872,13871
13641,13873,13872
13642,13874,13873
13643,13875,13876
13644,13877,13875
13645,13878,13877
13646,13879,13878
13647,13034,13879
13648,13880,13034
13649,13881,13880
13650,13882,13881
13651,13883,13882
13652,13884,13878
13653,13885,13879
13654,13886,13880
13655,13887,13877
13656,13888,13875
13657,13889,13888
13658,13890,13889
13659,13891,13890
13660,13892,13893
13661,13894,13870
13662,13895,13896
13663,13036,13897
13664,13898,13036
13665,13899,13898
13666,13900,13895
13667,13897,13900
13668,13901,13902
13669,13903,13904
13670,13904,12701
13671,13905,13903
13672,13906,13907
13673,13907,13908
13674,13908,13909
13675,13909,13910
13676,13911,13912
13677,13912,13913
13678,13914,13915
13679,13915,13916
13680,13916,13917
13681,13918,13919
13682,13920,13921
13683,13921,13922
13684,13923,13924
13685,13924,12749
13686,13925,13926
13687,13927,13925
13688,13928,13927
13689,13929,13928
13690,13930,13925
13691,13931,12982
13692,13932,12757
13693,13933,12929
13694,13934,12931
13695,13935,13936
13696,12988,12781
13697,13937,13938
13698,13939,12790
13699,13940,12789
13700,13941,12787
13701,13942,13943
13702,13944,13945
13703,13946,12785
13704,13947,13946
13705,13945,13947
13706,13948,12783
13707,13949,13948
13708,13950,13949
13709,13951,13950
13710,13952,13951
13711,13953,13952
13712,13954,13953
13713,13955,13954
13714,13956,13953
13715,13957,12775
13716,13958,13957
13717,13959,12769
13718,13960,13959
13719,13961,13960
13720,13962,13959
13721,13963,12772
13722,13964,12773
13723,13965,12964
13724,13966,13967
13725,13968,12761
13726,13969,13970
13727,13971,13969
13728,13972,13973
13729,13970,12755
13730,13973,13971
13731,13974,13975
13732,13976,13977
13733,13978,12798
13734,13979,13978
13735,13980,13978
13736,13981,13980
13737,13982,12961
13738,13983,12959
13739,13984,12803
13740,13985,12807
13741,13986,12810
13742,13987,12812
13743,13988,12811
13744,13989,13988
13745,13990,13989
13746,13991,13988
13747,13992,13989
13748,13993,13994
13749,13995,12799
13750,13996,12796
13751,13997,13998
13752,13999,14000
13753,14001,13997
13754,13998,13999
13755,14000,14002
13756,14002,12747
13757,14003,14004
13758,14004,12746
13759,14005,14003
13760,14006,14003
13761,14007,14008
13762,14009,12979
13763,14010,12742
13764,14011,14012
13765,14012,14010
13766,14013,12741
13767,14014,12736
13768,14015,12708
13769,14016,12713
13770,14017,12714
13771,14018,12716
13772,14019,12718
13773,14020,12717
13774,14021,12715
13775,14022,12711
13776,14023,14024
13777,14025,14026
13778,14027,14028
13779,14028,14025
13780,14029,14027
13781,14030,14029
13782,14031,14029
13783,14032,12967
13784,14033,12970
13785,14034,14033
13786,14035,12972
13787,14036,12973
13788,14037,12971
13789,14038,14039
13790,14039,14040
13791,14040,14041
13792,14042,14043
13793,14044,14045
13794,14043,14046
13795,14045,14042
13796,14047,14048
13797,14048,14049
13798,14049,14050
13799,14051,14052
13800,14053,14054
13801,14054,14055
13802,14056,14057
13803,14058,14059
13804,14060,14058
13805,14061,14058
13806,14062,14061
13807,14063,14061
13808,14064,14063
13809,14065,14066
13810,14067,14065
13811,14068,14067
13812,14069,14068
13813,14070,14069
13814,14071,14070
13815,14072,14070
13816,12697,14073
13817,14074,14075
13818,13039,14074
13819,14076,14077
13820,14077,12690
13821,14078,14076
13822,14079,14078
13823,14080,14081
13824,14082,14080
13825,14083,14084
13826,14084,14085
13827,14086,14083
13828,14087,14086
13829,14088,14080
13830,14089,14081
13831,14090,14089
13832,14091,14089
13833,14092,14093
13834,14093,12693
13835,14094,14092
13836,14095,14094
13837,14096,14092
13838,14097,14098
13839,14098,14099
13840,14100,14101
13841,14101,12686
13842,14102,14103
13843,14104,14102
13844,14105,14104
13845,14106,14107
13846,14107,14108
13847,14108,14109
13848,14110,14111
13849,14112,14110
13850,14113,14114
13851,14114,14112
13852,14115,14116
13853,14117,14118
13854,14119,14120
13855,14121,14119
13856,14122,14119
13857,14123,14122
13858,14124,14123
13859,14125,14122
13860,14126,14127
13861,14128,14125
13862,14127,14128
13863,14129,12875
13864,14130,14129
13865,14131,14132
13866,14133,14130
13867,14132,14134
13868,14134,14133
13869,14135,14131
13870,14136,14135
13871,14137,14131
13872,14138,14137
13873,14139,14138
13874,14140,14137
13875,14141,14140
13876,14142,14138
13877,14143,14142
13878,14144,14145
13879,14146,14143
13880,14145,14146
13881,14147,14144
13882,14148,14135
13883,14149,14148
13884,14150,14151
13885,14152,14150
13886,14153,14154
13887,14155,14156
13888,14154,14155
13889,14156,12759
13890,14157,14153
13891,14158,14153
13892,14159,13846
13893,14160,14159
13894,14161,14160
13895,13843,14161
13896,13851,13843
13897,14162,14163
13898,13151,14164
13899,14164,14165
13900,14166,14167
13901,14168,14166
13902,14169,14170
13903,14171,14172
13904,14173,13054
13905,14174,14175
13906,14176,13474
13907,14177,14176
13908,14178,13755
13909,14179,14112
13910,14180,14179
13911,14181,12782
13912,12888,13156
13913,14182,14165
13914,13252,14182
13915,14183,12777
13916,12986,14184
13917,13139,14185
13918,14186,13142
13919,13003,13144
13920,12992,12994
13921,12994,13053
13922,14187,13053
13923,13293,13284
13924,13284,12949
13925,13087,13071
13926,14188,12872
13927,14189,12757
13928,14190,14191
13929,14192,13333
13930,13545,14193
13931,13340,14194
13932,13332,14195
13933,14196,14195
13934,14197,14198
13935,14195,14197
13936,14199,12856
13937,14200,14199
13938,14201,13543
13939,14202,14170
13940,13325,13328
13941,13328,13318
13942,13317,14203
13943,14204,14205
13944,14205,13317
13945,14206,14207
13946,14208,14209
13947,14210,13428
13948,13439,13007
13949,14211,13493
13950,13011,13558
13951,13558,14174
13952,13533,14211
13953,14212,13454
13954,13464,14213
13955,14214,13470
13956,12748,14215
13957,14215,14216
13958,14217,14218
13959,13570,14217
13960,14219,13018
13961,14220,14221
13962,14222,13601
13963,14223,12939
13964,14224,13628
13965,13631,14225
13966,14225,14226
13967,14226,14224
13968,14227,13631
13969,13617,12816
13970,14228,13617
13971,14229,12935
13972,12722,14229
13973,14230,14231
13974,14232,13751
13975,13751,14178
13976,14233,14234
13977,14235,13776
13978,13735,14236
13979,14236,14237
13980,13777,13798
13981,13798,13787
13982,13787,14238
13983,14238,13801
13984,13801,13783
13985,13783,14239
13986,12704,14240
13987,14240,14241
13988,14241,12701
13989,13876,14242
13990,13893,14243
13991,14244,13804
13992,13848,14245
13993,12702,14246
13994,14246,14055
13995,14055,14247
13996,14247,14248
13997,14085,14249
13998,14249,12689
13999,14250,14251
14000,14252,13822
14001,14075,14253
14002,14253,12688
14003,14254,14255
14004,14103,14109
14005,14109,14256
14006,14256,14257
14007,14116,14180
14008,13249,13252
14009,13241,12887
14010,13472,14214
14011,13649,14220
14012,13707,14258
14013,14258,14220
14014,12858,13343
14015,14099,14075
14016,12690,14099
14017,14251,14259
14018,14248,14250
14019,12935,14260
14020,14261,14262
14021,14262,13917
14022,14263,14261
14023,13917,12705
14024,14260,14263
14025,14191,12735
14026,14216,13922
14027,13922,12746
14028,14264,14189
14029,12760,14264
14030,14265,14181
14031,14266,14183
14032,13628,13623
14033,13620,14228
14034,13623,14267
14035,14267,13620
14036,12818,13636
14037,14268,14227
14038,13636,14268
14039,14269,14270
14040,14221,14269
14041,14270,12819
14042,14271,13707
14043,12821,14271
14044,13652,14272
14045,14273,13649
14046,14272,13702
14047,13702,14273
14048,12830,13652
14049,14274,14206
14050,14203,14274
14051,13426,14200
14052,13422,13426
14053,14194,13422
14054,13343,14194
14055,14165,14275
14056,14276,13249
14057,13156,14276
14058,13238,13241
14059,12891,13194
14060,13194,13238
14061,12953,14277
14062,14277,13293
14063,14278,13333
14064,14279,14199
14065,14198,14279
14066,14280,14281
14067,14281,13044
14068,13094,14282
14069,14282,13087
14070,14283,14284
14071,14284,14285
14072,14172,14283
14073,14285,14286
14074,14287,14288
14075,13144,14287
14076,14289,14290
14077,14290,14182
14078,14291,14289
14079,14292,12986
14080,14293,14294
14081,14294,14292
14082,14170,13325
14083,14295,13382
14084,12874,12872
14085,14209,13440
14086,13437,14210
14087,13441,13007
14088,14296,14204
14089,12855,14296
14090,13454,14297
14091,14297,13464
14092,14298,14212
14093,14299,14177
14094,13476,14299
14095,13523,13535
14096,13543,14193
14097,14300,13545
14098,14218,13568
14099,13604,14222
14100,14301,12819
14101,14302,14301
14102,13016,14302
14103,13018,13015
14104,13733,14303
14105,14234,13758
14106,13758,13733
14107,14304,14234
14108,14237,14304
14109,14231,14305
14110,14305,14233
14111,13779,14306
14112,14306,14307
14113,14307,14235
14114,14245,13894
14115,13822,13868
14116,14308,13874
14117,14243,14308
14118,14242,13893
14119,14309,14223
14120,14081,14310
14121,14310,14085
14122,14255,14311
14123,14312,14313
14124,14314,14103
14125,14313,14315
14126,14315,14314
14127,14316,14317
14128,14317,14318
14129,14318,11578
14130,13046,14319
14131,11578,14319
14132,14320,13274
14133,13274,12951
14134,12951,13114
14135,13114,13111
14136,13111,14286
14137,14286,14321
14138,14321,14322
14139,13311,14323
14140,13101,14323
14141,14319,14324
14142,14324,11595
14143,14325,14324
14144,14323,14325
14145,14326,14325
14146,13071,14326
14147,14167,11596
14148,14207,11598
14149,13448,13450
14150,11602,14327
14151,14327,14328
14152,14328,11603
14153,14213,14329
14154,14329,13467
14155,13467,11606
14156,13519,13530
14157,13588,11612
14158,12815,13716
14159,13716,11617
14160,12699,12696
14161,14330,14331
14162,14332,14330
14163,13864,14333
14164,14333,14332
14165,14334,13719
14166,13726,14334
14167,13719,11621
14168,13000,14278
14169,14335,13031
14170,14336,14337
14171,14337,13776
14172,14338,14339
14173,14340,14341
14174,14339,14342
14175,14343,14336
14176,14342,14340
14177,14341,14343
14178,14344,14232
14179,14345,14344
14180,14346,14347
14181,13739,14345
14182,14347,13739
14183,13563,14348
14184,14349,14350
14185,14348,14349
14186,14350,13520
14187,14351,14232
14188,13742,14351
14189,13730,14352
14190,14353,13742
14191,14352,14353
14192,13910,14354
14193,14355,12703
14194,14354,14355
14195,14050,14356
14196,13913,13910
14197,14046,14050
14198,12706,14041
14199,14356,13913
14200,14041,14046
14201,14357,14358
14202,13870,14359
14203,14359,14357
14204,14360,14361
14205,14358,14362
14206,14362,14360
14207,13005,14363
14208,14364,11611
14209,14365,12710
14210,14026,14365
14211,12712,14366
14212,14024,14366
14213,14367,14190
14214,14368,14367
14215,14008,14368
14216,12737,14368
14217,14369,12750
14218,13926,14369
14219,12753,14369
14220,14370,12762
14221,12776,14370
14222,14371,14370
14223,12764,14371
14224,14372,12765
14225,14373,14372
14226,13967,14372
14227,12767,14373
14228,12965,14373
14229,12784,14374
14230,14374,14266
14231,13938,14374
14232,14375,12786
14233,12788,14375
14234,13943,14375
14235,12794,14376
14236,14376,12792
14237,13975,14376
14238,13977,14377
14239,14377,14378
14240,14378,12795
14241,12797,14377
14242,12802,14379
14243,14379,12800
14244,12960,14379
14245,14380,12801
14246,12978,14380
14247,14381,14380
14248,12804,14381
14249,13994,14381
14250,12835,14382
14251,14382,12833
14252,12920,14383
14253,14383,14382
14254,14384,12851
14255,14385,14384
14256,13673,14385
14257,13675,14384
14258,12853,14385
14259,13353,14386
14260,12879,14386
14261,14387,12877
14262,13369,14387
14263,14386,14387
14264,13270,14388
14265,14388,12882
14266,12885,14388
14267,14389,12907
14268,13221,14390
14269,12909,14390
14270,14390,14389
14271,13215,14389
14272,14391,12938
14273,13919,14391
14274,12940,14391
14275,14392,12942
14276,13936,14392
14277,12948,14392
14278,13042,14393
14279,12990,14393
14280,14393,14316
14281,13159,14394
14282,14394,13157
14283,13163,14394
14284,14395,13291
14285,13295,14395
14286,13302,14395
14287,13330,14396
14288,14397,13323
14289,14396,14397
14290,13361,14398
14291,14398,14399
14292,14400,14399
14293,14399,13356
14294,13358,14398
14295,14401,13368
14296,13373,14401
14297,13371,14401
14298,14402,13372
14299,13381,14402
14300,13375,14402
14301,14403,13408
14302,13412,14403
14303,13456,14404
14304,14405,14298
14305,14404,14405
14306,13479,14406
14307,14406,13475
14308,13487,14406
14309,13502,14407
14310,14407,13498
14311,14408,13527
14312,14193,14408
14313,13555,14408
14314,14409,14300
14315,13553,14409
14316,13547,14409
14317,14175,14410
14318,14410,13561
14319,13579,14411
14320,13574,14411
14321,14411,13572
14322,14412,13611
14323,13615,14412
14324,13613,14412
14325,14413,13692
14326,14414,14413
14327,13698,14414
14328,13696,14414
14329,13032,14415
14330,14416,13844
14331,14417,13845
14332,14418,14417
14333,14419,14418
14334,14420,14416
14335,13834,14419
14336,13832,14419
14337,13837,14420
14338,14415,14420
14339,14052,14421
14340,14421,14053
14341,13263,14422
14342,14423,14424
14343,14288,14424
14344,13122,14423
14345,13124,14423
14346,14425,14426
14347,14427,14426
14348,13132,14428
14349,14429,14320
14350,14430,14429
14351,13120,14430
14352,14431,14430
14353,14432,14431
14354,14426,14431
14355,14424,14432
14356,14428,14432
14357,13134,14425
14358,14433,14434
14359,13141,14433
14360,13147,14434
14361,13254,14435
14362,14184,14435
14363,14436,14429
14364,13116,14436
14365,13118,14436
14366,14275,14437
14367,14438,14425
14368,12883,14439
14369,14439,14427
14370,14434,14440
14371,14422,14439
14372,14441,14438
14373,14435,14438
14374,14440,14442
14375,13149,14440
14376,14442,14441
14377,13256,14427
14378,13137,14441
14379,14437,14442
14380,13265,14422
14381,14443,14186
14382,14185,14443
14383,14363,14444
14384,14444,14378
14385,12996,14151
14386,14151,14445
14387,14445,14446
14388,14446,14322
14389,14447,14400
14390,14448,14449
14391,14449,14450
14392,14450,14451
14393,12998,14450
14394,14451,13350
14395,14452,14453
14396,14453,14454
14397,14454,14455
14398,14456,14454
14399,14457,14458
14400,14459,14460
14401,14461,14459
14402,14462,14463
14403,14463,14464
14404,14465,14462
14405,14464,14466
14406,14467,14465
14407,14468,14469
14408,14469,14467
14409,14470,14468
14410,14471,14470
14411,14472,14471
14412,14473,14472
14413,14474,14475
14414,14475,14473
14415,14476,14477
14416,14478,14479
14417,14480,14481
14418,14481,14482
14419,14483,14480
14420,14484,14483
14421,14485,14484
14422,14486,14487
14423,14488,14489
14424,14487,14488
14425,14490,14491
14426,14492,14490
14427,14493,14492
14428,14494,14493
14429,14495,14496
14430,14497,14498
14431,14499,14500
14432,14501,14497
14433,14498,14499
14434,14500,14502
14435,14502,14503
14436,14503,14504
14437,14505,14501
14438,14506,14505
14439,14507,14506
14440,14508,14507
14441,14509,14508
14442,14510,14511
14443,14512,14510
14444,14513,14512
14445,14514,14513
14446,14515,14514
14447,14516,14517
14448,14518,14516
14449,14519,14518
14450,14520,14521
14451,14522,14523
14452,14521,14522
14453,14524,14520
14454,14525,14526
14455,14527,14528
14456,14529,14530
14457,14531,14532
14458,14532,14529
14459,14530,14527
14460,14533,14531
14461,14534,14533
14462,14535,14534
14463,14536,14535
14464,14537,14536
14465,14538,14539
14466,14540,14541
14467,14542,14543
14468,14544,14542
14469,14545,14544
14470,14546,14545
14471,14547,14546
14472,14548,14547
14473,14549,14548
14474,14550,14551
14475,14552,14553
14476,14554,14552
14477,14555,14554
14478,14556,14555
14479,14557,14556
14480,14558,14557
14481,14559,14558
14482,14560,14559
14483,14561,14560
14484,14562,14561
14485,14563,14562
14486,14564,14563
14487,14565,14564
14488,14566,14567
14489,14568,14566
14490,14569,14568
14491,14570,14569
14492,14571,14570
14493,14572,14571
14494,14573,14574
14495,14574,14572
14496,14575,14573
14497,14576,14562
14498,14577,14576
14499,14578,14579
14500,14580,14581
14501,14582,14583
14502,14579,14582
14503,14581,14578
14504,14584,14580
14505,14585,14584
14506,14586,14585
14507,14587,14588
14508,14588,14589
14509,14589,14590
14510,14591,14587
14511,14592,14591
14512,14593,14592
14513,14594,14595
14514,14596,14597
14515,14598,14596
14516,14599,14600
14517,14601,14599
14518,14602,14601
14519,14603,14602
14520,14604,14603
14521,14605,14604
14522,14606,14605
14523,14607,14606
14524,14608,14607
14525,14609,14610
14526,14611,14612
14527,14613,14611
14528,14614,14615
14529,14616,14614
14530,14617,14616
14531,14618,14617
14532,14619,14618
14533,14620,14619
14534,14621,14620
14535,14622,14621
14536,14623,14622
14537,14624,14623
14538,14625,14626
14539,14627,14625
14540,14628,14629
14541,14630,14628
14542,14631,14630
14543,14632,14633
14544,14634,14632
14545,14635,14636
14546,14637,14634
14547,14636,14637
14548,14638,14635
14549,14639,14640
14550,14641,14639
14551,14642,14641
14552,14643,14642
14553,14644,14643
14554,14645,14644
14555,14646,14647
14556,14648,14646
14557,14649,14650
14558,14651,14649
14559,14652,14651
14560,14653,14652
14561,14654,14653
14562,14655,14656
14563,14657,14655
14564,14658,14657
14565,14659,14658
14566,14660,14659
14567,14661,14618
14568,14662,14661
14569,14663,14664
14570,14665,14663
14571,14666,14665
14572,14667,14666
14573,14668,14669
14574,14670,14667
14575,14671,14670
14576,14669,14671
14577,14672,14668
14578,14673,14674
14579,14674,14675
14580,14676,14677
14581,14678,14679
14582,14680,14681
14583,14681,14682
14584,14683,14680
14585,14684,14683
14586,14685,14686
14587,14687,14685
14588,14688,14687
14589,14689,14688
14590,14690,14691
14591,14692,14690
14592,14693,14692
14593,14694,14695
14594,14696,14693
14595,14695,14696
14596,14697,14698
14597,14699,14697
14598,14700,14699
14599,14701,14700
14600,14702,14701
14601,14703,14652
14602,14704,14703
14603,14705,14704
14604,14706,14705
14605,14707,14706
14606,14708,14709
14607,14710,14708
14608,14711,14657
14609,14712,14713
14610,14714,14715
14611,14715,14716
14612,14717,14714
14613,14718,14717
14614,14719,14720
14615,14721,14722
14616,14722,14527
14617,14720,14721
14618,14723,14719
14619,14724,14723
14620,14725,14724
14621,14726,14725
14622,14727,14728
14623,14729,14730
14624,14730,14727
14625,14731,14729
14626,14732,14731
14627,14733,14734
14628,14735,14736
14629,14737,14738
14630,14738,14735
14631,14739,14740
14632,14741,14742
14633,14743,14742
14634,14744,14743
14635,14745,14744
14636,14746,14745
14637,14747,14746
14638,14748,14749
14639,14750,14751
14640,14752,14753
14641,14754,14755
14642,14755,14756
14643,14757,14758
14644,14759,14760
14645,14761,14762
14646,14763,14764
14647,14765,14764
14648,14766,14767
14649,14768,14769
14650,14770,14771
14651,14772,14773
14652,14773,14774
14653,14775,14776
14654,14777,14778
14655,14778,14779
14656,14780,14781
14657,14782,14783
14658,14783,14784
14659,14785,14782
14660,14786,14787
14661,14788,14789
14662,14787,14790
14663,14791,14792
14664,14789,14786
14665,14790,14460
14666,14792,14788
14667,14793,14794
14668,14795,14459
14669,14794,14795
14670,14796,14797
14671,14798,14796
14672,14799,14798
14673,14800,14799
14674,14801,14800
14675,14802,14793
14676,14803,14797
14677,14804,14803
14678,14805,14804
14679,14806,14798
14680,14807,14808
14681,14808,14809
14682,14809,14806
14683,14810,14807
14684,14811,14812
14685,14812,14810
14686,14813,14814
14687,14814,14810
14688,14815,14816
14689,14817,14815
14690,14816,14818
14691,14818,14819
14692,14820,14821
14693,14822,14823
14694,14823,14820
14695,14821,14824
14696,14825,14826
14697,14826,14482
14698,14827,14825
14699,14828,14829
14700,14830,14827
14701,14829,14830
14702,14831,14832
14703,14833,14831
14704,14834,14833
14705,14835,14834
14706,14836,14835
14707,14837,14836
14708,14838,14834
14709,14839,14836
14710,14840,14835
14711,14841,14493
14712,14842,14484
14713,14843,14483
14714,14844,14480
14715,14845,14465
14716,14846,14845
14717,14847,14468
14718,14848,14847
14719,14849,14850
14720,14851,14852
14721,14850,14473
14722,14853,14849
14723,14852,14853
14724,14854,14851
14725,14855,14854
14726,14856,14855
14727,14857,14856
14728,14858,14857
14729,14859,14860
14730,14861,14858
14731,14860,14861
14732,14862,14863
14733,14864,14865
14734,14866,14867
14735,14868,14471
14736,14869,14868
14737,14870,14871
14738,14871,14869
14739,14872,14466
14740,14873,14872
14741,14874,14875
14742,14875,14876
14743,14876,14872
14744,14877,14878
14745,14878,14461
14746,14879,14877
14747,14880,14879
14748,14881,14528
14749,14882,14881
14750,14883,14881
14751,14884,14533
14752,14885,14534
14753,14886,14536
14754,14887,14667
14755,14888,14668
14756,14889,14666
14757,14890,14547
14758,14891,14548
14759,14892,14893
14760,14894,14892
14761,14895,14896
14762,14897,14535
14763,14898,14531
14764,14899,14726
14765,14900,14727
14766,14901,14731
14767,14902,14729
14768,14903,14728
14769,14904,14905
14770,14905,14903
14771,14906,14907
14772,14907,14723
14773,14908,14719
14774,14909,14908
14775,14910,14909
14776,14911,14912
14777,14912,14495
14778,14913,14911
14779,14914,14915
14780,14915,14916
14781,14917,14918
14782,14918,14919
14783,14920,14917
14784,14921,14917
14785,14922,14923
14786,14923,14503
14787,14924,14925
14788,14925,14501
14789,14926,14505
14790,14927,14506
14791,14928,14927
14792,14929,14927
14793,14930,14508
14794,14931,14930
14795,14932,14931
14796,14933,14932
14797,14934,14932
14798,14935,14512
14799,14936,14937
14800,14938,14701
14801,14939,14700
14802,14940,14520
14803,14941,14942
14804,14943,14941
14805,14944,14941
14806,14945,14946
14807,14947,14945
14808,14948,14947
14809,14949,14948
14810,14950,14948
14811,14946,14511
14812,14951,14952
14813,14953,14954
14814,14954,14504
14815,14955,14953
14816,14956,14957
14817,14957,14955
14818,14958,14956
14819,14959,14960
14820,14961,14960
14821,14962,14961
14822,14963,14961
14823,14964,14965
14824,14966,14964
14825,14967,14964
14826,14774,14967
14827,14968,14967
14828,14969,14970
14829,14970,14968
14830,14971,14958
14831,14972,14953
14832,14973,14972
14833,14974,14975
14834,14976,14977
14835,14978,14977
14836,14975,14979
14837,14979,14980
14838,14981,14982
14839,14982,14983
14840,14984,14985
14841,14986,14984
14842,14987,14988
14843,14989,14987
14844,14990,14991
14845,14991,14989
14846,14992,14989
14847,14993,14992
14848,14994,14986
14849,14995,14994
14850,14996,14995
14851,14988,14997
14852,14998,14550
14853,14999,14998
14854,15000,14999
14855,15001,14555
14856,15002,14558
14857,15003,15004
14858,15005,15003
14859,15006,15005
14860,15007,15006
14861,15008,15002
14862,15009,15008
14863,15010,15009
14864,15011,15010
14865,15012,15008
14866,15013,15012
14867,15014,15009
14868,15015,15014
14869,15016,15010
14870,15017,15018
14871,15019,15020
14872,15021,15019
14873,10,15021
14874,15022,15019
14875,15023,10
14876,15024,15021
14877,15025,15026
14878,15027,15005
14879,15028,15006
14880,15029,14560
14881,15030,15031
14882,15031,15029
14883,15032,15030
14884,15033,15030
14885,15034,14571
14886,15035,15034
14887,15036,15035
14888,15037,14572
14889,15038,15039
14890,15039,15040
14891,15040,15037
14892,15041,15037
14893,15042,14570
14894,15043,15042
14895,15044,15043
14896,15045,15042
14897,15046,15045
14898,15047,14569
14899,15048,15049
14900,15050,15051
14901,15052,15050
14902,15053,15050
14903,15054,14584
14904,15055,15054
14905,15056,15055
14906,15057,15055
14907,15058,15054
14908,15059,14585
14909,15060,14580
14910,15061,15062
14911,15063,14576
14912,15064,14561
14913,15065,15064
14914,15066,15064
14915,15067,14557
14916,15068,15067
14917,15069,15068
14918,15070,15067
14919,15071,14556
14920,15072,15071
14921,15073,14554
14922,15074,15073
14923,15075,15073
14924,15076,15075
14925,15077,15078
14926,15078,14553
14927,15079,15080
14928,15080,14589
14929,15081,14596
14930,15082,14604
14931,15083,14743
14932,15084,15085
14933,15086,14746
14934,15087,15088
14935,15089,15087
14936,15090,14690
14937,15091,14693
14938,15092,14692
14939,15093,14685
14940,15094,15095
14941,15096,15097
14942,15098,15096
14943,15099,15096
14944,15100,14617
14945,15101,15100
14946,15102,15101
14947,15103,15102
14948,15104,15103
14949,15105,15101
14950,15106,15103
14951,15107,15102
14952,15108,15100
14953,15109,15110
14954,15110,15108
14955,15111,14620
14956,15112,14622
14957,15113,14623
14958,15114,14621
14959,15115,14619
14960,15116,14661
14961,15117,15118
14962,14742,14607
14963,15119,14601
14964,15120,14598
14965,15121,15120
14966,14600,15120
14967,14597,14594
14968,14595,14593
14969,15122,14592
14970,15123,15122
14971,15124,15122
14972,15125,15126
14973,15127,15125
14974,15128,15125
14975,14771,15129
14976,15130,14771
14977,15131,15128
14978,15129,15131
14979,15132,15133
14980,15133,15134
14981,15135,15132
14982,15136,15135
14983,15137,15136
14984,15138,15136
14985,15139,15138
14986,15140,15138
14987,15141,15135
14988,15142,15132
14989,15143,15144
14990,15145,15146
14991,15146,15143
14992,15147,15148
14993,15149,15147
14994,15150,15151
14995,15152,15150
14996,15153,15152
14997,15154,15152
14998,15155,15156
14999,15157,15158
15000,15158,15159
15001,15160,15161
15002,15161,15162
15003,15162,15157
15004,15156,15160
15005,15163,15164
15006,15164,15165
15007,15166,15163
15008,15167,15166
15009,15168,15166
15010,15169,15163
15011,15170,15169
15012,15171,15172
15013,15172,15173
15014,15174,15175
15015,15175,15176
15016,15177,14708
15017,15178,14709
15018,15179,15180
15019,15180,15181
15020,15182,15179
15021,15183,15184
15022,15185,15186
15023,15186,15187
15024,15188,15185
15025,15189,15188
15026,15190,15191
15027,15191,15192
15028,15193,14680
15029,15194,14683
15030,15195,14628
15031,15196,15195
15032,15197,15198
15033,15199,15197
15034,15200,15197
15035,15201,14635
15036,15202,14641
15037,15203,14643
15038,15204,14644
15039,15205,14642
15040,15206,14639
15041,15207,15206
15042,15208,15206
15043,15209,15210
15044,15211,15212
15045,15212,14634
15046,15213,15214
15047,15215,15213
15048,15216,14630
15049,15217,15218
15050,15218,15219
15051,15220,15217
15052,15221,15217
15053,15222,15223
15054,15223,15224
15055,15225,15226
15056,15226,15227
15057,15228,15229
15058,15229,15230
15059,15231,15228
15060,15232,15233
15061,15234,15232
15062,15235,15234
15063,15236,15237
15064,15233,15238
15065,15239,15240
15066,15241,15242
15067,15242,14674
15068,15238,15241
15069,15243,15238
15070,15244,15243
15071,15245,15246
15072,15246,15247
15073,15248,15245
15074,15249,15250
15075,15251,15249
15076,15252,15253
15077,14764,15254
15078,15254,15255
15079,15256,15257
15080,15257,14678
15081,15258,14762
15082,14760,15259
15083,14679,15258
15084,14758,14760
15085,14762,14758
15086,15260,15261
15087,15262,15263
15088,15264,15262
15089,15265,15260
15090,15263,15265
15091,15266,15267
15092,15261,15266
15093,15268,15269
15094,15269,15270
15095,15271,11626
15096,15272,15271
15097,15273,15274
15098,15274,15275
15099,15276,15277
15100,15277,15278
15101,15279,15280
15102,15281,14754
15103,15282,15283
15104,15284,15285
15105,15286,15287
15106,15288,15286
15107,15289,15288
15108,15290,15285
15109,15291,15290
15110,15285,15282
15111,15287,15292
15112,15292,15291
15113,15293,15284
15114,15294,15293
15115,15295,15296
15116,15297,15282
15117,15298,15299
15118,15296,15298
15119,15299,15297
15120,15300,15295
15121,15301,15299
15122,15302,15301
15123,15303,15304
15124,15304,15305
15125,15306,15283
15126,15307,15308
15127,15305,15307
15128,15308,15306
15129,15309,15310
15130,15310,15307
15131,15311,15312
15132,15312,15313
15133,15313,15314
15134,15315,15311
15135,15316,14650
15136,15317,15316
15137,15318,15317
15138,15319,15318
15139,15320,15319
15140,15321,15320
15141,15322,15321
15142,15323,15321
15143,15324,14655
15144,15325,15324
15145,15326,15324
15146,15327,14659
15147,15328,14658
15148,15329,15330
15149,15331,15329
15150,15332,15331
15151,15333,15331
15152,15334,15329
15153,15335,14653
15154,15336,15335
15155,15337,15335
15156,15338,14706
15157,15339,14703
15158,15340,15339
15159,15341,15340
15160,15342,15339
15161,15343,15340
15162,15344,14651
15163,15345,14649
15164,15346,14714
15165,15347,14717
15166,15348,15349
15167,15349,15350
15168,15351,15352
15169,15352,14648
15170,15353,15354
15171,15354,14646
15172,15355,15356
15173,15356,15357
15174,15357,15358
15175,15359,15360
15176,15360,11622
15177,15361,15362
15178,15363,15364
15179,15364,15365
15180,15366,15367
15181,15367,15368
15182,15368,15369
15183,15362,15367
15184,15370,15371
15185,15371,15372
15186,15373,15372
15187,14751,15373
15188,15374,14751
15189,15375,15374
15190,15376,15375
15191,15377,15376
15192,15378,14763
15193,14767,15378
15194,15379,15377
15195,15380,15371
15196,15381,14837
15197,15382,14837
15198,15383,15384
15199,15384,15385
15200,14511,15386
15201,15387,15388
15202,14965,15389
15203,15390,14965
15204,15267,15391
15205,15392,15393
15206,15394,11623
15207,15395,15256
15208,15396,15397
15209,15398,15385
15210,15399,15383
15211,15400,14765
15212,15401,15402
15213,15403,15401
15214,15404,14753
15215,15405,15406
15216,15407,15405
15217,14626,15408
15218,15408,15409
15219,15192,15187
15220,15410,15411
15221,15412,15410
15222,15413,15412
15223,15414,15192
15224,15230,15414
15225,15270,15415
15226,15416,15417
15227,15417,15255
15228,15255,15418
15229,15418,15419
15230,15419,15420
15231,15420,15421
15232,15421,15422
15233,15422,15423
15234,15423,14678
15235,15424,15425
15236,15425,15426
15237,15426,15427
15238,15427,15176
15239,15176,15173
15240,15173,15428
15241,15428,15181
15242,15429,15430
15243,15431,15432
15244,15433,15434
15245,15435,15436
15246,15437,14550
15247,15004,15018
15248,15438,14958
15249,14977,15439
15250,14980,15440
15251,14496,14980
15252,15441,15407
15253,15411,15441
15254,15187,14627
15255,14916,15442
15256,15443,14495
15257,14919,14916
15258,14504,15444
15259,15445,14525
15260,15446,15447
15261,14779,15448
15262,15449,14509
15263,14728,14781
15264,15450,15451
15265,14824,14819
15266,14819,14784
15267,14797,15452
15268,15391,15275
15269,15314,14756
15270,15453,15278
15271,15247,14676
15272,15454,14673
15273,15451,14461
15274,15455,15456
15275,15457,15458
15276,15459,15453
15277,15259,15398
15278,15456,15435
15279,15385,15459
15280,15165,15460
15281,15458,14824
15282,14784,15450
15283,14482,15457
15284,14466,15461
15285,15461,15457
15286,15440,14776
15287,14776,15462
15288,15442,15443
15289,15444,14919
15290,14952,15449
15291,15463,14952
15292,15386,15463
15293,15448,15464
15294,15464,15445
15295,14551,15465
15296,15465,15466
15297,15466,15455
15298,14553,15437
15299,15467,15468
15300,15406,15467
15301,15468,15469
15302,15409,15413
15303,15415,15454
15304,14675,15247
15305,14677,15416
15306,15460,15431
15307,15430,15165
15308,15181,15429
15309,14709,15470
15310,15470,15424
15311,14781,14726
15312,15397,15256
15313,15372,15397
15314,15402,14765
15315,14753,15379
15316,15388,15452
15317,15452,14793
15318,15471,14903
15319,14960,15438
15320,15389,14963
15321,15472,15390
15322,15439,14974
15323,15018,15002
15324,15447,15043
15325,15473,15146
15326,15434,15474
15327,15159,15433
15328,15393,15475
15329,15475,15429
15330,15278,15476
15331,15477,15476
15332,15275,15478
15333,15478,15477
15334,15479,15273
15335,15280,15399
15336,15480,15394
15337,15481,15480
15338,14756,15481
15339,15283,15314
15340,14629,15219
15341,15219,15224
15342,15224,14682
15343,15227,15482
15344,15482,15230
15345,14682,15227
15346,14647,15483
15347,15483,14364
15348,14650,15484
15349,15484,15485
15350,15485,14716
15351,15476,15486
15352,15486,11623
15353,15358,11622
15354,15365,15358
15355,15369,15365
15356,14460,15487
15357,14867,15488
15358,15488,14474
15359,14477,15488
15360,15489,14476
15361,15490,15489
15362,14734,15490
15363,14863,15490
15364,14479,15489
15365,14489,15491
15366,14713,15491
15367,15491,14485
15368,15492,14486
15369,14491,15492
15370,14832,15492
15371,14698,15493
15372,14517,15493
15373,15493,15494
15374,14937,15495
15375,15494,15495
15376,14942,15494
15377,15495,14515
15378,14740,15496
15379,14523,15496
15380,15496,14519
15381,14896,15497
15382,14539,15498
15383,15497,14886
15384,15498,15497
15385,15499,14538
15386,14541,15499
15387,14664,15499
15388,14543,15500
15389,14893,15500
15390,15500,14540
15391,14567,15501
15392,15049,15501
15393,15501,14565
15394,14583,15502
15395,15062,15502
15396,15502,15503
15397,15051,15504
15398,15503,15505
15399,15505,15504
15400,15504,14577
15401,14610,15506
15402,15506,14608
15403,15118,15506
15404,14612,15507
15405,15508,15509
15406,15507,15508
15407,15509,14609
15408,14686,15508
15409,14615,15510
15410,15095,15511
15411,15511,14613
15412,15097,15510
15413,15510,15511
15414,15198,15512
15415,14633,15513
15416,15513,15512
15417,15214,15513
15418,15512,14631
15419,15514,14638
15420,14640,15514
15421,15210,15514
15422,15515,14654
15423,14656,15515
15424,15330,15515
15425,15088,15516
15426,14691,15516
15427,15516,14689
15428,14865,15517
15429,15517,14733
15430,14736,15517
15431,14749,15518
15432,15085,15518
15433,15518,14747
15434,15020,15519
15435,15519,15017
15436,15026,15519
15437,15151,15520
15438,15521,15473
15439,15148,15522
15440,15522,15145
15441,15520,15521
15442,15237,15523
15443,15524,15523
15444,15525,15235
15445,15240,15525
15446,15523,15525
15447,15253,15526
15448,15250,15526
15449,15526,15248
15450,15350,14648
15451,14716,15350
15452,15527,15528
15453,15529,15530
15454,363,361
15455,2695,2690
15456,2947,2942
15457,3647,3145
15458,3211,3205
15459,4974,4652
15460,4668,4666
15461,4906,4904
15462,5050,5048
15463,5181,5182
15464,9794,9792
15465,10094,10092
15466,11594,14318
15467,11714,11712
15468,13028,14223
15469,14322,13311
15470,13755,14233
15471,14366,14365
15472,14528,14779
15473,15531,9658
